arm,method,id,parent,variant,mapping,gold,prediction,correct,nominal_calls
N0,raw,joint_approval-3-flip,joint_approval-3,flip,2,DENY,DENY,True,1
N0,raw,joint_approval-2-nondecisive_missing,joint_approval-2,nondecisive_missing,0,DENY,DENY,True,1
N0,raw,reversal_exception-4-conflict,reversal_exception-4,conflict,1,INSUFFICIENT,DENY,False,1
N0,raw,reversal_exception-4-nondecisive_missing,reversal_exception-4,nondecisive_missing,0,DENY,DENY,True,1
N0,raw,joint_approval-4-flip,joint_approval-4,flip,2,ALLOW,ALLOW,True,1
N0,raw,joint_approval-3-full,joint_approval-3,full,0,ALLOW,INSUFFICIENT,False,1
N0,raw,route_lookup-3-conflict,route_lookup-3,conflict,0,INSUFFICIENT,INSUFFICIENT,True,1
N0,raw,reversal_exception-2-hold,reversal_exception-2,hold,0,DENY,ALLOW,False,1
N0,raw,reversal_exception-1-nondecisive_missing,reversal_exception-1,nondecisive_missing,2,ALLOW,ALLOW,True,1
N0,raw,joint_approval-1-conflict,joint_approval-1,conflict,1,INSUFFICIENT,DENY,False,1
N0,raw,reversal_exception-4-decisive_missing,reversal_exception-4,decisive_missing,1,INSUFFICIENT,DENY,False,1
N0,raw,joint_approval-1-full,joint_approval-1,full,1,ALLOW,ALLOW,True,1
N0,raw,joint_approval-3-flip,joint_approval-3,flip,1,DENY,INSUFFICIENT,False,1
N0,raw,route_lookup-1-nondecisive_missing,route_lookup-1,nondecisive_missing,0,ALLOW,ALLOW,True,1
N0,raw,reversal_exception-1-flip,reversal_exception-1,flip,0,DENY,DENY,True,1
N0,raw,reversal_exception-4-conflict,reversal_exception-4,conflict,2,INSUFFICIENT,DENY,False,1
N0,raw,route_lookup-4-conflict,route_lookup-4,conflict,0,INSUFFICIENT,DENY,False,1
N0,raw,reversal_exception-4-hold,reversal_exception-4,hold,2,DENY,DENY,True,1
N0,raw,joint_approval-1-decisive_missing,joint_approval-1,decisive_missing,2,INSUFFICIENT,INSUFFICIENT,True,1
N0,raw,route_lookup-1-flip,route_lookup-1,flip,2,DENY,ALLOW,False,1
N0,raw,reversal_exception-4-hold,reversal_exception-4,hold,0,DENY,DENY,True,1
N0,raw,joint_approval-1-hold,joint_approval-1,hold,0,ALLOW,ALLOW,True,1
N0,raw,reversal_exception-1-decisive_missing,reversal_exception-1,decisive_missing,2,INSUFFICIENT,ALLOW,False,1
N0,raw,reversal_exception-1-hold,reversal_exception-1,hold,0,ALLOW,DENY,False,1
N0,raw,reversal_exception-1-full,reversal_exception-1,full,1,ALLOW,ALLOW,True,1
N0,raw,route_lookup-4-flip,route_lookup-4,flip,0,ALLOW,ALLOW,True,1
N0,raw,joint_approval-3-nondecisive_missing,joint_approval-3,nondecisive_missing,2,ALLOW,ALLOW,True,1
N0,raw,joint_approval-2-flip,joint_approval-2,flip,0,ALLOW,INSUFFICIENT,False,1
N0,raw,joint_approval-1-decisive_missing,joint_approval-1,decisive_missing,1,INSUFFICIENT,INSUFFICIENT,True,1
N0,raw,reversal_exception-4-conflict,reversal_exception-4,conflict,0,INSUFFICIENT,DENY,False,1
N0,raw,reversal_exception-3-decisive_missing,reversal_exception-3,decisive_missing,0,INSUFFICIENT,DENY,False,1
N0,raw,route_lookup-3-decisive_missing,route_lookup-3,decisive_missing,0,INSUFFICIENT,DENY,False,1
N0,raw,joint_approval-4-full,joint_approval-4,full,1,DENY,INSUFFICIENT,False,1
N0,raw,route_lookup-1-conflict,route_lookup-1,conflict,1,INSUFFICIENT,DENY,False,1
N0,raw,reversal_exception-2-full,reversal_exception-2,full,0,DENY,DENY,True,1
N0,raw,route_lookup-3-nondecisive_missing,route_lookup-3,nondecisive_missing,0,ALLOW,ALLOW,True,1
N0,raw,reversal_exception-4-nondecisive_missing,reversal_exception-4,nondecisive_missing,1,DENY,DENY,True,1
N0,raw,reversal_exception-2-nondecisive_missing,reversal_exception-2,nondecisive_missing,2,DENY,ALLOW,False,1
N0,raw,route_lookup-1-decisive_missing,route_lookup-1,decisive_missing,2,INSUFFICIENT,ALLOW,False,1
N0,raw,joint_approval-1-flip,joint_approval-1,flip,1,DENY,INSUFFICIENT,False,1
N0,raw,reversal_exception-1-flip,reversal_exception-1,flip,1,DENY,ALLOW,False,1
N0,raw,joint_approval-4-full,joint_approval-4,full,2,DENY,DENY,True,1
N0,raw,route_lookup-3-conflict,route_lookup-3,conflict,1,INSUFFICIENT,INSUFFICIENT,True,1
N0,raw,reversal_exception-3-full,reversal_exception-3,full,2,ALLOW,ALLOW,True,1
N0,raw,joint_approval-1-full,joint_approval-1,full,0,ALLOW,ALLOW,True,1
N0,raw,joint_approval-2-hold,joint_approval-2,hold,0,DENY,ALLOW,False,1
N0,raw,joint_approval-1-conflict,joint_approval-1,conflict,0,INSUFFICIENT,INSUFFICIENT,True,1
N0,raw,reversal_exception-1-conflict,reversal_exception-1,conflict,2,INSUFFICIENT,ALLOW,False,1
N0,raw,route_lookup-3-flip,route_lookup-3,flip,2,DENY,INSUFFICIENT,False,1
N0,raw,reversal_exception-2-flip,reversal_exception-2,flip,2,ALLOW,ALLOW,True,1
N0,raw,route_lookup-4-hold,route_lookup-4,hold,0,DENY,DENY,True,1
N0,raw,route_lookup-2-flip,route_lookup-2,flip,1,ALLOW,DENY,False,1
N0,raw,reversal_exception-2-conflict,reversal_exception-2,conflict,0,INSUFFICIENT,DENY,False,1
N0,raw,joint_approval-2-full,joint_approval-2,full,0,DENY,DENY,True,1
N0,raw,reversal_exception-3-conflict,reversal_exception-3,conflict,2,INSUFFICIENT,ALLOW,False,1
N0,raw,joint_approval-3-hold,joint_approval-3,hold,1,ALLOW,ALLOW,True,1
N0,raw,joint_approval-3-flip,joint_approval-3,flip,0,DENY,DENY,True,1
N0,raw,joint_approval-4-decisive_missing,joint_approval-4,decisive_missing,1,INSUFFICIENT,ALLOW,False,1
N0,raw,route_lookup-1-conflict,route_lookup-1,conflict,0,INSUFFICIENT,ALLOW,False,1
N0,raw,route_lookup-4-nondecisive_missing,route_lookup-4,nondecisive_missing,2,DENY,INSUFFICIENT,False,1
N0,raw,route_lookup-1-full,route_lookup-1,full,2,ALLOW,ALLOW,True,1
N0,raw,route_lookup-3-full,route_lookup-3,full,1,ALLOW,ALLOW,True,1
N0,raw,route_lookup-2-nondecisive_missing,route_lookup-2,nondecisive_missing,1,DENY,DENY,True,1
N0,raw,route_lookup-2-flip,route_lookup-2,flip,0,ALLOW,DENY,False,1
N0,raw,route_lookup-3-decisive_missing,route_lookup-3,decisive_missing,1,INSUFFICIENT,INSUFFICIENT,True,1
N0,raw,reversal_exception-1-full,reversal_exception-1,full,2,ALLOW,ALLOW,True,1
N0,raw,joint_approval-1-hold,joint_approval-1,hold,2,ALLOW,ALLOW,True,1
N0,raw,reversal_exception-1-nondecisive_missing,reversal_exception-1,nondecisive_missing,1,ALLOW,ALLOW,True,1
N0,raw,joint_approval-1-full,joint_approval-1,full,2,ALLOW,ALLOW,True,1
N0,raw,reversal_exception-3-flip,reversal_exception-3,flip,2,DENY,ALLOW,False,1
N0,raw,reversal_exception-3-hold,reversal_exception-3,hold,0,ALLOW,DENY,False,1
N0,raw,route_lookup-4-full,route_lookup-4,full,1,DENY,DENY,True,1
N0,raw,route_lookup-2-conflict,route_lookup-2,conflict,0,INSUFFICIENT,DENY,False,1
N0,raw,joint_approval-2-nondecisive_missing,joint_approval-2,nondecisive_missing,2,DENY,DENY,True,1
N0,raw,joint_approval-3-hold,joint_approval-3,hold,2,ALLOW,ALLOW,True,1
N0,raw,route_lookup-2-hold,route_lookup-2,hold,2,DENY,ALLOW,False,1
N0,raw,joint_approval-1-conflict,joint_approval-1,conflict,2,INSUFFICIENT,ALLOW,False,1
N0,raw,reversal_exception-1-hold,reversal_exception-1,hold,2,ALLOW,ALLOW,True,1
N0,raw,reversal_exception-2-decisive_missing,reversal_exception-2,decisive_missing,2,INSUFFICIENT,ALLOW,False,1
N0,raw,joint_approval-2-hold,joint_approval-2,hold,1,DENY,ALLOW,False,1
N0,raw,route_lookup-1-nondecisive_missing,route_lookup-1,nondecisive_missing,1,ALLOW,ALLOW,True,1
N0,raw,route_lookup-2-nondecisive_missing,route_lookup-2,nondecisive_missing,2,DENY,INSUFFICIENT,False,1
N0,raw,route_lookup-2-flip,route_lookup-2,flip,2,ALLOW,INSUFFICIENT,False,1
N0,raw,route_lookup-4-nondecisive_missing,route_lookup-4,nondecisive_missing,1,DENY,DENY,True,1
N0,raw,reversal_exception-4-flip,reversal_exception-4,flip,0,ALLOW,DENY,False,1
N0,raw,route_lookup-1-flip,route_lookup-1,flip,0,DENY,DENY,True,1
N0,raw,joint_approval-2-conflict,joint_approval-2,conflict,2,INSUFFICIENT,INSUFFICIENT,True,1
N0,raw,reversal_exception-3-nondecisive_missing,reversal_exception-3,nondecisive_missing,0,ALLOW,DENY,False,1
N0,raw,reversal_exception-2-conflict,reversal_exception-2,conflict,2,INSUFFICIENT,ALLOW,False,1
N0,raw,joint_approval-2-flip,joint_approval-2,flip,2,ALLOW,ALLOW,True,1
N0,raw,joint_approval-4-conflict,joint_approval-4,conflict,2,INSUFFICIENT,DENY,False,1
N0,raw,reversal_exception-2-nondecisive_missing,reversal_exception-2,nondecisive_missing,1,DENY,ALLOW,False,1
N0,raw,joint_approval-4-conflict,joint_approval-4,conflict,0,INSUFFICIENT,INSUFFICIENT,True,1
N0,raw,route_lookup-4-conflict,route_lookup-4,conflict,1,INSUFFICIENT,DENY,False,1
N0,raw,reversal_exception-1-hold,reversal_exception-1,hold,1,ALLOW,INSUFFICIENT,False,1
N0,raw,joint_approval-3-decisive_missing,joint_approval-3,decisive_missing,1,INSUFFICIENT,INSUFFICIENT,True,1
N0,raw,reversal_exception-3-full,reversal_exception-3,full,1,ALLOW,DENY,False,1
N0,raw,route_lookup-3-hold,route_lookup-3,hold,1,ALLOW,INSUFFICIENT,False,1
N0,raw,joint_approval-4-nondecisive_missing,joint_approval-4,nondecisive_missing,0,DENY,DENY,True,1
N0,raw,joint_approval-2-flip,joint_approval-2,flip,1,ALLOW,ALLOW,True,1
N0,raw,reversal_exception-3-conflict,reversal_exception-3,conflict,0,INSUFFICIENT,DENY,False,1
N0,raw,joint_approval-2-decisive_missing,joint_approval-2,decisive_missing,1,INSUFFICIENT,ALLOW,False,1
N0,raw,joint_approval-3-hold,joint_approval-3,hold,0,ALLOW,ALLOW,True,1
N0,raw,reversal_exception-2-full,reversal_exception-2,full,1,DENY,ALLOW,False,1
N0,raw,joint_approval-4-conflict,joint_approval-4,conflict,1,INSUFFICIENT,DENY,False,1
N0,raw,reversal_exception-1-conflict,reversal_exception-1,conflict,1,INSUFFICIENT,ALLOW,False,1
N0,raw,reversal_exception-2-nondecisive_missing,reversal_exception-2,nondecisive_missing,0,DENY,DENY,True,1
N0,raw,route_lookup-2-full,route_lookup-2,full,1,DENY,DENY,True,1
N0,raw,reversal_exception-2-conflict,reversal_exception-2,conflict,1,INSUFFICIENT,ALLOW,False,1
N0,raw,route_lookup-1-decisive_missing,route_lookup-1,decisive_missing,1,INSUFFICIENT,ALLOW,False,1
N0,raw,joint_approval-1-flip,joint_approval-1,flip,2,DENY,DENY,True,1
N0,raw,joint_approval-2-conflict,joint_approval-2,conflict,0,INSUFFICIENT,DENY,False,1
N0,raw,route_lookup-2-hold,route_lookup-2,hold,1,DENY,ALLOW,False,1
N0,raw,reversal_exception-2-flip,reversal_exception-2,flip,0,ALLOW,INSUFFICIENT,False,1
N0,raw,reversal_exception-4-hold,reversal_exception-4,hold,1,DENY,DENY,True,1
N0,raw,route_lookup-4-full,route_lookup-4,full,0,DENY,DENY,True,1
N0,raw,joint_approval-4-hold,joint_approval-4,hold,1,DENY,DENY,True,1
N0,raw,route_lookup-2-hold,route_lookup-2,hold,0,DENY,ALLOW,False,1
N0,raw,route_lookup-1-hold,route_lookup-1,hold,0,ALLOW,DENY,False,1
N0,raw,joint_approval-1-nondecisive_missing,joint_approval-1,nondecisive_missing,0,ALLOW,ALLOW,True,1
N0,raw,route_lookup-3-hold,route_lookup-3,hold,2,ALLOW,INSUFFICIENT,False,1
N0,raw,route_lookup-2-full,route_lookup-2,full,0,DENY,DENY,True,1
N0,raw,route_lookup-1-hold,route_lookup-1,hold,2,ALLOW,INSUFFICIENT,False,1
N0,raw,reversal_exception-4-decisive_missing,reversal_exception-4,decisive_missing,2,INSUFFICIENT,ALLOW,False,1
N0,raw,route_lookup-4-decisive_missing,route_lookup-4,decisive_missing,0,INSUFFICIENT,DENY,False,1
N0,raw,reversal_exception-4-full,reversal_exception-4,full,1,DENY,DENY,True,1
N0,raw,reversal_exception-2-hold,reversal_exception-2,hold,2,DENY,ALLOW,False,1
N0,raw,reversal_exception-4-flip,reversal_exception-4,flip,1,ALLOW,DENY,False,1
N0,raw,route_lookup-2-conflict,route_lookup-2,conflict,2,INSUFFICIENT,INSUFFICIENT,True,1
N0,raw,reversal_exception-3-decisive_missing,reversal_exception-3,decisive_missing,2,INSUFFICIENT,ALLOW,False,1
N0,raw,reversal_exception-3-flip,reversal_exception-3,flip,0,DENY,DENY,True,1
N0,raw,joint_approval-3-full,joint_approval-3,full,1,ALLOW,ALLOW,True,1
N0,raw,joint_approval-2-full,joint_approval-2,full,2,DENY,DENY,True,1
N0,raw,route_lookup-1-nondecisive_missing,route_lookup-1,nondecisive_missing,2,ALLOW,ALLOW,True,1
N0,raw,reversal_exception-1-decisive_missing,reversal_exception-1,decisive_missing,0,INSUFFICIENT,ALLOW,False,1
N0,raw,reversal_exception-2-hold,reversal_exception-2,hold,1,DENY,ALLOW,False,1
N0,raw,joint_approval-2-decisive_missing,joint_approval-2,decisive_missing,2,INSUFFICIENT,ALLOW,False,1
N0,raw,route_lookup-2-nondecisive_missing,route_lookup-2,nondecisive_missing,0,DENY,DENY,True,1
N0,raw,reversal_exception-1-nondecisive_missing,reversal_exception-1,nondecisive_missing,0,ALLOW,DENY,False,1
N0,raw,route_lookup-1-full,route_lookup-1,full,1,ALLOW,ALLOW,True,1
N0,raw,route_lookup-3-full,route_lookup-3,full,0,ALLOW,DENY,False,1
N0,raw,joint_approval-3-conflict,joint_approval-3,conflict,2,INSUFFICIENT,INSUFFICIENT,True,1
N0,raw,joint_approval-3-conflict,joint_approval-3,conflict,0,INSUFFICIENT,DENY,False,1
N0,raw,joint_approval-2-hold,joint_approval-2,hold,2,DENY,ALLOW,False,1
N0,raw,route_lookup-4-decisive_missing,route_lookup-4,decisive_missing,2,INSUFFICIENT,ALLOW,False,1
N0,raw,joint_approval-4-hold,joint_approval-4,hold,0,DENY,DENY,True,1
N0,raw,route_lookup-2-decisive_missing,route_lookup-2,decisive_missing,1,INSUFFICIENT,ALLOW,False,1
N0,raw,reversal_exception-3-nondecisive_missing,reversal_exception-3,nondecisive_missing,1,ALLOW,DENY,False,1
N0,raw,route_lookup-3-conflict,route_lookup-3,conflict,2,INSUFFICIENT,ALLOW,False,1
N0,raw,route_lookup-3-full,route_lookup-3,full,2,ALLOW,ALLOW,True,1
N0,raw,route_lookup-2-decisive_missing,route_lookup-2,decisive_missing,0,INSUFFICIENT,DENY,False,1
N0,raw,reversal_exception-3-hold,reversal_exception-3,hold,1,ALLOW,INSUFFICIENT,False,1
N0,raw,joint_approval-4-flip,joint_approval-4,flip,1,ALLOW,ALLOW,True,1
N0,raw,joint_approval-1-hold,joint_approval-1,hold,1,ALLOW,ALLOW,True,1
N0,raw,reversal_exception-3-hold,reversal_exception-3,hold,2,ALLOW,DENY,False,1
N0,raw,route_lookup-3-nondecisive_missing,route_lookup-3,nondecisive_missing,1,ALLOW,ALLOW,True,1
N0,raw,joint_approval-1-nondecisive_missing,joint_approval-1,nondecisive_missing,1,ALLOW,ALLOW,True,1
N0,raw,reversal_exception-1-full,reversal_exception-1,full,0,ALLOW,DENY,False,1
N0,raw,reversal_exception-4-flip,reversal_exception-4,flip,2,ALLOW,ALLOW,True,1
N0,raw,route_lookup-4-full,route_lookup-4,full,2,DENY,INSUFFICIENT,False,1
N0,raw,reversal_exception-3-full,reversal_exception-3,full,0,ALLOW,DENY,False,1
N0,raw,joint_approval-3-decisive_missing,joint_approval-3,decisive_missing,0,INSUFFICIENT,DENY,False,1
N0,raw,reversal_exception-4-full,reversal_exception-4,full,0,DENY,DENY,True,1
N0,raw,joint_approval-2-decisive_missing,joint_approval-2,decisive_missing,0,INSUFFICIENT,INSUFFICIENT,True,1
N0,raw,reversal_exception-3-conflict,reversal_exception-3,conflict,1,INSUFFICIENT,DENY,False,1
N0,raw,route_lookup-2-full,route_lookup-2,full,2,DENY,DENY,True,1
N0,raw,route_lookup-1-flip,route_lookup-1,flip,1,DENY,DENY,True,1
N0,raw,route_lookup-4-hold,route_lookup-4,hold,1,DENY,DENY,True,1
N0,raw,route_lookup-4-flip,route_lookup-4,flip,1,ALLOW,ALLOW,True,1
N0,raw,joint_approval-1-nondecisive_missing,joint_approval-1,nondecisive_missing,2,ALLOW,ALLOW,True,1
N0,raw,route_lookup-3-flip,route_lookup-3,flip,0,DENY,INSUFFICIENT,False,1
N0,raw,route_lookup-2-conflict,route_lookup-2,conflict,1,INSUFFICIENT,DENY,False,1
N0,raw,reversal_exception-4-full,reversal_exception-4,full,2,DENY,DENY,True,1
N0,raw,reversal_exception-2-decisive_missing,reversal_exception-2,decisive_missing,0,INSUFFICIENT,ALLOW,False,1
N0,raw,reversal_exception-3-flip,reversal_exception-3,flip,1,DENY,INSUFFICIENT,False,1
N0,raw,reversal_exception-3-nondecisive_missing,reversal_exception-3,nondecisive_missing,2,ALLOW,ALLOW,True,1
N0,raw,joint_approval-4-nondecisive_missing,joint_approval-4,nondecisive_missing,1,DENY,INSUFFICIENT,False,1
N0,raw,route_lookup-3-decisive_missing,route_lookup-3,decisive_missing,2,INSUFFICIENT,DENY,False,1
N0,raw,joint_approval-4-decisive_missing,joint_approval-4,decisive_missing,0,INSUFFICIENT,INSUFFICIENT,True,1
N0,raw,reversal_exception-4-nondecisive_missing,reversal_exception-4,nondecisive_missing,2,DENY,DENY,True,1
N0,raw,joint_approval-4-hold,joint_approval-4,hold,2,DENY,DENY,True,1
N0,raw,joint_approval-1-flip,joint_approval-1,flip,0,DENY,INSUFFICIENT,False,1
N0,raw,reversal_exception-1-flip,reversal_exception-1,flip,2,DENY,ALLOW,False,1
N0,raw,joint_approval-3-conflict,joint_approval-3,conflict,1,INSUFFICIENT,INSUFFICIENT,True,1
N0,raw,route_lookup-4-flip,route_lookup-4,flip,2,ALLOW,ALLOW,True,1
N0,raw,route_lookup-4-decisive_missing,route_lookup-4,decisive_missing,1,INSUFFICIENT,ALLOW,False,1
N0,raw,joint_approval-4-decisive_missing,joint_approval-4,decisive_missing,2,INSUFFICIENT,ALLOW,False,1
N0,raw,joint_approval-4-nondecisive_missing,joint_approval-4,nondecisive_missing,2,DENY,DENY,True,1
N0,raw,route_lookup-1-full,route_lookup-1,full,0,ALLOW,ALLOW,True,1
N0,raw,joint_approval-3-nondecisive_missing,joint_approval-3,nondecisive_missing,1,ALLOW,ALLOW,True,1
N0,raw,reversal_exception-1-conflict,reversal_exception-1,conflict,0,INSUFFICIENT,DENY,False,1
N0,raw,joint_approval-4-full,joint_approval-4,full,0,DENY,DENY,True,1
N0,raw,reversal_exception-2-flip,reversal_exception-2,flip,1,ALLOW,ALLOW,True,1
N0,raw,reversal_exception-3-decisive_missing,reversal_exception-3,decisive_missing,1,INSUFFICIENT,INSUFFICIENT,True,1
N0,raw,joint_approval-3-decisive_missing,joint_approval-3,decisive_missing,2,INSUFFICIENT,DENY,False,1
N0,raw,joint_approval-1-decisive_missing,joint_approval-1,decisive_missing,0,INSUFFICIENT,INSUFFICIENT,True,1
N0,raw,joint_approval-2-conflict,joint_approval-2,conflict,1,INSUFFICIENT,ALLOW,False,1
N0,raw,route_lookup-2-decisive_missing,route_lookup-2,decisive_missing,2,INSUFFICIENT,ALLOW,False,1
N0,raw,joint_approval-2-full,joint_approval-2,full,1,DENY,INSUFFICIENT,False,1
N0,raw,route_lookup-3-flip,route_lookup-3,flip,1,DENY,INSUFFICIENT,False,1
N0,raw,route_lookup-3-nondecisive_missing,route_lookup-3,nondecisive_missing,2,ALLOW,ALLOW,True,1
N0,raw,joint_approval-3-nondecisive_missing,joint_approval-3,nondecisive_missing,0,ALLOW,ALLOW,True,1
N0,raw,joint_approval-3-full,joint_approval-3,full,2,ALLOW,ALLOW,True,1
N0,raw,route_lookup-1-decisive_missing,route_lookup-1,decisive_missing,0,INSUFFICIENT,DENY,False,1
N0,raw,joint_approval-2-nondecisive_missing,joint_approval-2,nondecisive_missing,1,DENY,INSUFFICIENT,False,1
N0,raw,route_lookup-4-nondecisive_missing,route_lookup-4,nondecisive_missing,0,DENY,DENY,True,1
N0,raw,route_lookup-4-hold,route_lookup-4,hold,2,DENY,INSUFFICIENT,False,1
N0,raw,reversal_exception-2-decisive_missing,reversal_exception-2,decisive_missing,1,INSUFFICIENT,ALLOW,False,1
N0,raw,route_lookup-1-conflict,route_lookup-1,conflict,2,INSUFFICIENT,ALLOW,False,1
N0,raw,route_lookup-3-hold,route_lookup-3,hold,0,ALLOW,INSUFFICIENT,False,1
N0,raw,route_lookup-1-hold,route_lookup-1,hold,1,ALLOW,DENY,False,1
N0,raw,reversal_exception-4-decisive_missing,reversal_exception-4,decisive_missing,0,INSUFFICIENT,DENY,False,1
N0,raw,route_lookup-4-conflict,route_lookup-4,conflict,2,INSUFFICIENT,INSUFFICIENT,True,1
N0,raw,reversal_exception-2-full,reversal_exception-2,full,2,DENY,ALLOW,False,1
N0,raw,reversal_exception-1-decisive_missing,reversal_exception-1,decisive_missing,1,INSUFFICIENT,ALLOW,False,1
N0,raw,joint_approval-4-flip,joint_approval-4,flip,0,ALLOW,INSUFFICIENT,False,1
N0,null_subtract,joint_approval-3-flip,joint_approval-3,flip,2,DENY,DENY,True,2
N0,null_subtract,joint_approval-2-nondecisive_missing,joint_approval-2,nondecisive_missing,0,DENY,DENY,True,2
N0,null_subtract,reversal_exception-4-conflict,reversal_exception-4,conflict,1,INSUFFICIENT,ALLOW,False,2
N0,null_subtract,reversal_exception-4-nondecisive_missing,reversal_exception-4,nondecisive_missing,0,DENY,DENY,True,2
N0,null_subtract,joint_approval-4-flip,joint_approval-4,flip,2,ALLOW,ALLOW,True,2
N0,null_subtract,joint_approval-3-full,joint_approval-3,full,0,ALLOW,ALLOW,True,2
N0,null_subtract,route_lookup-3-conflict,route_lookup-3,conflict,0,INSUFFICIENT,ALLOW,False,2
N0,null_subtract,reversal_exception-2-hold,reversal_exception-2,hold,0,DENY,ALLOW,False,2
N0,null_subtract,reversal_exception-1-nondecisive_missing,reversal_exception-1,nondecisive_missing,2,ALLOW,ALLOW,True,2
N0,null_subtract,joint_approval-1-conflict,joint_approval-1,conflict,1,INSUFFICIENT,ALLOW,False,2
N0,null_subtract,reversal_exception-4-decisive_missing,reversal_exception-4,decisive_missing,1,INSUFFICIENT,ALLOW,False,2
N0,null_subtract,joint_approval-1-full,joint_approval-1,full,1,ALLOW,ALLOW,True,2
N0,null_subtract,joint_approval-3-flip,joint_approval-3,flip,1,DENY,ALLOW,False,2
N0,null_subtract,route_lookup-1-nondecisive_missing,route_lookup-1,nondecisive_missing,0,ALLOW,ALLOW,True,2
N0,null_subtract,reversal_exception-1-flip,reversal_exception-1,flip,0,DENY,ALLOW,False,2
N0,null_subtract,reversal_exception-4-conflict,reversal_exception-4,conflict,2,INSUFFICIENT,DENY,False,2
N0,null_subtract,route_lookup-4-conflict,route_lookup-4,conflict,0,INSUFFICIENT,DENY,False,2
N0,null_subtract,reversal_exception-4-hold,reversal_exception-4,hold,2,DENY,DENY,True,2
N0,null_subtract,joint_approval-1-decisive_missing,joint_approval-1,decisive_missing,2,INSUFFICIENT,ALLOW,False,2
N0,null_subtract,route_lookup-1-flip,route_lookup-1,flip,2,DENY,ALLOW,False,2
N0,null_subtract,reversal_exception-4-hold,reversal_exception-4,hold,0,DENY,DENY,True,2
N0,null_subtract,joint_approval-1-hold,joint_approval-1,hold,0,ALLOW,ALLOW,True,2
N0,null_subtract,reversal_exception-1-decisive_missing,reversal_exception-1,decisive_missing,2,INSUFFICIENT,ALLOW,False,2
N0,null_subtract,reversal_exception-1-hold,reversal_exception-1,hold,0,ALLOW,ALLOW,True,2
N0,null_subtract,reversal_exception-1-full,reversal_exception-1,full,1,ALLOW,ALLOW,True,2
N0,null_subtract,route_lookup-4-flip,route_lookup-4,flip,0,ALLOW,ALLOW,True,2
N0,null_subtract,joint_approval-3-nondecisive_missing,joint_approval-3,nondecisive_missing,2,ALLOW,ALLOW,True,2
N0,null_subtract,joint_approval-2-flip,joint_approval-2,flip,0,ALLOW,ALLOW,True,2
N0,null_subtract,joint_approval-1-decisive_missing,joint_approval-1,decisive_missing,1,INSUFFICIENT,ALLOW,False,2
N0,null_subtract,reversal_exception-4-conflict,reversal_exception-4,conflict,0,INSUFFICIENT,DENY,False,2
N0,null_subtract,reversal_exception-3-decisive_missing,reversal_exception-3,decisive_missing,0,INSUFFICIENT,DENY,False,2
N0,null_subtract,route_lookup-3-decisive_missing,route_lookup-3,decisive_missing,0,INSUFFICIENT,DENY,False,2
N0,null_subtract,joint_approval-4-full,joint_approval-4,full,1,DENY,ALLOW,False,2
N0,null_subtract,route_lookup-1-conflict,route_lookup-1,conflict,1,INSUFFICIENT,ALLOW,False,2
N0,null_subtract,reversal_exception-2-full,reversal_exception-2,full,0,DENY,ALLOW,False,2
N0,null_subtract,route_lookup-3-nondecisive_missing,route_lookup-3,nondecisive_missing,0,ALLOW,ALLOW,True,2
N0,null_subtract,reversal_exception-4-nondecisive_missing,reversal_exception-4,nondecisive_missing,1,DENY,ALLOW,False,2
N0,null_subtract,reversal_exception-2-nondecisive_missing,reversal_exception-2,nondecisive_missing,2,DENY,ALLOW,False,2
N0,null_subtract,route_lookup-1-decisive_missing,route_lookup-1,decisive_missing,2,INSUFFICIENT,ALLOW,False,2
N0,null_subtract,joint_approval-1-flip,joint_approval-1,flip,1,DENY,ALLOW,False,2
N0,null_subtract,reversal_exception-1-flip,reversal_exception-1,flip,1,DENY,ALLOW,False,2
N0,null_subtract,joint_approval-4-full,joint_approval-4,full,2,DENY,DENY,True,2
N0,null_subtract,route_lookup-3-conflict,route_lookup-3,conflict,1,INSUFFICIENT,ALLOW,False,2
N0,null_subtract,reversal_exception-3-full,reversal_exception-3,full,2,ALLOW,ALLOW,True,2
N0,null_subtract,joint_approval-1-full,joint_approval-1,full,0,ALLOW,ALLOW,True,2
N0,null_subtract,joint_approval-2-hold,joint_approval-2,hold,0,DENY,ALLOW,False,2
N0,null_subtract,joint_approval-1-conflict,joint_approval-1,conflict,0,INSUFFICIENT,ALLOW,False,2
N0,null_subtract,reversal_exception-1-conflict,reversal_exception-1,conflict,2,INSUFFICIENT,ALLOW,False,2
N0,null_subtract,route_lookup-3-flip,route_lookup-3,flip,2,DENY,DENY,True,2
N0,null_subtract,reversal_exception-2-flip,reversal_exception-2,flip,2,ALLOW,ALLOW,True,2
N0,null_subtract,route_lookup-4-hold,route_lookup-4,hold,0,DENY,DENY,True,2
N0,null_subtract,route_lookup-2-flip,route_lookup-2,flip,1,ALLOW,ALLOW,True,2
N0,null_subtract,reversal_exception-2-conflict,reversal_exception-2,conflict,0,INSUFFICIENT,ALLOW,False,2
N0,null_subtract,joint_approval-2-full,joint_approval-2,full,0,DENY,DENY,True,2
N0,null_subtract,reversal_exception-3-conflict,reversal_exception-3,conflict,2,INSUFFICIENT,ALLOW,False,2
N0,null_subtract,joint_approval-3-hold,joint_approval-3,hold,1,ALLOW,ALLOW,True,2
N0,null_subtract,joint_approval-3-flip,joint_approval-3,flip,0,DENY,INSUFFICIENT,False,2
N0,null_subtract,joint_approval-4-decisive_missing,joint_approval-4,decisive_missing,1,INSUFFICIENT,ALLOW,False,2
N0,null_subtract,route_lookup-1-conflict,route_lookup-1,conflict,0,INSUFFICIENT,ALLOW,False,2
N0,null_subtract,route_lookup-4-nondecisive_missing,route_lookup-4,nondecisive_missing,2,DENY,DENY,True,2
N0,null_subtract,route_lookup-1-full,route_lookup-1,full,2,ALLOW,ALLOW,True,2
N0,null_subtract,route_lookup-3-full,route_lookup-3,full,1,ALLOW,ALLOW,True,2
N0,null_subtract,route_lookup-2-nondecisive_missing,route_lookup-2,nondecisive_missing,1,DENY,ALLOW,False,2
N0,null_subtract,route_lookup-2-flip,route_lookup-2,flip,0,ALLOW,DENY,False,2
N0,null_subtract,route_lookup-3-decisive_missing,route_lookup-3,decisive_missing,1,INSUFFICIENT,ALLOW,False,2
N0,null_subtract,reversal_exception-1-full,reversal_exception-1,full,2,ALLOW,ALLOW,True,2
N0,null_subtract,joint_approval-1-hold,joint_approval-1,hold,2,ALLOW,ALLOW,True,2
N0,null_subtract,reversal_exception-1-nondecisive_missing,reversal_exception-1,nondecisive_missing,1,ALLOW,ALLOW,True,2
N0,null_subtract,joint_approval-1-full,joint_approval-1,full,2,ALLOW,ALLOW,True,2
N0,null_subtract,reversal_exception-3-flip,reversal_exception-3,flip,2,DENY,ALLOW,False,2
N0,null_subtract,reversal_exception-3-hold,reversal_exception-3,hold,0,ALLOW,DENY,False,2
N0,null_subtract,route_lookup-4-full,route_lookup-4,full,1,DENY,ALLOW,False,2
N0,null_subtract,route_lookup-2-conflict,route_lookup-2,conflict,0,INSUFFICIENT,DENY,False,2
N0,null_subtract,joint_approval-2-nondecisive_missing,joint_approval-2,nondecisive_missing,2,DENY,DENY,True,2
N0,null_subtract,joint_approval-3-hold,joint_approval-3,hold,2,ALLOW,ALLOW,True,2
N0,null_subtract,route_lookup-2-hold,route_lookup-2,hold,2,DENY,ALLOW,False,2
N0,null_subtract,joint_approval-1-conflict,joint_approval-1,conflict,2,INSUFFICIENT,ALLOW,False,2
N0,null_subtract,reversal_exception-1-hold,reversal_exception-1,hold,2,ALLOW,ALLOW,True,2
N0,null_subtract,reversal_exception-2-decisive_missing,reversal_exception-2,decisive_missing,2,INSUFFICIENT,ALLOW,False,2
N0,null_subtract,joint_approval-2-hold,joint_approval-2,hold,1,DENY,ALLOW,False,2
N0,null_subtract,route_lookup-1-nondecisive_missing,route_lookup-1,nondecisive_missing,1,ALLOW,ALLOW,True,2
N0,null_subtract,route_lookup-2-nondecisive_missing,route_lookup-2,nondecisive_missing,2,DENY,DENY,True,2
N0,null_subtract,route_lookup-2-flip,route_lookup-2,flip,2,ALLOW,ALLOW,True,2
N0,null_subtract,route_lookup-4-nondecisive_missing,route_lookup-4,nondecisive_missing,1,DENY,INSUFFICIENT,False,2
N0,null_subtract,reversal_exception-4-flip,reversal_exception-4,flip,0,ALLOW,ALLOW,True,2
N0,null_subtract,route_lookup-1-flip,route_lookup-1,flip,0,DENY,ALLOW,False,2
N0,null_subtract,joint_approval-2-conflict,joint_approval-2,conflict,2,INSUFFICIENT,ALLOW,False,2
N0,null_subtract,reversal_exception-3-nondecisive_missing,reversal_exception-3,nondecisive_missing,0,ALLOW,ALLOW,True,2
N0,null_subtract,reversal_exception-2-conflict,reversal_exception-2,conflict,2,INSUFFICIENT,ALLOW,False,2
N0,null_subtract,joint_approval-2-flip,joint_approval-2,flip,2,ALLOW,ALLOW,True,2
N0,null_subtract,joint_approval-4-conflict,joint_approval-4,conflict,2,INSUFFICIENT,ALLOW,False,2
N0,null_subtract,reversal_exception-2-nondecisive_missing,reversal_exception-2,nondecisive_missing,1,DENY,ALLOW,False,2
N0,null_subtract,joint_approval-4-conflict,joint_approval-4,conflict,0,INSUFFICIENT,INSUFFICIENT,True,2
N0,null_subtract,route_lookup-4-conflict,route_lookup-4,conflict,1,INSUFFICIENT,ALLOW,False,2
N0,null_subtract,reversal_exception-1-hold,reversal_exception-1,hold,1,ALLOW,ALLOW,True,2
N0,null_subtract,joint_approval-3-decisive_missing,joint_approval-3,decisive_missing,1,INSUFFICIENT,ALLOW,False,2
N0,null_subtract,reversal_exception-3-full,reversal_exception-3,full,1,ALLOW,ALLOW,True,2
N0,null_subtract,route_lookup-3-hold,route_lookup-3,hold,1,ALLOW,ALLOW,True,2
N0,null_subtract,joint_approval-4-nondecisive_missing,joint_approval-4,nondecisive_missing,0,DENY,DENY,True,2
N0,null_subtract,joint_approval-2-flip,joint_approval-2,flip,1,ALLOW,ALLOW,True,2
N0,null_subtract,reversal_exception-3-conflict,reversal_exception-3,conflict,0,INSUFFICIENT,ALLOW,False,2
N0,null_subtract,joint_approval-2-decisive_missing,joint_approval-2,decisive_missing,1,INSUFFICIENT,ALLOW,False,2
N0,null_subtract,joint_approval-3-hold,joint_approval-3,hold,0,ALLOW,ALLOW,True,2
N0,null_subtract,reversal_exception-2-full,reversal_exception-2,full,1,DENY,ALLOW,False,2
N0,null_subtract,joint_approval-4-conflict,joint_approval-4,conflict,1,INSUFFICIENT,ALLOW,False,2
N0,null_subtract,reversal_exception-1-conflict,reversal_exception-1,conflict,1,INSUFFICIENT,ALLOW,False,2
N0,null_subtract,reversal_exception-2-nondecisive_missing,reversal_exception-2,nondecisive_missing,0,DENY,ALLOW,False,2
N0,null_subtract,route_lookup-2-full,route_lookup-2,full,1,DENY,ALLOW,False,2
N0,null_subtract,reversal_exception-2-conflict,reversal_exception-2,conflict,1,INSUFFICIENT,ALLOW,False,2
N0,null_subtract,route_lookup-1-decisive_missing,route_lookup-1,decisive_missing,1,INSUFFICIENT,ALLOW,False,2
N0,null_subtract,joint_approval-1-flip,joint_approval-1,flip,2,DENY,DENY,True,2
N0,null_subtract,joint_approval-2-conflict,joint_approval-2,conflict,0,INSUFFICIENT,ALLOW,False,2
N0,null_subtract,route_lookup-2-hold,route_lookup-2,hold,1,DENY,ALLOW,False,2
N0,null_subtract,reversal_exception-2-flip,reversal_exception-2,flip,0,ALLOW,ALLOW,True,2
N0,null_subtract,reversal_exception-4-hold,reversal_exception-4,hold,1,DENY,ALLOW,False,2
N0,null_subtract,route_lookup-4-full,route_lookup-4,full,0,DENY,DENY,True,2
N0,null_subtract,joint_approval-4-hold,joint_approval-4,hold,1,DENY,ALLOW,False,2
N0,null_subtract,route_lookup-2-hold,route_lookup-2,hold,0,DENY,ALLOW,False,2
N0,null_subtract,route_lookup-1-hold,route_lookup-1,hold,0,ALLOW,DENY,False,2
N0,null_subtract,joint_approval-1-nondecisive_missing,joint_approval-1,nondecisive_missing,0,ALLOW,ALLOW,True,2
N0,null_subtract,route_lookup-3-hold,route_lookup-3,hold,2,ALLOW,ALLOW,True,2
N0,null_subtract,route_lookup-2-full,route_lookup-2,full,0,DENY,DENY,True,2
N0,null_subtract,route_lookup-1-hold,route_lookup-1,hold,2,ALLOW,ALLOW,True,2
N0,null_subtract,reversal_exception-4-decisive_missing,reversal_exception-4,decisive_missing,2,INSUFFICIENT,ALLOW,False,2
N0,null_subtract,route_lookup-4-decisive_missing,route_lookup-4,decisive_missing,0,INSUFFICIENT,DENY,False,2
N0,null_subtract,reversal_exception-4-full,reversal_exception-4,full,1,DENY,ALLOW,False,2
N0,null_subtract,reversal_exception-2-hold,reversal_exception-2,hold,2,DENY,ALLOW,False,2
N0,null_subtract,reversal_exception-4-flip,reversal_exception-4,flip,1,ALLOW,ALLOW,True,2
N0,null_subtract,route_lookup-2-conflict,route_lookup-2,conflict,2,INSUFFICIENT,DENY,False,2
N0,null_subtract,reversal_exception-3-decisive_missing,reversal_exception-3,decisive_missing,2,INSUFFICIENT,ALLOW,False,2
N0,null_subtract,reversal_exception-3-flip,reversal_exception-3,flip,0,DENY,DENY,True,2
N0,null_subtract,joint_approval-3-full,joint_approval-3,full,1,ALLOW,ALLOW,True,2
N0,null_subtract,joint_approval-2-full,joint_approval-2,full,2,DENY,ALLOW,False,2
N0,null_subtract,route_lookup-1-nondecisive_missing,route_lookup-1,nondecisive_missing,2,ALLOW,ALLOW,True,2
N0,null_subtract,reversal_exception-1-decisive_missing,reversal_exception-1,decisive_missing,0,INSUFFICIENT,ALLOW,False,2
N0,null_subtract,reversal_exception-2-hold,reversal_exception-2,hold,1,DENY,ALLOW,False,2
N0,null_subtract,joint_approval-2-decisive_missing,joint_approval-2,decisive_missing,2,INSUFFICIENT,ALLOW,False,2
N0,null_subtract,route_lookup-2-nondecisive_missing,route_lookup-2,nondecisive_missing,0,DENY,DENY,True,2
N0,null_subtract,reversal_exception-1-nondecisive_missing,reversal_exception-1,nondecisive_missing,0,ALLOW,ALLOW,True,2
N0,null_subtract,route_lookup-1-full,route_lookup-1,full,1,ALLOW,ALLOW,True,2
N0,null_subtract,route_lookup-3-full,route_lookup-3,full,0,ALLOW,ALLOW,True,2
N0,null_subtract,joint_approval-3-conflict,joint_approval-3,conflict,2,INSUFFICIENT,ALLOW,False,2
N0,null_subtract,joint_approval-3-conflict,joint_approval-3,conflict,0,INSUFFICIENT,ALLOW,False,2
N0,null_subtract,joint_approval-2-hold,joint_approval-2,hold,2,DENY,ALLOW,False,2
N0,null_subtract,route_lookup-4-decisive_missing,route_lookup-4,decisive_missing,2,INSUFFICIENT,ALLOW,False,2
N0,null_subtract,joint_approval-4-hold,joint_approval-4,hold,0,DENY,INSUFFICIENT,False,2
N0,null_subtract,route_lookup-2-decisive_missing,route_lookup-2,decisive_missing,1,INSUFFICIENT,ALLOW,False,2
N0,null_subtract,reversal_exception-3-nondecisive_missing,reversal_exception-3,nondecisive_missing,1,ALLOW,ALLOW,True,2
N0,null_subtract,route_lookup-3-conflict,route_lookup-3,conflict,2,INSUFFICIENT,ALLOW,False,2
N0,null_subtract,route_lookup-3-full,route_lookup-3,full,2,ALLOW,ALLOW,True,2
N0,null_subtract,route_lookup-2-decisive_missing,route_lookup-2,decisive_missing,0,INSUFFICIENT,ALLOW,False,2
N0,null_subtract,reversal_exception-3-hold,reversal_exception-3,hold,1,ALLOW,ALLOW,True,2
N0,null_subtract,joint_approval-4-flip,joint_approval-4,flip,1,ALLOW,ALLOW,True,2
N0,null_subtract,joint_approval-1-hold,joint_approval-1,hold,1,ALLOW,ALLOW,True,2
N0,null_subtract,reversal_exception-3-hold,reversal_exception-3,hold,2,ALLOW,ALLOW,True,2
N0,null_subtract,route_lookup-3-nondecisive_missing,route_lookup-3,nondecisive_missing,1,ALLOW,ALLOW,True,2
N0,null_subtract,joint_approval-1-nondecisive_missing,joint_approval-1,nondecisive_missing,1,ALLOW,ALLOW,True,2
N0,null_subtract,reversal_exception-1-full,reversal_exception-1,full,0,ALLOW,ALLOW,True,2
N0,null_subtract,reversal_exception-4-flip,reversal_exception-4,flip,2,ALLOW,ALLOW,True,2
N0,null_subtract,route_lookup-4-full,route_lookup-4,full,2,DENY,DENY,True,2
N0,null_subtract,reversal_exception-3-full,reversal_exception-3,full,0,ALLOW,ALLOW,True,2
N0,null_subtract,joint_approval-3-decisive_missing,joint_approval-3,decisive_missing,0,INSUFFICIENT,INSUFFICIENT,True,2
N0,null_subtract,reversal_exception-4-full,reversal_exception-4,full,0,DENY,DENY,True,2
N0,null_subtract,joint_approval-2-decisive_missing,joint_approval-2,decisive_missing,0,INSUFFICIENT,ALLOW,False,2
N0,null_subtract,reversal_exception-3-conflict,reversal_exception-3,conflict,1,INSUFFICIENT,ALLOW,False,2
N0,null_subtract,route_lookup-2-full,route_lookup-2,full,2,DENY,DENY,True,2
N0,null_subtract,route_lookup-1-flip,route_lookup-1,flip,1,DENY,ALLOW,False,2
N0,null_subtract,route_lookup-4-hold,route_lookup-4,hold,1,DENY,ALLOW,False,2
N0,null_subtract,route_lookup-4-flip,route_lookup-4,flip,1,ALLOW,ALLOW,True,2
N0,null_subtract,joint_approval-1-nondecisive_missing,joint_approval-1,nondecisive_missing,2,ALLOW,ALLOW,True,2
N0,null_subtract,route_lookup-3-flip,route_lookup-3,flip,0,DENY,INSUFFICIENT,False,2
N0,null_subtract,route_lookup-2-conflict,route_lookup-2,conflict,1,INSUFFICIENT,ALLOW,False,2
N0,null_subtract,reversal_exception-4-full,reversal_exception-4,full,2,DENY,DENY,True,2
N0,null_subtract,reversal_exception-2-decisive_missing,reversal_exception-2,decisive_missing,0,INSUFFICIENT,ALLOW,False,2
N0,null_subtract,reversal_exception-3-flip,reversal_exception-3,flip,1,DENY,ALLOW,False,2
N0,null_subtract,reversal_exception-3-nondecisive_missing,reversal_exception-3,nondecisive_missing,2,ALLOW,ALLOW,True,2
N0,null_subtract,joint_approval-4-nondecisive_missing,joint_approval-4,nondecisive_missing,1,DENY,ALLOW,False,2
N0,null_subtract,route_lookup-3-decisive_missing,route_lookup-3,decisive_missing,2,INSUFFICIENT,DENY,False,2
N0,null_subtract,joint_approval-4-decisive_missing,joint_approval-4,decisive_missing,0,INSUFFICIENT,ALLOW,False,2
N0,null_subtract,reversal_exception-4-nondecisive_missing,reversal_exception-4,nondecisive_missing,2,DENY,ALLOW,False,2
N0,null_subtract,joint_approval-4-hold,joint_approval-4,hold,2,DENY,ALLOW,False,2
N0,null_subtract,joint_approval-1-flip,joint_approval-1,flip,0,DENY,INSUFFICIENT,False,2
N0,null_subtract,reversal_exception-1-flip,reversal_exception-1,flip,2,DENY,ALLOW,False,2
N0,null_subtract,joint_approval-3-conflict,joint_approval-3,conflict,1,INSUFFICIENT,ALLOW,False,2
N0,null_subtract,route_lookup-4-flip,route_lookup-4,flip,2,ALLOW,ALLOW,True,2
N0,null_subtract,route_lookup-4-decisive_missing,route_lookup-4,decisive_missing,1,INSUFFICIENT,ALLOW,False,2
N0,null_subtract,joint_approval-4-decisive_missing,joint_approval-4,decisive_missing,2,INSUFFICIENT,ALLOW,False,2
N0,null_subtract,joint_approval-4-nondecisive_missing,joint_approval-4,nondecisive_missing,2,DENY,DENY,True,2
N0,null_subtract,route_lookup-1-full,route_lookup-1,full,0,ALLOW,ALLOW,True,2
N0,null_subtract,joint_approval-3-nondecisive_missing,joint_approval-3,nondecisive_missing,1,ALLOW,ALLOW,True,2
N0,null_subtract,reversal_exception-1-conflict,reversal_exception-1,conflict,0,INSUFFICIENT,ALLOW,False,2
N0,null_subtract,joint_approval-4-full,joint_approval-4,full,0,DENY,DENY,True,2
N0,null_subtract,reversal_exception-2-flip,reversal_exception-2,flip,1,ALLOW,ALLOW,True,2
N0,null_subtract,reversal_exception-3-decisive_missing,reversal_exception-3,decisive_missing,1,INSUFFICIENT,ALLOW,False,2
N0,null_subtract,joint_approval-3-decisive_missing,joint_approval-3,decisive_missing,2,INSUFFICIENT,ALLOW,False,2
N0,null_subtract,joint_approval-1-decisive_missing,joint_approval-1,decisive_missing,0,INSUFFICIENT,ALLOW,False,2
N0,null_subtract,joint_approval-2-conflict,joint_approval-2,conflict,1,INSUFFICIENT,ALLOW,False,2
N0,null_subtract,route_lookup-2-decisive_missing,route_lookup-2,decisive_missing,2,INSUFFICIENT,ALLOW,False,2
N0,null_subtract,joint_approval-2-full,joint_approval-2,full,1,DENY,ALLOW,False,2
N0,null_subtract,route_lookup-3-flip,route_lookup-3,flip,1,DENY,ALLOW,False,2
N0,null_subtract,route_lookup-3-nondecisive_missing,route_lookup-3,nondecisive_missing,2,ALLOW,ALLOW,True,2
N0,null_subtract,joint_approval-3-nondecisive_missing,joint_approval-3,nondecisive_missing,0,ALLOW,ALLOW,True,2
N0,null_subtract,joint_approval-3-full,joint_approval-3,full,2,ALLOW,ALLOW,True,2
N0,null_subtract,route_lookup-1-decisive_missing,route_lookup-1,decisive_missing,0,INSUFFICIENT,ALLOW,False,2
N0,null_subtract,joint_approval-2-nondecisive_missing,joint_approval-2,nondecisive_missing,1,DENY,ALLOW,False,2
N0,null_subtract,route_lookup-4-nondecisive_missing,route_lookup-4,nondecisive_missing,0,DENY,DENY,True,2
N0,null_subtract,route_lookup-4-hold,route_lookup-4,hold,2,DENY,DENY,True,2
N0,null_subtract,reversal_exception-2-decisive_missing,reversal_exception-2,decisive_missing,1,INSUFFICIENT,ALLOW,False,2
N0,null_subtract,route_lookup-1-conflict,route_lookup-1,conflict,2,INSUFFICIENT,ALLOW,False,2
N0,null_subtract,route_lookup-3-hold,route_lookup-3,hold,0,ALLOW,ALLOW,True,2
N0,null_subtract,route_lookup-1-hold,route_lookup-1,hold,1,ALLOW,ALLOW,True,2
N0,null_subtract,reversal_exception-4-decisive_missing,reversal_exception-4,decisive_missing,0,INSUFFICIENT,DENY,False,2
N0,null_subtract,route_lookup-4-conflict,route_lookup-4,conflict,2,INSUFFICIENT,DENY,False,2
N0,null_subtract,reversal_exception-2-full,reversal_exception-2,full,2,DENY,ALLOW,False,2
N0,null_subtract,reversal_exception-1-decisive_missing,reversal_exception-1,decisive_missing,1,INSUFFICIENT,ALLOW,False,2
N0,null_subtract,joint_approval-4-flip,joint_approval-4,flip,0,ALLOW,ALLOW,True,2
N0,two_order,joint_approval-3-flip,joint_approval-3,flip,2,DENY,DENY,True,2
N0,two_order,joint_approval-2-nondecisive_missing,joint_approval-2,nondecisive_missing,0,DENY,DENY,True,2
N0,two_order,reversal_exception-4-conflict,reversal_exception-4,conflict,1,INSUFFICIENT,DENY,False,2
N0,two_order,reversal_exception-4-nondecisive_missing,reversal_exception-4,nondecisive_missing,0,DENY,DENY,True,2
N0,two_order,joint_approval-4-flip,joint_approval-4,flip,2,ALLOW,ALLOW,True,2
N0,two_order,joint_approval-3-full,joint_approval-3,full,0,ALLOW,ALLOW,True,2
N0,two_order,route_lookup-3-conflict,route_lookup-3,conflict,0,INSUFFICIENT,INSUFFICIENT,True,2
N0,two_order,reversal_exception-2-hold,reversal_exception-2,hold,0,DENY,ALLOW,False,2
N0,two_order,reversal_exception-1-nondecisive_missing,reversal_exception-1,nondecisive_missing,2,ALLOW,ALLOW,True,2
N0,two_order,joint_approval-1-conflict,joint_approval-1,conflict,1,INSUFFICIENT,ALLOW,False,2
N0,two_order,reversal_exception-4-decisive_missing,reversal_exception-4,decisive_missing,1,INSUFFICIENT,ALLOW,False,2
N0,two_order,joint_approval-1-full,joint_approval-1,full,1,ALLOW,ALLOW,True,2
N0,two_order,joint_approval-3-flip,joint_approval-3,flip,1,DENY,INSUFFICIENT,False,2
N0,two_order,route_lookup-1-nondecisive_missing,route_lookup-1,nondecisive_missing,0,ALLOW,ALLOW,True,2
N0,two_order,reversal_exception-1-flip,reversal_exception-1,flip,0,DENY,ALLOW,False,2
N0,two_order,reversal_exception-4-conflict,reversal_exception-4,conflict,2,INSUFFICIENT,DENY,False,2
N0,two_order,route_lookup-4-conflict,route_lookup-4,conflict,0,INSUFFICIENT,DENY,False,2
N0,two_order,reversal_exception-4-hold,reversal_exception-4,hold,2,DENY,DENY,True,2
N0,two_order,joint_approval-1-decisive_missing,joint_approval-1,decisive_missing,2,INSUFFICIENT,INSUFFICIENT,True,2
N0,two_order,route_lookup-1-flip,route_lookup-1,flip,2,DENY,DENY,True,2
N0,two_order,reversal_exception-4-hold,reversal_exception-4,hold,0,DENY,DENY,True,2
N0,two_order,joint_approval-1-hold,joint_approval-1,hold,0,ALLOW,ALLOW,True,2
N0,two_order,reversal_exception-1-decisive_missing,reversal_exception-1,decisive_missing,2,INSUFFICIENT,ALLOW,False,2
N0,two_order,reversal_exception-1-hold,reversal_exception-1,hold,0,ALLOW,DENY,False,2
N0,two_order,reversal_exception-1-full,reversal_exception-1,full,1,ALLOW,ALLOW,True,2
N0,two_order,route_lookup-4-flip,route_lookup-4,flip,0,ALLOW,ALLOW,True,2
N0,two_order,joint_approval-3-nondecisive_missing,joint_approval-3,nondecisive_missing,2,ALLOW,ALLOW,True,2
N0,two_order,joint_approval-2-flip,joint_approval-2,flip,0,ALLOW,ALLOW,True,2
N0,two_order,joint_approval-1-decisive_missing,joint_approval-1,decisive_missing,1,INSUFFICIENT,INSUFFICIENT,True,2
N0,two_order,reversal_exception-4-conflict,reversal_exception-4,conflict,0,INSUFFICIENT,DENY,False,2
N0,two_order,reversal_exception-3-decisive_missing,reversal_exception-3,decisive_missing,0,INSUFFICIENT,DENY,False,2
N0,two_order,route_lookup-3-decisive_missing,route_lookup-3,decisive_missing,0,INSUFFICIENT,INSUFFICIENT,True,2
N0,two_order,joint_approval-4-full,joint_approval-4,full,1,DENY,INSUFFICIENT,False,2
N0,two_order,route_lookup-1-conflict,route_lookup-1,conflict,1,INSUFFICIENT,ALLOW,False,2
N0,two_order,reversal_exception-2-full,reversal_exception-2,full,0,DENY,DENY,True,2
N0,two_order,route_lookup-3-nondecisive_missing,route_lookup-3,nondecisive_missing,0,ALLOW,ALLOW,True,2
N0,two_order,reversal_exception-4-nondecisive_missing,reversal_exception-4,nondecisive_missing,1,DENY,DENY,True,2
N0,two_order,reversal_exception-2-nondecisive_missing,reversal_exception-2,nondecisive_missing,2,DENY,ALLOW,False,2
N0,two_order,route_lookup-1-decisive_missing,route_lookup-1,decisive_missing,2,INSUFFICIENT,ALLOW,False,2
N0,two_order,joint_approval-1-flip,joint_approval-1,flip,1,DENY,INSUFFICIENT,False,2
N0,two_order,reversal_exception-1-flip,reversal_exception-1,flip,1,DENY,ALLOW,False,2
N0,two_order,joint_approval-4-full,joint_approval-4,full,2,DENY,DENY,True,2
N0,two_order,route_lookup-3-conflict,route_lookup-3,conflict,1,INSUFFICIENT,ALLOW,False,2
N0,two_order,reversal_exception-3-full,reversal_exception-3,full,2,ALLOW,ALLOW,True,2
N0,two_order,joint_approval-1-full,joint_approval-1,full,0,ALLOW,ALLOW,True,2
N0,two_order,joint_approval-2-hold,joint_approval-2,hold,0,DENY,ALLOW,False,2
N0,two_order,joint_approval-1-conflict,joint_approval-1,conflict,0,INSUFFICIENT,DENY,False,2
N0,two_order,reversal_exception-1-conflict,reversal_exception-1,conflict,2,INSUFFICIENT,ALLOW,False,2
N0,two_order,route_lookup-3-flip,route_lookup-3,flip,2,DENY,INSUFFICIENT,False,2
N0,two_order,reversal_exception-2-flip,reversal_exception-2,flip,2,ALLOW,ALLOW,True,2
N0,two_order,route_lookup-4-hold,route_lookup-4,hold,0,DENY,DENY,True,2
N0,two_order,route_lookup-2-flip,route_lookup-2,flip,1,ALLOW,ALLOW,True,2
N0,two_order,reversal_exception-2-conflict,reversal_exception-2,conflict,0,INSUFFICIENT,ALLOW,False,2
N0,two_order,joint_approval-2-full,joint_approval-2,full,0,DENY,INSUFFICIENT,False,2
N0,two_order,reversal_exception-3-conflict,reversal_exception-3,conflict,2,INSUFFICIENT,ALLOW,False,2
N0,two_order,joint_approval-3-hold,joint_approval-3,hold,1,ALLOW,ALLOW,True,2
N0,two_order,joint_approval-3-flip,joint_approval-3,flip,0,DENY,INSUFFICIENT,False,2
N0,two_order,joint_approval-4-decisive_missing,joint_approval-4,decisive_missing,1,INSUFFICIENT,ALLOW,False,2
N0,two_order,route_lookup-1-conflict,route_lookup-1,conflict,0,INSUFFICIENT,ALLOW,False,2
N0,two_order,route_lookup-4-nondecisive_missing,route_lookup-4,nondecisive_missing,2,DENY,DENY,True,2
N0,two_order,route_lookup-1-full,route_lookup-1,full,2,ALLOW,ALLOW,True,2
N0,two_order,route_lookup-3-full,route_lookup-3,full,1,ALLOW,ALLOW,True,2
N0,two_order,route_lookup-2-nondecisive_missing,route_lookup-2,nondecisive_missing,1,DENY,DENY,True,2
N0,two_order,route_lookup-2-flip,route_lookup-2,flip,0,ALLOW,DENY,False,2
N0,two_order,route_lookup-3-decisive_missing,route_lookup-3,decisive_missing,1,INSUFFICIENT,INSUFFICIENT,True,2
N0,two_order,reversal_exception-1-full,reversal_exception-1,full,2,ALLOW,ALLOW,True,2
N0,two_order,joint_approval-1-hold,joint_approval-1,hold,2,ALLOW,ALLOW,True,2
N0,two_order,reversal_exception-1-nondecisive_missing,reversal_exception-1,nondecisive_missing,1,ALLOW,ALLOW,True,2
N0,two_order,joint_approval-1-full,joint_approval-1,full,2,ALLOW,ALLOW,True,2
N0,two_order,reversal_exception-3-flip,reversal_exception-3,flip,2,DENY,DENY,True,2
N0,two_order,reversal_exception-3-hold,reversal_exception-3,hold,0,ALLOW,DENY,False,2
N0,two_order,route_lookup-4-full,route_lookup-4,full,1,DENY,DENY,True,2
N0,two_order,route_lookup-2-conflict,route_lookup-2,conflict,0,INSUFFICIENT,DENY,False,2
N0,two_order,joint_approval-2-nondecisive_missing,joint_approval-2,nondecisive_missing,2,DENY,DENY,True,2
N0,two_order,joint_approval-3-hold,joint_approval-3,hold,2,ALLOW,ALLOW,True,2
N0,two_order,route_lookup-2-hold,route_lookup-2,hold,2,DENY,ALLOW,False,2
N0,two_order,joint_approval-1-conflict,joint_approval-1,conflict,2,INSUFFICIENT,INSUFFICIENT,True,2
N0,two_order,reversal_exception-1-hold,reversal_exception-1,hold,2,ALLOW,ALLOW,True,2
N0,two_order,reversal_exception-2-decisive_missing,reversal_exception-2,decisive_missing,2,INSUFFICIENT,ALLOW,False,2
N0,two_order,joint_approval-2-hold,joint_approval-2,hold,1,DENY,ALLOW,False,2
N0,two_order,route_lookup-1-nondecisive_missing,route_lookup-1,nondecisive_missing,1,ALLOW,ALLOW,True,2
N0,two_order,route_lookup-2-nondecisive_missing,route_lookup-2,nondecisive_missing,2,DENY,DENY,True,2
N0,two_order,route_lookup-2-flip,route_lookup-2,flip,2,ALLOW,DENY,False,2
N0,two_order,route_lookup-4-nondecisive_missing,route_lookup-4,nondecisive_missing,1,DENY,DENY,True,2
N0,two_order,reversal_exception-4-flip,reversal_exception-4,flip,0,ALLOW,DENY,False,2
N0,two_order,route_lookup-1-flip,route_lookup-1,flip,0,DENY,DENY,True,2
N0,two_order,joint_approval-2-conflict,joint_approval-2,conflict,2,INSUFFICIENT,INSUFFICIENT,True,2
N0,two_order,reversal_exception-3-nondecisive_missing,reversal_exception-3,nondecisive_missing,0,ALLOW,DENY,False,2
N0,two_order,reversal_exception-2-conflict,reversal_exception-2,conflict,2,INSUFFICIENT,ALLOW,False,2
N0,two_order,joint_approval-2-flip,joint_approval-2,flip,2,ALLOW,ALLOW,True,2
N0,two_order,joint_approval-4-conflict,joint_approval-4,conflict,2,INSUFFICIENT,INSUFFICIENT,True,2
N0,two_order,reversal_exception-2-nondecisive_missing,reversal_exception-2,nondecisive_missing,1,DENY,ALLOW,False,2
N0,two_order,joint_approval-4-conflict,joint_approval-4,conflict,0,INSUFFICIENT,INSUFFICIENT,True,2
N0,two_order,route_lookup-4-conflict,route_lookup-4,conflict,1,INSUFFICIENT,INSUFFICIENT,True,2
N0,two_order,reversal_exception-1-hold,reversal_exception-1,hold,1,ALLOW,ALLOW,True,2
N0,two_order,joint_approval-3-decisive_missing,joint_approval-3,decisive_missing,1,INSUFFICIENT,INSUFFICIENT,True,2
N0,two_order,reversal_exception-3-full,reversal_exception-3,full,1,ALLOW,ALLOW,True,2
N0,two_order,route_lookup-3-hold,route_lookup-3,hold,1,ALLOW,INSUFFICIENT,False,2
N0,two_order,joint_approval-4-nondecisive_missing,joint_approval-4,nondecisive_missing,0,DENY,INSUFFICIENT,False,2
N0,two_order,joint_approval-2-flip,joint_approval-2,flip,1,ALLOW,ALLOW,True,2
N0,two_order,reversal_exception-3-conflict,reversal_exception-3,conflict,0,INSUFFICIENT,DENY,False,2
N0,two_order,joint_approval-2-decisive_missing,joint_approval-2,decisive_missing,1,INSUFFICIENT,ALLOW,False,2
N0,two_order,joint_approval-3-hold,joint_approval-3,hold,0,ALLOW,ALLOW,True,2
N0,two_order,reversal_exception-2-full,reversal_exception-2,full,1,DENY,ALLOW,False,2
N0,two_order,joint_approval-4-conflict,joint_approval-4,conflict,1,INSUFFICIENT,DENY,False,2
N0,two_order,reversal_exception-1-conflict,reversal_exception-1,conflict,1,INSUFFICIENT,ALLOW,False,2
N0,two_order,reversal_exception-2-nondecisive_missing,reversal_exception-2,nondecisive_missing,0,DENY,DENY,True,2
N0,two_order,route_lookup-2-full,route_lookup-2,full,1,DENY,DENY,True,2
N0,two_order,reversal_exception-2-conflict,reversal_exception-2,conflict,1,INSUFFICIENT,ALLOW,False,2
N0,two_order,route_lookup-1-decisive_missing,route_lookup-1,decisive_missing,1,INSUFFICIENT,ALLOW,False,2
N0,two_order,joint_approval-1-flip,joint_approval-1,flip,2,DENY,INSUFFICIENT,False,2
N0,two_order,joint_approval-2-conflict,joint_approval-2,conflict,0,INSUFFICIENT,INSUFFICIENT,True,2
N0,two_order,route_lookup-2-hold,route_lookup-2,hold,1,DENY,ALLOW,False,2
N0,two_order,reversal_exception-2-flip,reversal_exception-2,flip,0,ALLOW,INSUFFICIENT,False,2
N0,two_order,reversal_exception-4-hold,reversal_exception-4,hold,1,DENY,DENY,True,2
N0,two_order,route_lookup-4-full,route_lookup-4,full,0,DENY,DENY,True,2
N0,two_order,joint_approval-4-hold,joint_approval-4,hold,1,DENY,DENY,True,2
N0,two_order,route_lookup-2-hold,route_lookup-2,hold,0,DENY,ALLOW,False,2
N0,two_order,route_lookup-1-hold,route_lookup-1,hold,0,ALLOW,DENY,False,2
N0,two_order,joint_approval-1-nondecisive_missing,joint_approval-1,nondecisive_missing,0,ALLOW,ALLOW,True,2
N0,two_order,route_lookup-3-hold,route_lookup-3,hold,2,ALLOW,INSUFFICIENT,False,2
N0,two_order,route_lookup-2-full,route_lookup-2,full,0,DENY,DENY,True,2
N0,two_order,route_lookup-1-hold,route_lookup-1,hold,2,ALLOW,DENY,False,2
N0,two_order,reversal_exception-4-decisive_missing,reversal_exception-4,decisive_missing,2,INSUFFICIENT,DENY,False,2
N0,two_order,route_lookup-4-decisive_missing,route_lookup-4,decisive_missing,0,INSUFFICIENT,DENY,False,2
N0,two_order,reversal_exception-4-full,reversal_exception-4,full,1,DENY,DENY,True,2
N0,two_order,reversal_exception-2-hold,reversal_exception-2,hold,2,DENY,ALLOW,False,2
N0,two_order,reversal_exception-4-flip,reversal_exception-4,flip,1,ALLOW,ALLOW,True,2
N0,two_order,route_lookup-2-conflict,route_lookup-2,conflict,2,INSUFFICIENT,DENY,False,2
N0,two_order,reversal_exception-3-decisive_missing,reversal_exception-3,decisive_missing,2,INSUFFICIENT,DENY,False,2
N0,two_order,reversal_exception-3-flip,reversal_exception-3,flip,0,DENY,DENY,True,2
N0,two_order,joint_approval-3-full,joint_approval-3,full,1,ALLOW,ALLOW,True,2
N0,two_order,joint_approval-2-full,joint_approval-2,full,2,DENY,DENY,True,2
N0,two_order,route_lookup-1-nondecisive_missing,route_lookup-1,nondecisive_missing,2,ALLOW,ALLOW,True,2
N0,two_order,reversal_exception-1-decisive_missing,reversal_exception-1,decisive_missing,0,INSUFFICIENT,ALLOW,False,2
N0,two_order,reversal_exception-2-hold,reversal_exception-2,hold,1,DENY,ALLOW,False,2
N0,two_order,joint_approval-2-decisive_missing,joint_approval-2,decisive_missing,2,INSUFFICIENT,ALLOW,False,2
N0,two_order,route_lookup-2-nondecisive_missing,route_lookup-2,nondecisive_missing,0,DENY,DENY,True,2
N0,two_order,reversal_exception-1-nondecisive_missing,reversal_exception-1,nondecisive_missing,0,ALLOW,DENY,False,2
N0,two_order,route_lookup-1-full,route_lookup-1,full,1,ALLOW,ALLOW,True,2
N0,two_order,route_lookup-3-full,route_lookup-3,full,0,ALLOW,ALLOW,True,2
N0,two_order,joint_approval-3-conflict,joint_approval-3,conflict,2,INSUFFICIENT,INSUFFICIENT,True,2
N0,two_order,joint_approval-3-conflict,joint_approval-3,conflict,0,INSUFFICIENT,INSUFFICIENT,True,2
N0,two_order,joint_approval-2-hold,joint_approval-2,hold,2,DENY,ALLOW,False,2
N0,two_order,route_lookup-4-decisive_missing,route_lookup-4,decisive_missing,2,INSUFFICIENT,DENY,False,2
N0,two_order,joint_approval-4-hold,joint_approval-4,hold,0,DENY,DENY,True,2
N0,two_order,route_lookup-2-decisive_missing,route_lookup-2,decisive_missing,1,INSUFFICIENT,ALLOW,False,2
N0,two_order,reversal_exception-3-nondecisive_missing,reversal_exception-3,nondecisive_missing,1,ALLOW,ALLOW,True,2
N0,two_order,route_lookup-3-conflict,route_lookup-3,conflict,2,INSUFFICIENT,ALLOW,False,2
N0,two_order,route_lookup-3-full,route_lookup-3,full,2,ALLOW,ALLOW,True,2
N0,two_order,route_lookup-2-decisive_missing,route_lookup-2,decisive_missing,0,INSUFFICIENT,ALLOW,False,2
N0,two_order,reversal_exception-3-hold,reversal_exception-3,hold,1,ALLOW,DENY,False,2
N0,two_order,joint_approval-4-flip,joint_approval-4,flip,1,ALLOW,ALLOW,True,2
N0,two_order,joint_approval-1-hold,joint_approval-1,hold,1,ALLOW,ALLOW,True,2
N0,two_order,reversal_exception-3-hold,reversal_exception-3,hold,2,ALLOW,DENY,False,2
N0,two_order,route_lookup-3-nondecisive_missing,route_lookup-3,nondecisive_missing,1,ALLOW,ALLOW,True,2
N0,two_order,joint_approval-1-nondecisive_missing,joint_approval-1,nondecisive_missing,1,ALLOW,ALLOW,True,2
N0,two_order,reversal_exception-1-full,reversal_exception-1,full,0,ALLOW,DENY,False,2
N0,two_order,reversal_exception-4-flip,reversal_exception-4,flip,2,ALLOW,ALLOW,True,2
N0,two_order,route_lookup-4-full,route_lookup-4,full,2,DENY,DENY,True,2
N0,two_order,reversal_exception-3-full,reversal_exception-3,full,0,ALLOW,DENY,False,2
N0,two_order,joint_approval-3-decisive_missing,joint_approval-3,decisive_missing,0,INSUFFICIENT,INSUFFICIENT,True,2
N0,two_order,reversal_exception-4-full,reversal_exception-4,full,0,DENY,DENY,True,2
N0,two_order,joint_approval-2-decisive_missing,joint_approval-2,decisive_missing,0,INSUFFICIENT,ALLOW,False,2
N0,two_order,reversal_exception-3-conflict,reversal_exception-3,conflict,1,INSUFFICIENT,ALLOW,False,2
N0,two_order,route_lookup-2-full,route_lookup-2,full,2,DENY,DENY,True,2
N0,two_order,route_lookup-1-flip,route_lookup-1,flip,1,DENY,ALLOW,False,2
N0,two_order,route_lookup-4-hold,route_lookup-4,hold,1,DENY,INSUFFICIENT,False,2
N0,two_order,route_lookup-4-flip,route_lookup-4,flip,1,ALLOW,ALLOW,True,2
N0,two_order,joint_approval-1-nondecisive_missing,joint_approval-1,nondecisive_missing,2,ALLOW,ALLOW,True,2
N0,two_order,route_lookup-3-flip,route_lookup-3,flip,0,DENY,INSUFFICIENT,False,2
N0,two_order,route_lookup-2-conflict,route_lookup-2,conflict,1,INSUFFICIENT,INSUFFICIENT,True,2
N0,two_order,reversal_exception-4-full,reversal_exception-4,full,2,DENY,DENY,True,2
N0,two_order,reversal_exception-2-decisive_missing,reversal_exception-2,decisive_missing,0,INSUFFICIENT,ALLOW,False,2
N0,two_order,reversal_exception-3-flip,reversal_exception-3,flip,1,DENY,ALLOW,False,2
N0,two_order,reversal_exception-3-nondecisive_missing,reversal_exception-3,nondecisive_missing,2,ALLOW,ALLOW,True,2
N0,two_order,joint_approval-4-nondecisive_missing,joint_approval-4,nondecisive_missing,1,DENY,INSUFFICIENT,False,2
N0,two_order,route_lookup-3-decisive_missing,route_lookup-3,decisive_missing,2,INSUFFICIENT,DENY,False,2
N0,two_order,joint_approval-4-decisive_missing,joint_approval-4,decisive_missing,0,INSUFFICIENT,INSUFFICIENT,True,2
N0,two_order,reversal_exception-4-nondecisive_missing,reversal_exception-4,nondecisive_missing,2,DENY,DENY,True,2
N0,two_order,joint_approval-4-hold,joint_approval-4,hold,2,DENY,DENY,True,2
N0,two_order,joint_approval-1-flip,joint_approval-1,flip,0,DENY,INSUFFICIENT,False,2
N0,two_order,reversal_exception-1-flip,reversal_exception-1,flip,2,DENY,ALLOW,False,2
N0,two_order,joint_approval-3-conflict,joint_approval-3,conflict,1,INSUFFICIENT,INSUFFICIENT,True,2
N0,two_order,route_lookup-4-flip,route_lookup-4,flip,2,ALLOW,ALLOW,True,2
N0,two_order,route_lookup-4-decisive_missing,route_lookup-4,decisive_missing,1,INSUFFICIENT,ALLOW,False,2
N0,two_order,joint_approval-4-decisive_missing,joint_approval-4,decisive_missing,2,INSUFFICIENT,INSUFFICIENT,True,2
N0,two_order,joint_approval-4-nondecisive_missing,joint_approval-4,nondecisive_missing,2,DENY,DENY,True,2
N0,two_order,route_lookup-1-full,route_lookup-1,full,0,ALLOW,ALLOW,True,2
N0,two_order,joint_approval-3-nondecisive_missing,joint_approval-3,nondecisive_missing,1,ALLOW,ALLOW,True,2
N0,two_order,reversal_exception-1-conflict,reversal_exception-1,conflict,0,INSUFFICIENT,DENY,False,2
N0,two_order,joint_approval-4-full,joint_approval-4,full,0,DENY,INSUFFICIENT,False,2
N0,two_order,reversal_exception-2-flip,reversal_exception-2,flip,1,ALLOW,ALLOW,True,2
N0,two_order,reversal_exception-3-decisive_missing,reversal_exception-3,decisive_missing,1,INSUFFICIENT,ALLOW,False,2
N0,two_order,joint_approval-3-decisive_missing,joint_approval-3,decisive_missing,2,INSUFFICIENT,DENY,False,2
N0,two_order,joint_approval-1-decisive_missing,joint_approval-1,decisive_missing,0,INSUFFICIENT,INSUFFICIENT,True,2
N0,two_order,joint_approval-2-conflict,joint_approval-2,conflict,1,INSUFFICIENT,ALLOW,False,2
N0,two_order,route_lookup-2-decisive_missing,route_lookup-2,decisive_missing,2,INSUFFICIENT,ALLOW,False,2
N0,two_order,joint_approval-2-full,joint_approval-2,full,1,DENY,DENY,True,2
N0,two_order,route_lookup-3-flip,route_lookup-3,flip,1,DENY,INSUFFICIENT,False,2
N0,two_order,route_lookup-3-nondecisive_missing,route_lookup-3,nondecisive_missing,2,ALLOW,ALLOW,True,2
N0,two_order,joint_approval-3-nondecisive_missing,joint_approval-3,nondecisive_missing,0,ALLOW,ALLOW,True,2
N0,two_order,joint_approval-3-full,joint_approval-3,full,2,ALLOW,ALLOW,True,2
N0,two_order,route_lookup-1-decisive_missing,route_lookup-1,decisive_missing,0,INSUFFICIENT,ALLOW,False,2
N0,two_order,joint_approval-2-nondecisive_missing,joint_approval-2,nondecisive_missing,1,DENY,DENY,True,2
N0,two_order,route_lookup-4-nondecisive_missing,route_lookup-4,nondecisive_missing,0,DENY,DENY,True,2
N0,two_order,route_lookup-4-hold,route_lookup-4,hold,2,DENY,DENY,True,2
N0,two_order,reversal_exception-2-decisive_missing,reversal_exception-2,decisive_missing,1,INSUFFICIENT,ALLOW,False,2
N0,two_order,route_lookup-1-conflict,route_lookup-1,conflict,2,INSUFFICIENT,ALLOW,False,2
N0,two_order,route_lookup-3-hold,route_lookup-3,hold,0,ALLOW,INSUFFICIENT,False,2
N0,two_order,route_lookup-1-hold,route_lookup-1,hold,1,ALLOW,DENY,False,2
N0,two_order,reversal_exception-4-decisive_missing,reversal_exception-4,decisive_missing,0,INSUFFICIENT,DENY,False,2
N0,two_order,route_lookup-4-conflict,route_lookup-4,conflict,2,INSUFFICIENT,DENY,False,2
N0,two_order,reversal_exception-2-full,reversal_exception-2,full,2,DENY,ALLOW,False,2
N0,two_order,reversal_exception-1-decisive_missing,reversal_exception-1,decisive_missing,1,INSUFFICIENT,ALLOW,False,2
N0,two_order,joint_approval-4-flip,joint_approval-4,flip,0,ALLOW,ALLOW,True,2
N1,raw,joint_approval-3-flip,joint_approval-3,flip,2,DENY,DENY,True,1
N1,raw,joint_approval-2-nondecisive_missing,joint_approval-2,nondecisive_missing,0,DENY,DENY,True,1
N1,raw,reversal_exception-4-conflict,reversal_exception-4,conflict,1,INSUFFICIENT,DENY,False,1
N1,raw,reversal_exception-4-nondecisive_missing,reversal_exception-4,nondecisive_missing,0,DENY,ALLOW,False,1
N1,raw,joint_approval-4-flip,joint_approval-4,flip,2,ALLOW,ALLOW,True,1
N1,raw,joint_approval-3-full,joint_approval-3,full,0,ALLOW,ALLOW,True,1
N1,raw,route_lookup-3-conflict,route_lookup-3,conflict,0,INSUFFICIENT,ALLOW,False,1
N1,raw,reversal_exception-2-hold,reversal_exception-2,hold,0,DENY,ALLOW,False,1
N1,raw,reversal_exception-1-nondecisive_missing,reversal_exception-1,nondecisive_missing,2,ALLOW,ALLOW,True,1
N1,raw,joint_approval-1-conflict,joint_approval-1,conflict,1,INSUFFICIENT,DENY,False,1
N1,raw,reversal_exception-4-decisive_missing,reversal_exception-4,decisive_missing,1,INSUFFICIENT,DENY,False,1
N1,raw,joint_approval-1-full,joint_approval-1,full,1,ALLOW,ALLOW,True,1
N1,raw,joint_approval-3-flip,joint_approval-3,flip,1,DENY,INSUFFICIENT,False,1
N1,raw,route_lookup-1-nondecisive_missing,route_lookup-1,nondecisive_missing,0,ALLOW,ALLOW,True,1
N1,raw,reversal_exception-1-flip,reversal_exception-1,flip,0,DENY,ALLOW,False,1
N1,raw,reversal_exception-4-conflict,reversal_exception-4,conflict,2,INSUFFICIENT,INSUFFICIENT,True,1
N1,raw,route_lookup-4-conflict,route_lookup-4,conflict,0,INSUFFICIENT,DENY,False,1
N1,raw,reversal_exception-4-hold,reversal_exception-4,hold,2,DENY,DENY,True,1
N1,raw,joint_approval-1-decisive_missing,joint_approval-1,decisive_missing,2,INSUFFICIENT,ALLOW,False,1
N1,raw,route_lookup-1-flip,route_lookup-1,flip,2,DENY,DENY,True,1
N1,raw,reversal_exception-4-hold,reversal_exception-4,hold,0,DENY,DENY,True,1
N1,raw,joint_approval-1-hold,joint_approval-1,hold,0,ALLOW,ALLOW,True,1
N1,raw,reversal_exception-1-decisive_missing,reversal_exception-1,decisive_missing,2,INSUFFICIENT,ALLOW,False,1
N1,raw,reversal_exception-1-hold,reversal_exception-1,hold,0,ALLOW,ALLOW,True,1
N1,raw,reversal_exception-1-full,reversal_exception-1,full,1,ALLOW,ALLOW,True,1
N1,raw,route_lookup-4-flip,route_lookup-4,flip,0,ALLOW,ALLOW,True,1
N1,raw,joint_approval-3-nondecisive_missing,joint_approval-3,nondecisive_missing,2,ALLOW,ALLOW,True,1
N1,raw,joint_approval-2-flip,joint_approval-2,flip,0,ALLOW,ALLOW,True,1
N1,raw,joint_approval-1-decisive_missing,joint_approval-1,decisive_missing,1,INSUFFICIENT,ALLOW,False,1
N1,raw,reversal_exception-4-conflict,reversal_exception-4,conflict,0,INSUFFICIENT,ALLOW,False,1
N1,raw,reversal_exception-3-decisive_missing,reversal_exception-3,decisive_missing,0,INSUFFICIENT,ALLOW,False,1
N1,raw,route_lookup-3-decisive_missing,route_lookup-3,decisive_missing,0,INSUFFICIENT,ALLOW,False,1
N1,raw,joint_approval-4-full,joint_approval-4,full,1,DENY,ALLOW,False,1
N1,raw,route_lookup-1-conflict,route_lookup-1,conflict,1,INSUFFICIENT,ALLOW,False,1
N1,raw,reversal_exception-2-full,reversal_exception-2,full,0,DENY,ALLOW,False,1
N1,raw,route_lookup-3-nondecisive_missing,route_lookup-3,nondecisive_missing,0,ALLOW,ALLOW,True,1
N1,raw,reversal_exception-4-nondecisive_missing,reversal_exception-4,nondecisive_missing,1,DENY,DENY,True,1
N1,raw,reversal_exception-2-nondecisive_missing,reversal_exception-2,nondecisive_missing,2,DENY,ALLOW,False,1
N1,raw,route_lookup-1-decisive_missing,route_lookup-1,decisive_missing,2,INSUFFICIENT,ALLOW,False,1
N1,raw,joint_approval-1-flip,joint_approval-1,flip,1,DENY,INSUFFICIENT,False,1
N1,raw,reversal_exception-1-flip,reversal_exception-1,flip,1,DENY,ALLOW,False,1
N1,raw,joint_approval-4-full,joint_approval-4,full,2,DENY,INSUFFICIENT,False,1
N1,raw,route_lookup-3-conflict,route_lookup-3,conflict,1,INSUFFICIENT,ALLOW,False,1
N1,raw,reversal_exception-3-full,reversal_exception-3,full,2,ALLOW,INSUFFICIENT,False,1
N1,raw,joint_approval-1-full,joint_approval-1,full,0,ALLOW,ALLOW,True,1
N1,raw,joint_approval-2-hold,joint_approval-2,hold,0,DENY,ALLOW,False,1
N1,raw,joint_approval-1-conflict,joint_approval-1,conflict,0,INSUFFICIENT,DENY,False,1
N1,raw,reversal_exception-1-conflict,reversal_exception-1,conflict,2,INSUFFICIENT,ALLOW,False,1
N1,raw,route_lookup-3-flip,route_lookup-3,flip,2,DENY,DENY,True,1
N1,raw,reversal_exception-2-flip,reversal_exception-2,flip,2,ALLOW,ALLOW,True,1
N1,raw,route_lookup-4-hold,route_lookup-4,hold,0,DENY,ALLOW,False,1
N1,raw,route_lookup-2-flip,route_lookup-2,flip,1,ALLOW,ALLOW,True,1
N1,raw,reversal_exception-2-conflict,reversal_exception-2,conflict,0,INSUFFICIENT,ALLOW,False,1
N1,raw,joint_approval-2-full,joint_approval-2,full,0,DENY,INSUFFICIENT,False,1
N1,raw,reversal_exception-3-conflict,reversal_exception-3,conflict,2,INSUFFICIENT,INSUFFICIENT,True,1
N1,raw,joint_approval-3-hold,joint_approval-3,hold,1,ALLOW,ALLOW,True,1
N1,raw,joint_approval-3-flip,joint_approval-3,flip,0,DENY,INSUFFICIENT,False,1
N1,raw,joint_approval-4-decisive_missing,joint_approval-4,decisive_missing,1,INSUFFICIENT,ALLOW,False,1
N1,raw,route_lookup-1-conflict,route_lookup-1,conflict,0,INSUFFICIENT,ALLOW,False,1
N1,raw,route_lookup-4-nondecisive_missing,route_lookup-4,nondecisive_missing,2,DENY,DENY,True,1
N1,raw,route_lookup-1-full,route_lookup-1,full,2,ALLOW,ALLOW,True,1
N1,raw,route_lookup-3-full,route_lookup-3,full,1,ALLOW,ALLOW,True,1
N1,raw,route_lookup-2-nondecisive_missing,route_lookup-2,nondecisive_missing,1,DENY,DENY,True,1
N1,raw,route_lookup-2-flip,route_lookup-2,flip,0,ALLOW,ALLOW,True,1
N1,raw,route_lookup-3-decisive_missing,route_lookup-3,decisive_missing,1,INSUFFICIENT,ALLOW,False,1
N1,raw,reversal_exception-1-full,reversal_exception-1,full,2,ALLOW,ALLOW,True,1
N1,raw,joint_approval-1-hold,joint_approval-1,hold,2,ALLOW,ALLOW,True,1
N1,raw,reversal_exception-1-nondecisive_missing,reversal_exception-1,nondecisive_missing,1,ALLOW,ALLOW,True,1
N1,raw,joint_approval-1-full,joint_approval-1,full,2,ALLOW,ALLOW,True,1
N1,raw,reversal_exception-3-flip,reversal_exception-3,flip,2,DENY,INSUFFICIENT,False,1
N1,raw,reversal_exception-3-hold,reversal_exception-3,hold,0,ALLOW,DENY,False,1
N1,raw,route_lookup-4-full,route_lookup-4,full,1,DENY,DENY,True,1
N1,raw,route_lookup-2-conflict,route_lookup-2,conflict,0,INSUFFICIENT,ALLOW,False,1
N1,raw,joint_approval-2-nondecisive_missing,joint_approval-2,nondecisive_missing,2,DENY,DENY,True,1
N1,raw,joint_approval-3-hold,joint_approval-3,hold,2,ALLOW,ALLOW,True,1
N1,raw,route_lookup-2-hold,route_lookup-2,hold,2,DENY,ALLOW,False,1
N1,raw,joint_approval-1-conflict,joint_approval-1,conflict,2,INSUFFICIENT,INSUFFICIENT,True,1
N1,raw,reversal_exception-1-hold,reversal_exception-1,hold,2,ALLOW,ALLOW,True,1
N1,raw,reversal_exception-2-decisive_missing,reversal_exception-2,decisive_missing,2,INSUFFICIENT,ALLOW,False,1
N1,raw,joint_approval-2-hold,joint_approval-2,hold,1,DENY,ALLOW,False,1
N1,raw,route_lookup-1-nondecisive_missing,route_lookup-1,nondecisive_missing,1,ALLOW,ALLOW,True,1
N1,raw,route_lookup-2-nondecisive_missing,route_lookup-2,nondecisive_missing,2,DENY,DENY,True,1
N1,raw,route_lookup-2-flip,route_lookup-2,flip,2,ALLOW,ALLOW,True,1
N1,raw,route_lookup-4-nondecisive_missing,route_lookup-4,nondecisive_missing,1,DENY,DENY,True,1
N1,raw,reversal_exception-4-flip,reversal_exception-4,flip,0,ALLOW,ALLOW,True,1
N1,raw,route_lookup-1-flip,route_lookup-1,flip,0,DENY,DENY,True,1
N1,raw,joint_approval-2-conflict,joint_approval-2,conflict,2,INSUFFICIENT,ALLOW,False,1
N1,raw,reversal_exception-3-nondecisive_missing,reversal_exception-3,nondecisive_missing,0,ALLOW,ALLOW,True,1
N1,raw,reversal_exception-2-conflict,reversal_exception-2,conflict,2,INSUFFICIENT,ALLOW,False,1
N1,raw,joint_approval-2-flip,joint_approval-2,flip,2,ALLOW,ALLOW,True,1
N1,raw,joint_approval-4-conflict,joint_approval-4,conflict,2,INSUFFICIENT,ALLOW,False,1
N1,raw,reversal_exception-2-nondecisive_missing,reversal_exception-2,nondecisive_missing,1,DENY,DENY,True,1
N1,raw,joint_approval-4-conflict,joint_approval-4,conflict,0,INSUFFICIENT,ALLOW,False,1
N1,raw,route_lookup-4-conflict,route_lookup-4,conflict,1,INSUFFICIENT,DENY,False,1
N1,raw,reversal_exception-1-hold,reversal_exception-1,hold,1,ALLOW,ALLOW,True,1
N1,raw,joint_approval-3-decisive_missing,joint_approval-3,decisive_missing,1,INSUFFICIENT,ALLOW,False,1
N1,raw,reversal_exception-3-full,reversal_exception-3,full,1,ALLOW,DENY,False,1
N1,raw,route_lookup-3-hold,route_lookup-3,hold,1,ALLOW,ALLOW,True,1
N1,raw,joint_approval-4-nondecisive_missing,joint_approval-4,nondecisive_missing,0,DENY,DENY,True,1
N1,raw,joint_approval-2-flip,joint_approval-2,flip,1,ALLOW,ALLOW,True,1
N1,raw,reversal_exception-3-conflict,reversal_exception-3,conflict,0,INSUFFICIENT,ALLOW,False,1
N1,raw,joint_approval-2-decisive_missing,joint_approval-2,decisive_missing,1,INSUFFICIENT,ALLOW,False,1
N1,raw,joint_approval-3-hold,joint_approval-3,hold,0,ALLOW,ALLOW,True,1
N1,raw,reversal_exception-2-full,reversal_exception-2,full,1,DENY,ALLOW,False,1
N1,raw,joint_approval-4-conflict,joint_approval-4,conflict,1,INSUFFICIENT,ALLOW,False,1
N1,raw,reversal_exception-1-conflict,reversal_exception-1,conflict,1,INSUFFICIENT,ALLOW,False,1
N1,raw,reversal_exception-2-nondecisive_missing,reversal_exception-2,nondecisive_missing,0,DENY,ALLOW,False,1
N1,raw,route_lookup-2-full,route_lookup-2,full,1,DENY,ALLOW,False,1
N1,raw,reversal_exception-2-conflict,reversal_exception-2,conflict,1,INSUFFICIENT,ALLOW,False,1
N1,raw,route_lookup-1-decisive_missing,route_lookup-1,decisive_missing,1,INSUFFICIENT,ALLOW,False,1
N1,raw,joint_approval-1-flip,joint_approval-1,flip,2,DENY,INSUFFICIENT,False,1
N1,raw,joint_approval-2-conflict,joint_approval-2,conflict,0,INSUFFICIENT,ALLOW,False,1
N1,raw,route_lookup-2-hold,route_lookup-2,hold,1,DENY,ALLOW,False,1
N1,raw,reversal_exception-2-flip,reversal_exception-2,flip,0,ALLOW,ALLOW,True,1
N1,raw,reversal_exception-4-hold,reversal_exception-4,hold,1,DENY,DENY,True,1
N1,raw,route_lookup-4-full,route_lookup-4,full,0,DENY,DENY,True,1
N1,raw,joint_approval-4-hold,joint_approval-4,hold,1,DENY,ALLOW,False,1
N1,raw,route_lookup-2-hold,route_lookup-2,hold,0,DENY,ALLOW,False,1
N1,raw,route_lookup-1-hold,route_lookup-1,hold,0,ALLOW,ALLOW,True,1
N1,raw,joint_approval-1-nondecisive_missing,joint_approval-1,nondecisive_missing,0,ALLOW,ALLOW,True,1
N1,raw,route_lookup-3-hold,route_lookup-3,hold,2,ALLOW,ALLOW,True,1
N1,raw,route_lookup-2-full,route_lookup-2,full,0,DENY,DENY,True,1
N1,raw,route_lookup-1-hold,route_lookup-1,hold,2,ALLOW,ALLOW,True,1
N1,raw,reversal_exception-4-decisive_missing,reversal_exception-4,decisive_missing,2,INSUFFICIENT,DENY,False,1
N1,raw,route_lookup-4-decisive_missing,route_lookup-4,decisive_missing,0,INSUFFICIENT,ALLOW,False,1
N1,raw,reversal_exception-4-full,reversal_exception-4,full,1,DENY,DENY,True,1
N1,raw,reversal_exception-2-hold,reversal_exception-2,hold,2,DENY,ALLOW,False,1
N1,raw,reversal_exception-4-flip,reversal_exception-4,flip,1,ALLOW,DENY,False,1
N1,raw,route_lookup-2-conflict,route_lookup-2,conflict,2,INSUFFICIENT,ALLOW,False,1
N1,raw,reversal_exception-3-decisive_missing,reversal_exception-3,decisive_missing,2,INSUFFICIENT,INSUFFICIENT,True,1
N1,raw,reversal_exception-3-flip,reversal_exception-3,flip,0,DENY,ALLOW,False,1
N1,raw,joint_approval-3-full,joint_approval-3,full,1,ALLOW,ALLOW,True,1
N1,raw,joint_approval-2-full,joint_approval-2,full,2,DENY,INSUFFICIENT,False,1
N1,raw,route_lookup-1-nondecisive_missing,route_lookup-1,nondecisive_missing,2,ALLOW,ALLOW,True,1
N1,raw,reversal_exception-1-decisive_missing,reversal_exception-1,decisive_missing,0,INSUFFICIENT,ALLOW,False,1
N1,raw,reversal_exception-2-hold,reversal_exception-2,hold,1,DENY,ALLOW,False,1
N1,raw,joint_approval-2-decisive_missing,joint_approval-2,decisive_missing,2,INSUFFICIENT,ALLOW,False,1
N1,raw,route_lookup-2-nondecisive_missing,route_lookup-2,nondecisive_missing,0,DENY,DENY,True,1
N1,raw,reversal_exception-1-nondecisive_missing,reversal_exception-1,nondecisive_missing,0,ALLOW,ALLOW,True,1
N1,raw,route_lookup-1-full,route_lookup-1,full,1,ALLOW,ALLOW,True,1
N1,raw,route_lookup-3-full,route_lookup-3,full,0,ALLOW,ALLOW,True,1
N1,raw,joint_approval-3-conflict,joint_approval-3,conflict,2,INSUFFICIENT,DENY,False,1
N1,raw,joint_approval-3-conflict,joint_approval-3,conflict,0,INSUFFICIENT,DENY,False,1
N1,raw,joint_approval-2-hold,joint_approval-2,hold,2,DENY,ALLOW,False,1
N1,raw,route_lookup-4-decisive_missing,route_lookup-4,decisive_missing,2,INSUFFICIENT,ALLOW,False,1
N1,raw,joint_approval-4-hold,joint_approval-4,hold,0,DENY,DENY,True,1
N1,raw,route_lookup-2-decisive_missing,route_lookup-2,decisive_missing,1,INSUFFICIENT,ALLOW,False,1
N1,raw,reversal_exception-3-nondecisive_missing,reversal_exception-3,nondecisive_missing,1,ALLOW,DENY,False,1
N1,raw,route_lookup-3-conflict,route_lookup-3,conflict,2,INSUFFICIENT,ALLOW,False,1
N1,raw,route_lookup-3-full,route_lookup-3,full,2,ALLOW,ALLOW,True,1
N1,raw,route_lookup-2-decisive_missing,route_lookup-2,decisive_missing,0,INSUFFICIENT,ALLOW,False,1
N1,raw,reversal_exception-3-hold,reversal_exception-3,hold,1,ALLOW,DENY,False,1
N1,raw,joint_approval-4-flip,joint_approval-4,flip,1,ALLOW,ALLOW,True,1
N1,raw,joint_approval-1-hold,joint_approval-1,hold,1,ALLOW,ALLOW,True,1
N1,raw,reversal_exception-3-hold,reversal_exception-3,hold,2,ALLOW,DENY,False,1
N1,raw,route_lookup-3-nondecisive_missing,route_lookup-3,nondecisive_missing,1,ALLOW,ALLOW,True,1
N1,raw,joint_approval-1-nondecisive_missing,joint_approval-1,nondecisive_missing,1,ALLOW,ALLOW,True,1
N1,raw,reversal_exception-1-full,reversal_exception-1,full,0,ALLOW,ALLOW,True,1
N1,raw,reversal_exception-4-flip,reversal_exception-4,flip,2,ALLOW,ALLOW,True,1
N1,raw,route_lookup-4-full,route_lookup-4,full,2,DENY,DENY,True,1
N1,raw,reversal_exception-3-full,reversal_exception-3,full,0,ALLOW,ALLOW,True,1
N1,raw,joint_approval-3-decisive_missing,joint_approval-3,decisive_missing,0,INSUFFICIENT,ALLOW,False,1
N1,raw,reversal_exception-4-full,reversal_exception-4,full,0,DENY,ALLOW,False,1
N1,raw,joint_approval-2-decisive_missing,joint_approval-2,decisive_missing,0,INSUFFICIENT,ALLOW,False,1
N1,raw,reversal_exception-3-conflict,reversal_exception-3,conflict,1,INSUFFICIENT,DENY,False,1
N1,raw,route_lookup-2-full,route_lookup-2,full,2,DENY,ALLOW,False,1
N1,raw,route_lookup-1-flip,route_lookup-1,flip,1,DENY,INSUFFICIENT,False,1
N1,raw,route_lookup-4-hold,route_lookup-4,hold,1,DENY,ALLOW,False,1
N1,raw,route_lookup-4-flip,route_lookup-4,flip,1,ALLOW,ALLOW,True,1
N1,raw,joint_approval-1-nondecisive_missing,joint_approval-1,nondecisive_missing,2,ALLOW,ALLOW,True,1
N1,raw,route_lookup-3-flip,route_lookup-3,flip,0,DENY,DENY,True,1
N1,raw,route_lookup-2-conflict,route_lookup-2,conflict,1,INSUFFICIENT,ALLOW,False,1
N1,raw,reversal_exception-4-full,reversal_exception-4,full,2,DENY,INSUFFICIENT,False,1
N1,raw,reversal_exception-2-decisive_missing,reversal_exception-2,decisive_missing,0,INSUFFICIENT,ALLOW,False,1
N1,raw,reversal_exception-3-flip,reversal_exception-3,flip,1,DENY,DENY,True,1
N1,raw,reversal_exception-3-nondecisive_missing,reversal_exception-3,nondecisive_missing,2,ALLOW,INSUFFICIENT,False,1
N1,raw,joint_approval-4-nondecisive_missing,joint_approval-4,nondecisive_missing,1,DENY,DENY,True,1
N1,raw,route_lookup-3-decisive_missing,route_lookup-3,decisive_missing,2,INSUFFICIENT,ALLOW,False,1
N1,raw,joint_approval-4-decisive_missing,joint_approval-4,decisive_missing,0,INSUFFICIENT,ALLOW,False,1
N1,raw,reversal_exception-4-nondecisive_missing,reversal_exception-4,nondecisive_missing,2,DENY,INSUFFICIENT,False,1
N1,raw,joint_approval-4-hold,joint_approval-4,hold,2,DENY,ALLOW,False,1
N1,raw,joint_approval-1-flip,joint_approval-1,flip,0,DENY,INSUFFICIENT,False,1
N1,raw,reversal_exception-1-flip,reversal_exception-1,flip,2,DENY,ALLOW,False,1
N1,raw,joint_approval-3-conflict,joint_approval-3,conflict,1,INSUFFICIENT,DENY,False,1
N1,raw,route_lookup-4-flip,route_lookup-4,flip,2,ALLOW,ALLOW,True,1
N1,raw,route_lookup-4-decisive_missing,route_lookup-4,decisive_missing,1,INSUFFICIENT,ALLOW,False,1
N1,raw,joint_approval-4-decisive_missing,joint_approval-4,decisive_missing,2,INSUFFICIENT,ALLOW,False,1
N1,raw,joint_approval-4-nondecisive_missing,joint_approval-4,nondecisive_missing,2,DENY,DENY,True,1
N1,raw,route_lookup-1-full,route_lookup-1,full,0,ALLOW,ALLOW,True,1
N1,raw,joint_approval-3-nondecisive_missing,joint_approval-3,nondecisive_missing,1,ALLOW,ALLOW,True,1
N1,raw,reversal_exception-1-conflict,reversal_exception-1,conflict,0,INSUFFICIENT,ALLOW,False,1
N1,raw,joint_approval-4-full,joint_approval-4,full,0,DENY,INSUFFICIENT,False,1
N1,raw,reversal_exception-2-flip,reversal_exception-2,flip,1,ALLOW,ALLOW,True,1
N1,raw,reversal_exception-3-decisive_missing,reversal_exception-3,decisive_missing,1,INSUFFICIENT,DENY,False,1
N1,raw,joint_approval-3-decisive_missing,joint_approval-3,decisive_missing,2,INSUFFICIENT,ALLOW,False,1
N1,raw,joint_approval-1-decisive_missing,joint_approval-1,decisive_missing,0,INSUFFICIENT,ALLOW,False,1
N1,raw,joint_approval-2-conflict,joint_approval-2,conflict,1,INSUFFICIENT,ALLOW,False,1
N1,raw,route_lookup-2-decisive_missing,route_lookup-2,decisive_missing,2,INSUFFICIENT,ALLOW,False,1
N1,raw,joint_approval-2-full,joint_approval-2,full,1,DENY,INSUFFICIENT,False,1
N1,raw,route_lookup-3-flip,route_lookup-3,flip,1,DENY,INSUFFICIENT,False,1
N1,raw,route_lookup-3-nondecisive_missing,route_lookup-3,nondecisive_missing,2,ALLOW,ALLOW,True,1
N1,raw,joint_approval-3-nondecisive_missing,joint_approval-3,nondecisive_missing,0,ALLOW,ALLOW,True,1
N1,raw,joint_approval-3-full,joint_approval-3,full,2,ALLOW,ALLOW,True,1
N1,raw,route_lookup-1-decisive_missing,route_lookup-1,decisive_missing,0,INSUFFICIENT,ALLOW,False,1
N1,raw,joint_approval-2-nondecisive_missing,joint_approval-2,nondecisive_missing,1,DENY,INSUFFICIENT,False,1
N1,raw,route_lookup-4-nondecisive_missing,route_lookup-4,nondecisive_missing,0,DENY,DENY,True,1
N1,raw,route_lookup-4-hold,route_lookup-4,hold,2,DENY,ALLOW,False,1
N1,raw,reversal_exception-2-decisive_missing,reversal_exception-2,decisive_missing,1,INSUFFICIENT,DENY,False,1
N1,raw,route_lookup-1-conflict,route_lookup-1,conflict,2,INSUFFICIENT,ALLOW,False,1
N1,raw,route_lookup-3-hold,route_lookup-3,hold,0,ALLOW,ALLOW,True,1
N1,raw,route_lookup-1-hold,route_lookup-1,hold,1,ALLOW,ALLOW,True,1
N1,raw,reversal_exception-4-decisive_missing,reversal_exception-4,decisive_missing,0,INSUFFICIENT,DENY,False,1
N1,raw,route_lookup-4-conflict,route_lookup-4,conflict,2,INSUFFICIENT,DENY,False,1
N1,raw,reversal_exception-2-full,reversal_exception-2,full,2,DENY,ALLOW,False,1
N1,raw,reversal_exception-1-decisive_missing,reversal_exception-1,decisive_missing,1,INSUFFICIENT,ALLOW,False,1
N1,raw,joint_approval-4-flip,joint_approval-4,flip,0,ALLOW,ALLOW,True,1
N1,null_subtract,joint_approval-3-flip,joint_approval-3,flip,2,DENY,DENY,True,2
N1,null_subtract,joint_approval-2-nondecisive_missing,joint_approval-2,nondecisive_missing,0,DENY,DENY,True,2
N1,null_subtract,reversal_exception-4-conflict,reversal_exception-4,conflict,1,INSUFFICIENT,DENY,False,2
N1,null_subtract,reversal_exception-4-nondecisive_missing,reversal_exception-4,nondecisive_missing,0,DENY,DENY,True,2
N1,null_subtract,joint_approval-4-flip,joint_approval-4,flip,2,ALLOW,ALLOW,True,2
N1,null_subtract,joint_approval-3-full,joint_approval-3,full,0,ALLOW,ALLOW,True,2
N1,null_subtract,route_lookup-3-conflict,route_lookup-3,conflict,0,INSUFFICIENT,ALLOW,False,2
N1,null_subtract,reversal_exception-2-hold,reversal_exception-2,hold,0,DENY,ALLOW,False,2
N1,null_subtract,reversal_exception-1-nondecisive_missing,reversal_exception-1,nondecisive_missing,2,ALLOW,ALLOW,True,2
N1,null_subtract,joint_approval-1-conflict,joint_approval-1,conflict,1,INSUFFICIENT,DENY,False,2
N1,null_subtract,reversal_exception-4-decisive_missing,reversal_exception-4,decisive_missing,1,INSUFFICIENT,DENY,False,2
N1,null_subtract,joint_approval-1-full,joint_approval-1,full,1,ALLOW,ALLOW,True,2
N1,null_subtract,joint_approval-3-flip,joint_approval-3,flip,1,DENY,DENY,True,2
N1,null_subtract,route_lookup-1-nondecisive_missing,route_lookup-1,nondecisive_missing,0,ALLOW,ALLOW,True,2
N1,null_subtract,reversal_exception-1-flip,reversal_exception-1,flip,0,DENY,ALLOW,False,2
N1,null_subtract,reversal_exception-4-conflict,reversal_exception-4,conflict,2,INSUFFICIENT,DENY,False,2
N1,null_subtract,route_lookup-4-conflict,route_lookup-4,conflict,0,INSUFFICIENT,DENY,False,2
N1,null_subtract,reversal_exception-4-hold,reversal_exception-4,hold,2,DENY,DENY,True,2
N1,null_subtract,joint_approval-1-decisive_missing,joint_approval-1,decisive_missing,2,INSUFFICIENT,ALLOW,False,2
N1,null_subtract,route_lookup-1-flip,route_lookup-1,flip,2,DENY,DENY,True,2
N1,null_subtract,reversal_exception-4-hold,reversal_exception-4,hold,0,DENY,DENY,True,2
N1,null_subtract,joint_approval-1-hold,joint_approval-1,hold,0,ALLOW,ALLOW,True,2
N1,null_subtract,reversal_exception-1-decisive_missing,reversal_exception-1,decisive_missing,2,INSUFFICIENT,ALLOW,False,2
N1,null_subtract,reversal_exception-1-hold,reversal_exception-1,hold,0,ALLOW,ALLOW,True,2
N1,null_subtract,reversal_exception-1-full,reversal_exception-1,full,1,ALLOW,ALLOW,True,2
N1,null_subtract,route_lookup-4-flip,route_lookup-4,flip,0,ALLOW,ALLOW,True,2
N1,null_subtract,joint_approval-3-nondecisive_missing,joint_approval-3,nondecisive_missing,2,ALLOW,ALLOW,True,2
N1,null_subtract,joint_approval-2-flip,joint_approval-2,flip,0,ALLOW,ALLOW,True,2
N1,null_subtract,joint_approval-1-decisive_missing,joint_approval-1,decisive_missing,1,INSUFFICIENT,ALLOW,False,2
N1,null_subtract,reversal_exception-4-conflict,reversal_exception-4,conflict,0,INSUFFICIENT,DENY,False,2
N1,null_subtract,reversal_exception-3-decisive_missing,reversal_exception-3,decisive_missing,0,INSUFFICIENT,ALLOW,False,2
N1,null_subtract,route_lookup-3-decisive_missing,route_lookup-3,decisive_missing,0,INSUFFICIENT,ALLOW,False,2
N1,null_subtract,joint_approval-4-full,joint_approval-4,full,1,DENY,ALLOW,False,2
N1,null_subtract,route_lookup-1-conflict,route_lookup-1,conflict,1,INSUFFICIENT,ALLOW,False,2
N1,null_subtract,reversal_exception-2-full,reversal_exception-2,full,0,DENY,ALLOW,False,2
N1,null_subtract,route_lookup-3-nondecisive_missing,route_lookup-3,nondecisive_missing,0,ALLOW,ALLOW,True,2
N1,null_subtract,reversal_exception-4-nondecisive_missing,reversal_exception-4,nondecisive_missing,1,DENY,DENY,True,2
N1,null_subtract,reversal_exception-2-nondecisive_missing,reversal_exception-2,nondecisive_missing,2,DENY,ALLOW,False,2
N1,null_subtract,route_lookup-1-decisive_missing,route_lookup-1,decisive_missing,2,INSUFFICIENT,ALLOW,False,2
N1,null_subtract,joint_approval-1-flip,joint_approval-1,flip,1,DENY,ALLOW,False,2
N1,null_subtract,reversal_exception-1-flip,reversal_exception-1,flip,1,DENY,ALLOW,False,2
N1,null_subtract,joint_approval-4-full,joint_approval-4,full,2,DENY,ALLOW,False,2
N1,null_subtract,route_lookup-3-conflict,route_lookup-3,conflict,1,INSUFFICIENT,ALLOW,False,2
N1,null_subtract,reversal_exception-3-full,reversal_exception-3,full,2,ALLOW,ALLOW,True,2
N1,null_subtract,joint_approval-1-full,joint_approval-1,full,0,ALLOW,ALLOW,True,2
N1,null_subtract,joint_approval-2-hold,joint_approval-2,hold,0,DENY,ALLOW,False,2
N1,null_subtract,joint_approval-1-conflict,joint_approval-1,conflict,0,INSUFFICIENT,DENY,False,2
N1,null_subtract,reversal_exception-1-conflict,reversal_exception-1,conflict,2,INSUFFICIENT,ALLOW,False,2
N1,null_subtract,route_lookup-3-flip,route_lookup-3,flip,2,DENY,DENY,True,2
N1,null_subtract,reversal_exception-2-flip,reversal_exception-2,flip,2,ALLOW,ALLOW,True,2
N1,null_subtract,route_lookup-4-hold,route_lookup-4,hold,0,DENY,DENY,True,2
N1,null_subtract,route_lookup-2-flip,route_lookup-2,flip,1,ALLOW,ALLOW,True,2
N1,null_subtract,reversal_exception-2-conflict,reversal_exception-2,conflict,0,INSUFFICIENT,ALLOW,False,2
N1,null_subtract,joint_approval-2-full,joint_approval-2,full,0,DENY,DENY,True,2
N1,null_subtract,reversal_exception-3-conflict,reversal_exception-3,conflict,2,INSUFFICIENT,DENY,False,2
N1,null_subtract,joint_approval-3-hold,joint_approval-3,hold,1,ALLOW,ALLOW,True,2
N1,null_subtract,joint_approval-3-flip,joint_approval-3,flip,0,DENY,DENY,True,2
N1,null_subtract,joint_approval-4-decisive_missing,joint_approval-4,decisive_missing,1,INSUFFICIENT,ALLOW,False,2
N1,null_subtract,route_lookup-1-conflict,route_lookup-1,conflict,0,INSUFFICIENT,ALLOW,False,2
N1,null_subtract,route_lookup-4-nondecisive_missing,route_lookup-4,nondecisive_missing,2,DENY,DENY,True,2
N1,null_subtract,route_lookup-1-full,route_lookup-1,full,2,ALLOW,ALLOW,True,2
N1,null_subtract,route_lookup-3-full,route_lookup-3,full,1,ALLOW,ALLOW,True,2
N1,null_subtract,route_lookup-2-nondecisive_missing,route_lookup-2,nondecisive_missing,1,DENY,DENY,True,2
N1,null_subtract,route_lookup-2-flip,route_lookup-2,flip,0,ALLOW,ALLOW,True,2
N1,null_subtract,route_lookup-3-decisive_missing,route_lookup-3,decisive_missing,1,INSUFFICIENT,ALLOW,False,2
N1,null_subtract,reversal_exception-1-full,reversal_exception-1,full,2,ALLOW,ALLOW,True,2
N1,null_subtract,joint_approval-1-hold,joint_approval-1,hold,2,ALLOW,ALLOW,True,2
N1,null_subtract,reversal_exception-1-nondecisive_missing,reversal_exception-1,nondecisive_missing,1,ALLOW,ALLOW,True,2
N1,null_subtract,joint_approval-1-full,joint_approval-1,full,2,ALLOW,ALLOW,True,2
N1,null_subtract,reversal_exception-3-flip,reversal_exception-3,flip,2,DENY,DENY,True,2
N1,null_subtract,reversal_exception-3-hold,reversal_exception-3,hold,0,ALLOW,DENY,False,2
N1,null_subtract,route_lookup-4-full,route_lookup-4,full,1,DENY,DENY,True,2
N1,null_subtract,route_lookup-2-conflict,route_lookup-2,conflict,0,INSUFFICIENT,ALLOW,False,2
N1,null_subtract,joint_approval-2-nondecisive_missing,joint_approval-2,nondecisive_missing,2,DENY,DENY,True,2
N1,null_subtract,joint_approval-3-hold,joint_approval-3,hold,2,ALLOW,ALLOW,True,2
N1,null_subtract,route_lookup-2-hold,route_lookup-2,hold,2,DENY,ALLOW,False,2
N1,null_subtract,joint_approval-1-conflict,joint_approval-1,conflict,2,INSUFFICIENT,DENY,False,2
N1,null_subtract,reversal_exception-1-hold,reversal_exception-1,hold,2,ALLOW,ALLOW,True,2
N1,null_subtract,reversal_exception-2-decisive_missing,reversal_exception-2,decisive_missing,2,INSUFFICIENT,ALLOW,False,2
N1,null_subtract,joint_approval-2-hold,joint_approval-2,hold,1,DENY,ALLOW,False,2
N1,null_subtract,route_lookup-1-nondecisive_missing,route_lookup-1,nondecisive_missing,1,ALLOW,ALLOW,True,2
N1,null_subtract,route_lookup-2-nondecisive_missing,route_lookup-2,nondecisive_missing,2,DENY,DENY,True,2
N1,null_subtract,route_lookup-2-flip,route_lookup-2,flip,2,ALLOW,ALLOW,True,2
N1,null_subtract,route_lookup-4-nondecisive_missing,route_lookup-4,nondecisive_missing,1,DENY,DENY,True,2
N1,null_subtract,reversal_exception-4-flip,reversal_exception-4,flip,0,ALLOW,ALLOW,True,2
N1,null_subtract,route_lookup-1-flip,route_lookup-1,flip,0,DENY,DENY,True,2
N1,null_subtract,joint_approval-2-conflict,joint_approval-2,conflict,2,INSUFFICIENT,ALLOW,False,2
N1,null_subtract,reversal_exception-3-nondecisive_missing,reversal_exception-3,nondecisive_missing,0,ALLOW,ALLOW,True,2
N1,null_subtract,reversal_exception-2-conflict,reversal_exception-2,conflict,2,INSUFFICIENT,ALLOW,False,2
N1,null_subtract,joint_approval-2-flip,joint_approval-2,flip,2,ALLOW,ALLOW,True,2
N1,null_subtract,joint_approval-4-conflict,joint_approval-4,conflict,2,INSUFFICIENT,ALLOW,False,2
N1,null_subtract,reversal_exception-2-nondecisive_missing,reversal_exception-2,nondecisive_missing,1,DENY,DENY,True,2
N1,null_subtract,joint_approval-4-conflict,joint_approval-4,conflict,0,INSUFFICIENT,ALLOW,False,2
N1,null_subtract,route_lookup-4-conflict,route_lookup-4,conflict,1,INSUFFICIENT,DENY,False,2
N1,null_subtract,reversal_exception-1-hold,reversal_exception-1,hold,1,ALLOW,ALLOW,True,2
N1,null_subtract,joint_approval-3-decisive_missing,joint_approval-3,decisive_missing,1,INSUFFICIENT,ALLOW,False,2
N1,null_subtract,reversal_exception-3-full,reversal_exception-3,full,1,ALLOW,DENY,False,2
N1,null_subtract,route_lookup-3-hold,route_lookup-3,hold,1,ALLOW,ALLOW,True,2
N1,null_subtract,joint_approval-4-nondecisive_missing,joint_approval-4,nondecisive_missing,0,DENY,DENY,True,2
N1,null_subtract,joint_approval-2-flip,joint_approval-2,flip,1,ALLOW,ALLOW,True,2
N1,null_subtract,reversal_exception-3-conflict,reversal_exception-3,conflict,0,INSUFFICIENT,DENY,False,2
N1,null_subtract,joint_approval-2-decisive_missing,joint_approval-2,decisive_missing,1,INSUFFICIENT,ALLOW,False,2
N1,null_subtract,joint_approval-3-hold,joint_approval-3,hold,0,ALLOW,ALLOW,True,2
N1,null_subtract,reversal_exception-2-full,reversal_exception-2,full,1,DENY,DENY,True,2
N1,null_subtract,joint_approval-4-conflict,joint_approval-4,conflict,1,INSUFFICIENT,ALLOW,False,2
N1,null_subtract,reversal_exception-1-conflict,reversal_exception-1,conflict,1,INSUFFICIENT,ALLOW,False,2
N1,null_subtract,reversal_exception-2-nondecisive_missing,reversal_exception-2,nondecisive_missing,0,DENY,ALLOW,False,2
N1,null_subtract,route_lookup-2-full,route_lookup-2,full,1,DENY,ALLOW,False,2
N1,null_subtract,reversal_exception-2-conflict,reversal_exception-2,conflict,1,INSUFFICIENT,ALLOW,False,2
N1,null_subtract,route_lookup-1-decisive_missing,route_lookup-1,decisive_missing,1,INSUFFICIENT,ALLOW,False,2
N1,null_subtract,joint_approval-1-flip,joint_approval-1,flip,2,DENY,ALLOW,False,2
N1,null_subtract,joint_approval-2-conflict,joint_approval-2,conflict,0,INSUFFICIENT,ALLOW,False,2
N1,null_subtract,route_lookup-2-hold,route_lookup-2,hold,1,DENY,ALLOW,False,2
N1,null_subtract,reversal_exception-2-flip,reversal_exception-2,flip,0,ALLOW,ALLOW,True,2
N1,null_subtract,reversal_exception-4-hold,reversal_exception-4,hold,1,DENY,DENY,True,2
N1,null_subtract,route_lookup-4-full,route_lookup-4,full,0,DENY,DENY,True,2
N1,null_subtract,joint_approval-4-hold,joint_approval-4,hold,1,DENY,ALLOW,False,2
N1,null_subtract,route_lookup-2-hold,route_lookup-2,hold,0,DENY,ALLOW,False,2
N1,null_subtract,route_lookup-1-hold,route_lookup-1,hold,0,ALLOW,ALLOW,True,2
N1,null_subtract,joint_approval-1-nondecisive_missing,joint_approval-1,nondecisive_missing,0,ALLOW,ALLOW,True,2
N1,null_subtract,route_lookup-3-hold,route_lookup-3,hold,2,ALLOW,ALLOW,True,2
N1,null_subtract,route_lookup-2-full,route_lookup-2,full,0,DENY,DENY,True,2
N1,null_subtract,route_lookup-1-hold,route_lookup-1,hold,2,ALLOW,ALLOW,True,2
N1,null_subtract,reversal_exception-4-decisive_missing,reversal_exception-4,decisive_missing,2,INSUFFICIENT,DENY,False,2
N1,null_subtract,route_lookup-4-decisive_missing,route_lookup-4,decisive_missing,0,INSUFFICIENT,ALLOW,False,2
N1,null_subtract,reversal_exception-4-full,reversal_exception-4,full,1,DENY,DENY,True,2
N1,null_subtract,reversal_exception-2-hold,reversal_exception-2,hold,2,DENY,ALLOW,False,2
N1,null_subtract,reversal_exception-4-flip,reversal_exception-4,flip,1,ALLOW,DENY,False,2
N1,null_subtract,route_lookup-2-conflict,route_lookup-2,conflict,2,INSUFFICIENT,ALLOW,False,2
N1,null_subtract,reversal_exception-3-decisive_missing,reversal_exception-3,decisive_missing,2,INSUFFICIENT,DENY,False,2
N1,null_subtract,reversal_exception-3-flip,reversal_exception-3,flip,0,DENY,ALLOW,False,2
N1,null_subtract,joint_approval-3-full,joint_approval-3,full,1,ALLOW,ALLOW,True,2
N1,null_subtract,joint_approval-2-full,joint_approval-2,full,2,DENY,DENY,True,2
N1,null_subtract,route_lookup-1-nondecisive_missing,route_lookup-1,nondecisive_missing,2,ALLOW,ALLOW,True,2
N1,null_subtract,reversal_exception-1-decisive_missing,reversal_exception-1,decisive_missing,0,INSUFFICIENT,ALLOW,False,2
N1,null_subtract,reversal_exception-2-hold,reversal_exception-2,hold,1,DENY,ALLOW,False,2
N1,null_subtract,joint_approval-2-decisive_missing,joint_approval-2,decisive_missing,2,INSUFFICIENT,ALLOW,False,2
N1,null_subtract,route_lookup-2-nondecisive_missing,route_lookup-2,nondecisive_missing,0,DENY,DENY,True,2
N1,null_subtract,reversal_exception-1-nondecisive_missing,reversal_exception-1,nondecisive_missing,0,ALLOW,ALLOW,True,2
N1,null_subtract,route_lookup-1-full,route_lookup-1,full,1,ALLOW,ALLOW,True,2
N1,null_subtract,route_lookup-3-full,route_lookup-3,full,0,ALLOW,ALLOW,True,2
N1,null_subtract,joint_approval-3-conflict,joint_approval-3,conflict,2,INSUFFICIENT,DENY,False,2
N1,null_subtract,joint_approval-3-conflict,joint_approval-3,conflict,0,INSUFFICIENT,DENY,False,2
N1,null_subtract,joint_approval-2-hold,joint_approval-2,hold,2,DENY,ALLOW,False,2
N1,null_subtract,route_lookup-4-decisive_missing,route_lookup-4,decisive_missing,2,INSUFFICIENT,ALLOW,False,2
N1,null_subtract,joint_approval-4-hold,joint_approval-4,hold,0,DENY,DENY,True,2
N1,null_subtract,route_lookup-2-decisive_missing,route_lookup-2,decisive_missing,1,INSUFFICIENT,ALLOW,False,2
N1,null_subtract,reversal_exception-3-nondecisive_missing,reversal_exception-3,nondecisive_missing,1,ALLOW,DENY,False,2
N1,null_subtract,route_lookup-3-conflict,route_lookup-3,conflict,2,INSUFFICIENT,ALLOW,False,2
N1,null_subtract,route_lookup-3-full,route_lookup-3,full,2,ALLOW,ALLOW,True,2
N1,null_subtract,route_lookup-2-decisive_missing,route_lookup-2,decisive_missing,0,INSUFFICIENT,ALLOW,False,2
N1,null_subtract,reversal_exception-3-hold,reversal_exception-3,hold,1,ALLOW,DENY,False,2
N1,null_subtract,joint_approval-4-flip,joint_approval-4,flip,1,ALLOW,ALLOW,True,2
N1,null_subtract,joint_approval-1-hold,joint_approval-1,hold,1,ALLOW,ALLOW,True,2
N1,null_subtract,reversal_exception-3-hold,reversal_exception-3,hold,2,ALLOW,DENY,False,2
N1,null_subtract,route_lookup-3-nondecisive_missing,route_lookup-3,nondecisive_missing,1,ALLOW,ALLOW,True,2
N1,null_subtract,joint_approval-1-nondecisive_missing,joint_approval-1,nondecisive_missing,1,ALLOW,ALLOW,True,2
N1,null_subtract,reversal_exception-1-full,reversal_exception-1,full,0,ALLOW,ALLOW,True,2
N1,null_subtract,reversal_exception-4-flip,reversal_exception-4,flip,2,ALLOW,ALLOW,True,2
N1,null_subtract,route_lookup-4-full,route_lookup-4,full,2,DENY,DENY,True,2
N1,null_subtract,reversal_exception-3-full,reversal_exception-3,full,0,ALLOW,ALLOW,True,2
N1,null_subtract,joint_approval-3-decisive_missing,joint_approval-3,decisive_missing,0,INSUFFICIENT,ALLOW,False,2
N1,null_subtract,reversal_exception-4-full,reversal_exception-4,full,0,DENY,DENY,True,2
N1,null_subtract,joint_approval-2-decisive_missing,joint_approval-2,decisive_missing,0,INSUFFICIENT,ALLOW,False,2
N1,null_subtract,reversal_exception-3-conflict,reversal_exception-3,conflict,1,INSUFFICIENT,DENY,False,2
N1,null_subtract,route_lookup-2-full,route_lookup-2,full,2,DENY,ALLOW,False,2
N1,null_subtract,route_lookup-1-flip,route_lookup-1,flip,1,DENY,DENY,True,2
N1,null_subtract,route_lookup-4-hold,route_lookup-4,hold,1,DENY,ALLOW,False,2
N1,null_subtract,route_lookup-4-flip,route_lookup-4,flip,1,ALLOW,ALLOW,True,2
N1,null_subtract,joint_approval-1-nondecisive_missing,joint_approval-1,nondecisive_missing,2,ALLOW,ALLOW,True,2
N1,null_subtract,route_lookup-3-flip,route_lookup-3,flip,0,DENY,DENY,True,2
N1,null_subtract,route_lookup-2-conflict,route_lookup-2,conflict,1,INSUFFICIENT,ALLOW,False,2
N1,null_subtract,reversal_exception-4-full,reversal_exception-4,full,2,DENY,DENY,True,2
N1,null_subtract,reversal_exception-2-decisive_missing,reversal_exception-2,decisive_missing,0,INSUFFICIENT,ALLOW,False,2
N1,null_subtract,reversal_exception-3-flip,reversal_exception-3,flip,1,DENY,DENY,True,2
N1,null_subtract,reversal_exception-3-nondecisive_missing,reversal_exception-3,nondecisive_missing,2,ALLOW,ALLOW,True,2
N1,null_subtract,joint_approval-4-nondecisive_missing,joint_approval-4,nondecisive_missing,1,DENY,DENY,True,2
N1,null_subtract,route_lookup-3-decisive_missing,route_lookup-3,decisive_missing,2,INSUFFICIENT,ALLOW,False,2
N1,null_subtract,joint_approval-4-decisive_missing,joint_approval-4,decisive_missing,0,INSUFFICIENT,ALLOW,False,2
N1,null_subtract,reversal_exception-4-nondecisive_missing,reversal_exception-4,nondecisive_missing,2,DENY,DENY,True,2
N1,null_subtract,joint_approval-4-hold,joint_approval-4,hold,2,DENY,ALLOW,False,2
N1,null_subtract,joint_approval-1-flip,joint_approval-1,flip,0,DENY,DENY,True,2
N1,null_subtract,reversal_exception-1-flip,reversal_exception-1,flip,2,DENY,ALLOW,False,2
N1,null_subtract,joint_approval-3-conflict,joint_approval-3,conflict,1,INSUFFICIENT,DENY,False,2
N1,null_subtract,route_lookup-4-flip,route_lookup-4,flip,2,ALLOW,ALLOW,True,2
N1,null_subtract,route_lookup-4-decisive_missing,route_lookup-4,decisive_missing,1,INSUFFICIENT,ALLOW,False,2
N1,null_subtract,joint_approval-4-decisive_missing,joint_approval-4,decisive_missing,2,INSUFFICIENT,ALLOW,False,2
N1,null_subtract,joint_approval-4-nondecisive_missing,joint_approval-4,nondecisive_missing,2,DENY,DENY,True,2
N1,null_subtract,route_lookup-1-full,route_lookup-1,full,0,ALLOW,ALLOW,True,2
N1,null_subtract,joint_approval-3-nondecisive_missing,joint_approval-3,nondecisive_missing,1,ALLOW,ALLOW,True,2
N1,null_subtract,reversal_exception-1-conflict,reversal_exception-1,conflict,0,INSUFFICIENT,ALLOW,False,2
N1,null_subtract,joint_approval-4-full,joint_approval-4,full,0,DENY,DENY,True,2
N1,null_subtract,reversal_exception-2-flip,reversal_exception-2,flip,1,ALLOW,ALLOW,True,2
N1,null_subtract,reversal_exception-3-decisive_missing,reversal_exception-3,decisive_missing,1,INSUFFICIENT,DENY,False,2
N1,null_subtract,joint_approval-3-decisive_missing,joint_approval-3,decisive_missing,2,INSUFFICIENT,ALLOW,False,2
N1,null_subtract,joint_approval-1-decisive_missing,joint_approval-1,decisive_missing,0,INSUFFICIENT,ALLOW,False,2
N1,null_subtract,joint_approval-2-conflict,joint_approval-2,conflict,1,INSUFFICIENT,ALLOW,False,2
N1,null_subtract,route_lookup-2-decisive_missing,route_lookup-2,decisive_missing,2,INSUFFICIENT,ALLOW,False,2
N1,null_subtract,joint_approval-2-full,joint_approval-2,full,1,DENY,DENY,True,2
N1,null_subtract,route_lookup-3-flip,route_lookup-3,flip,1,DENY,DENY,True,2
N1,null_subtract,route_lookup-3-nondecisive_missing,route_lookup-3,nondecisive_missing,2,ALLOW,ALLOW,True,2
N1,null_subtract,joint_approval-3-nondecisive_missing,joint_approval-3,nondecisive_missing,0,ALLOW,ALLOW,True,2
N1,null_subtract,joint_approval-3-full,joint_approval-3,full,2,ALLOW,ALLOW,True,2
N1,null_subtract,route_lookup-1-decisive_missing,route_lookup-1,decisive_missing,0,INSUFFICIENT,ALLOW,False,2
N1,null_subtract,joint_approval-2-nondecisive_missing,joint_approval-2,nondecisive_missing,1,DENY,DENY,True,2
N1,null_subtract,route_lookup-4-nondecisive_missing,route_lookup-4,nondecisive_missing,0,DENY,DENY,True,2
N1,null_subtract,route_lookup-4-hold,route_lookup-4,hold,2,DENY,ALLOW,False,2
N1,null_subtract,reversal_exception-2-decisive_missing,reversal_exception-2,decisive_missing,1,INSUFFICIENT,DENY,False,2
N1,null_subtract,route_lookup-1-conflict,route_lookup-1,conflict,2,INSUFFICIENT,ALLOW,False,2
N1,null_subtract,route_lookup-3-hold,route_lookup-3,hold,0,ALLOW,ALLOW,True,2
N1,null_subtract,route_lookup-1-hold,route_lookup-1,hold,1,ALLOW,ALLOW,True,2
N1,null_subtract,reversal_exception-4-decisive_missing,reversal_exception-4,decisive_missing,0,INSUFFICIENT,DENY,False,2
N1,null_subtract,route_lookup-4-conflict,route_lookup-4,conflict,2,INSUFFICIENT,DENY,False,2
N1,null_subtract,reversal_exception-2-full,reversal_exception-2,full,2,DENY,ALLOW,False,2
N1,null_subtract,reversal_exception-1-decisive_missing,reversal_exception-1,decisive_missing,1,INSUFFICIENT,ALLOW,False,2
N1,null_subtract,joint_approval-4-flip,joint_approval-4,flip,0,ALLOW,ALLOW,True,2
N1,two_order,joint_approval-3-flip,joint_approval-3,flip,2,DENY,INSUFFICIENT,False,2
N1,two_order,joint_approval-2-nondecisive_missing,joint_approval-2,nondecisive_missing,0,DENY,DENY,True,2
N1,two_order,reversal_exception-4-conflict,reversal_exception-4,conflict,1,INSUFFICIENT,DENY,False,2
N1,two_order,reversal_exception-4-nondecisive_missing,reversal_exception-4,nondecisive_missing,0,DENY,DENY,True,2
N1,two_order,joint_approval-4-flip,joint_approval-4,flip,2,ALLOW,ALLOW,True,2
N1,two_order,joint_approval-3-full,joint_approval-3,full,0,ALLOW,ALLOW,True,2
N1,two_order,route_lookup-3-conflict,route_lookup-3,conflict,0,INSUFFICIENT,ALLOW,False,2
N1,two_order,reversal_exception-2-hold,reversal_exception-2,hold,0,DENY,ALLOW,False,2
N1,two_order,reversal_exception-1-nondecisive_missing,reversal_exception-1,nondecisive_missing,2,ALLOW,ALLOW,True,2
N1,two_order,joint_approval-1-conflict,joint_approval-1,conflict,1,INSUFFICIENT,DENY,False,2
N1,two_order,reversal_exception-4-decisive_missing,reversal_exception-4,decisive_missing,1,INSUFFICIENT,DENY,False,2
N1,two_order,joint_approval-1-full,joint_approval-1,full,1,ALLOW,ALLOW,True,2
N1,two_order,joint_approval-3-flip,joint_approval-3,flip,1,DENY,INSUFFICIENT,False,2
N1,two_order,route_lookup-1-nondecisive_missing,route_lookup-1,nondecisive_missing,0,ALLOW,ALLOW,True,2
N1,two_order,reversal_exception-1-flip,reversal_exception-1,flip,0,DENY,ALLOW,False,2
N1,two_order,reversal_exception-4-conflict,reversal_exception-4,conflict,2,INSUFFICIENT,DENY,False,2
N1,two_order,route_lookup-4-conflict,route_lookup-4,conflict,0,INSUFFICIENT,DENY,False,2
N1,two_order,reversal_exception-4-hold,reversal_exception-4,hold,2,DENY,DENY,True,2
N1,two_order,joint_approval-1-decisive_missing,joint_approval-1,decisive_missing,2,INSUFFICIENT,ALLOW,False,2
N1,two_order,route_lookup-1-flip,route_lookup-1,flip,2,DENY,DENY,True,2
N1,two_order,reversal_exception-4-hold,reversal_exception-4,hold,0,DENY,DENY,True,2
N1,two_order,joint_approval-1-hold,joint_approval-1,hold,0,ALLOW,ALLOW,True,2
N1,two_order,reversal_exception-1-decisive_missing,reversal_exception-1,decisive_missing,2,INSUFFICIENT,ALLOW,False,2
N1,two_order,reversal_exception-1-hold,reversal_exception-1,hold,0,ALLOW,ALLOW,True,2
N1,two_order,reversal_exception-1-full,reversal_exception-1,full,1,ALLOW,ALLOW,True,2
N1,two_order,route_lookup-4-flip,route_lookup-4,flip,0,ALLOW,ALLOW,True,2
N1,two_order,joint_approval-3-nondecisive_missing,joint_approval-3,nondecisive_missing,2,ALLOW,ALLOW,True,2
N1,two_order,joint_approval-2-flip,joint_approval-2,flip,0,ALLOW,ALLOW,True,2
N1,two_order,joint_approval-1-decisive_missing,joint_approval-1,decisive_missing,1,INSUFFICIENT,ALLOW,False,2
N1,two_order,reversal_exception-4-conflict,reversal_exception-4,conflict,0,INSUFFICIENT,DENY,False,2
N1,two_order,reversal_exception-3-decisive_missing,reversal_exception-3,decisive_missing,0,INSUFFICIENT,DENY,False,2
N1,two_order,route_lookup-3-decisive_missing,route_lookup-3,decisive_missing,0,INSUFFICIENT,ALLOW,False,2
N1,two_order,joint_approval-4-full,joint_approval-4,full,1,DENY,INSUFFICIENT,False,2
N1,two_order,route_lookup-1-conflict,route_lookup-1,conflict,1,INSUFFICIENT,ALLOW,False,2
N1,two_order,reversal_exception-2-full,reversal_exception-2,full,0,DENY,ALLOW,False,2
N1,two_order,route_lookup-3-nondecisive_missing,route_lookup-3,nondecisive_missing,0,ALLOW,ALLOW,True,2
N1,two_order,reversal_exception-4-nondecisive_missing,reversal_exception-4,nondecisive_missing,1,DENY,DENY,True,2
N1,two_order,reversal_exception-2-nondecisive_missing,reversal_exception-2,nondecisive_missing,2,DENY,ALLOW,False,2
N1,two_order,route_lookup-1-decisive_missing,route_lookup-1,decisive_missing,2,INSUFFICIENT,ALLOW,False,2
N1,two_order,joint_approval-1-flip,joint_approval-1,flip,1,DENY,INSUFFICIENT,False,2
N1,two_order,reversal_exception-1-flip,reversal_exception-1,flip,1,DENY,ALLOW,False,2
N1,two_order,joint_approval-4-full,joint_approval-4,full,2,DENY,INSUFFICIENT,False,2
N1,two_order,route_lookup-3-conflict,route_lookup-3,conflict,1,INSUFFICIENT,ALLOW,False,2
N1,two_order,reversal_exception-3-full,reversal_exception-3,full,2,ALLOW,ALLOW,True,2
N1,two_order,joint_approval-1-full,joint_approval-1,full,0,ALLOW,ALLOW,True,2
N1,two_order,joint_approval-2-hold,joint_approval-2,hold,0,DENY,ALLOW,False,2
N1,two_order,joint_approval-1-conflict,joint_approval-1,conflict,0,INSUFFICIENT,DENY,False,2
N1,two_order,reversal_exception-1-conflict,reversal_exception-1,conflict,2,INSUFFICIENT,ALLOW,False,2
N1,two_order,route_lookup-3-flip,route_lookup-3,flip,2,DENY,DENY,True,2
N1,two_order,reversal_exception-2-flip,reversal_exception-2,flip,2,ALLOW,ALLOW,True,2
N1,two_order,route_lookup-4-hold,route_lookup-4,hold,0,DENY,ALLOW,False,2
N1,two_order,route_lookup-2-flip,route_lookup-2,flip,1,ALLOW,ALLOW,True,2
N1,two_order,reversal_exception-2-conflict,reversal_exception-2,conflict,0,INSUFFICIENT,ALLOW,False,2
N1,two_order,joint_approval-2-full,joint_approval-2,full,0,DENY,INSUFFICIENT,False,2
N1,two_order,reversal_exception-3-conflict,reversal_exception-3,conflict,2,INSUFFICIENT,ALLOW,False,2
N1,two_order,joint_approval-3-hold,joint_approval-3,hold,1,ALLOW,ALLOW,True,2
N1,two_order,joint_approval-3-flip,joint_approval-3,flip,0,DENY,INSUFFICIENT,False,2
N1,two_order,joint_approval-4-decisive_missing,joint_approval-4,decisive_missing,1,INSUFFICIENT,ALLOW,False,2
N1,two_order,route_lookup-1-conflict,route_lookup-1,conflict,0,INSUFFICIENT,ALLOW,False,2
N1,two_order,route_lookup-4-nondecisive_missing,route_lookup-4,nondecisive_missing,2,DENY,DENY,True,2
N1,two_order,route_lookup-1-full,route_lookup-1,full,2,ALLOW,ALLOW,True,2
N1,two_order,route_lookup-3-full,route_lookup-3,full,1,ALLOW,ALLOW,True,2
N1,two_order,route_lookup-2-nondecisive_missing,route_lookup-2,nondecisive_missing,1,DENY,DENY,True,2
N1,two_order,route_lookup-2-flip,route_lookup-2,flip,0,ALLOW,ALLOW,True,2
N1,two_order,route_lookup-3-decisive_missing,route_lookup-3,decisive_missing,1,INSUFFICIENT,ALLOW,False,2
N1,two_order,reversal_exception-1-full,reversal_exception-1,full,2,ALLOW,ALLOW,True,2
N1,two_order,joint_approval-1-hold,joint_approval-1,hold,2,ALLOW,ALLOW,True,2
N1,two_order,reversal_exception-1-nondecisive_missing,reversal_exception-1,nondecisive_missing,1,ALLOW,ALLOW,True,2
N1,two_order,joint_approval-1-full,joint_approval-1,full,2,ALLOW,ALLOW,True,2
N1,two_order,reversal_exception-3-flip,reversal_exception-3,flip,2,DENY,ALLOW,False,2
N1,two_order,reversal_exception-3-hold,reversal_exception-3,hold,0,ALLOW,DENY,False,2
N1,two_order,route_lookup-4-full,route_lookup-4,full,1,DENY,DENY,True,2
N1,two_order,route_lookup-2-conflict,route_lookup-2,conflict,0,INSUFFICIENT,ALLOW,False,2
N1,two_order,joint_approval-2-nondecisive_missing,joint_approval-2,nondecisive_missing,2,DENY,DENY,True,2
N1,two_order,joint_approval-3-hold,joint_approval-3,hold,2,ALLOW,ALLOW,True,2
N1,two_order,route_lookup-2-hold,route_lookup-2,hold,2,DENY,ALLOW,False,2
N1,two_order,joint_approval-1-conflict,joint_approval-1,conflict,2,INSUFFICIENT,DENY,False,2
N1,two_order,reversal_exception-1-hold,reversal_exception-1,hold,2,ALLOW,ALLOW,True,2
N1,two_order,reversal_exception-2-decisive_missing,reversal_exception-2,decisive_missing,2,INSUFFICIENT,ALLOW,False,2
N1,two_order,joint_approval-2-hold,joint_approval-2,hold,1,DENY,ALLOW,False,2
N1,two_order,route_lookup-1-nondecisive_missing,route_lookup-1,nondecisive_missing,1,ALLOW,ALLOW,True,2
N1,two_order,route_lookup-2-nondecisive_missing,route_lookup-2,nondecisive_missing,2,DENY,DENY,True,2
N1,two_order,route_lookup-2-flip,route_lookup-2,flip,2,ALLOW,ALLOW,True,2
N1,two_order,route_lookup-4-nondecisive_missing,route_lookup-4,nondecisive_missing,1,DENY,DENY,True,2
N1,two_order,reversal_exception-4-flip,reversal_exception-4,flip,0,ALLOW,ALLOW,True,2
N1,two_order,route_lookup-1-flip,route_lookup-1,flip,0,DENY,INSUFFICIENT,False,2
N1,two_order,joint_approval-2-conflict,joint_approval-2,conflict,2,INSUFFICIENT,ALLOW,False,2
N1,two_order,reversal_exception-3-nondecisive_missing,reversal_exception-3,nondecisive_missing,0,ALLOW,DENY,False,2
N1,two_order,reversal_exception-2-conflict,reversal_exception-2,conflict,2,INSUFFICIENT,ALLOW,False,2
N1,two_order,joint_approval-2-flip,joint_approval-2,flip,2,ALLOW,ALLOW,True,2
N1,two_order,joint_approval-4-conflict,joint_approval-4,conflict,2,INSUFFICIENT,ALLOW,False,2
N1,two_order,reversal_exception-2-nondecisive_missing,reversal_exception-2,nondecisive_missing,1,DENY,ALLOW,False,2
N1,two_order,joint_approval-4-conflict,joint_approval-4,conflict,0,INSUFFICIENT,ALLOW,False,2
N1,two_order,route_lookup-4-conflict,route_lookup-4,conflict,1,INSUFFICIENT,DENY,False,2
N1,two_order,reversal_exception-1-hold,reversal_exception-1,hold,1,ALLOW,ALLOW,True,2
N1,two_order,joint_approval-3-decisive_missing,joint_approval-3,decisive_missing,1,INSUFFICIENT,ALLOW,False,2
N1,two_order,reversal_exception-3-full,reversal_exception-3,full,1,ALLOW,DENY,False,2
N1,two_order,route_lookup-3-hold,route_lookup-3,hold,1,ALLOW,ALLOW,True,2
N1,two_order,joint_approval-4-nondecisive_missing,joint_approval-4,nondecisive_missing,0,DENY,DENY,True,2
N1,two_order,joint_approval-2-flip,joint_approval-2,flip,1,ALLOW,ALLOW,True,2
N1,two_order,reversal_exception-3-conflict,reversal_exception-3,conflict,0,INSUFFICIENT,DENY,False,2
N1,two_order,joint_approval-2-decisive_missing,joint_approval-2,decisive_missing,1,INSUFFICIENT,ALLOW,False,2
N1,two_order,joint_approval-3-hold,joint_approval-3,hold,0,ALLOW,ALLOW,True,2
N1,two_order,reversal_exception-2-full,reversal_exception-2,full,1,DENY,ALLOW,False,2
N1,two_order,joint_approval-4-conflict,joint_approval-4,conflict,1,INSUFFICIENT,ALLOW,False,2
N1,two_order,reversal_exception-1-conflict,reversal_exception-1,conflict,1,INSUFFICIENT,ALLOW,False,2
N1,two_order,reversal_exception-2-nondecisive_missing,reversal_exception-2,nondecisive_missing,0,DENY,ALLOW,False,2
N1,two_order,route_lookup-2-full,route_lookup-2,full,1,DENY,ALLOW,False,2
N1,two_order,reversal_exception-2-conflict,reversal_exception-2,conflict,1,INSUFFICIENT,ALLOW,False,2
N1,two_order,route_lookup-1-decisive_missing,route_lookup-1,decisive_missing,1,INSUFFICIENT,ALLOW,False,2
N1,two_order,joint_approval-1-flip,joint_approval-1,flip,2,DENY,INSUFFICIENT,False,2
N1,two_order,joint_approval-2-conflict,joint_approval-2,conflict,0,INSUFFICIENT,ALLOW,False,2
N1,two_order,route_lookup-2-hold,route_lookup-2,hold,1,DENY,ALLOW,False,2
N1,two_order,reversal_exception-2-flip,reversal_exception-2,flip,0,ALLOW,ALLOW,True,2
N1,two_order,reversal_exception-4-hold,reversal_exception-4,hold,1,DENY,DENY,True,2
N1,two_order,route_lookup-4-full,route_lookup-4,full,0,DENY,DENY,True,2
N1,two_order,joint_approval-4-hold,joint_approval-4,hold,1,DENY,ALLOW,False,2
N1,two_order,route_lookup-2-hold,route_lookup-2,hold,0,DENY,ALLOW,False,2
N1,two_order,route_lookup-1-hold,route_lookup-1,hold,0,ALLOW,ALLOW,True,2
N1,two_order,joint_approval-1-nondecisive_missing,joint_approval-1,nondecisive_missing,0,ALLOW,ALLOW,True,2
N1,two_order,route_lookup-3-hold,route_lookup-3,hold,2,ALLOW,ALLOW,True,2
N1,two_order,route_lookup-2-full,route_lookup-2,full,0,DENY,ALLOW,False,2
N1,two_order,route_lookup-1-hold,route_lookup-1,hold,2,ALLOW,ALLOW,True,2
N1,two_order,reversal_exception-4-decisive_missing,reversal_exception-4,decisive_missing,2,INSUFFICIENT,DENY,False,2
N1,two_order,route_lookup-4-decisive_missing,route_lookup-4,decisive_missing,0,INSUFFICIENT,ALLOW,False,2
N1,two_order,reversal_exception-4-full,reversal_exception-4,full,1,DENY,DENY,True,2
N1,two_order,reversal_exception-2-hold,reversal_exception-2,hold,2,DENY,ALLOW,False,2
N1,two_order,reversal_exception-4-flip,reversal_exception-4,flip,1,ALLOW,DENY,False,2
N1,two_order,route_lookup-2-conflict,route_lookup-2,conflict,2,INSUFFICIENT,ALLOW,False,2
N1,two_order,reversal_exception-3-decisive_missing,reversal_exception-3,decisive_missing,2,INSUFFICIENT,INSUFFICIENT,True,2
N1,two_order,reversal_exception-3-flip,reversal_exception-3,flip,0,DENY,DENY,True,2
N1,two_order,joint_approval-3-full,joint_approval-3,full,1,ALLOW,ALLOW,True,2
N1,two_order,joint_approval-2-full,joint_approval-2,full,2,DENY,INSUFFICIENT,False,2
N1,two_order,route_lookup-1-nondecisive_missing,route_lookup-1,nondecisive_missing,2,ALLOW,ALLOW,True,2
N1,two_order,reversal_exception-1-decisive_missing,reversal_exception-1,decisive_missing,0,INSUFFICIENT,ALLOW,False,2
N1,two_order,reversal_exception-2-hold,reversal_exception-2,hold,1,DENY,ALLOW,False,2
N1,two_order,joint_approval-2-decisive_missing,joint_approval-2,decisive_missing,2,INSUFFICIENT,ALLOW,False,2
N1,two_order,route_lookup-2-nondecisive_missing,route_lookup-2,nondecisive_missing,0,DENY,DENY,True,2
N1,two_order,reversal_exception-1-nondecisive_missing,reversal_exception-1,nondecisive_missing,0,ALLOW,ALLOW,True,2
N1,two_order,route_lookup-1-full,route_lookup-1,full,1,ALLOW,ALLOW,True,2
N1,two_order,route_lookup-3-full,route_lookup-3,full,0,ALLOW,ALLOW,True,2
N1,two_order,joint_approval-3-conflict,joint_approval-3,conflict,2,INSUFFICIENT,DENY,False,2
N1,two_order,joint_approval-3-conflict,joint_approval-3,conflict,0,INSUFFICIENT,DENY,False,2
N1,two_order,joint_approval-2-hold,joint_approval-2,hold,2,DENY,ALLOW,False,2
N1,two_order,route_lookup-4-decisive_missing,route_lookup-4,decisive_missing,2,INSUFFICIENT,ALLOW,False,2
N1,two_order,joint_approval-4-hold,joint_approval-4,hold,0,DENY,DENY,True,2
N1,two_order,route_lookup-2-decisive_missing,route_lookup-2,decisive_missing,1,INSUFFICIENT,ALLOW,False,2
N1,two_order,reversal_exception-3-nondecisive_missing,reversal_exception-3,nondecisive_missing,1,ALLOW,DENY,False,2
N1,two_order,route_lookup-3-conflict,route_lookup-3,conflict,2,INSUFFICIENT,ALLOW,False,2
N1,two_order,route_lookup-3-full,route_lookup-3,full,2,ALLOW,ALLOW,True,2
N1,two_order,route_lookup-2-decisive_missing,route_lookup-2,decisive_missing,0,INSUFFICIENT,ALLOW,False,2
N1,two_order,reversal_exception-3-hold,reversal_exception-3,hold,1,ALLOW,DENY,False,2
N1,two_order,joint_approval-4-flip,joint_approval-4,flip,1,ALLOW,ALLOW,True,2
N1,two_order,joint_approval-1-hold,joint_approval-1,hold,1,ALLOW,ALLOW,True,2
N1,two_order,reversal_exception-3-hold,reversal_exception-3,hold,2,ALLOW,DENY,False,2
N1,two_order,route_lookup-3-nondecisive_missing,route_lookup-3,nondecisive_missing,1,ALLOW,ALLOW,True,2
N1,two_order,joint_approval-1-nondecisive_missing,joint_approval-1,nondecisive_missing,1,ALLOW,ALLOW,True,2
N1,two_order,reversal_exception-1-full,reversal_exception-1,full,0,ALLOW,ALLOW,True,2
N1,two_order,reversal_exception-4-flip,reversal_exception-4,flip,2,ALLOW,ALLOW,True,2
N1,two_order,route_lookup-4-full,route_lookup-4,full,2,DENY,DENY,True,2
N1,two_order,reversal_exception-3-full,reversal_exception-3,full,0,ALLOW,DENY,False,2
N1,two_order,joint_approval-3-decisive_missing,joint_approval-3,decisive_missing,0,INSUFFICIENT,ALLOW,False,2
N1,two_order,reversal_exception-4-full,reversal_exception-4,full,0,DENY,DENY,True,2
N1,two_order,joint_approval-2-decisive_missing,joint_approval-2,decisive_missing,0,INSUFFICIENT,ALLOW,False,2
N1,two_order,reversal_exception-3-conflict,reversal_exception-3,conflict,1,INSUFFICIENT,DENY,False,2
N1,two_order,route_lookup-2-full,route_lookup-2,full,2,DENY,ALLOW,False,2
N1,two_order,route_lookup-1-flip,route_lookup-1,flip,1,DENY,DENY,True,2
N1,two_order,route_lookup-4-hold,route_lookup-4,hold,1,DENY,ALLOW,False,2
N1,two_order,route_lookup-4-flip,route_lookup-4,flip,1,ALLOW,ALLOW,True,2
N1,two_order,joint_approval-1-nondecisive_missing,joint_approval-1,nondecisive_missing,2,ALLOW,ALLOW,True,2
N1,two_order,route_lookup-3-flip,route_lookup-3,flip,0,DENY,DENY,True,2
N1,two_order,route_lookup-2-conflict,route_lookup-2,conflict,1,INSUFFICIENT,ALLOW,False,2
N1,two_order,reversal_exception-4-full,reversal_exception-4,full,2,DENY,DENY,True,2
N1,two_order,reversal_exception-2-decisive_missing,reversal_exception-2,decisive_missing,0,INSUFFICIENT,ALLOW,False,2
N1,two_order,reversal_exception-3-flip,reversal_exception-3,flip,1,DENY,DENY,True,2
N1,two_order,reversal_exception-3-nondecisive_missing,reversal_exception-3,nondecisive_missing,2,ALLOW,ALLOW,True,2
N1,two_order,joint_approval-4-nondecisive_missing,joint_approval-4,nondecisive_missing,1,DENY,DENY,True,2
N1,two_order,route_lookup-3-decisive_missing,route_lookup-3,decisive_missing,2,INSUFFICIENT,ALLOW,False,2
N1,two_order,joint_approval-4-decisive_missing,joint_approval-4,decisive_missing,0,INSUFFICIENT,ALLOW,False,2
N1,two_order,reversal_exception-4-nondecisive_missing,reversal_exception-4,nondecisive_missing,2,DENY,DENY,True,2
N1,two_order,joint_approval-4-hold,joint_approval-4,hold,2,DENY,DENY,True,2
N1,two_order,joint_approval-1-flip,joint_approval-1,flip,0,DENY,INSUFFICIENT,False,2
N1,two_order,reversal_exception-1-flip,reversal_exception-1,flip,2,DENY,ALLOW,False,2
N1,two_order,joint_approval-3-conflict,joint_approval-3,conflict,1,INSUFFICIENT,DENY,False,2
N1,two_order,route_lookup-4-flip,route_lookup-4,flip,2,ALLOW,ALLOW,True,2
N1,two_order,route_lookup-4-decisive_missing,route_lookup-4,decisive_missing,1,INSUFFICIENT,ALLOW,False,2
N1,two_order,joint_approval-4-decisive_missing,joint_approval-4,decisive_missing,2,INSUFFICIENT,ALLOW,False,2
N1,two_order,joint_approval-4-nondecisive_missing,joint_approval-4,nondecisive_missing,2,DENY,DENY,True,2
N1,two_order,route_lookup-1-full,route_lookup-1,full,0,ALLOW,ALLOW,True,2
N1,two_order,joint_approval-3-nondecisive_missing,joint_approval-3,nondecisive_missing,1,ALLOW,ALLOW,True,2
N1,two_order,reversal_exception-1-conflict,reversal_exception-1,conflict,0,INSUFFICIENT,ALLOW,False,2
N1,two_order,joint_approval-4-full,joint_approval-4,full,0,DENY,INSUFFICIENT,False,2
N1,two_order,reversal_exception-2-flip,reversal_exception-2,flip,1,ALLOW,ALLOW,True,2
N1,two_order,reversal_exception-3-decisive_missing,reversal_exception-3,decisive_missing,1,INSUFFICIENT,DENY,False,2
N1,two_order,joint_approval-3-decisive_missing,joint_approval-3,decisive_missing,2,INSUFFICIENT,ALLOW,False,2
N1,two_order,joint_approval-1-decisive_missing,joint_approval-1,decisive_missing,0,INSUFFICIENT,ALLOW,False,2
N1,two_order,joint_approval-2-conflict,joint_approval-2,conflict,1,INSUFFICIENT,ALLOW,False,2
N1,two_order,route_lookup-2-decisive_missing,route_lookup-2,decisive_missing,2,INSUFFICIENT,ALLOW,False,2
N1,two_order,joint_approval-2-full,joint_approval-2,full,1,DENY,INSUFFICIENT,False,2
N1,two_order,route_lookup-3-flip,route_lookup-3,flip,1,DENY,DENY,True,2
N1,two_order,route_lookup-3-nondecisive_missing,route_lookup-3,nondecisive_missing,2,ALLOW,ALLOW,True,2
N1,two_order,joint_approval-3-nondecisive_missing,joint_approval-3,nondecisive_missing,0,ALLOW,ALLOW,True,2
N1,two_order,joint_approval-3-full,joint_approval-3,full,2,ALLOW,ALLOW,True,2
N1,two_order,route_lookup-1-decisive_missing,route_lookup-1,decisive_missing,0,INSUFFICIENT,ALLOW,False,2
N1,two_order,joint_approval-2-nondecisive_missing,joint_approval-2,nondecisive_missing,1,DENY,DENY,True,2
N1,two_order,route_lookup-4-nondecisive_missing,route_lookup-4,nondecisive_missing,0,DENY,DENY,True,2
N1,two_order,route_lookup-4-hold,route_lookup-4,hold,2,DENY,ALLOW,False,2
N1,two_order,reversal_exception-2-decisive_missing,reversal_exception-2,decisive_missing,1,INSUFFICIENT,ALLOW,False,2
N1,two_order,route_lookup-1-conflict,route_lookup-1,conflict,2,INSUFFICIENT,ALLOW,False,2
N1,two_order,route_lookup-3-hold,route_lookup-3,hold,0,ALLOW,ALLOW,True,2
N1,two_order,route_lookup-1-hold,route_lookup-1,hold,1,ALLOW,ALLOW,True,2
N1,two_order,reversal_exception-4-decisive_missing,reversal_exception-4,decisive_missing,0,INSUFFICIENT,DENY,False,2
N1,two_order,route_lookup-4-conflict,route_lookup-4,conflict,2,INSUFFICIENT,DENY,False,2
N1,two_order,reversal_exception-2-full,reversal_exception-2,full,2,DENY,ALLOW,False,2
N1,two_order,reversal_exception-1-decisive_missing,reversal_exception-1,decisive_missing,1,INSUFFICIENT,ALLOW,False,2
N1,two_order,joint_approval-4-flip,joint_approval-4,flip,0,ALLOW,ALLOW,True,2
K1,raw,joint_approval-3-flip,joint_approval-3,flip,2,DENY,INSUFFICIENT,False,1
K1,raw,joint_approval-2-nondecisive_missing,joint_approval-2,nondecisive_missing,0,DENY,DENY,True,1
K1,raw,reversal_exception-4-conflict,reversal_exception-4,conflict,1,INSUFFICIENT,DENY,False,1
K1,raw,reversal_exception-4-nondecisive_missing,reversal_exception-4,nondecisive_missing,0,DENY,DENY,True,1
K1,raw,joint_approval-4-flip,joint_approval-4,flip,2,ALLOW,ALLOW,True,1
K1,raw,joint_approval-3-full,joint_approval-3,full,0,ALLOW,ALLOW,True,1
K1,raw,route_lookup-3-conflict,route_lookup-3,conflict,0,INSUFFICIENT,ALLOW,False,1
K1,raw,reversal_exception-2-hold,reversal_exception-2,hold,0,DENY,ALLOW,False,1
K1,raw,reversal_exception-1-nondecisive_missing,reversal_exception-1,nondecisive_missing,2,ALLOW,ALLOW,True,1
K1,raw,joint_approval-1-conflict,joint_approval-1,conflict,1,INSUFFICIENT,DENY,False,1
K1,raw,reversal_exception-4-decisive_missing,reversal_exception-4,decisive_missing,1,INSUFFICIENT,DENY,False,1
K1,raw,joint_approval-1-full,joint_approval-1,full,1,ALLOW,ALLOW,True,1
K1,raw,joint_approval-3-flip,joint_approval-3,flip,1,DENY,ALLOW,False,1
K1,raw,route_lookup-1-nondecisive_missing,route_lookup-1,nondecisive_missing,0,ALLOW,ALLOW,True,1
K1,raw,reversal_exception-1-flip,reversal_exception-1,flip,0,DENY,ALLOW,False,1
K1,raw,reversal_exception-4-conflict,reversal_exception-4,conflict,2,INSUFFICIENT,DENY,False,1
K1,raw,route_lookup-4-conflict,route_lookup-4,conflict,0,INSUFFICIENT,DENY,False,1
K1,raw,reversal_exception-4-hold,reversal_exception-4,hold,2,DENY,DENY,True,1
K1,raw,joint_approval-1-decisive_missing,joint_approval-1,decisive_missing,2,INSUFFICIENT,ALLOW,False,1
K1,raw,route_lookup-1-flip,route_lookup-1,flip,2,DENY,DENY,True,1
K1,raw,reversal_exception-4-hold,reversal_exception-4,hold,0,DENY,DENY,True,1
K1,raw,joint_approval-1-hold,joint_approval-1,hold,0,ALLOW,ALLOW,True,1
K1,raw,reversal_exception-1-decisive_missing,reversal_exception-1,decisive_missing,2,INSUFFICIENT,ALLOW,False,1
K1,raw,reversal_exception-1-hold,reversal_exception-1,hold,0,ALLOW,ALLOW,True,1
K1,raw,reversal_exception-1-full,reversal_exception-1,full,1,ALLOW,ALLOW,True,1
K1,raw,route_lookup-4-flip,route_lookup-4,flip,0,ALLOW,ALLOW,True,1
K1,raw,joint_approval-3-nondecisive_missing,joint_approval-3,nondecisive_missing,2,ALLOW,ALLOW,True,1
K1,raw,joint_approval-2-flip,joint_approval-2,flip,0,ALLOW,ALLOW,True,1
K1,raw,joint_approval-1-decisive_missing,joint_approval-1,decisive_missing,1,INSUFFICIENT,ALLOW,False,1
K1,raw,reversal_exception-4-conflict,reversal_exception-4,conflict,0,INSUFFICIENT,DENY,False,1
K1,raw,reversal_exception-3-decisive_missing,reversal_exception-3,decisive_missing,0,INSUFFICIENT,INSUFFICIENT,True,1
K1,raw,route_lookup-3-decisive_missing,route_lookup-3,decisive_missing,0,INSUFFICIENT,ALLOW,False,1
K1,raw,joint_approval-4-full,joint_approval-4,full,1,DENY,INSUFFICIENT,False,1
K1,raw,route_lookup-1-conflict,route_lookup-1,conflict,1,INSUFFICIENT,ALLOW,False,1
K1,raw,reversal_exception-2-full,reversal_exception-2,full,0,DENY,ALLOW,False,1
K1,raw,route_lookup-3-nondecisive_missing,route_lookup-3,nondecisive_missing,0,ALLOW,ALLOW,True,1
K1,raw,reversal_exception-4-nondecisive_missing,reversal_exception-4,nondecisive_missing,1,DENY,DENY,True,1
K1,raw,reversal_exception-2-nondecisive_missing,reversal_exception-2,nondecisive_missing,2,DENY,ALLOW,False,1
K1,raw,route_lookup-1-decisive_missing,route_lookup-1,decisive_missing,2,INSUFFICIENT,ALLOW,False,1
K1,raw,joint_approval-1-flip,joint_approval-1,flip,1,DENY,INSUFFICIENT,False,1
K1,raw,reversal_exception-1-flip,reversal_exception-1,flip,1,DENY,ALLOW,False,1
K1,raw,joint_approval-4-full,joint_approval-4,full,2,DENY,INSUFFICIENT,False,1
K1,raw,route_lookup-3-conflict,route_lookup-3,conflict,1,INSUFFICIENT,ALLOW,False,1
K1,raw,reversal_exception-3-full,reversal_exception-3,full,2,ALLOW,ALLOW,True,1
K1,raw,joint_approval-1-full,joint_approval-1,full,0,ALLOW,ALLOW,True,1
K1,raw,joint_approval-2-hold,joint_approval-2,hold,0,DENY,ALLOW,False,1
K1,raw,joint_approval-1-conflict,joint_approval-1,conflict,0,INSUFFICIENT,DENY,False,1
K1,raw,reversal_exception-1-conflict,reversal_exception-1,conflict,2,INSUFFICIENT,ALLOW,False,1
K1,raw,route_lookup-3-flip,route_lookup-3,flip,2,DENY,DENY,True,1
K1,raw,reversal_exception-2-flip,reversal_exception-2,flip,2,ALLOW,ALLOW,True,1
K1,raw,route_lookup-4-hold,route_lookup-4,hold,0,DENY,ALLOW,False,1
K1,raw,route_lookup-2-flip,route_lookup-2,flip,1,ALLOW,ALLOW,True,1
K1,raw,reversal_exception-2-conflict,reversal_exception-2,conflict,0,INSUFFICIENT,ALLOW,False,1
K1,raw,joint_approval-2-full,joint_approval-2,full,0,DENY,INSUFFICIENT,False,1
K1,raw,reversal_exception-3-conflict,reversal_exception-3,conflict,2,INSUFFICIENT,INSUFFICIENT,True,1
K1,raw,joint_approval-3-hold,joint_approval-3,hold,1,ALLOW,ALLOW,True,1
K1,raw,joint_approval-3-flip,joint_approval-3,flip,0,DENY,ALLOW,False,1
K1,raw,joint_approval-4-decisive_missing,joint_approval-4,decisive_missing,1,INSUFFICIENT,ALLOW,False,1
K1,raw,route_lookup-1-conflict,route_lookup-1,conflict,0,INSUFFICIENT,ALLOW,False,1
K1,raw,route_lookup-4-nondecisive_missing,route_lookup-4,nondecisive_missing,2,DENY,DENY,True,1
K1,raw,route_lookup-1-full,route_lookup-1,full,2,ALLOW,ALLOW,True,1
K1,raw,route_lookup-3-full,route_lookup-3,full,1,ALLOW,ALLOW,True,1
K1,raw,route_lookup-2-nondecisive_missing,route_lookup-2,nondecisive_missing,1,DENY,DENY,True,1
K1,raw,route_lookup-2-flip,route_lookup-2,flip,0,ALLOW,ALLOW,True,1
K1,raw,route_lookup-3-decisive_missing,route_lookup-3,decisive_missing,1,INSUFFICIENT,ALLOW,False,1
K1,raw,reversal_exception-1-full,reversal_exception-1,full,2,ALLOW,ALLOW,True,1
K1,raw,joint_approval-1-hold,joint_approval-1,hold,2,ALLOW,ALLOW,True,1
K1,raw,reversal_exception-1-nondecisive_missing,reversal_exception-1,nondecisive_missing,1,ALLOW,ALLOW,True,1
K1,raw,joint_approval-1-full,joint_approval-1,full,2,ALLOW,ALLOW,True,1
K1,raw,reversal_exception-3-flip,reversal_exception-3,flip,2,DENY,INSUFFICIENT,False,1
K1,raw,reversal_exception-3-hold,reversal_exception-3,hold,0,ALLOW,INSUFFICIENT,False,1
K1,raw,route_lookup-4-full,route_lookup-4,full,1,DENY,DENY,True,1
K1,raw,route_lookup-2-conflict,route_lookup-2,conflict,0,INSUFFICIENT,DENY,False,1
K1,raw,joint_approval-2-nondecisive_missing,joint_approval-2,nondecisive_missing,2,DENY,DENY,True,1
K1,raw,joint_approval-3-hold,joint_approval-3,hold,2,ALLOW,ALLOW,True,1
K1,raw,route_lookup-2-hold,route_lookup-2,hold,2,DENY,ALLOW,False,1
K1,raw,joint_approval-1-conflict,joint_approval-1,conflict,2,INSUFFICIENT,INSUFFICIENT,True,1
K1,raw,reversal_exception-1-hold,reversal_exception-1,hold,2,ALLOW,ALLOW,True,1
K1,raw,reversal_exception-2-decisive_missing,reversal_exception-2,decisive_missing,2,INSUFFICIENT,ALLOW,False,1
K1,raw,joint_approval-2-hold,joint_approval-2,hold,1,DENY,ALLOW,False,1
K1,raw,route_lookup-1-nondecisive_missing,route_lookup-1,nondecisive_missing,1,ALLOW,ALLOW,True,1
K1,raw,route_lookup-2-nondecisive_missing,route_lookup-2,nondecisive_missing,2,DENY,DENY,True,1
K1,raw,route_lookup-2-flip,route_lookup-2,flip,2,ALLOW,ALLOW,True,1
K1,raw,route_lookup-4-nondecisive_missing,route_lookup-4,nondecisive_missing,1,DENY,DENY,True,1
K1,raw,reversal_exception-4-flip,reversal_exception-4,flip,0,ALLOW,ALLOW,True,1
K1,raw,route_lookup-1-flip,route_lookup-1,flip,0,DENY,DENY,True,1
K1,raw,joint_approval-2-conflict,joint_approval-2,conflict,2,INSUFFICIENT,ALLOW,False,1
K1,raw,reversal_exception-3-nondecisive_missing,reversal_exception-3,nondecisive_missing,0,ALLOW,ALLOW,True,1
K1,raw,reversal_exception-2-conflict,reversal_exception-2,conflict,2,INSUFFICIENT,ALLOW,False,1
K1,raw,joint_approval-2-flip,joint_approval-2,flip,2,ALLOW,ALLOW,True,1
K1,raw,joint_approval-4-conflict,joint_approval-4,conflict,2,INSUFFICIENT,ALLOW,False,1
K1,raw,reversal_exception-2-nondecisive_missing,reversal_exception-2,nondecisive_missing,1,DENY,ALLOW,False,1
K1,raw,joint_approval-4-conflict,joint_approval-4,conflict,0,INSUFFICIENT,ALLOW,False,1
K1,raw,route_lookup-4-conflict,route_lookup-4,conflict,1,INSUFFICIENT,DENY,False,1
K1,raw,reversal_exception-1-hold,reversal_exception-1,hold,1,ALLOW,ALLOW,True,1
K1,raw,joint_approval-3-decisive_missing,joint_approval-3,decisive_missing,1,INSUFFICIENT,ALLOW,False,1
K1,raw,reversal_exception-3-full,reversal_exception-3,full,1,ALLOW,INSUFFICIENT,False,1
K1,raw,route_lookup-3-hold,route_lookup-3,hold,1,ALLOW,ALLOW,True,1
K1,raw,joint_approval-4-nondecisive_missing,joint_approval-4,nondecisive_missing,0,DENY,DENY,True,1
K1,raw,joint_approval-2-flip,joint_approval-2,flip,1,ALLOW,ALLOW,True,1
K1,raw,reversal_exception-3-conflict,reversal_exception-3,conflict,0,INSUFFICIENT,ALLOW,False,1
K1,raw,joint_approval-2-decisive_missing,joint_approval-2,decisive_missing,1,INSUFFICIENT,ALLOW,False,1
K1,raw,joint_approval-3-hold,joint_approval-3,hold,0,ALLOW,ALLOW,True,1
K1,raw,reversal_exception-2-full,reversal_exception-2,full,1,DENY,ALLOW,False,1
K1,raw,joint_approval-4-conflict,joint_approval-4,conflict,1,INSUFFICIENT,ALLOW,False,1
K1,raw,reversal_exception-1-conflict,reversal_exception-1,conflict,1,INSUFFICIENT,ALLOW,False,1
K1,raw,reversal_exception-2-nondecisive_missing,reversal_exception-2,nondecisive_missing,0,DENY,ALLOW,False,1
K1,raw,route_lookup-2-full,route_lookup-2,full,1,DENY,DENY,True,1
K1,raw,reversal_exception-2-conflict,reversal_exception-2,conflict,1,INSUFFICIENT,ALLOW,False,1
K1,raw,route_lookup-1-decisive_missing,route_lookup-1,decisive_missing,1,INSUFFICIENT,ALLOW,False,1
K1,raw,joint_approval-1-flip,joint_approval-1,flip,2,DENY,INSUFFICIENT,False,1
K1,raw,joint_approval-2-conflict,joint_approval-2,conflict,0,INSUFFICIENT,ALLOW,False,1
K1,raw,route_lookup-2-hold,route_lookup-2,hold,1,DENY,ALLOW,False,1
K1,raw,reversal_exception-2-flip,reversal_exception-2,flip,0,ALLOW,ALLOW,True,1
K1,raw,reversal_exception-4-hold,reversal_exception-4,hold,1,DENY,DENY,True,1
K1,raw,route_lookup-4-full,route_lookup-4,full,0,DENY,DENY,True,1
K1,raw,joint_approval-4-hold,joint_approval-4,hold,1,DENY,DENY,True,1
K1,raw,route_lookup-2-hold,route_lookup-2,hold,0,DENY,ALLOW,False,1
K1,raw,route_lookup-1-hold,route_lookup-1,hold,0,ALLOW,ALLOW,True,1
K1,raw,joint_approval-1-nondecisive_missing,joint_approval-1,nondecisive_missing,0,ALLOW,ALLOW,True,1
K1,raw,route_lookup-3-hold,route_lookup-3,hold,2,ALLOW,ALLOW,True,1
K1,raw,route_lookup-2-full,route_lookup-2,full,0,DENY,DENY,True,1
K1,raw,route_lookup-1-hold,route_lookup-1,hold,2,ALLOW,ALLOW,True,1
K1,raw,reversal_exception-4-decisive_missing,reversal_exception-4,decisive_missing,2,INSUFFICIENT,DENY,False,1
K1,raw,route_lookup-4-decisive_missing,route_lookup-4,decisive_missing,0,INSUFFICIENT,ALLOW,False,1
K1,raw,reversal_exception-4-full,reversal_exception-4,full,1,DENY,DENY,True,1
K1,raw,reversal_exception-2-hold,reversal_exception-2,hold,2,DENY,ALLOW,False,1
K1,raw,reversal_exception-4-flip,reversal_exception-4,flip,1,ALLOW,ALLOW,True,1
K1,raw,route_lookup-2-conflict,route_lookup-2,conflict,2,INSUFFICIENT,DENY,False,1
K1,raw,reversal_exception-3-decisive_missing,reversal_exception-3,decisive_missing,2,INSUFFICIENT,INSUFFICIENT,True,1
K1,raw,reversal_exception-3-flip,reversal_exception-3,flip,0,DENY,INSUFFICIENT,False,1
K1,raw,joint_approval-3-full,joint_approval-3,full,1,ALLOW,ALLOW,True,1
K1,raw,joint_approval-2-full,joint_approval-2,full,2,DENY,INSUFFICIENT,False,1
K1,raw,route_lookup-1-nondecisive_missing,route_lookup-1,nondecisive_missing,2,ALLOW,ALLOW,True,1
K1,raw,reversal_exception-1-decisive_missing,reversal_exception-1,decisive_missing,0,INSUFFICIENT,ALLOW,False,1
K1,raw,reversal_exception-2-hold,reversal_exception-2,hold,1,DENY,ALLOW,False,1
K1,raw,joint_approval-2-decisive_missing,joint_approval-2,decisive_missing,2,INSUFFICIENT,ALLOW,False,1
K1,raw,route_lookup-2-nondecisive_missing,route_lookup-2,nondecisive_missing,0,DENY,DENY,True,1
K1,raw,reversal_exception-1-nondecisive_missing,reversal_exception-1,nondecisive_missing,0,ALLOW,ALLOW,True,1
K1,raw,route_lookup-1-full,route_lookup-1,full,1,ALLOW,ALLOW,True,1
K1,raw,route_lookup-3-full,route_lookup-3,full,0,ALLOW,ALLOW,True,1
K1,raw,joint_approval-3-conflict,joint_approval-3,conflict,2,INSUFFICIENT,ALLOW,False,1
K1,raw,joint_approval-3-conflict,joint_approval-3,conflict,0,INSUFFICIENT,ALLOW,False,1
K1,raw,joint_approval-2-hold,joint_approval-2,hold,2,DENY,ALLOW,False,1
K1,raw,route_lookup-4-decisive_missing,route_lookup-4,decisive_missing,2,INSUFFICIENT,ALLOW,False,1
K1,raw,joint_approval-4-hold,joint_approval-4,hold,0,DENY,DENY,True,1
K1,raw,route_lookup-2-decisive_missing,route_lookup-2,decisive_missing,1,INSUFFICIENT,ALLOW,False,1
K1,raw,reversal_exception-3-nondecisive_missing,reversal_exception-3,nondecisive_missing,1,ALLOW,INSUFFICIENT,False,1
K1,raw,route_lookup-3-conflict,route_lookup-3,conflict,2,INSUFFICIENT,ALLOW,False,1
K1,raw,route_lookup-3-full,route_lookup-3,full,2,ALLOW,ALLOW,True,1
K1,raw,route_lookup-2-decisive_missing,route_lookup-2,decisive_missing,0,INSUFFICIENT,ALLOW,False,1
K1,raw,reversal_exception-3-hold,reversal_exception-3,hold,1,ALLOW,INSUFFICIENT,False,1
K1,raw,joint_approval-4-flip,joint_approval-4,flip,1,ALLOW,ALLOW,True,1
K1,raw,joint_approval-1-hold,joint_approval-1,hold,1,ALLOW,ALLOW,True,1
K1,raw,reversal_exception-3-hold,reversal_exception-3,hold,2,ALLOW,INSUFFICIENT,False,1
K1,raw,route_lookup-3-nondecisive_missing,route_lookup-3,nondecisive_missing,1,ALLOW,ALLOW,True,1
K1,raw,joint_approval-1-nondecisive_missing,joint_approval-1,nondecisive_missing,1,ALLOW,ALLOW,True,1
K1,raw,reversal_exception-1-full,reversal_exception-1,full,0,ALLOW,ALLOW,True,1
K1,raw,reversal_exception-4-flip,reversal_exception-4,flip,2,ALLOW,ALLOW,True,1
K1,raw,route_lookup-4-full,route_lookup-4,full,2,DENY,DENY,True,1
K1,raw,reversal_exception-3-full,reversal_exception-3,full,0,ALLOW,ALLOW,True,1
K1,raw,joint_approval-3-decisive_missing,joint_approval-3,decisive_missing,0,INSUFFICIENT,ALLOW,False,1
K1,raw,reversal_exception-4-full,reversal_exception-4,full,0,DENY,DENY,True,1
K1,raw,joint_approval-2-decisive_missing,joint_approval-2,decisive_missing,0,INSUFFICIENT,ALLOW,False,1
K1,raw,reversal_exception-3-conflict,reversal_exception-3,conflict,1,INSUFFICIENT,INSUFFICIENT,True,1
K1,raw,route_lookup-2-full,route_lookup-2,full,2,DENY,DENY,True,1
K1,raw,route_lookup-1-flip,route_lookup-1,flip,1,DENY,DENY,True,1
K1,raw,route_lookup-4-hold,route_lookup-4,hold,1,DENY,ALLOW,False,1
K1,raw,route_lookup-4-flip,route_lookup-4,flip,1,ALLOW,ALLOW,True,1
K1,raw,joint_approval-1-nondecisive_missing,joint_approval-1,nondecisive_missing,2,ALLOW,ALLOW,True,1
K1,raw,route_lookup-3-flip,route_lookup-3,flip,0,DENY,ALLOW,False,1
K1,raw,route_lookup-2-conflict,route_lookup-2,conflict,1,INSUFFICIENT,ALLOW,False,1
K1,raw,reversal_exception-4-full,reversal_exception-4,full,2,DENY,DENY,True,1
K1,raw,reversal_exception-2-decisive_missing,reversal_exception-2,decisive_missing,0,INSUFFICIENT,ALLOW,False,1
K1,raw,reversal_exception-3-flip,reversal_exception-3,flip,1,DENY,INSUFFICIENT,False,1
K1,raw,reversal_exception-3-nondecisive_missing,reversal_exception-3,nondecisive_missing,2,ALLOW,INSUFFICIENT,False,1
K1,raw,joint_approval-4-nondecisive_missing,joint_approval-4,nondecisive_missing,1,DENY,DENY,True,1
K1,raw,route_lookup-3-decisive_missing,route_lookup-3,decisive_missing,2,INSUFFICIENT,ALLOW,False,1
K1,raw,joint_approval-4-decisive_missing,joint_approval-4,decisive_missing,0,INSUFFICIENT,ALLOW,False,1
K1,raw,reversal_exception-4-nondecisive_missing,reversal_exception-4,nondecisive_missing,2,DENY,DENY,True,1
K1,raw,joint_approval-4-hold,joint_approval-4,hold,2,DENY,DENY,True,1
K1,raw,joint_approval-1-flip,joint_approval-1,flip,0,DENY,INSUFFICIENT,False,1
K1,raw,reversal_exception-1-flip,reversal_exception-1,flip,2,DENY,ALLOW,False,1
K1,raw,joint_approval-3-conflict,joint_approval-3,conflict,1,INSUFFICIENT,ALLOW,False,1
K1,raw,route_lookup-4-flip,route_lookup-4,flip,2,ALLOW,ALLOW,True,1
K1,raw,route_lookup-4-decisive_missing,route_lookup-4,decisive_missing,1,INSUFFICIENT,ALLOW,False,1
K1,raw,joint_approval-4-decisive_missing,joint_approval-4,decisive_missing,2,INSUFFICIENT,ALLOW,False,1
K1,raw,joint_approval-4-nondecisive_missing,joint_approval-4,nondecisive_missing,2,DENY,DENY,True,1
K1,raw,route_lookup-1-full,route_lookup-1,full,0,ALLOW,ALLOW,True,1
K1,raw,joint_approval-3-nondecisive_missing,joint_approval-3,nondecisive_missing,1,ALLOW,ALLOW,True,1
K1,raw,reversal_exception-1-conflict,reversal_exception-1,conflict,0,INSUFFICIENT,ALLOW,False,1
K1,raw,joint_approval-4-full,joint_approval-4,full,0,DENY,ALLOW,False,1
K1,raw,reversal_exception-2-flip,reversal_exception-2,flip,1,ALLOW,ALLOW,True,1
K1,raw,reversal_exception-3-decisive_missing,reversal_exception-3,decisive_missing,1,INSUFFICIENT,INSUFFICIENT,True,1
K1,raw,joint_approval-3-decisive_missing,joint_approval-3,decisive_missing,2,INSUFFICIENT,ALLOW,False,1
K1,raw,joint_approval-1-decisive_missing,joint_approval-1,decisive_missing,0,INSUFFICIENT,ALLOW,False,1
K1,raw,joint_approval-2-conflict,joint_approval-2,conflict,1,INSUFFICIENT,ALLOW,False,1
K1,raw,route_lookup-2-decisive_missing,route_lookup-2,decisive_missing,2,INSUFFICIENT,ALLOW,False,1
K1,raw,joint_approval-2-full,joint_approval-2,full,1,DENY,INSUFFICIENT,False,1
K1,raw,route_lookup-3-flip,route_lookup-3,flip,1,DENY,ALLOW,False,1
K1,raw,route_lookup-3-nondecisive_missing,route_lookup-3,nondecisive_missing,2,ALLOW,ALLOW,True,1
K1,raw,joint_approval-3-nondecisive_missing,joint_approval-3,nondecisive_missing,0,ALLOW,ALLOW,True,1
K1,raw,joint_approval-3-full,joint_approval-3,full,2,ALLOW,ALLOW,True,1
K1,raw,route_lookup-1-decisive_missing,route_lookup-1,decisive_missing,0,INSUFFICIENT,ALLOW,False,1
K1,raw,joint_approval-2-nondecisive_missing,joint_approval-2,nondecisive_missing,1,DENY,DENY,True,1
K1,raw,route_lookup-4-nondecisive_missing,route_lookup-4,nondecisive_missing,0,DENY,DENY,True,1
K1,raw,route_lookup-4-hold,route_lookup-4,hold,2,DENY,ALLOW,False,1
K1,raw,reversal_exception-2-decisive_missing,reversal_exception-2,decisive_missing,1,INSUFFICIENT,ALLOW,False,1
K1,raw,route_lookup-1-conflict,route_lookup-1,conflict,2,INSUFFICIENT,ALLOW,False,1
K1,raw,route_lookup-3-hold,route_lookup-3,hold,0,ALLOW,ALLOW,True,1
K1,raw,route_lookup-1-hold,route_lookup-1,hold,1,ALLOW,ALLOW,True,1
K1,raw,reversal_exception-4-decisive_missing,reversal_exception-4,decisive_missing,0,INSUFFICIENT,DENY,False,1
K1,raw,route_lookup-4-conflict,route_lookup-4,conflict,2,INSUFFICIENT,DENY,False,1
K1,raw,reversal_exception-2-full,reversal_exception-2,full,2,DENY,ALLOW,False,1
K1,raw,reversal_exception-1-decisive_missing,reversal_exception-1,decisive_missing,1,INSUFFICIENT,ALLOW,False,1
K1,raw,joint_approval-4-flip,joint_approval-4,flip,0,ALLOW,ALLOW,True,1
K1,null_subtract,joint_approval-3-flip,joint_approval-3,flip,2,DENY,ALLOW,False,2
K1,null_subtract,joint_approval-2-nondecisive_missing,joint_approval-2,nondecisive_missing,0,DENY,DENY,True,2
K1,null_subtract,reversal_exception-4-conflict,reversal_exception-4,conflict,1,INSUFFICIENT,DENY,False,2
K1,null_subtract,reversal_exception-4-nondecisive_missing,reversal_exception-4,nondecisive_missing,0,DENY,DENY,True,2
K1,null_subtract,joint_approval-4-flip,joint_approval-4,flip,2,ALLOW,ALLOW,True,2
K1,null_subtract,joint_approval-3-full,joint_approval-3,full,0,ALLOW,ALLOW,True,2
K1,null_subtract,route_lookup-3-conflict,route_lookup-3,conflict,0,INSUFFICIENT,ALLOW,False,2
K1,null_subtract,reversal_exception-2-hold,reversal_exception-2,hold,0,DENY,ALLOW,False,2
K1,null_subtract,reversal_exception-1-nondecisive_missing,reversal_exception-1,nondecisive_missing,2,ALLOW,ALLOW,True,2
K1,null_subtract,joint_approval-1-conflict,joint_approval-1,conflict,1,INSUFFICIENT,DENY,False,2
K1,null_subtract,reversal_exception-4-decisive_missing,reversal_exception-4,decisive_missing,1,INSUFFICIENT,DENY,False,2
K1,null_subtract,joint_approval-1-full,joint_approval-1,full,1,ALLOW,ALLOW,True,2
K1,null_subtract,joint_approval-3-flip,joint_approval-3,flip,1,DENY,ALLOW,False,2
K1,null_subtract,route_lookup-1-nondecisive_missing,route_lookup-1,nondecisive_missing,0,ALLOW,ALLOW,True,2
K1,null_subtract,reversal_exception-1-flip,reversal_exception-1,flip,0,DENY,ALLOW,False,2
K1,null_subtract,reversal_exception-4-conflict,reversal_exception-4,conflict,2,INSUFFICIENT,DENY,False,2
K1,null_subtract,route_lookup-4-conflict,route_lookup-4,conflict,0,INSUFFICIENT,DENY,False,2
K1,null_subtract,reversal_exception-4-hold,reversal_exception-4,hold,2,DENY,DENY,True,2
K1,null_subtract,joint_approval-1-decisive_missing,joint_approval-1,decisive_missing,2,INSUFFICIENT,ALLOW,False,2
K1,null_subtract,route_lookup-1-flip,route_lookup-1,flip,2,DENY,DENY,True,2
K1,null_subtract,reversal_exception-4-hold,reversal_exception-4,hold,0,DENY,DENY,True,2
K1,null_subtract,joint_approval-1-hold,joint_approval-1,hold,0,ALLOW,ALLOW,True,2
K1,null_subtract,reversal_exception-1-decisive_missing,reversal_exception-1,decisive_missing,2,INSUFFICIENT,ALLOW,False,2
K1,null_subtract,reversal_exception-1-hold,reversal_exception-1,hold,0,ALLOW,ALLOW,True,2
K1,null_subtract,reversal_exception-1-full,reversal_exception-1,full,1,ALLOW,ALLOW,True,2
K1,null_subtract,route_lookup-4-flip,route_lookup-4,flip,0,ALLOW,ALLOW,True,2
K1,null_subtract,joint_approval-3-nondecisive_missing,joint_approval-3,nondecisive_missing,2,ALLOW,ALLOW,True,2
K1,null_subtract,joint_approval-2-flip,joint_approval-2,flip,0,ALLOW,ALLOW,True,2
K1,null_subtract,joint_approval-1-decisive_missing,joint_approval-1,decisive_missing,1,INSUFFICIENT,ALLOW,False,2
K1,null_subtract,reversal_exception-4-conflict,reversal_exception-4,conflict,0,INSUFFICIENT,DENY,False,2
K1,null_subtract,reversal_exception-3-decisive_missing,reversal_exception-3,decisive_missing,0,INSUFFICIENT,DENY,False,2
K1,null_subtract,route_lookup-3-decisive_missing,route_lookup-3,decisive_missing,0,INSUFFICIENT,ALLOW,False,2
K1,null_subtract,joint_approval-4-full,joint_approval-4,full,1,DENY,ALLOW,False,2
K1,null_subtract,route_lookup-1-conflict,route_lookup-1,conflict,1,INSUFFICIENT,ALLOW,False,2
K1,null_subtract,reversal_exception-2-full,reversal_exception-2,full,0,DENY,ALLOW,False,2
K1,null_subtract,route_lookup-3-nondecisive_missing,route_lookup-3,nondecisive_missing,0,ALLOW,ALLOW,True,2
K1,null_subtract,reversal_exception-4-nondecisive_missing,reversal_exception-4,nondecisive_missing,1,DENY,DENY,True,2
K1,null_subtract,reversal_exception-2-nondecisive_missing,reversal_exception-2,nondecisive_missing,2,DENY,ALLOW,False,2
K1,null_subtract,route_lookup-1-decisive_missing,route_lookup-1,decisive_missing,2,INSUFFICIENT,ALLOW,False,2
K1,null_subtract,joint_approval-1-flip,joint_approval-1,flip,1,DENY,DENY,True,2
K1,null_subtract,reversal_exception-1-flip,reversal_exception-1,flip,1,DENY,ALLOW,False,2
K1,null_subtract,joint_approval-4-full,joint_approval-4,full,2,DENY,ALLOW,False,2
K1,null_subtract,route_lookup-3-conflict,route_lookup-3,conflict,1,INSUFFICIENT,ALLOW,False,2
K1,null_subtract,reversal_exception-3-full,reversal_exception-3,full,2,ALLOW,ALLOW,True,2
K1,null_subtract,joint_approval-1-full,joint_approval-1,full,0,ALLOW,ALLOW,True,2
K1,null_subtract,joint_approval-2-hold,joint_approval-2,hold,0,DENY,ALLOW,False,2
K1,null_subtract,joint_approval-1-conflict,joint_approval-1,conflict,0,INSUFFICIENT,DENY,False,2
K1,null_subtract,reversal_exception-1-conflict,reversal_exception-1,conflict,2,INSUFFICIENT,ALLOW,False,2
K1,null_subtract,route_lookup-3-flip,route_lookup-3,flip,2,DENY,DENY,True,2
K1,null_subtract,reversal_exception-2-flip,reversal_exception-2,flip,2,ALLOW,ALLOW,True,2
K1,null_subtract,route_lookup-4-hold,route_lookup-4,hold,0,DENY,ALLOW,False,2
K1,null_subtract,route_lookup-2-flip,route_lookup-2,flip,1,ALLOW,ALLOW,True,2
K1,null_subtract,reversal_exception-2-conflict,reversal_exception-2,conflict,0,INSUFFICIENT,ALLOW,False,2
K1,null_subtract,joint_approval-2-full,joint_approval-2,full,0,DENY,DENY,True,2
K1,null_subtract,reversal_exception-3-conflict,reversal_exception-3,conflict,2,INSUFFICIENT,ALLOW,False,2
K1,null_subtract,joint_approval-3-hold,joint_approval-3,hold,1,ALLOW,ALLOW,True,2
K1,null_subtract,joint_approval-3-flip,joint_approval-3,flip,0,DENY,ALLOW,False,2
K1,null_subtract,joint_approval-4-decisive_missing,joint_approval-4,decisive_missing,1,INSUFFICIENT,ALLOW,False,2
K1,null_subtract,route_lookup-1-conflict,route_lookup-1,conflict,0,INSUFFICIENT,ALLOW,False,2
K1,null_subtract,route_lookup-4-nondecisive_missing,route_lookup-4,nondecisive_missing,2,DENY,DENY,True,2
K1,null_subtract,route_lookup-1-full,route_lookup-1,full,2,ALLOW,ALLOW,True,2
K1,null_subtract,route_lookup-3-full,route_lookup-3,full,1,ALLOW,ALLOW,True,2
K1,null_subtract,route_lookup-2-nondecisive_missing,route_lookup-2,nondecisive_missing,1,DENY,DENY,True,2
K1,null_subtract,route_lookup-2-flip,route_lookup-2,flip,0,ALLOW,ALLOW,True,2
K1,null_subtract,route_lookup-3-decisive_missing,route_lookup-3,decisive_missing,1,INSUFFICIENT,ALLOW,False,2
K1,null_subtract,reversal_exception-1-full,reversal_exception-1,full,2,ALLOW,ALLOW,True,2
K1,null_subtract,joint_approval-1-hold,joint_approval-1,hold,2,ALLOW,ALLOW,True,2
K1,null_subtract,reversal_exception-1-nondecisive_missing,reversal_exception-1,nondecisive_missing,1,ALLOW,ALLOW,True,2
K1,null_subtract,joint_approval-1-full,joint_approval-1,full,2,ALLOW,ALLOW,True,2
K1,null_subtract,reversal_exception-3-flip,reversal_exception-3,flip,2,DENY,ALLOW,False,2
K1,null_subtract,reversal_exception-3-hold,reversal_exception-3,hold,0,ALLOW,DENY,False,2
K1,null_subtract,route_lookup-4-full,route_lookup-4,full,1,DENY,DENY,True,2
K1,null_subtract,route_lookup-2-conflict,route_lookup-2,conflict,0,INSUFFICIENT,DENY,False,2
K1,null_subtract,joint_approval-2-nondecisive_missing,joint_approval-2,nondecisive_missing,2,DENY,DENY,True,2
K1,null_subtract,joint_approval-3-hold,joint_approval-3,hold,2,ALLOW,ALLOW,True,2
K1,null_subtract,route_lookup-2-hold,route_lookup-2,hold,2,DENY,ALLOW,False,2
K1,null_subtract,joint_approval-1-conflict,joint_approval-1,conflict,2,INSUFFICIENT,ALLOW,False,2
K1,null_subtract,reversal_exception-1-hold,reversal_exception-1,hold,2,ALLOW,ALLOW,True,2
K1,null_subtract,reversal_exception-2-decisive_missing,reversal_exception-2,decisive_missing,2,INSUFFICIENT,ALLOW,False,2
K1,null_subtract,joint_approval-2-hold,joint_approval-2,hold,1,DENY,ALLOW,False,2
K1,null_subtract,route_lookup-1-nondecisive_missing,route_lookup-1,nondecisive_missing,1,ALLOW,ALLOW,True,2
K1,null_subtract,route_lookup-2-nondecisive_missing,route_lookup-2,nondecisive_missing,2,DENY,DENY,True,2
K1,null_subtract,route_lookup-2-flip,route_lookup-2,flip,2,ALLOW,ALLOW,True,2
K1,null_subtract,route_lookup-4-nondecisive_missing,route_lookup-4,nondecisive_missing,1,DENY,DENY,True,2
K1,null_subtract,reversal_exception-4-flip,reversal_exception-4,flip,0,ALLOW,ALLOW,True,2
K1,null_subtract,route_lookup-1-flip,route_lookup-1,flip,0,DENY,DENY,True,2
K1,null_subtract,joint_approval-2-conflict,joint_approval-2,conflict,2,INSUFFICIENT,ALLOW,False,2
K1,null_subtract,reversal_exception-3-nondecisive_missing,reversal_exception-3,nondecisive_missing,0,ALLOW,ALLOW,True,2
K1,null_subtract,reversal_exception-2-conflict,reversal_exception-2,conflict,2,INSUFFICIENT,ALLOW,False,2
K1,null_subtract,joint_approval-2-flip,joint_approval-2,flip,2,ALLOW,ALLOW,True,2
K1,null_subtract,joint_approval-4-conflict,joint_approval-4,conflict,2,INSUFFICIENT,ALLOW,False,2
K1,null_subtract,reversal_exception-2-nondecisive_missing,reversal_exception-2,nondecisive_missing,1,DENY,ALLOW,False,2
K1,null_subtract,joint_approval-4-conflict,joint_approval-4,conflict,0,INSUFFICIENT,ALLOW,False,2
K1,null_subtract,route_lookup-4-conflict,route_lookup-4,conflict,1,INSUFFICIENT,DENY,False,2
K1,null_subtract,reversal_exception-1-hold,reversal_exception-1,hold,1,ALLOW,ALLOW,True,2
K1,null_subtract,joint_approval-3-decisive_missing,joint_approval-3,decisive_missing,1,INSUFFICIENT,ALLOW,False,2
K1,null_subtract,reversal_exception-3-full,reversal_exception-3,full,1,ALLOW,ALLOW,True,2
K1,null_subtract,route_lookup-3-hold,route_lookup-3,hold,1,ALLOW,ALLOW,True,2
K1,null_subtract,joint_approval-4-nondecisive_missing,joint_approval-4,nondecisive_missing,0,DENY,DENY,True,2
K1,null_subtract,joint_approval-2-flip,joint_approval-2,flip,1,ALLOW,ALLOW,True,2
K1,null_subtract,reversal_exception-3-conflict,reversal_exception-3,conflict,0,INSUFFICIENT,ALLOW,False,2
K1,null_subtract,joint_approval-2-decisive_missing,joint_approval-2,decisive_missing,1,INSUFFICIENT,ALLOW,False,2
K1,null_subtract,joint_approval-3-hold,joint_approval-3,hold,0,ALLOW,ALLOW,True,2
K1,null_subtract,reversal_exception-2-full,reversal_exception-2,full,1,DENY,ALLOW,False,2
K1,null_subtract,joint_approval-4-conflict,joint_approval-4,conflict,1,INSUFFICIENT,ALLOW,False,2
K1,null_subtract,reversal_exception-1-conflict,reversal_exception-1,conflict,1,INSUFFICIENT,ALLOW,False,2
K1,null_subtract,reversal_exception-2-nondecisive_missing,reversal_exception-2,nondecisive_missing,0,DENY,ALLOW,False,2
K1,null_subtract,route_lookup-2-full,route_lookup-2,full,1,DENY,DENY,True,2
K1,null_subtract,reversal_exception-2-conflict,reversal_exception-2,conflict,1,INSUFFICIENT,ALLOW,False,2
K1,null_subtract,route_lookup-1-decisive_missing,route_lookup-1,decisive_missing,1,INSUFFICIENT,ALLOW,False,2
K1,null_subtract,joint_approval-1-flip,joint_approval-1,flip,2,DENY,ALLOW,False,2
K1,null_subtract,joint_approval-2-conflict,joint_approval-2,conflict,0,INSUFFICIENT,ALLOW,False,2
K1,null_subtract,route_lookup-2-hold,route_lookup-2,hold,1,DENY,ALLOW,False,2
K1,null_subtract,reversal_exception-2-flip,reversal_exception-2,flip,0,ALLOW,ALLOW,True,2
K1,null_subtract,reversal_exception-4-hold,reversal_exception-4,hold,1,DENY,DENY,True,2
K1,null_subtract,route_lookup-4-full,route_lookup-4,full,0,DENY,DENY,True,2
K1,null_subtract,joint_approval-4-hold,joint_approval-4,hold,1,DENY,DENY,True,2
K1,null_subtract,route_lookup-2-hold,route_lookup-2,hold,0,DENY,ALLOW,False,2
K1,null_subtract,route_lookup-1-hold,route_lookup-1,hold,0,ALLOW,ALLOW,True,2
K1,null_subtract,joint_approval-1-nondecisive_missing,joint_approval-1,nondecisive_missing,0,ALLOW,ALLOW,True,2
K1,null_subtract,route_lookup-3-hold,route_lookup-3,hold,2,ALLOW,ALLOW,True,2
K1,null_subtract,route_lookup-2-full,route_lookup-2,full,0,DENY,DENY,True,2
K1,null_subtract,route_lookup-1-hold,route_lookup-1,hold,2,ALLOW,ALLOW,True,2
K1,null_subtract,reversal_exception-4-decisive_missing,reversal_exception-4,decisive_missing,2,INSUFFICIENT,DENY,False,2
K1,null_subtract,route_lookup-4-decisive_missing,route_lookup-4,decisive_missing,0,INSUFFICIENT,ALLOW,False,2
K1,null_subtract,reversal_exception-4-full,reversal_exception-4,full,1,DENY,DENY,True,2
K1,null_subtract,reversal_exception-2-hold,reversal_exception-2,hold,2,DENY,ALLOW,False,2
K1,null_subtract,reversal_exception-4-flip,reversal_exception-4,flip,1,ALLOW,ALLOW,True,2
K1,null_subtract,route_lookup-2-conflict,route_lookup-2,conflict,2,INSUFFICIENT,DENY,False,2
K1,null_subtract,reversal_exception-3-decisive_missing,reversal_exception-3,decisive_missing,2,INSUFFICIENT,DENY,False,2
K1,null_subtract,reversal_exception-3-flip,reversal_exception-3,flip,0,DENY,DENY,True,2
K1,null_subtract,joint_approval-3-full,joint_approval-3,full,1,ALLOW,ALLOW,True,2
K1,null_subtract,joint_approval-2-full,joint_approval-2,full,2,DENY,ALLOW,False,2
K1,null_subtract,route_lookup-1-nondecisive_missing,route_lookup-1,nondecisive_missing,2,ALLOW,ALLOW,True,2
K1,null_subtract,reversal_exception-1-decisive_missing,reversal_exception-1,decisive_missing,0,INSUFFICIENT,ALLOW,False,2
K1,null_subtract,reversal_exception-2-hold,reversal_exception-2,hold,1,DENY,ALLOW,False,2
K1,null_subtract,joint_approval-2-decisive_missing,joint_approval-2,decisive_missing,2,INSUFFICIENT,ALLOW,False,2
K1,null_subtract,route_lookup-2-nondecisive_missing,route_lookup-2,nondecisive_missing,0,DENY,DENY,True,2
K1,null_subtract,reversal_exception-1-nondecisive_missing,reversal_exception-1,nondecisive_missing,0,ALLOW,ALLOW,True,2
K1,null_subtract,route_lookup-1-full,route_lookup-1,full,1,ALLOW,ALLOW,True,2
K1,null_subtract,route_lookup-3-full,route_lookup-3,full,0,ALLOW,ALLOW,True,2
K1,null_subtract,joint_approval-3-conflict,joint_approval-3,conflict,2,INSUFFICIENT,ALLOW,False,2
K1,null_subtract,joint_approval-3-conflict,joint_approval-3,conflict,0,INSUFFICIENT,ALLOW,False,2
K1,null_subtract,joint_approval-2-hold,joint_approval-2,hold,2,DENY,ALLOW,False,2
K1,null_subtract,route_lookup-4-decisive_missing,route_lookup-4,decisive_missing,2,INSUFFICIENT,ALLOW,False,2
K1,null_subtract,joint_approval-4-hold,joint_approval-4,hold,0,DENY,DENY,True,2
K1,null_subtract,route_lookup-2-decisive_missing,route_lookup-2,decisive_missing,1,INSUFFICIENT,ALLOW,False,2
K1,null_subtract,reversal_exception-3-nondecisive_missing,reversal_exception-3,nondecisive_missing,1,ALLOW,ALLOW,True,2
K1,null_subtract,route_lookup-3-conflict,route_lookup-3,conflict,2,INSUFFICIENT,ALLOW,False,2
K1,null_subtract,route_lookup-3-full,route_lookup-3,full,2,ALLOW,ALLOW,True,2
K1,null_subtract,route_lookup-2-decisive_missing,route_lookup-2,decisive_missing,0,INSUFFICIENT,ALLOW,False,2
K1,null_subtract,reversal_exception-3-hold,reversal_exception-3,hold,1,ALLOW,DENY,False,2
K1,null_subtract,joint_approval-4-flip,joint_approval-4,flip,1,ALLOW,ALLOW,True,2
K1,null_subtract,joint_approval-1-hold,joint_approval-1,hold,1,ALLOW,ALLOW,True,2
K1,null_subtract,reversal_exception-3-hold,reversal_exception-3,hold,2,ALLOW,DENY,False,2
K1,null_subtract,route_lookup-3-nondecisive_missing,route_lookup-3,nondecisive_missing,1,ALLOW,ALLOW,True,2
K1,null_subtract,joint_approval-1-nondecisive_missing,joint_approval-1,nondecisive_missing,1,ALLOW,ALLOW,True,2
K1,null_subtract,reversal_exception-1-full,reversal_exception-1,full,0,ALLOW,ALLOW,True,2
K1,null_subtract,reversal_exception-4-flip,reversal_exception-4,flip,2,ALLOW,ALLOW,True,2
K1,null_subtract,route_lookup-4-full,route_lookup-4,full,2,DENY,DENY,True,2
K1,null_subtract,reversal_exception-3-full,reversal_exception-3,full,0,ALLOW,ALLOW,True,2
K1,null_subtract,joint_approval-3-decisive_missing,joint_approval-3,decisive_missing,0,INSUFFICIENT,ALLOW,False,2
K1,null_subtract,reversal_exception-4-full,reversal_exception-4,full,0,DENY,DENY,True,2
K1,null_subtract,joint_approval-2-decisive_missing,joint_approval-2,decisive_missing,0,INSUFFICIENT,ALLOW,False,2
K1,null_subtract,reversal_exception-3-conflict,reversal_exception-3,conflict,1,INSUFFICIENT,DENY,False,2
K1,null_subtract,route_lookup-2-full,route_lookup-2,full,2,DENY,DENY,True,2
K1,null_subtract,route_lookup-1-flip,route_lookup-1,flip,1,DENY,DENY,True,2
K1,null_subtract,route_lookup-4-hold,route_lookup-4,hold,1,DENY,ALLOW,False,2
K1,null_subtract,route_lookup-4-flip,route_lookup-4,flip,1,ALLOW,ALLOW,True,2
K1,null_subtract,joint_approval-1-nondecisive_missing,joint_approval-1,nondecisive_missing,2,ALLOW,ALLOW,True,2
K1,null_subtract,route_lookup-3-flip,route_lookup-3,flip,0,DENY,DENY,True,2
K1,null_subtract,route_lookup-2-conflict,route_lookup-2,conflict,1,INSUFFICIENT,ALLOW,False,2
K1,null_subtract,reversal_exception-4-full,reversal_exception-4,full,2,DENY,DENY,True,2
K1,null_subtract,reversal_exception-2-decisive_missing,reversal_exception-2,decisive_missing,0,INSUFFICIENT,ALLOW,False,2
K1,null_subtract,reversal_exception-3-flip,reversal_exception-3,flip,1,DENY,DENY,True,2
K1,null_subtract,reversal_exception-3-nondecisive_missing,reversal_exception-3,nondecisive_missing,2,ALLOW,ALLOW,True,2
K1,null_subtract,joint_approval-4-nondecisive_missing,joint_approval-4,nondecisive_missing,1,DENY,DENY,True,2
K1,null_subtract,route_lookup-3-decisive_missing,route_lookup-3,decisive_missing,2,INSUFFICIENT,ALLOW,False,2
K1,null_subtract,joint_approval-4-decisive_missing,joint_approval-4,decisive_missing,0,INSUFFICIENT,ALLOW,False,2
K1,null_subtract,reversal_exception-4-nondecisive_missing,reversal_exception-4,nondecisive_missing,2,DENY,DENY,True,2
K1,null_subtract,joint_approval-4-hold,joint_approval-4,hold,2,DENY,DENY,True,2
K1,null_subtract,joint_approval-1-flip,joint_approval-1,flip,0,DENY,ALLOW,False,2
K1,null_subtract,reversal_exception-1-flip,reversal_exception-1,flip,2,DENY,ALLOW,False,2
K1,null_subtract,joint_approval-3-conflict,joint_approval-3,conflict,1,INSUFFICIENT,ALLOW,False,2
K1,null_subtract,route_lookup-4-flip,route_lookup-4,flip,2,ALLOW,ALLOW,True,2
K1,null_subtract,route_lookup-4-decisive_missing,route_lookup-4,decisive_missing,1,INSUFFICIENT,ALLOW,False,2
K1,null_subtract,joint_approval-4-decisive_missing,joint_approval-4,decisive_missing,2,INSUFFICIENT,ALLOW,False,2
K1,null_subtract,joint_approval-4-nondecisive_missing,joint_approval-4,nondecisive_missing,2,DENY,DENY,True,2
K1,null_subtract,route_lookup-1-full,route_lookup-1,full,0,ALLOW,ALLOW,True,2
K1,null_subtract,joint_approval-3-nondecisive_missing,joint_approval-3,nondecisive_missing,1,ALLOW,ALLOW,True,2
K1,null_subtract,reversal_exception-1-conflict,reversal_exception-1,conflict,0,INSUFFICIENT,ALLOW,False,2
K1,null_subtract,joint_approval-4-full,joint_approval-4,full,0,DENY,ALLOW,False,2
K1,null_subtract,reversal_exception-2-flip,reversal_exception-2,flip,1,ALLOW,ALLOW,True,2
K1,null_subtract,reversal_exception-3-decisive_missing,reversal_exception-3,decisive_missing,1,INSUFFICIENT,DENY,False,2
K1,null_subtract,joint_approval-3-decisive_missing,joint_approval-3,decisive_missing,2,INSUFFICIENT,ALLOW,False,2
K1,null_subtract,joint_approval-1-decisive_missing,joint_approval-1,decisive_missing,0,INSUFFICIENT,ALLOW,False,2
K1,null_subtract,joint_approval-2-conflict,joint_approval-2,conflict,1,INSUFFICIENT,ALLOW,False,2
K1,null_subtract,route_lookup-2-decisive_missing,route_lookup-2,decisive_missing,2,INSUFFICIENT,ALLOW,False,2
K1,null_subtract,joint_approval-2-full,joint_approval-2,full,1,DENY,ALLOW,False,2
K1,null_subtract,route_lookup-3-flip,route_lookup-3,flip,1,DENY,ALLOW,False,2
K1,null_subtract,route_lookup-3-nondecisive_missing,route_lookup-3,nondecisive_missing,2,ALLOW,ALLOW,True,2
K1,null_subtract,joint_approval-3-nondecisive_missing,joint_approval-3,nondecisive_missing,0,ALLOW,ALLOW,True,2
K1,null_subtract,joint_approval-3-full,joint_approval-3,full,2,ALLOW,ALLOW,True,2
K1,null_subtract,route_lookup-1-decisive_missing,route_lookup-1,decisive_missing,0,INSUFFICIENT,ALLOW,False,2
K1,null_subtract,joint_approval-2-nondecisive_missing,joint_approval-2,nondecisive_missing,1,DENY,DENY,True,2
K1,null_subtract,route_lookup-4-nondecisive_missing,route_lookup-4,nondecisive_missing,0,DENY,DENY,True,2
K1,null_subtract,route_lookup-4-hold,route_lookup-4,hold,2,DENY,ALLOW,False,2
K1,null_subtract,reversal_exception-2-decisive_missing,reversal_exception-2,decisive_missing,1,INSUFFICIENT,ALLOW,False,2
K1,null_subtract,route_lookup-1-conflict,route_lookup-1,conflict,2,INSUFFICIENT,ALLOW,False,2
K1,null_subtract,route_lookup-3-hold,route_lookup-3,hold,0,ALLOW,ALLOW,True,2
K1,null_subtract,route_lookup-1-hold,route_lookup-1,hold,1,ALLOW,ALLOW,True,2
K1,null_subtract,reversal_exception-4-decisive_missing,reversal_exception-4,decisive_missing,0,INSUFFICIENT,DENY,False,2
K1,null_subtract,route_lookup-4-conflict,route_lookup-4,conflict,2,INSUFFICIENT,DENY,False,2
K1,null_subtract,reversal_exception-2-full,reversal_exception-2,full,2,DENY,ALLOW,False,2
K1,null_subtract,reversal_exception-1-decisive_missing,reversal_exception-1,decisive_missing,1,INSUFFICIENT,ALLOW,False,2
K1,null_subtract,joint_approval-4-flip,joint_approval-4,flip,0,ALLOW,ALLOW,True,2
K1,two_order,joint_approval-3-flip,joint_approval-3,flip,2,DENY,INSUFFICIENT,False,2
K1,two_order,joint_approval-2-nondecisive_missing,joint_approval-2,nondecisive_missing,0,DENY,DENY,True,2
K1,two_order,reversal_exception-4-conflict,reversal_exception-4,conflict,1,INSUFFICIENT,DENY,False,2
K1,two_order,reversal_exception-4-nondecisive_missing,reversal_exception-4,nondecisive_missing,0,DENY,DENY,True,2
K1,two_order,joint_approval-4-flip,joint_approval-4,flip,2,ALLOW,ALLOW,True,2
K1,two_order,joint_approval-3-full,joint_approval-3,full,0,ALLOW,ALLOW,True,2
K1,two_order,route_lookup-3-conflict,route_lookup-3,conflict,0,INSUFFICIENT,ALLOW,False,2
K1,two_order,reversal_exception-2-hold,reversal_exception-2,hold,0,DENY,ALLOW,False,2
K1,two_order,reversal_exception-1-nondecisive_missing,reversal_exception-1,nondecisive_missing,2,ALLOW,ALLOW,True,2
K1,two_order,joint_approval-1-conflict,joint_approval-1,conflict,1,INSUFFICIENT,DENY,False,2
K1,two_order,reversal_exception-4-decisive_missing,reversal_exception-4,decisive_missing,1,INSUFFICIENT,DENY,False,2
K1,two_order,joint_approval-1-full,joint_approval-1,full,1,ALLOW,ALLOW,True,2
K1,two_order,joint_approval-3-flip,joint_approval-3,flip,1,DENY,INSUFFICIENT,False,2
K1,two_order,route_lookup-1-nondecisive_missing,route_lookup-1,nondecisive_missing,0,ALLOW,ALLOW,True,2
K1,two_order,reversal_exception-1-flip,reversal_exception-1,flip,0,DENY,ALLOW,False,2
K1,two_order,reversal_exception-4-conflict,reversal_exception-4,conflict,2,INSUFFICIENT,DENY,False,2
K1,two_order,route_lookup-4-conflict,route_lookup-4,conflict,0,INSUFFICIENT,DENY,False,2
K1,two_order,reversal_exception-4-hold,reversal_exception-4,hold,2,DENY,DENY,True,2
K1,two_order,joint_approval-1-decisive_missing,joint_approval-1,decisive_missing,2,INSUFFICIENT,ALLOW,False,2
K1,two_order,route_lookup-1-flip,route_lookup-1,flip,2,DENY,DENY,True,2
K1,two_order,reversal_exception-4-hold,reversal_exception-4,hold,0,DENY,DENY,True,2
K1,two_order,joint_approval-1-hold,joint_approval-1,hold,0,ALLOW,ALLOW,True,2
K1,two_order,reversal_exception-1-decisive_missing,reversal_exception-1,decisive_missing,2,INSUFFICIENT,ALLOW,False,2
K1,two_order,reversal_exception-1-hold,reversal_exception-1,hold,0,ALLOW,ALLOW,True,2
K1,two_order,reversal_exception-1-full,reversal_exception-1,full,1,ALLOW,ALLOW,True,2
K1,two_order,route_lookup-4-flip,route_lookup-4,flip,0,ALLOW,ALLOW,True,2
K1,two_order,joint_approval-3-nondecisive_missing,joint_approval-3,nondecisive_missing,2,ALLOW,ALLOW,True,2
K1,two_order,joint_approval-2-flip,joint_approval-2,flip,0,ALLOW,ALLOW,True,2
K1,two_order,joint_approval-1-decisive_missing,joint_approval-1,decisive_missing,1,INSUFFICIENT,ALLOW,False,2
K1,two_order,reversal_exception-4-conflict,reversal_exception-4,conflict,0,INSUFFICIENT,DENY,False,2
K1,two_order,reversal_exception-3-decisive_missing,reversal_exception-3,decisive_missing,0,INSUFFICIENT,INSUFFICIENT,True,2
K1,two_order,route_lookup-3-decisive_missing,route_lookup-3,decisive_missing,0,INSUFFICIENT,ALLOW,False,2
K1,two_order,joint_approval-4-full,joint_approval-4,full,1,DENY,INSUFFICIENT,False,2
K1,two_order,route_lookup-1-conflict,route_lookup-1,conflict,1,INSUFFICIENT,ALLOW,False,2
K1,two_order,reversal_exception-2-full,reversal_exception-2,full,0,DENY,ALLOW,False,2
K1,two_order,route_lookup-3-nondecisive_missing,route_lookup-3,nondecisive_missing,0,ALLOW,ALLOW,True,2
K1,two_order,reversal_exception-4-nondecisive_missing,reversal_exception-4,nondecisive_missing,1,DENY,DENY,True,2
K1,two_order,reversal_exception-2-nondecisive_missing,reversal_exception-2,nondecisive_missing,2,DENY,ALLOW,False,2
K1,two_order,route_lookup-1-decisive_missing,route_lookup-1,decisive_missing,2,INSUFFICIENT,ALLOW,False,2
K1,two_order,joint_approval-1-flip,joint_approval-1,flip,1,DENY,INSUFFICIENT,False,2
K1,two_order,reversal_exception-1-flip,reversal_exception-1,flip,1,DENY,ALLOW,False,2
K1,two_order,joint_approval-4-full,joint_approval-4,full,2,DENY,INSUFFICIENT,False,2
K1,two_order,route_lookup-3-conflict,route_lookup-3,conflict,1,INSUFFICIENT,ALLOW,False,2
K1,two_order,reversal_exception-3-full,reversal_exception-3,full,2,ALLOW,ALLOW,True,2
K1,two_order,joint_approval-1-full,joint_approval-1,full,0,ALLOW,ALLOW,True,2
K1,two_order,joint_approval-2-hold,joint_approval-2,hold,0,DENY,ALLOW,False,2
K1,two_order,joint_approval-1-conflict,joint_approval-1,conflict,0,INSUFFICIENT,DENY,False,2
K1,two_order,reversal_exception-1-conflict,reversal_exception-1,conflict,2,INSUFFICIENT,ALLOW,False,2
K1,two_order,route_lookup-3-flip,route_lookup-3,flip,2,DENY,DENY,True,2
K1,two_order,reversal_exception-2-flip,reversal_exception-2,flip,2,ALLOW,ALLOW,True,2
K1,two_order,route_lookup-4-hold,route_lookup-4,hold,0,DENY,ALLOW,False,2
K1,two_order,route_lookup-2-flip,route_lookup-2,flip,1,ALLOW,ALLOW,True,2
K1,two_order,reversal_exception-2-conflict,reversal_exception-2,conflict,0,INSUFFICIENT,ALLOW,False,2
K1,two_order,joint_approval-2-full,joint_approval-2,full,0,DENY,INSUFFICIENT,False,2
K1,two_order,reversal_exception-3-conflict,reversal_exception-3,conflict,2,INSUFFICIENT,INSUFFICIENT,True,2
K1,two_order,joint_approval-3-hold,joint_approval-3,hold,1,ALLOW,ALLOW,True,2
K1,two_order,joint_approval-3-flip,joint_approval-3,flip,0,DENY,ALLOW,False,2
K1,two_order,joint_approval-4-decisive_missing,joint_approval-4,decisive_missing,1,INSUFFICIENT,ALLOW,False,2
K1,two_order,route_lookup-1-conflict,route_lookup-1,conflict,0,INSUFFICIENT,ALLOW,False,2
K1,two_order,route_lookup-4-nondecisive_missing,route_lookup-4,nondecisive_missing,2,DENY,DENY,True,2
K1,two_order,route_lookup-1-full,route_lookup-1,full,2,ALLOW,ALLOW,True,2
K1,two_order,route_lookup-3-full,route_lookup-3,full,1,ALLOW,ALLOW,True,2
K1,two_order,route_lookup-2-nondecisive_missing,route_lookup-2,nondecisive_missing,1,DENY,DENY,True,2
K1,two_order,route_lookup-2-flip,route_lookup-2,flip,0,ALLOW,ALLOW,True,2
K1,two_order,route_lookup-3-decisive_missing,route_lookup-3,decisive_missing,1,INSUFFICIENT,ALLOW,False,2
K1,two_order,reversal_exception-1-full,reversal_exception-1,full,2,ALLOW,ALLOW,True,2
K1,two_order,joint_approval-1-hold,joint_approval-1,hold,2,ALLOW,ALLOW,True,2
K1,two_order,reversal_exception-1-nondecisive_missing,reversal_exception-1,nondecisive_missing,1,ALLOW,ALLOW,True,2
K1,two_order,joint_approval-1-full,joint_approval-1,full,2,ALLOW,ALLOW,True,2
K1,two_order,reversal_exception-3-flip,reversal_exception-3,flip,2,DENY,INSUFFICIENT,False,2
K1,two_order,reversal_exception-3-hold,reversal_exception-3,hold,0,ALLOW,INSUFFICIENT,False,2
K1,two_order,route_lookup-4-full,route_lookup-4,full,1,DENY,DENY,True,2
K1,two_order,route_lookup-2-conflict,route_lookup-2,conflict,0,INSUFFICIENT,DENY,False,2
K1,two_order,joint_approval-2-nondecisive_missing,joint_approval-2,nondecisive_missing,2,DENY,DENY,True,2
K1,two_order,joint_approval-3-hold,joint_approval-3,hold,2,ALLOW,ALLOW,True,2
K1,two_order,route_lookup-2-hold,route_lookup-2,hold,2,DENY,ALLOW,False,2
K1,two_order,joint_approval-1-conflict,joint_approval-1,conflict,2,INSUFFICIENT,INSUFFICIENT,True,2
K1,two_order,reversal_exception-1-hold,reversal_exception-1,hold,2,ALLOW,ALLOW,True,2
K1,two_order,reversal_exception-2-decisive_missing,reversal_exception-2,decisive_missing,2,INSUFFICIENT,ALLOW,False,2
K1,two_order,joint_approval-2-hold,joint_approval-2,hold,1,DENY,ALLOW,False,2
K1,two_order,route_lookup-1-nondecisive_missing,route_lookup-1,nondecisive_missing,1,ALLOW,ALLOW,True,2
K1,two_order,route_lookup-2-nondecisive_missing,route_lookup-2,nondecisive_missing,2,DENY,DENY,True,2
K1,two_order,route_lookup-2-flip,route_lookup-2,flip,2,ALLOW,ALLOW,True,2
K1,two_order,route_lookup-4-nondecisive_missing,route_lookup-4,nondecisive_missing,1,DENY,DENY,True,2
K1,two_order,reversal_exception-4-flip,reversal_exception-4,flip,0,ALLOW,ALLOW,True,2
K1,two_order,route_lookup-1-flip,route_lookup-1,flip,0,DENY,DENY,True,2
K1,two_order,joint_approval-2-conflict,joint_approval-2,conflict,2,INSUFFICIENT,ALLOW,False,2
K1,two_order,reversal_exception-3-nondecisive_missing,reversal_exception-3,nondecisive_missing,0,ALLOW,INSUFFICIENT,False,2
K1,two_order,reversal_exception-2-conflict,reversal_exception-2,conflict,2,INSUFFICIENT,ALLOW,False,2
K1,two_order,joint_approval-2-flip,joint_approval-2,flip,2,ALLOW,ALLOW,True,2
K1,two_order,joint_approval-4-conflict,joint_approval-4,conflict,2,INSUFFICIENT,ALLOW,False,2
K1,two_order,reversal_exception-2-nondecisive_missing,reversal_exception-2,nondecisive_missing,1,DENY,ALLOW,False,2
K1,two_order,joint_approval-4-conflict,joint_approval-4,conflict,0,INSUFFICIENT,ALLOW,False,2
K1,two_order,route_lookup-4-conflict,route_lookup-4,conflict,1,INSUFFICIENT,DENY,False,2
K1,two_order,reversal_exception-1-hold,reversal_exception-1,hold,1,ALLOW,ALLOW,True,2
K1,two_order,joint_approval-3-decisive_missing,joint_approval-3,decisive_missing,1,INSUFFICIENT,ALLOW,False,2
K1,two_order,reversal_exception-3-full,reversal_exception-3,full,1,ALLOW,INSUFFICIENT,False,2
K1,two_order,route_lookup-3-hold,route_lookup-3,hold,1,ALLOW,ALLOW,True,2
K1,two_order,joint_approval-4-nondecisive_missing,joint_approval-4,nondecisive_missing,0,DENY,DENY,True,2
K1,two_order,joint_approval-2-flip,joint_approval-2,flip,1,ALLOW,ALLOW,True,2
K1,two_order,reversal_exception-3-conflict,reversal_exception-3,conflict,0,INSUFFICIENT,INSUFFICIENT,True,2
K1,two_order,joint_approval-2-decisive_missing,joint_approval-2,decisive_missing,1,INSUFFICIENT,ALLOW,False,2
K1,two_order,joint_approval-3-hold,joint_approval-3,hold,0,ALLOW,ALLOW,True,2
K1,two_order,reversal_exception-2-full,reversal_exception-2,full,1,DENY,ALLOW,False,2
K1,two_order,joint_approval-4-conflict,joint_approval-4,conflict,1,INSUFFICIENT,ALLOW,False,2
K1,two_order,reversal_exception-1-conflict,reversal_exception-1,conflict,1,INSUFFICIENT,ALLOW,False,2
K1,two_order,reversal_exception-2-nondecisive_missing,reversal_exception-2,nondecisive_missing,0,DENY,ALLOW,False,2
K1,two_order,route_lookup-2-full,route_lookup-2,full,1,DENY,DENY,True,2
K1,two_order,reversal_exception-2-conflict,reversal_exception-2,conflict,1,INSUFFICIENT,ALLOW,False,2
K1,two_order,route_lookup-1-decisive_missing,route_lookup-1,decisive_missing,1,INSUFFICIENT,ALLOW,False,2
K1,two_order,joint_approval-1-flip,joint_approval-1,flip,2,DENY,INSUFFICIENT,False,2
K1,two_order,joint_approval-2-conflict,joint_approval-2,conflict,0,INSUFFICIENT,ALLOW,False,2
K1,two_order,route_lookup-2-hold,route_lookup-2,hold,1,DENY,ALLOW,False,2
K1,two_order,reversal_exception-2-flip,reversal_exception-2,flip,0,ALLOW,ALLOW,True,2
K1,two_order,reversal_exception-4-hold,reversal_exception-4,hold,1,DENY,DENY,True,2
K1,two_order,route_lookup-4-full,route_lookup-4,full,0,DENY,DENY,True,2
K1,two_order,joint_approval-4-hold,joint_approval-4,hold,1,DENY,DENY,True,2
K1,two_order,route_lookup-2-hold,route_lookup-2,hold,0,DENY,ALLOW,False,2
K1,two_order,route_lookup-1-hold,route_lookup-1,hold,0,ALLOW,ALLOW,True,2
K1,two_order,joint_approval-1-nondecisive_missing,joint_approval-1,nondecisive_missing,0,ALLOW,ALLOW,True,2
K1,two_order,route_lookup-3-hold,route_lookup-3,hold,2,ALLOW,ALLOW,True,2
K1,two_order,route_lookup-2-full,route_lookup-2,full,0,DENY,DENY,True,2
K1,two_order,route_lookup-1-hold,route_lookup-1,hold,2,ALLOW,ALLOW,True,2
K1,two_order,reversal_exception-4-decisive_missing,reversal_exception-4,decisive_missing,2,INSUFFICIENT,DENY,False,2
K1,two_order,route_lookup-4-decisive_missing,route_lookup-4,decisive_missing,0,INSUFFICIENT,ALLOW,False,2
K1,two_order,reversal_exception-4-full,reversal_exception-4,full,1,DENY,DENY,True,2
K1,two_order,reversal_exception-2-hold,reversal_exception-2,hold,2,DENY,ALLOW,False,2
K1,two_order,reversal_exception-4-flip,reversal_exception-4,flip,1,ALLOW,ALLOW,True,2
K1,two_order,route_lookup-2-conflict,route_lookup-2,conflict,2,INSUFFICIENT,DENY,False,2
K1,two_order,reversal_exception-3-decisive_missing,reversal_exception-3,decisive_missing,2,INSUFFICIENT,INSUFFICIENT,True,2
K1,two_order,reversal_exception-3-flip,reversal_exception-3,flip,0,DENY,INSUFFICIENT,False,2
K1,two_order,joint_approval-3-full,joint_approval-3,full,1,ALLOW,ALLOW,True,2
K1,two_order,joint_approval-2-full,joint_approval-2,full,2,DENY,INSUFFICIENT,False,2
K1,two_order,route_lookup-1-nondecisive_missing,route_lookup-1,nondecisive_missing,2,ALLOW,ALLOW,True,2
K1,two_order,reversal_exception-1-decisive_missing,reversal_exception-1,decisive_missing,0,INSUFFICIENT,ALLOW,False,2
K1,two_order,reversal_exception-2-hold,reversal_exception-2,hold,1,DENY,ALLOW,False,2
K1,two_order,joint_approval-2-decisive_missing,joint_approval-2,decisive_missing,2,INSUFFICIENT,ALLOW,False,2
K1,two_order,route_lookup-2-nondecisive_missing,route_lookup-2,nondecisive_missing,0,DENY,DENY,True,2
K1,two_order,reversal_exception-1-nondecisive_missing,reversal_exception-1,nondecisive_missing,0,ALLOW,ALLOW,True,2
K1,two_order,route_lookup-1-full,route_lookup-1,full,1,ALLOW,ALLOW,True,2
K1,two_order,route_lookup-3-full,route_lookup-3,full,0,ALLOW,ALLOW,True,2
K1,two_order,joint_approval-3-conflict,joint_approval-3,conflict,2,INSUFFICIENT,ALLOW,False,2
K1,two_order,joint_approval-3-conflict,joint_approval-3,conflict,0,INSUFFICIENT,ALLOW,False,2
K1,two_order,joint_approval-2-hold,joint_approval-2,hold,2,DENY,ALLOW,False,2
K1,two_order,route_lookup-4-decisive_missing,route_lookup-4,decisive_missing,2,INSUFFICIENT,ALLOW,False,2
K1,two_order,joint_approval-4-hold,joint_approval-4,hold,0,DENY,DENY,True,2
K1,two_order,route_lookup-2-decisive_missing,route_lookup-2,decisive_missing,1,INSUFFICIENT,ALLOW,False,2
K1,two_order,reversal_exception-3-nondecisive_missing,reversal_exception-3,nondecisive_missing,1,ALLOW,INSUFFICIENT,False,2
K1,two_order,route_lookup-3-conflict,route_lookup-3,conflict,2,INSUFFICIENT,ALLOW,False,2
K1,two_order,route_lookup-3-full,route_lookup-3,full,2,ALLOW,ALLOW,True,2
K1,two_order,route_lookup-2-decisive_missing,route_lookup-2,decisive_missing,0,INSUFFICIENT,ALLOW,False,2
K1,two_order,reversal_exception-3-hold,reversal_exception-3,hold,1,ALLOW,INSUFFICIENT,False,2
K1,two_order,joint_approval-4-flip,joint_approval-4,flip,1,ALLOW,ALLOW,True,2
K1,two_order,joint_approval-1-hold,joint_approval-1,hold,1,ALLOW,ALLOW,True,2
K1,two_order,reversal_exception-3-hold,reversal_exception-3,hold,2,ALLOW,INSUFFICIENT,False,2
K1,two_order,route_lookup-3-nondecisive_missing,route_lookup-3,nondecisive_missing,1,ALLOW,ALLOW,True,2
K1,two_order,joint_approval-1-nondecisive_missing,joint_approval-1,nondecisive_missing,1,ALLOW,ALLOW,True,2
K1,two_order,reversal_exception-1-full,reversal_exception-1,full,0,ALLOW,ALLOW,True,2
K1,two_order,reversal_exception-4-flip,reversal_exception-4,flip,2,ALLOW,ALLOW,True,2
K1,two_order,route_lookup-4-full,route_lookup-4,full,2,DENY,DENY,True,2
K1,two_order,reversal_exception-3-full,reversal_exception-3,full,0,ALLOW,ALLOW,True,2
K1,two_order,joint_approval-3-decisive_missing,joint_approval-3,decisive_missing,0,INSUFFICIENT,ALLOW,False,2
K1,two_order,reversal_exception-4-full,reversal_exception-4,full,0,DENY,DENY,True,2
K1,two_order,joint_approval-2-decisive_missing,joint_approval-2,decisive_missing,0,INSUFFICIENT,ALLOW,False,2
K1,two_order,reversal_exception-3-conflict,reversal_exception-3,conflict,1,INSUFFICIENT,INSUFFICIENT,True,2
K1,two_order,route_lookup-2-full,route_lookup-2,full,2,DENY,DENY,True,2
K1,two_order,route_lookup-1-flip,route_lookup-1,flip,1,DENY,DENY,True,2
K1,two_order,route_lookup-4-hold,route_lookup-4,hold,1,DENY,ALLOW,False,2
K1,two_order,route_lookup-4-flip,route_lookup-4,flip,1,ALLOW,ALLOW,True,2
K1,two_order,joint_approval-1-nondecisive_missing,joint_approval-1,nondecisive_missing,2,ALLOW,ALLOW,True,2
K1,two_order,route_lookup-3-flip,route_lookup-3,flip,0,DENY,ALLOW,False,2
K1,two_order,route_lookup-2-conflict,route_lookup-2,conflict,1,INSUFFICIENT,DENY,False,2
K1,two_order,reversal_exception-4-full,reversal_exception-4,full,2,DENY,DENY,True,2
K1,two_order,reversal_exception-2-decisive_missing,reversal_exception-2,decisive_missing,0,INSUFFICIENT,ALLOW,False,2
K1,two_order,reversal_exception-3-flip,reversal_exception-3,flip,1,DENY,INSUFFICIENT,False,2
K1,two_order,reversal_exception-3-nondecisive_missing,reversal_exception-3,nondecisive_missing,2,ALLOW,INSUFFICIENT,False,2
K1,two_order,joint_approval-4-nondecisive_missing,joint_approval-4,nondecisive_missing,1,DENY,DENY,True,2
K1,two_order,route_lookup-3-decisive_missing,route_lookup-3,decisive_missing,2,INSUFFICIENT,ALLOW,False,2
K1,two_order,joint_approval-4-decisive_missing,joint_approval-4,decisive_missing,0,INSUFFICIENT,ALLOW,False,2
K1,two_order,reversal_exception-4-nondecisive_missing,reversal_exception-4,nondecisive_missing,2,DENY,DENY,True,2
K1,two_order,joint_approval-4-hold,joint_approval-4,hold,2,DENY,DENY,True,2
K1,two_order,joint_approval-1-flip,joint_approval-1,flip,0,DENY,INSUFFICIENT,False,2
K1,two_order,reversal_exception-1-flip,reversal_exception-1,flip,2,DENY,ALLOW,False,2
K1,two_order,joint_approval-3-conflict,joint_approval-3,conflict,1,INSUFFICIENT,ALLOW,False,2
K1,two_order,route_lookup-4-flip,route_lookup-4,flip,2,ALLOW,ALLOW,True,2
K1,two_order,route_lookup-4-decisive_missing,route_lookup-4,decisive_missing,1,INSUFFICIENT,ALLOW,False,2
K1,two_order,joint_approval-4-decisive_missing,joint_approval-4,decisive_missing,2,INSUFFICIENT,ALLOW,False,2
K1,two_order,joint_approval-4-nondecisive_missing,joint_approval-4,nondecisive_missing,2,DENY,DENY,True,2
K1,two_order,route_lookup-1-full,route_lookup-1,full,0,ALLOW,ALLOW,True,2
K1,two_order,joint_approval-3-nondecisive_missing,joint_approval-3,nondecisive_missing,1,ALLOW,ALLOW,True,2
K1,two_order,reversal_exception-1-conflict,reversal_exception-1,conflict,0,INSUFFICIENT,ALLOW,False,2
K1,two_order,joint_approval-4-full,joint_approval-4,full,0,DENY,ALLOW,False,2
K1,two_order,reversal_exception-2-flip,reversal_exception-2,flip,1,ALLOW,ALLOW,True,2
K1,two_order,reversal_exception-3-decisive_missing,reversal_exception-3,decisive_missing,1,INSUFFICIENT,INSUFFICIENT,True,2
K1,two_order,joint_approval-3-decisive_missing,joint_approval-3,decisive_missing,2,INSUFFICIENT,ALLOW,False,2
K1,two_order,joint_approval-1-decisive_missing,joint_approval-1,decisive_missing,0,INSUFFICIENT,ALLOW,False,2
K1,two_order,joint_approval-2-conflict,joint_approval-2,conflict,1,INSUFFICIENT,ALLOW,False,2
K1,two_order,route_lookup-2-decisive_missing,route_lookup-2,decisive_missing,2,INSUFFICIENT,ALLOW,False,2
K1,two_order,joint_approval-2-full,joint_approval-2,full,1,DENY,INSUFFICIENT,False,2
K1,two_order,route_lookup-3-flip,route_lookup-3,flip,1,DENY,ALLOW,False,2
K1,two_order,route_lookup-3-nondecisive_missing,route_lookup-3,nondecisive_missing,2,ALLOW,ALLOW,True,2
K1,two_order,joint_approval-3-nondecisive_missing,joint_approval-3,nondecisive_missing,0,ALLOW,ALLOW,True,2
K1,two_order,joint_approval-3-full,joint_approval-3,full,2,ALLOW,ALLOW,True,2
K1,two_order,route_lookup-1-decisive_missing,route_lookup-1,decisive_missing,0,INSUFFICIENT,ALLOW,False,2
K1,two_order,joint_approval-2-nondecisive_missing,joint_approval-2,nondecisive_missing,1,DENY,DENY,True,2
K1,two_order,route_lookup-4-nondecisive_missing,route_lookup-4,nondecisive_missing,0,DENY,DENY,True,2
K1,two_order,route_lookup-4-hold,route_lookup-4,hold,2,DENY,ALLOW,False,2
K1,two_order,reversal_exception-2-decisive_missing,reversal_exception-2,decisive_missing,1,INSUFFICIENT,ALLOW,False,2
K1,two_order,route_lookup-1-conflict,route_lookup-1,conflict,2,INSUFFICIENT,ALLOW,False,2
K1,two_order,route_lookup-3-hold,route_lookup-3,hold,0,ALLOW,ALLOW,True,2
K1,two_order,route_lookup-1-hold,route_lookup-1,hold,1,ALLOW,ALLOW,True,2
K1,two_order,reversal_exception-4-decisive_missing,reversal_exception-4,decisive_missing,0,INSUFFICIENT,DENY,False,2
K1,two_order,route_lookup-4-conflict,route_lookup-4,conflict,2,INSUFFICIENT,DENY,False,2
K1,two_order,reversal_exception-2-full,reversal_exception-2,full,2,DENY,ALLOW,False,2
K1,two_order,reversal_exception-1-decisive_missing,reversal_exception-1,decisive_missing,1,INSUFFICIENT,ALLOW,False,2
K1,two_order,joint_approval-4-flip,joint_approval-4,flip,0,ALLOW,ALLOW,True,2
