arm,layout,id,parent,split,variant,mapping,gold,prediction,correct,executed_forward,shared_from_forward_id
N0,L0,owner_scope-1-full,owner_scope-1,development,full,1,ALLOW,DENY,False,True,
N0,L1,owner_scope-1-full,owner_scope-1,development,full,1,ALLOW,ALLOW,True,True,
N0,L2,owner_scope-1-full,owner_scope-1,development,full,1,ALLOW,ALLOW,True,False,N0/owner_scope-1-full/1/L1
N0,L0,claim_binding-6-flip,claim_binding-6,exploratory_test,flip,1,ALLOW,ALLOW,True,True,
N0,L1,claim_binding-6-flip,claim_binding-6,exploratory_test,flip,1,ALLOW,ALLOW,True,True,
N0,L2,claim_binding-6-flip,claim_binding-6,exploratory_test,flip,1,ALLOW,ALLOW,True,False,N0/claim_binding-6-flip/1/L1
N0,L0,owner_scope-7-missing,owner_scope-7,exploratory_test,missing,1,INSUFFICIENT,DENY,False,True,
N0,L1,owner_scope-7-missing,owner_scope-7,exploratory_test,missing,1,INSUFFICIENT,DENY,False,True,
N0,L2,owner_scope-7-missing,owner_scope-7,exploratory_test,missing,1,INSUFFICIENT,DENY,False,False,N0/owner_scope-7-missing/1/L1
N0,L0,current_request-3-hold,current_request-3,calibration,hold,0,ALLOW,ALLOW,True,True,
N0,L1,current_request-3-hold,current_request-3,calibration,hold,0,ALLOW,ALLOW,True,True,
N0,L2,current_request-3-hold,current_request-3,calibration,hold,0,ALLOW,ALLOW,True,False,N0/current_request-3-hold/0/L1
N0,L0,owner_scope-7-hold,owner_scope-7,exploratory_test,hold,2,ALLOW,DENY,False,True,
N0,L1,owner_scope-7-hold,owner_scope-7,exploratory_test,hold,2,ALLOW,DENY,False,True,
N0,L2,owner_scope-7-hold,owner_scope-7,exploratory_test,hold,2,ALLOW,DENY,False,False,N0/owner_scope-7-hold/2/L1
N0,L0,current_request-4-hold,current_request-4,calibration,hold,0,DENY,DENY,True,True,
N0,L1,current_request-4-hold,current_request-4,calibration,hold,0,DENY,DENY,True,True,
N0,L2,current_request-4-hold,current_request-4,calibration,hold,0,DENY,DENY,True,False,N0/current_request-4-hold/0/L1
N0,L0,owner_scope-3-flip,owner_scope-3,calibration,flip,1,DENY,DENY,True,True,
N0,L1,owner_scope-3-flip,owner_scope-3,calibration,flip,1,DENY,DENY,True,True,
N0,L2,owner_scope-3-flip,owner_scope-3,calibration,flip,1,DENY,DENY,True,False,N0/owner_scope-3-flip/1/L1
N0,L0,claim_binding-7-full,claim_binding-7,exploratory_test,full,1,ALLOW,ALLOW,True,True,
N0,L1,claim_binding-7-full,claim_binding-7,exploratory_test,full,1,ALLOW,ALLOW,True,True,
N0,L2,claim_binding-7-full,claim_binding-7,exploratory_test,full,1,ALLOW,ALLOW,True,False,N0/claim_binding-7-full/1/L1
N0,L0,current_request-5-flip,current_request-5,exploratory_test,flip,0,DENY,DENY,True,True,
N0,L1,current_request-5-flip,current_request-5,exploratory_test,flip,0,DENY,DENY,True,True,
N0,L2,current_request-5-flip,current_request-5,exploratory_test,flip,0,DENY,DENY,True,False,N0/current_request-5-flip/0/L1
N0,L0,owner_scope-8-full,owner_scope-8,exploratory_test,full,2,DENY,DENY,True,True,
N0,L1,owner_scope-8-full,owner_scope-8,exploratory_test,full,2,DENY,DENY,True,True,
N0,L2,owner_scope-8-full,owner_scope-8,exploratory_test,full,2,DENY,DENY,True,False,N0/owner_scope-8-full/2/L1
N0,L0,owner_scope-1-full,owner_scope-1,development,full,2,ALLOW,ALLOW,True,True,
N0,L1,owner_scope-1-full,owner_scope-1,development,full,2,ALLOW,ALLOW,True,True,
N0,L2,owner_scope-1-full,owner_scope-1,development,full,2,ALLOW,ALLOW,True,False,N0/owner_scope-1-full/2/L1
N0,L0,claim_binding-3-hold,claim_binding-3,calibration,hold,0,ALLOW,ALLOW,True,True,
N0,L1,claim_binding-3-hold,claim_binding-3,calibration,hold,0,ALLOW,ALLOW,True,True,
N0,L2,claim_binding-3-hold,claim_binding-3,calibration,hold,0,ALLOW,ALLOW,True,False,N0/claim_binding-3-hold/0/L1
N0,L0,owner_scope-6-hold,owner_scope-6,exploratory_test,hold,0,DENY,DENY,True,True,
N0,L1,owner_scope-6-hold,owner_scope-6,exploratory_test,hold,0,DENY,DENY,True,True,
N0,L2,owner_scope-6-hold,owner_scope-6,exploratory_test,hold,0,DENY,DENY,True,False,N0/owner_scope-6-hold/0/L1
N0,L0,owner_scope-1-flip,owner_scope-1,development,flip,0,DENY,DENY,True,True,
N0,L1,owner_scope-1-flip,owner_scope-1,development,flip,0,DENY,DENY,True,True,
N0,L2,owner_scope-1-flip,owner_scope-1,development,flip,0,DENY,DENY,True,False,N0/owner_scope-1-flip/0/L1
N0,L0,claim_binding-8-hold,claim_binding-8,exploratory_test,hold,1,DENY,DENY,True,True,
N0,L1,claim_binding-8-hold,claim_binding-8,exploratory_test,hold,1,DENY,DENY,True,True,
N0,L2,claim_binding-8-hold,claim_binding-8,exploratory_test,hold,1,DENY,DENY,True,False,N0/claim_binding-8-hold/1/L1
N0,L0,current_request-2-missing,current_request-2,development,missing,0,INSUFFICIENT,ALLOW,False,True,
N0,L1,current_request-2-missing,current_request-2,development,missing,0,INSUFFICIENT,DENY,False,True,
N0,L2,current_request-2-missing,current_request-2,development,missing,0,INSUFFICIENT,DENY,False,False,N0/current_request-2-missing/0/L1
N0,L0,owner_scope-3-missing,owner_scope-3,calibration,missing,2,INSUFFICIENT,DENY,False,True,
N0,L1,owner_scope-3-missing,owner_scope-3,calibration,missing,2,INSUFFICIENT,DENY,False,True,
N0,L2,owner_scope-3-missing,owner_scope-3,calibration,missing,2,INSUFFICIENT,DENY,False,False,N0/owner_scope-3-missing/2/L1
N0,L0,current_request-6-flip,current_request-6,exploratory_test,flip,1,ALLOW,DENY,False,True,
N0,L1,current_request-6-flip,current_request-6,exploratory_test,flip,1,ALLOW,ALLOW,True,True,
N0,L2,current_request-6-flip,current_request-6,exploratory_test,flip,1,ALLOW,ALLOW,True,False,N0/current_request-6-flip/1/L1
N0,L0,claim_binding-5-hold,claim_binding-5,exploratory_test,hold,2,ALLOW,DENY,False,True,
N0,L1,claim_binding-5-hold,claim_binding-5,exploratory_test,hold,2,ALLOW,ALLOW,True,True,
N0,L2,claim_binding-5-hold,claim_binding-5,exploratory_test,hold,2,ALLOW,ALLOW,True,False,N0/claim_binding-5-hold/2/L1
N0,L0,owner_scope-2-full,owner_scope-2,development,full,0,DENY,DENY,True,True,
N0,L1,owner_scope-2-full,owner_scope-2,development,full,0,DENY,DENY,True,True,
N0,L2,owner_scope-2-full,owner_scope-2,development,full,0,DENY,DENY,True,False,N0/owner_scope-2-full/0/L1
N0,L0,claim_binding-2-full,claim_binding-2,development,full,1,DENY,DENY,True,True,
N0,L1,claim_binding-2-full,claim_binding-2,development,full,1,DENY,DENY,True,True,
N0,L2,claim_binding-2-full,claim_binding-2,development,full,1,DENY,DENY,True,False,N0/claim_binding-2-full/1/L1
N0,L0,claim_binding-2-hold,claim_binding-2,development,hold,1,DENY,DENY,True,True,
N0,L1,claim_binding-2-hold,claim_binding-2,development,hold,1,DENY,DENY,True,True,
N0,L2,claim_binding-2-hold,claim_binding-2,development,hold,1,DENY,DENY,True,False,N0/claim_binding-2-hold/1/L1
N0,L0,current_request-4-full,current_request-4,calibration,full,0,DENY,DENY,True,True,
N0,L1,current_request-4-full,current_request-4,calibration,full,0,DENY,DENY,True,True,
N0,L2,current_request-4-full,current_request-4,calibration,full,0,DENY,DENY,True,False,N0/current_request-4-full/0/L1
N0,L0,claim_binding-7-hold,claim_binding-7,exploratory_test,hold,2,ALLOW,ALLOW,True,True,
N0,L1,claim_binding-7-hold,claim_binding-7,exploratory_test,hold,2,ALLOW,ALLOW,True,True,
N0,L2,claim_binding-7-hold,claim_binding-7,exploratory_test,hold,2,ALLOW,ALLOW,True,False,N0/claim_binding-7-hold/2/L1
N0,L0,claim_binding-5-full,claim_binding-5,exploratory_test,full,1,ALLOW,ALLOW,True,True,
N0,L1,claim_binding-5-full,claim_binding-5,exploratory_test,full,1,ALLOW,ALLOW,True,True,
N0,L2,claim_binding-5-full,claim_binding-5,exploratory_test,full,1,ALLOW,ALLOW,True,False,N0/claim_binding-5-full/1/L1
N0,L0,current_request-7-full,current_request-7,exploratory_test,full,2,ALLOW,ALLOW,True,True,
N0,L1,current_request-7-full,current_request-7,exploratory_test,full,2,ALLOW,ALLOW,True,True,
N0,L2,current_request-7-full,current_request-7,exploratory_test,full,2,ALLOW,ALLOW,True,False,N0/current_request-7-full/2/L1
N0,L0,current_request-8-flip,current_request-8,exploratory_test,flip,2,ALLOW,ALLOW,True,True,
N0,L1,current_request-8-flip,current_request-8,exploratory_test,flip,2,ALLOW,ALLOW,True,True,
N0,L2,current_request-8-flip,current_request-8,exploratory_test,flip,2,ALLOW,ALLOW,True,False,N0/current_request-8-flip/2/L1
N0,L0,claim_binding-3-missing,claim_binding-3,calibration,missing,0,INSUFFICIENT,ALLOW,False,True,
N0,L1,claim_binding-3-missing,claim_binding-3,calibration,missing,0,INSUFFICIENT,DENY,False,True,
N0,L2,claim_binding-3-missing,claim_binding-3,calibration,missing,0,INSUFFICIENT,DENY,False,False,N0/claim_binding-3-missing/0/L1
N0,L0,claim_binding-4-flip,claim_binding-4,calibration,flip,2,ALLOW,DENY,False,True,
N0,L1,claim_binding-4-flip,claim_binding-4,calibration,flip,2,ALLOW,ALLOW,True,True,
N0,L2,claim_binding-4-flip,claim_binding-4,calibration,flip,2,ALLOW,ALLOW,True,False,N0/claim_binding-4-flip/2/L1
N0,L0,claim_binding-7-hold,claim_binding-7,exploratory_test,hold,1,ALLOW,ALLOW,True,True,
N0,L1,claim_binding-7-hold,claim_binding-7,exploratory_test,hold,1,ALLOW,ALLOW,True,True,
N0,L2,claim_binding-7-hold,claim_binding-7,exploratory_test,hold,1,ALLOW,ALLOW,True,False,N0/claim_binding-7-hold/1/L1
N0,L0,owner_scope-8-missing,owner_scope-8,exploratory_test,missing,2,INSUFFICIENT,ALLOW,False,True,
N0,L1,owner_scope-8-missing,owner_scope-8,exploratory_test,missing,2,INSUFFICIENT,ALLOW,False,True,
N0,L2,owner_scope-8-missing,owner_scope-8,exploratory_test,missing,2,INSUFFICIENT,ALLOW,False,False,N0/owner_scope-8-missing/2/L1
N0,L0,claim_binding-3-flip,claim_binding-3,calibration,flip,2,DENY,DENY,True,True,
N0,L1,claim_binding-3-flip,claim_binding-3,calibration,flip,2,DENY,DENY,True,True,
N0,L2,claim_binding-3-flip,claim_binding-3,calibration,flip,2,DENY,DENY,True,False,N0/claim_binding-3-flip/2/L1
N0,L0,owner_scope-6-full,owner_scope-6,exploratory_test,full,0,DENY,DENY,True,True,
N0,L1,owner_scope-6-full,owner_scope-6,exploratory_test,full,0,DENY,DENY,True,True,
N0,L2,owner_scope-6-full,owner_scope-6,exploratory_test,full,0,DENY,DENY,True,False,N0/owner_scope-6-full/0/L1
N0,L0,current_request-3-flip,current_request-3,calibration,flip,0,DENY,DENY,True,True,
N0,L1,current_request-3-flip,current_request-3,calibration,flip,0,DENY,DENY,True,True,
N0,L2,current_request-3-flip,current_request-3,calibration,flip,0,DENY,DENY,True,False,N0/current_request-3-flip/0/L1
N0,L0,current_request-6-full,current_request-6,exploratory_test,full,1,DENY,DENY,True,True,
N0,L1,current_request-6-full,current_request-6,exploratory_test,full,1,DENY,DENY,True,True,
N0,L2,current_request-6-full,current_request-6,exploratory_test,full,1,DENY,DENY,True,False,N0/current_request-6-full/1/L1
N0,L0,owner_scope-6-hold,owner_scope-6,exploratory_test,hold,2,DENY,DENY,True,True,
N0,L1,owner_scope-6-hold,owner_scope-6,exploratory_test,hold,2,DENY,DENY,True,True,
N0,L2,owner_scope-6-hold,owner_scope-6,exploratory_test,hold,2,DENY,DENY,True,False,N0/owner_scope-6-hold/2/L1
N0,L0,owner_scope-6-full,owner_scope-6,exploratory_test,full,2,DENY,DENY,True,True,
N0,L1,owner_scope-6-full,owner_scope-6,exploratory_test,full,2,DENY,DENY,True,True,
N0,L2,owner_scope-6-full,owner_scope-6,exploratory_test,full,2,DENY,DENY,True,False,N0/owner_scope-6-full/2/L1
N0,L0,owner_scope-3-flip,owner_scope-3,calibration,flip,2,DENY,DENY,True,True,
N0,L1,owner_scope-3-flip,owner_scope-3,calibration,flip,2,DENY,DENY,True,True,
N0,L2,owner_scope-3-flip,owner_scope-3,calibration,flip,2,DENY,DENY,True,False,N0/owner_scope-3-flip/2/L1
N0,L0,owner_scope-4-hold,owner_scope-4,calibration,hold,1,DENY,DENY,True,True,
N0,L1,owner_scope-4-hold,owner_scope-4,calibration,hold,1,DENY,DENY,True,True,
N0,L2,owner_scope-4-hold,owner_scope-4,calibration,hold,1,DENY,DENY,True,False,N0/owner_scope-4-hold/1/L1
N0,L0,current_request-5-flip,current_request-5,exploratory_test,flip,1,DENY,DENY,True,True,
N0,L1,current_request-5-flip,current_request-5,exploratory_test,flip,1,DENY,DENY,True,True,
N0,L2,current_request-5-flip,current_request-5,exploratory_test,flip,1,DENY,DENY,True,False,N0/current_request-5-flip/1/L1
N0,L0,current_request-6-full,current_request-6,exploratory_test,full,0,DENY,ALLOW,False,True,
N0,L1,current_request-6-full,current_request-6,exploratory_test,full,0,DENY,DENY,True,True,
N0,L2,current_request-6-full,current_request-6,exploratory_test,full,0,DENY,DENY,True,False,N0/current_request-6-full/0/L1
N0,L0,claim_binding-2-flip,claim_binding-2,development,flip,2,ALLOW,DENY,False,True,
N0,L1,claim_binding-2-flip,claim_binding-2,development,flip,2,ALLOW,ALLOW,True,True,
N0,L2,claim_binding-2-flip,claim_binding-2,development,flip,2,ALLOW,ALLOW,True,False,N0/claim_binding-2-flip/2/L1
N0,L0,current_request-7-flip,current_request-7,exploratory_test,flip,0,DENY,DENY,True,True,
N0,L1,current_request-7-flip,current_request-7,exploratory_test,flip,0,DENY,DENY,True,True,
N0,L2,current_request-7-flip,current_request-7,exploratory_test,flip,0,DENY,DENY,True,False,N0/current_request-7-flip/0/L1
N0,L0,current_request-1-full,current_request-1,development,full,1,ALLOW,DENY,False,True,
N0,L1,current_request-1-full,current_request-1,development,full,1,ALLOW,ALLOW,True,True,
N0,L2,current_request-1-full,current_request-1,development,full,1,ALLOW,ALLOW,True,False,N0/current_request-1-full/1/L1
N0,L0,owner_scope-7-full,owner_scope-7,exploratory_test,full,0,ALLOW,ALLOW,True,True,
N0,L1,owner_scope-7-full,owner_scope-7,exploratory_test,full,0,ALLOW,ALLOW,True,True,
N0,L2,owner_scope-7-full,owner_scope-7,exploratory_test,full,0,ALLOW,ALLOW,True,False,N0/owner_scope-7-full/0/L1
N0,L0,current_request-7-hold,current_request-7,exploratory_test,hold,0,ALLOW,ALLOW,True,True,
N0,L1,current_request-7-hold,current_request-7,exploratory_test,hold,0,ALLOW,ALLOW,True,True,
N0,L2,current_request-7-hold,current_request-7,exploratory_test,hold,0,ALLOW,ALLOW,True,False,N0/current_request-7-hold/0/L1
N0,L0,owner_scope-4-full,owner_scope-4,calibration,full,0,DENY,DENY,True,True,
N0,L1,owner_scope-4-full,owner_scope-4,calibration,full,0,DENY,DENY,True,True,
N0,L2,owner_scope-4-full,owner_scope-4,calibration,full,0,DENY,DENY,True,False,N0/owner_scope-4-full/0/L1
N0,L0,claim_binding-6-hold,claim_binding-6,exploratory_test,hold,2,DENY,DENY,True,True,
N0,L1,claim_binding-6-hold,claim_binding-6,exploratory_test,hold,2,DENY,DENY,True,True,
N0,L2,claim_binding-6-hold,claim_binding-6,exploratory_test,hold,2,DENY,DENY,True,False,N0/claim_binding-6-hold/2/L1
N0,L0,owner_scope-3-full,owner_scope-3,calibration,full,2,ALLOW,ALLOW,True,True,
N0,L1,owner_scope-3-full,owner_scope-3,calibration,full,2,ALLOW,ALLOW,True,True,
N0,L2,owner_scope-3-full,owner_scope-3,calibration,full,2,ALLOW,ALLOW,True,False,N0/owner_scope-3-full/2/L1
N0,L0,owner_scope-4-full,owner_scope-4,calibration,full,2,DENY,DENY,True,True,
N0,L1,owner_scope-4-full,owner_scope-4,calibration,full,2,DENY,DENY,True,True,
N0,L2,owner_scope-4-full,owner_scope-4,calibration,full,2,DENY,DENY,True,False,N0/owner_scope-4-full/2/L1
N0,L0,current_request-4-full,current_request-4,calibration,full,2,DENY,DENY,True,True,
N0,L1,current_request-4-full,current_request-4,calibration,full,2,DENY,DENY,True,True,
N0,L2,current_request-4-full,current_request-4,calibration,full,2,DENY,DENY,True,False,N0/current_request-4-full/2/L1
N0,L0,claim_binding-4-flip,claim_binding-4,calibration,flip,0,ALLOW,ALLOW,True,True,
N0,L1,claim_binding-4-flip,claim_binding-4,calibration,flip,0,ALLOW,ALLOW,True,True,
N0,L2,claim_binding-4-flip,claim_binding-4,calibration,flip,0,ALLOW,ALLOW,True,False,N0/claim_binding-4-flip/0/L1
N0,L0,current_request-7-flip,current_request-7,exploratory_test,flip,2,DENY,DENY,True,True,
N0,L1,current_request-7-flip,current_request-7,exploratory_test,flip,2,DENY,DENY,True,True,
N0,L2,current_request-7-flip,current_request-7,exploratory_test,flip,2,DENY,DENY,True,False,N0/current_request-7-flip/2/L1
N0,L0,current_request-7-missing,current_request-7,exploratory_test,missing,1,INSUFFICIENT,DENY,False,True,
N0,L1,current_request-7-missing,current_request-7,exploratory_test,missing,1,INSUFFICIENT,DENY,False,True,
N0,L2,current_request-7-missing,current_request-7,exploratory_test,missing,1,INSUFFICIENT,DENY,False,False,N0/current_request-7-missing/1/L1
N0,L0,claim_binding-6-missing,claim_binding-6,exploratory_test,missing,2,INSUFFICIENT,DENY,False,True,
N0,L1,claim_binding-6-missing,claim_binding-6,exploratory_test,missing,2,INSUFFICIENT,DENY,False,True,
N0,L2,claim_binding-6-missing,claim_binding-6,exploratory_test,missing,2,INSUFFICIENT,DENY,False,False,N0/claim_binding-6-missing/2/L1
N0,L0,current_request-5-missing,current_request-5,exploratory_test,missing,0,INSUFFICIENT,DENY,False,True,
N0,L1,current_request-5-missing,current_request-5,exploratory_test,missing,0,INSUFFICIENT,DENY,False,True,
N0,L2,current_request-5-missing,current_request-5,exploratory_test,missing,0,INSUFFICIENT,DENY,False,False,N0/current_request-5-missing/0/L1
N0,L0,claim_binding-7-missing,claim_binding-7,exploratory_test,missing,0,INSUFFICIENT,DENY,False,True,
N0,L1,claim_binding-7-missing,claim_binding-7,exploratory_test,missing,0,INSUFFICIENT,DENY,False,True,
N0,L2,claim_binding-7-missing,claim_binding-7,exploratory_test,missing,0,INSUFFICIENT,DENY,False,False,N0/claim_binding-7-missing/0/L1
N0,L0,claim_binding-8-full,claim_binding-8,exploratory_test,full,1,DENY,DENY,True,True,
N0,L1,claim_binding-8-full,claim_binding-8,exploratory_test,full,1,DENY,DENY,True,True,
N0,L2,claim_binding-8-full,claim_binding-8,exploratory_test,full,1,DENY,DENY,True,False,N0/claim_binding-8-full/1/L1
N0,L0,claim_binding-5-full,claim_binding-5,exploratory_test,full,0,ALLOW,ALLOW,True,True,
N0,L1,claim_binding-5-full,claim_binding-5,exploratory_test,full,0,ALLOW,ALLOW,True,True,
N0,L2,claim_binding-5-full,claim_binding-5,exploratory_test,full,0,ALLOW,ALLOW,True,False,N0/claim_binding-5-full/0/L1
N0,L0,owner_scope-5-flip,owner_scope-5,exploratory_test,flip,2,DENY,DENY,True,True,
N0,L1,owner_scope-5-flip,owner_scope-5,exploratory_test,flip,2,DENY,DENY,True,True,
N0,L2,owner_scope-5-flip,owner_scope-5,exploratory_test,flip,2,DENY,DENY,True,False,N0/owner_scope-5-flip/2/L1
N0,L0,claim_binding-4-full,claim_binding-4,calibration,full,1,DENY,DENY,True,True,
N0,L1,claim_binding-4-full,claim_binding-4,calibration,full,1,DENY,DENY,True,True,
N0,L2,claim_binding-4-full,claim_binding-4,calibration,full,1,DENY,DENY,True,False,N0/claim_binding-4-full/1/L1
N0,L0,claim_binding-3-missing,claim_binding-3,calibration,missing,1,INSUFFICIENT,DENY,False,True,
N0,L1,claim_binding-3-missing,claim_binding-3,calibration,missing,1,INSUFFICIENT,DENY,False,True,
N0,L2,claim_binding-3-missing,claim_binding-3,calibration,missing,1,INSUFFICIENT,DENY,False,False,N0/claim_binding-3-missing/1/L1
N0,L0,claim_binding-8-flip,claim_binding-8,exploratory_test,flip,2,ALLOW,ALLOW,True,True,
N0,L1,claim_binding-8-flip,claim_binding-8,exploratory_test,flip,2,ALLOW,ALLOW,True,True,
N0,L2,claim_binding-8-flip,claim_binding-8,exploratory_test,flip,2,ALLOW,ALLOW,True,False,N0/claim_binding-8-flip/2/L1
N0,L0,owner_scope-4-missing,owner_scope-4,calibration,missing,0,INSUFFICIENT,ALLOW,False,True,
N0,L1,owner_scope-4-missing,owner_scope-4,calibration,missing,0,INSUFFICIENT,INSUFFICIENT,True,True,
N0,L2,owner_scope-4-missing,owner_scope-4,calibration,missing,0,INSUFFICIENT,INSUFFICIENT,True,False,N0/owner_scope-4-missing/0/L1
N0,L0,owner_scope-1-flip,owner_scope-1,development,flip,1,DENY,DENY,True,True,
N0,L1,owner_scope-1-flip,owner_scope-1,development,flip,1,DENY,DENY,True,True,
N0,L2,owner_scope-1-flip,owner_scope-1,development,flip,1,DENY,DENY,True,False,N0/owner_scope-1-flip/1/L1
N0,L0,claim_binding-2-full,claim_binding-2,development,full,0,DENY,DENY,True,True,
N0,L1,claim_binding-2-full,claim_binding-2,development,full,0,DENY,DENY,True,True,
N0,L2,claim_binding-2-full,claim_binding-2,development,full,0,DENY,DENY,True,False,N0/claim_binding-2-full/0/L1
N0,L0,current_request-3-full,current_request-3,calibration,full,1,ALLOW,DENY,False,True,
N0,L1,current_request-3-full,current_request-3,calibration,full,1,ALLOW,ALLOW,True,True,
N0,L2,current_request-3-full,current_request-3,calibration,full,1,ALLOW,ALLOW,True,False,N0/current_request-3-full/1/L1
N0,L0,claim_binding-2-missing,claim_binding-2,development,missing,0,INSUFFICIENT,DENY,False,True,
N0,L1,claim_binding-2-missing,claim_binding-2,development,missing,0,INSUFFICIENT,DENY,False,True,
N0,L2,claim_binding-2-missing,claim_binding-2,development,missing,0,INSUFFICIENT,DENY,False,False,N0/claim_binding-2-missing/0/L1
N0,L0,claim_binding-2-full,claim_binding-2,development,full,2,DENY,DENY,True,True,
N0,L1,claim_binding-2-full,claim_binding-2,development,full,2,DENY,DENY,True,True,
N0,L2,claim_binding-2-full,claim_binding-2,development,full,2,DENY,DENY,True,False,N0/claim_binding-2-full/2/L1
N0,L0,owner_scope-1-missing,owner_scope-1,development,missing,0,INSUFFICIENT,DENY,False,True,
N0,L1,owner_scope-1-missing,owner_scope-1,development,missing,0,INSUFFICIENT,DENY,False,True,
N0,L2,owner_scope-1-missing,owner_scope-1,development,missing,0,INSUFFICIENT,DENY,False,False,N0/owner_scope-1-missing/0/L1
N0,L0,current_request-3-missing,current_request-3,calibration,missing,1,INSUFFICIENT,DENY,False,True,
N0,L1,current_request-3-missing,current_request-3,calibration,missing,1,INSUFFICIENT,DENY,False,True,
N0,L2,current_request-3-missing,current_request-3,calibration,missing,1,INSUFFICIENT,DENY,False,False,N0/current_request-3-missing/1/L1
N0,L0,current_request-8-hold,current_request-8,exploratory_test,hold,1,DENY,DENY,True,True,
N0,L1,current_request-8-hold,current_request-8,exploratory_test,hold,1,DENY,DENY,True,True,
N0,L2,current_request-8-hold,current_request-8,exploratory_test,hold,1,DENY,DENY,True,False,N0/current_request-8-hold/1/L1
N0,L0,claim_binding-1-full,claim_binding-1,development,full,1,ALLOW,ALLOW,True,True,
N0,L1,claim_binding-1-full,claim_binding-1,development,full,1,ALLOW,ALLOW,True,True,
N0,L2,claim_binding-1-full,claim_binding-1,development,full,1,ALLOW,ALLOW,True,False,N0/claim_binding-1-full/1/L1
N0,L0,owner_scope-8-flip,owner_scope-8,exploratory_test,flip,1,ALLOW,DENY,False,True,
N0,L1,owner_scope-8-flip,owner_scope-8,exploratory_test,flip,1,ALLOW,ALLOW,True,True,
N0,L2,owner_scope-8-flip,owner_scope-8,exploratory_test,flip,1,ALLOW,ALLOW,True,False,N0/owner_scope-8-flip/1/L1
N0,L0,owner_scope-5-full,owner_scope-5,exploratory_test,full,2,ALLOW,ALLOW,True,True,
N0,L1,owner_scope-5-full,owner_scope-5,exploratory_test,full,2,ALLOW,ALLOW,True,True,
N0,L2,owner_scope-5-full,owner_scope-5,exploratory_test,full,2,ALLOW,ALLOW,True,False,N0/owner_scope-5-full/2/L1
N0,L0,current_request-7-missing,current_request-7,exploratory_test,missing,2,INSUFFICIENT,DENY,False,True,
N0,L1,current_request-7-missing,current_request-7,exploratory_test,missing,2,INSUFFICIENT,DENY,False,True,
N0,L2,current_request-7-missing,current_request-7,exploratory_test,missing,2,INSUFFICIENT,DENY,False,False,N0/current_request-7-missing/2/L1
N0,L0,current_request-8-missing,current_request-8,exploratory_test,missing,1,INSUFFICIENT,DENY,False,True,
N0,L1,current_request-8-missing,current_request-8,exploratory_test,missing,1,INSUFFICIENT,DENY,False,True,
N0,L2,current_request-8-missing,current_request-8,exploratory_test,missing,1,INSUFFICIENT,DENY,False,False,N0/current_request-8-missing/1/L1
N0,L0,current_request-3-flip,current_request-3,calibration,flip,1,DENY,DENY,True,True,
N0,L1,current_request-3-flip,current_request-3,calibration,flip,1,DENY,DENY,True,True,
N0,L2,current_request-3-flip,current_request-3,calibration,flip,1,DENY,DENY,True,False,N0/current_request-3-flip/1/L1
N0,L0,owner_scope-7-flip,owner_scope-7,exploratory_test,flip,2,DENY,DENY,True,True,
N0,L1,owner_scope-7-flip,owner_scope-7,exploratory_test,flip,2,DENY,DENY,True,True,
N0,L2,owner_scope-7-flip,owner_scope-7,exploratory_test,flip,2,DENY,DENY,True,False,N0/owner_scope-7-flip/2/L1
N0,L0,owner_scope-1-full,owner_scope-1,development,full,0,ALLOW,ALLOW,True,True,
N0,L1,owner_scope-1-full,owner_scope-1,development,full,0,ALLOW,ALLOW,True,True,
N0,L2,owner_scope-1-full,owner_scope-1,development,full,0,ALLOW,ALLOW,True,False,N0/owner_scope-1-full/0/L1
N0,L0,owner_scope-6-full,owner_scope-6,exploratory_test,full,1,DENY,DENY,True,True,
N0,L1,owner_scope-6-full,owner_scope-6,exploratory_test,full,1,DENY,DENY,True,True,
N0,L2,owner_scope-6-full,owner_scope-6,exploratory_test,full,1,DENY,DENY,True,False,N0/owner_scope-6-full/1/L1
N0,L0,current_request-4-hold,current_request-4,calibration,hold,1,DENY,DENY,True,True,
N0,L1,current_request-4-hold,current_request-4,calibration,hold,1,DENY,DENY,True,True,
N0,L2,current_request-4-hold,current_request-4,calibration,hold,1,DENY,DENY,True,False,N0/current_request-4-hold/1/L1
N0,L0,claim_binding-5-missing,claim_binding-5,exploratory_test,missing,0,INSUFFICIENT,ALLOW,False,True,
N0,L1,claim_binding-5-missing,claim_binding-5,exploratory_test,missing,0,INSUFFICIENT,DENY,False,True,
N0,L2,claim_binding-5-missing,claim_binding-5,exploratory_test,missing,0,INSUFFICIENT,DENY,False,False,N0/claim_binding-5-missing/0/L1
N0,L0,claim_binding-8-missing,claim_binding-8,exploratory_test,missing,0,INSUFFICIENT,DENY,False,True,
N0,L1,claim_binding-8-missing,claim_binding-8,exploratory_test,missing,0,INSUFFICIENT,DENY,False,True,
N0,L2,claim_binding-8-missing,claim_binding-8,exploratory_test,missing,0,INSUFFICIENT,DENY,False,False,N0/claim_binding-8-missing/0/L1
N0,L0,current_request-1-missing,current_request-1,development,missing,2,INSUFFICIENT,DENY,False,True,
N0,L1,current_request-1-missing,current_request-1,development,missing,2,INSUFFICIENT,DENY,False,True,
N0,L2,current_request-1-missing,current_request-1,development,missing,2,INSUFFICIENT,DENY,False,False,N0/current_request-1-missing/2/L1
N0,L0,claim_binding-1-flip,claim_binding-1,development,flip,0,DENY,DENY,True,True,
N0,L1,claim_binding-1-flip,claim_binding-1,development,flip,0,DENY,DENY,True,True,
N0,L2,claim_binding-1-flip,claim_binding-1,development,flip,0,DENY,DENY,True,False,N0/claim_binding-1-flip/0/L1
N0,L0,claim_binding-8-full,claim_binding-8,exploratory_test,full,2,DENY,DENY,True,True,
N0,L1,claim_binding-8-full,claim_binding-8,exploratory_test,full,2,DENY,DENY,True,True,
N0,L2,claim_binding-8-full,claim_binding-8,exploratory_test,full,2,DENY,DENY,True,False,N0/claim_binding-8-full/2/L1
N0,L0,owner_scope-6-flip,owner_scope-6,exploratory_test,flip,2,ALLOW,ALLOW,True,True,
N0,L1,owner_scope-6-flip,owner_scope-6,exploratory_test,flip,2,ALLOW,ALLOW,True,True,
N0,L2,owner_scope-6-flip,owner_scope-6,exploratory_test,flip,2,ALLOW,ALLOW,True,False,N0/owner_scope-6-flip/2/L1
N0,L0,owner_scope-5-flip,owner_scope-5,exploratory_test,flip,0,DENY,DENY,True,True,
N0,L1,owner_scope-5-flip,owner_scope-5,exploratory_test,flip,0,DENY,DENY,True,True,
N0,L2,owner_scope-5-flip,owner_scope-5,exploratory_test,flip,0,DENY,DENY,True,False,N0/owner_scope-5-flip/0/L1
N0,L0,owner_scope-5-missing,owner_scope-5,exploratory_test,missing,1,INSUFFICIENT,DENY,False,True,
N0,L1,owner_scope-5-missing,owner_scope-5,exploratory_test,missing,1,INSUFFICIENT,DENY,False,True,
N0,L2,owner_scope-5-missing,owner_scope-5,exploratory_test,missing,1,INSUFFICIENT,DENY,False,False,N0/owner_scope-5-missing/1/L1
N0,L0,claim_binding-3-flip,claim_binding-3,calibration,flip,1,DENY,DENY,True,True,
N0,L1,claim_binding-3-flip,claim_binding-3,calibration,flip,1,DENY,DENY,True,True,
N0,L2,claim_binding-3-flip,claim_binding-3,calibration,flip,1,DENY,DENY,True,False,N0/claim_binding-3-flip/1/L1
N0,L0,current_request-2-full,current_request-2,development,full,0,DENY,DENY,True,True,
N0,L1,current_request-2-full,current_request-2,development,full,0,DENY,DENY,True,True,
N0,L2,current_request-2-full,current_request-2,development,full,0,DENY,DENY,True,False,N0/current_request-2-full/0/L1
N0,L0,current_request-2-flip,current_request-2,development,flip,0,ALLOW,ALLOW,True,True,
N0,L1,current_request-2-flip,current_request-2,development,flip,0,ALLOW,ALLOW,True,True,
N0,L2,current_request-2-flip,current_request-2,development,flip,0,ALLOW,ALLOW,True,False,N0/current_request-2-flip/0/L1
N0,L0,claim_binding-2-flip,claim_binding-2,development,flip,1,ALLOW,DENY,False,True,
N0,L1,claim_binding-2-flip,claim_binding-2,development,flip,1,ALLOW,ALLOW,True,True,
N0,L2,claim_binding-2-flip,claim_binding-2,development,flip,1,ALLOW,ALLOW,True,False,N0/claim_binding-2-flip/1/L1
N0,L0,owner_scope-7-flip,owner_scope-7,exploratory_test,flip,0,DENY,DENY,True,True,
N0,L1,owner_scope-7-flip,owner_scope-7,exploratory_test,flip,0,DENY,DENY,True,True,
N0,L2,owner_scope-7-flip,owner_scope-7,exploratory_test,flip,0,DENY,DENY,True,False,N0/owner_scope-7-flip/0/L1
N0,L0,current_request-8-missing,current_request-8,exploratory_test,missing,0,INSUFFICIENT,ALLOW,False,True,
N0,L1,current_request-8-missing,current_request-8,exploratory_test,missing,0,INSUFFICIENT,DENY,False,True,
N0,L2,current_request-8-missing,current_request-8,exploratory_test,missing,0,INSUFFICIENT,DENY,False,False,N0/current_request-8-missing/0/L1
N0,L0,claim_binding-2-flip,claim_binding-2,development,flip,0,ALLOW,ALLOW,True,True,
N0,L1,claim_binding-2-flip,claim_binding-2,development,flip,0,ALLOW,ALLOW,True,True,
N0,L2,claim_binding-2-flip,claim_binding-2,development,flip,0,ALLOW,ALLOW,True,False,N0/claim_binding-2-flip/0/L1
N0,L0,owner_scope-5-missing,owner_scope-5,exploratory_test,missing,0,INSUFFICIENT,DENY,False,True,
N0,L1,owner_scope-5-missing,owner_scope-5,exploratory_test,missing,0,INSUFFICIENT,DENY,False,True,
N0,L2,owner_scope-5-missing,owner_scope-5,exploratory_test,missing,0,INSUFFICIENT,DENY,False,False,N0/owner_scope-5-missing/0/L1
N0,L0,owner_scope-2-full,owner_scope-2,development,full,2,DENY,DENY,True,True,
N0,L1,owner_scope-2-full,owner_scope-2,development,full,2,DENY,DENY,True,True,
N0,L2,owner_scope-2-full,owner_scope-2,development,full,2,DENY,DENY,True,False,N0/owner_scope-2-full/2/L1
N0,L0,current_request-1-missing,current_request-1,development,missing,0,INSUFFICIENT,DENY,False,True,
N0,L1,current_request-1-missing,current_request-1,development,missing,0,INSUFFICIENT,DENY,False,True,
N0,L2,current_request-1-missing,current_request-1,development,missing,0,INSUFFICIENT,DENY,False,False,N0/current_request-1-missing/0/L1
N0,L0,current_request-3-full,current_request-3,calibration,full,0,ALLOW,DENY,False,True,
N0,L1,current_request-3-full,current_request-3,calibration,full,0,ALLOW,ALLOW,True,True,
N0,L2,current_request-3-full,current_request-3,calibration,full,0,ALLOW,ALLOW,True,False,N0/current_request-3-full/0/L1
N0,L0,claim_binding-4-missing,claim_binding-4,calibration,missing,2,INSUFFICIENT,DENY,False,True,
N0,L1,claim_binding-4-missing,claim_binding-4,calibration,missing,2,INSUFFICIENT,DENY,False,True,
N0,L2,claim_binding-4-missing,claim_binding-4,calibration,missing,2,INSUFFICIENT,DENY,False,False,N0/claim_binding-4-missing/2/L1
N0,L0,current_request-1-missing,current_request-1,development,missing,1,INSUFFICIENT,DENY,False,True,
N0,L1,current_request-1-missing,current_request-1,development,missing,1,INSUFFICIENT,DENY,False,True,
N0,L2,current_request-1-missing,current_request-1,development,missing,1,INSUFFICIENT,DENY,False,False,N0/current_request-1-missing/1/L1
N0,L0,claim_binding-1-missing,claim_binding-1,development,missing,2,INSUFFICIENT,DENY,False,True,
N0,L1,claim_binding-1-missing,claim_binding-1,development,missing,2,INSUFFICIENT,DENY,False,True,
N0,L2,claim_binding-1-missing,claim_binding-1,development,missing,2,INSUFFICIENT,DENY,False,False,N0/claim_binding-1-missing/2/L1
N0,L0,current_request-7-hold,current_request-7,exploratory_test,hold,1,ALLOW,DENY,False,True,
N0,L1,current_request-7-hold,current_request-7,exploratory_test,hold,1,ALLOW,ALLOW,True,True,
N0,L2,current_request-7-hold,current_request-7,exploratory_test,hold,1,ALLOW,ALLOW,True,False,N0/current_request-7-hold/1/L1
N0,L0,owner_scope-7-full,owner_scope-7,exploratory_test,full,2,ALLOW,ALLOW,True,True,
N0,L1,owner_scope-7-full,owner_scope-7,exploratory_test,full,2,ALLOW,ALLOW,True,True,
N0,L2,owner_scope-7-full,owner_scope-7,exploratory_test,full,2,ALLOW,ALLOW,True,False,N0/owner_scope-7-full/2/L1
N0,L0,current_request-2-flip,current_request-2,development,flip,1,ALLOW,DENY,False,True,
N0,L1,current_request-2-flip,current_request-2,development,flip,1,ALLOW,ALLOW,True,True,
N0,L2,current_request-2-flip,current_request-2,development,flip,1,ALLOW,ALLOW,True,False,N0/current_request-2-flip/1/L1
N0,L0,owner_scope-7-flip,owner_scope-7,exploratory_test,flip,1,DENY,DENY,True,True,
N0,L1,owner_scope-7-flip,owner_scope-7,exploratory_test,flip,1,DENY,DENY,True,True,
N0,L2,owner_scope-7-flip,owner_scope-7,exploratory_test,flip,1,DENY,DENY,True,False,N0/owner_scope-7-flip/1/L1
N0,L0,claim_binding-2-missing,claim_binding-2,development,missing,2,INSUFFICIENT,DENY,False,True,
N0,L1,claim_binding-2-missing,claim_binding-2,development,missing,2,INSUFFICIENT,DENY,False,True,
N0,L2,claim_binding-2-missing,claim_binding-2,development,missing,2,INSUFFICIENT,DENY,False,False,N0/claim_binding-2-missing/2/L1
N0,L0,current_request-6-missing,current_request-6,exploratory_test,missing,1,INSUFFICIENT,DENY,False,True,
N0,L1,current_request-6-missing,current_request-6,exploratory_test,missing,1,INSUFFICIENT,DENY,False,True,
N0,L2,current_request-6-missing,current_request-6,exploratory_test,missing,1,INSUFFICIENT,DENY,False,False,N0/current_request-6-missing/1/L1
N0,L0,owner_scope-5-hold,owner_scope-5,exploratory_test,hold,1,ALLOW,DENY,False,True,
N0,L1,owner_scope-5-hold,owner_scope-5,exploratory_test,hold,1,ALLOW,DENY,False,True,
N0,L2,owner_scope-5-hold,owner_scope-5,exploratory_test,hold,1,ALLOW,DENY,False,False,N0/owner_scope-5-hold/1/L1
N0,L0,claim_binding-7-flip,claim_binding-7,exploratory_test,flip,1,DENY,DENY,True,True,
N0,L1,claim_binding-7-flip,claim_binding-7,exploratory_test,flip,1,DENY,DENY,True,True,
N0,L2,claim_binding-7-flip,claim_binding-7,exploratory_test,flip,1,DENY,DENY,True,False,N0/claim_binding-7-flip/1/L1
N0,L0,claim_binding-3-full,claim_binding-3,calibration,full,1,ALLOW,ALLOW,True,True,
N0,L1,claim_binding-3-full,claim_binding-3,calibration,full,1,ALLOW,ALLOW,True,True,
N0,L2,claim_binding-3-full,claim_binding-3,calibration,full,1,ALLOW,ALLOW,True,False,N0/claim_binding-3-full/1/L1
N0,L0,current_request-2-missing,current_request-2,development,missing,2,INSUFFICIENT,ALLOW,False,True,
N0,L1,current_request-2-missing,current_request-2,development,missing,2,INSUFFICIENT,DENY,False,True,
N0,L2,current_request-2-missing,current_request-2,development,missing,2,INSUFFICIENT,DENY,False,False,N0/current_request-2-missing/2/L1
N0,L0,current_request-5-hold,current_request-5,exploratory_test,hold,1,ALLOW,DENY,False,True,
N0,L1,current_request-5-hold,current_request-5,exploratory_test,hold,1,ALLOW,ALLOW,True,True,
N0,L2,current_request-5-hold,current_request-5,exploratory_test,hold,1,ALLOW,ALLOW,True,False,N0/current_request-5-hold/1/L1
N0,L0,current_request-5-full,current_request-5,exploratory_test,full,1,ALLOW,DENY,False,True,
N0,L1,current_request-5-full,current_request-5,exploratory_test,full,1,ALLOW,ALLOW,True,True,
N0,L2,current_request-5-full,current_request-5,exploratory_test,full,1,ALLOW,ALLOW,True,False,N0/current_request-5-full/1/L1
N0,L0,current_request-5-flip,current_request-5,exploratory_test,flip,2,DENY,DENY,True,True,
N0,L1,current_request-5-flip,current_request-5,exploratory_test,flip,2,DENY,DENY,True,True,
N0,L2,current_request-5-flip,current_request-5,exploratory_test,flip,2,DENY,DENY,True,False,N0/current_request-5-flip/2/L1
N0,L0,owner_scope-5-hold,owner_scope-5,exploratory_test,hold,2,ALLOW,DENY,False,True,
N0,L1,owner_scope-5-hold,owner_scope-5,exploratory_test,hold,2,ALLOW,DENY,False,True,
N0,L2,owner_scope-5-hold,owner_scope-5,exploratory_test,hold,2,ALLOW,DENY,False,False,N0/owner_scope-5-hold/2/L1
N0,L0,claim_binding-5-flip,claim_binding-5,exploratory_test,flip,0,DENY,DENY,True,True,
N0,L1,claim_binding-5-flip,claim_binding-5,exploratory_test,flip,0,DENY,DENY,True,True,
N0,L2,claim_binding-5-flip,claim_binding-5,exploratory_test,flip,0,DENY,DENY,True,False,N0/claim_binding-5-flip/0/L1
N0,L0,claim_binding-8-hold,claim_binding-8,exploratory_test,hold,0,DENY,DENY,True,True,
N0,L1,claim_binding-8-hold,claim_binding-8,exploratory_test,hold,0,DENY,DENY,True,True,
N0,L2,claim_binding-8-hold,claim_binding-8,exploratory_test,hold,0,DENY,DENY,True,False,N0/claim_binding-8-hold/0/L1
N0,L0,claim_binding-6-full,claim_binding-6,exploratory_test,full,0,DENY,DENY,True,True,
N0,L1,claim_binding-6-full,claim_binding-6,exploratory_test,full,0,DENY,DENY,True,True,
N0,L2,claim_binding-6-full,claim_binding-6,exploratory_test,full,0,DENY,DENY,True,False,N0/claim_binding-6-full/0/L1
N0,L0,current_request-1-flip,current_request-1,development,flip,0,DENY,DENY,True,True,
N0,L1,current_request-1-flip,current_request-1,development,flip,0,DENY,DENY,True,True,
N0,L2,current_request-1-flip,current_request-1,development,flip,0,DENY,DENY,True,False,N0/current_request-1-flip/0/L1
N0,L0,current_request-4-missing,current_request-4,calibration,missing,1,INSUFFICIENT,DENY,False,True,
N0,L1,current_request-4-missing,current_request-4,calibration,missing,1,INSUFFICIENT,ALLOW,False,True,
N0,L2,current_request-4-missing,current_request-4,calibration,missing,1,INSUFFICIENT,ALLOW,False,False,N0/current_request-4-missing/1/L1
N0,L0,owner_scope-1-hold,owner_scope-1,development,hold,1,ALLOW,DENY,False,True,
N0,L1,owner_scope-1-hold,owner_scope-1,development,hold,1,ALLOW,DENY,False,True,
N0,L2,owner_scope-1-hold,owner_scope-1,development,hold,1,ALLOW,DENY,False,False,N0/owner_scope-1-hold/1/L1
N0,L0,owner_scope-6-missing,owner_scope-6,exploratory_test,missing,2,INSUFFICIENT,ALLOW,False,True,
N0,L1,owner_scope-6-missing,owner_scope-6,exploratory_test,missing,2,INSUFFICIENT,ALLOW,False,True,
N0,L2,owner_scope-6-missing,owner_scope-6,exploratory_test,missing,2,INSUFFICIENT,ALLOW,False,False,N0/owner_scope-6-missing/2/L1
N0,L0,owner_scope-3-hold,owner_scope-3,calibration,hold,0,ALLOW,DENY,False,True,
N0,L1,owner_scope-3-hold,owner_scope-3,calibration,hold,0,ALLOW,DENY,False,True,
N0,L2,owner_scope-3-hold,owner_scope-3,calibration,hold,0,ALLOW,DENY,False,False,N0/owner_scope-3-hold/0/L1
N0,L0,claim_binding-1-flip,claim_binding-1,development,flip,2,DENY,DENY,True,True,
N0,L1,claim_binding-1-flip,claim_binding-1,development,flip,2,DENY,DENY,True,True,
N0,L2,claim_binding-1-flip,claim_binding-1,development,flip,2,DENY,DENY,True,False,N0/claim_binding-1-flip/2/L1
N0,L0,claim_binding-8-hold,claim_binding-8,exploratory_test,hold,2,DENY,DENY,True,True,
N0,L1,claim_binding-8-hold,claim_binding-8,exploratory_test,hold,2,DENY,DENY,True,True,
N0,L2,claim_binding-8-hold,claim_binding-8,exploratory_test,hold,2,DENY,DENY,True,False,N0/claim_binding-8-hold/2/L1
N0,L0,owner_scope-5-missing,owner_scope-5,exploratory_test,missing,2,INSUFFICIENT,DENY,False,True,
N0,L1,owner_scope-5-missing,owner_scope-5,exploratory_test,missing,2,INSUFFICIENT,DENY,False,True,
N0,L2,owner_scope-5-missing,owner_scope-5,exploratory_test,missing,2,INSUFFICIENT,DENY,False,False,N0/owner_scope-5-missing/2/L1
N0,L0,claim_binding-6-hold,claim_binding-6,exploratory_test,hold,0,DENY,DENY,True,True,
N0,L1,claim_binding-6-hold,claim_binding-6,exploratory_test,hold,0,DENY,DENY,True,True,
N0,L2,claim_binding-6-hold,claim_binding-6,exploratory_test,hold,0,DENY,DENY,True,False,N0/claim_binding-6-hold/0/L1
N0,L0,owner_scope-8-hold,owner_scope-8,exploratory_test,hold,2,DENY,DENY,True,True,
N0,L1,owner_scope-8-hold,owner_scope-8,exploratory_test,hold,2,DENY,DENY,True,True,
N0,L2,owner_scope-8-hold,owner_scope-8,exploratory_test,hold,2,DENY,DENY,True,False,N0/owner_scope-8-hold/2/L1
N0,L0,owner_scope-2-missing,owner_scope-2,development,missing,1,INSUFFICIENT,ALLOW,False,True,
N0,L1,owner_scope-2-missing,owner_scope-2,development,missing,1,INSUFFICIENT,DENY,False,True,
N0,L2,owner_scope-2-missing,owner_scope-2,development,missing,1,INSUFFICIENT,DENY,False,False,N0/owner_scope-2-missing/1/L1
N0,L0,current_request-5-full,current_request-5,exploratory_test,full,0,ALLOW,ALLOW,True,True,
N0,L1,current_request-5-full,current_request-5,exploratory_test,full,0,ALLOW,ALLOW,True,True,
N0,L2,current_request-5-full,current_request-5,exploratory_test,full,0,ALLOW,ALLOW,True,False,N0/current_request-5-full/0/L1
N0,L0,claim_binding-7-hold,claim_binding-7,exploratory_test,hold,0,ALLOW,ALLOW,True,True,
N0,L1,claim_binding-7-hold,claim_binding-7,exploratory_test,hold,0,ALLOW,ALLOW,True,True,
N0,L2,claim_binding-7-hold,claim_binding-7,exploratory_test,hold,0,ALLOW,ALLOW,True,False,N0/claim_binding-7-hold/0/L1
N0,L0,owner_scope-4-hold,owner_scope-4,calibration,hold,2,DENY,DENY,True,True,
N0,L1,owner_scope-4-hold,owner_scope-4,calibration,hold,2,DENY,DENY,True,True,
N0,L2,owner_scope-4-hold,owner_scope-4,calibration,hold,2,DENY,DENY,True,False,N0/owner_scope-4-hold/2/L1
N0,L0,current_request-7-hold,current_request-7,exploratory_test,hold,2,ALLOW,DENY,False,True,
N0,L1,current_request-7-hold,current_request-7,exploratory_test,hold,2,ALLOW,ALLOW,True,True,
N0,L2,current_request-7-hold,current_request-7,exploratory_test,hold,2,ALLOW,ALLOW,True,False,N0/current_request-7-hold/2/L1
N0,L0,claim_binding-3-hold,claim_binding-3,calibration,hold,2,ALLOW,ALLOW,True,True,
N0,L1,claim_binding-3-hold,claim_binding-3,calibration,hold,2,ALLOW,ALLOW,True,True,
N0,L2,claim_binding-3-hold,claim_binding-3,calibration,hold,2,ALLOW,ALLOW,True,False,N0/claim_binding-3-hold/2/L1
N0,L0,current_request-4-flip,current_request-4,calibration,flip,0,ALLOW,ALLOW,True,True,
N0,L1,current_request-4-flip,current_request-4,calibration,flip,0,ALLOW,ALLOW,True,True,
N0,L2,current_request-4-flip,current_request-4,calibration,flip,0,ALLOW,ALLOW,True,False,N0/current_request-4-flip/0/L1
N0,L0,current_request-1-hold,current_request-1,development,hold,1,ALLOW,DENY,False,True,
N0,L1,current_request-1-hold,current_request-1,development,hold,1,ALLOW,ALLOW,True,True,
N0,L2,current_request-1-hold,current_request-1,development,hold,1,ALLOW,ALLOW,True,False,N0/current_request-1-hold/1/L1
N0,L0,owner_scope-2-hold,owner_scope-2,development,hold,0,DENY,DENY,True,True,
N0,L1,owner_scope-2-hold,owner_scope-2,development,hold,0,DENY,DENY,True,True,
N0,L2,owner_scope-2-hold,owner_scope-2,development,hold,0,DENY,DENY,True,False,N0/owner_scope-2-hold/0/L1
N0,L0,claim_binding-5-missing,claim_binding-5,exploratory_test,missing,1,INSUFFICIENT,DENY,False,True,
N0,L1,claim_binding-5-missing,claim_binding-5,exploratory_test,missing,1,INSUFFICIENT,DENY,False,True,
N0,L2,claim_binding-5-missing,claim_binding-5,exploratory_test,missing,1,INSUFFICIENT,DENY,False,False,N0/claim_binding-5-missing/1/L1
N0,L0,owner_scope-4-flip,owner_scope-4,calibration,flip,2,ALLOW,DENY,False,True,
N0,L1,owner_scope-4-flip,owner_scope-4,calibration,flip,2,ALLOW,ALLOW,True,True,
N0,L2,owner_scope-4-flip,owner_scope-4,calibration,flip,2,ALLOW,ALLOW,True,False,N0/owner_scope-4-flip/2/L1
N0,L0,current_request-7-full,current_request-7,exploratory_test,full,0,ALLOW,ALLOW,True,True,
N0,L1,current_request-7-full,current_request-7,exploratory_test,full,0,ALLOW,ALLOW,True,True,
N0,L2,current_request-7-full,current_request-7,exploratory_test,full,0,ALLOW,ALLOW,True,False,N0/current_request-7-full/0/L1
N0,L0,claim_binding-7-flip,claim_binding-7,exploratory_test,flip,0,DENY,DENY,True,True,
N0,L1,claim_binding-7-flip,claim_binding-7,exploratory_test,flip,0,DENY,DENY,True,True,
N0,L2,claim_binding-7-flip,claim_binding-7,exploratory_test,flip,0,DENY,DENY,True,False,N0/claim_binding-7-flip/0/L1
N0,L0,owner_scope-3-full,owner_scope-3,calibration,full,0,ALLOW,DENY,False,True,
N0,L1,owner_scope-3-full,owner_scope-3,calibration,full,0,ALLOW,ALLOW,True,True,
N0,L2,owner_scope-3-full,owner_scope-3,calibration,full,0,ALLOW,ALLOW,True,False,N0/owner_scope-3-full/0/L1
N0,L0,claim_binding-4-full,claim_binding-4,calibration,full,0,DENY,DENY,True,True,
N0,L1,claim_binding-4-full,claim_binding-4,calibration,full,0,DENY,DENY,True,True,
N0,L2,claim_binding-4-full,claim_binding-4,calibration,full,0,DENY,DENY,True,False,N0/claim_binding-4-full/0/L1
N0,L0,current_request-3-missing,current_request-3,calibration,missing,0,INSUFFICIENT,DENY,False,True,
N0,L1,current_request-3-missing,current_request-3,calibration,missing,0,INSUFFICIENT,DENY,False,True,
N0,L2,current_request-3-missing,current_request-3,calibration,missing,0,INSUFFICIENT,DENY,False,False,N0/current_request-3-missing/0/L1
N0,L0,owner_scope-3-flip,owner_scope-3,calibration,flip,0,DENY,DENY,True,True,
N0,L1,owner_scope-3-flip,owner_scope-3,calibration,flip,0,DENY,DENY,True,True,
N0,L2,owner_scope-3-flip,owner_scope-3,calibration,flip,0,DENY,DENY,True,False,N0/owner_scope-3-flip/0/L1
N0,L0,owner_scope-2-flip,owner_scope-2,development,flip,1,ALLOW,DENY,False,True,
N0,L1,owner_scope-2-flip,owner_scope-2,development,flip,1,ALLOW,ALLOW,True,True,
N0,L2,owner_scope-2-flip,owner_scope-2,development,flip,1,ALLOW,ALLOW,True,False,N0/owner_scope-2-flip/1/L1
N0,L0,owner_scope-3-hold,owner_scope-3,calibration,hold,1,ALLOW,DENY,False,True,
N0,L1,owner_scope-3-hold,owner_scope-3,calibration,hold,1,ALLOW,DENY,False,True,
N0,L2,owner_scope-3-hold,owner_scope-3,calibration,hold,1,ALLOW,DENY,False,False,N0/owner_scope-3-hold/1/L1
N0,L0,claim_binding-1-hold,claim_binding-1,development,hold,2,ALLOW,DENY,False,True,
N0,L1,claim_binding-1-hold,claim_binding-1,development,hold,2,ALLOW,ALLOW,True,True,
N0,L2,claim_binding-1-hold,claim_binding-1,development,hold,2,ALLOW,ALLOW,True,False,N0/claim_binding-1-hold/2/L1
N0,L0,owner_scope-5-full,owner_scope-5,exploratory_test,full,1,ALLOW,DENY,False,True,
N0,L1,owner_scope-5-full,owner_scope-5,exploratory_test,full,1,ALLOW,ALLOW,True,True,
N0,L2,owner_scope-5-full,owner_scope-5,exploratory_test,full,1,ALLOW,ALLOW,True,False,N0/owner_scope-5-full/1/L1
N0,L0,claim_binding-4-full,claim_binding-4,calibration,full,2,DENY,DENY,True,True,
N0,L1,claim_binding-4-full,claim_binding-4,calibration,full,2,DENY,DENY,True,True,
N0,L2,claim_binding-4-full,claim_binding-4,calibration,full,2,DENY,DENY,True,False,N0/claim_binding-4-full/2/L1
N0,L0,claim_binding-4-flip,claim_binding-4,calibration,flip,1,ALLOW,ALLOW,True,True,
N0,L1,claim_binding-4-flip,claim_binding-4,calibration,flip,1,ALLOW,ALLOW,True,True,
N0,L2,claim_binding-4-flip,claim_binding-4,calibration,flip,1,ALLOW,ALLOW,True,False,N0/claim_binding-4-flip/1/L1
N0,L0,claim_binding-8-flip,claim_binding-8,exploratory_test,flip,0,ALLOW,ALLOW,True,True,
N0,L1,claim_binding-8-flip,claim_binding-8,exploratory_test,flip,0,ALLOW,ALLOW,True,True,
N0,L2,claim_binding-8-flip,claim_binding-8,exploratory_test,flip,0,ALLOW,ALLOW,True,False,N0/claim_binding-8-flip/0/L1
N0,L0,current_request-7-missing,current_request-7,exploratory_test,missing,0,INSUFFICIENT,DENY,False,True,
N0,L1,current_request-7-missing,current_request-7,exploratory_test,missing,0,INSUFFICIENT,DENY,False,True,
N0,L2,current_request-7-missing,current_request-7,exploratory_test,missing,0,INSUFFICIENT,DENY,False,False,N0/current_request-7-missing/0/L1
N0,L0,current_request-8-flip,current_request-8,exploratory_test,flip,1,ALLOW,DENY,False,True,
N0,L1,current_request-8-flip,current_request-8,exploratory_test,flip,1,ALLOW,ALLOW,True,True,
N0,L2,current_request-8-flip,current_request-8,exploratory_test,flip,1,ALLOW,ALLOW,True,False,N0/current_request-8-flip/1/L1
N0,L0,claim_binding-5-flip,claim_binding-5,exploratory_test,flip,2,DENY,DENY,True,True,
N0,L1,claim_binding-5-flip,claim_binding-5,exploratory_test,flip,2,DENY,DENY,True,True,
N0,L2,claim_binding-5-flip,claim_binding-5,exploratory_test,flip,2,DENY,DENY,True,False,N0/claim_binding-5-flip/2/L1
N0,L0,claim_binding-3-full,claim_binding-3,calibration,full,0,ALLOW,ALLOW,True,True,
N0,L1,claim_binding-3-full,claim_binding-3,calibration,full,0,ALLOW,ALLOW,True,True,
N0,L2,claim_binding-3-full,claim_binding-3,calibration,full,0,ALLOW,ALLOW,True,False,N0/claim_binding-3-full/0/L1
N0,L0,owner_scope-2-hold,owner_scope-2,development,hold,1,DENY,DENY,True,True,
N0,L1,owner_scope-2-hold,owner_scope-2,development,hold,1,DENY,DENY,True,True,
N0,L2,owner_scope-2-hold,owner_scope-2,development,hold,1,DENY,DENY,True,False,N0/owner_scope-2-hold/1/L1
N0,L0,current_request-2-full,current_request-2,development,full,1,DENY,DENY,True,True,
N0,L1,current_request-2-full,current_request-2,development,full,1,DENY,DENY,True,True,
N0,L2,current_request-2-full,current_request-2,development,full,1,DENY,DENY,True,False,N0/current_request-2-full/1/L1
N0,L0,owner_scope-3-hold,owner_scope-3,calibration,hold,2,ALLOW,DENY,False,True,
N0,L1,owner_scope-3-hold,owner_scope-3,calibration,hold,2,ALLOW,DENY,False,True,
N0,L2,owner_scope-3-hold,owner_scope-3,calibration,hold,2,ALLOW,DENY,False,False,N0/owner_scope-3-hold/2/L1
N0,L0,owner_scope-1-hold,owner_scope-1,development,hold,2,ALLOW,DENY,False,True,
N0,L1,owner_scope-1-hold,owner_scope-1,development,hold,2,ALLOW,DENY,False,True,
N0,L2,owner_scope-1-hold,owner_scope-1,development,hold,2,ALLOW,DENY,False,False,N0/owner_scope-1-hold/2/L1
N0,L0,owner_scope-8-hold,owner_scope-8,exploratory_test,hold,1,DENY,DENY,True,True,
N0,L1,owner_scope-8-hold,owner_scope-8,exploratory_test,hold,1,DENY,DENY,True,True,
N0,L2,owner_scope-8-hold,owner_scope-8,exploratory_test,hold,1,DENY,DENY,True,False,N0/owner_scope-8-hold/1/L1
N0,L0,current_request-8-full,current_request-8,exploratory_test,full,2,DENY,DENY,True,True,
N0,L1,current_request-8-full,current_request-8,exploratory_test,full,2,DENY,DENY,True,True,
N0,L2,current_request-8-full,current_request-8,exploratory_test,full,2,DENY,DENY,True,False,N0/current_request-8-full/2/L1
N0,L0,owner_scope-8-missing,owner_scope-8,exploratory_test,missing,1,INSUFFICIENT,ALLOW,False,True,
N0,L1,owner_scope-8-missing,owner_scope-8,exploratory_test,missing,1,INSUFFICIENT,DENY,False,True,
N0,L2,owner_scope-8-missing,owner_scope-8,exploratory_test,missing,1,INSUFFICIENT,DENY,False,False,N0/owner_scope-8-missing/1/L1
N0,L0,claim_binding-6-hold,claim_binding-6,exploratory_test,hold,1,DENY,DENY,True,True,
N0,L1,claim_binding-6-hold,claim_binding-6,exploratory_test,hold,1,DENY,DENY,True,True,
N0,L2,claim_binding-6-hold,claim_binding-6,exploratory_test,hold,1,DENY,DENY,True,False,N0/claim_binding-6-hold/1/L1
N0,L0,claim_binding-5-flip,claim_binding-5,exploratory_test,flip,1,DENY,DENY,True,True,
N0,L1,claim_binding-5-flip,claim_binding-5,exploratory_test,flip,1,DENY,DENY,True,True,
N0,L2,claim_binding-5-flip,claim_binding-5,exploratory_test,flip,1,DENY,DENY,True,False,N0/claim_binding-5-flip/1/L1
N0,L0,current_request-8-full,current_request-8,exploratory_test,full,0,DENY,DENY,True,True,
N0,L1,current_request-8-full,current_request-8,exploratory_test,full,0,DENY,DENY,True,True,
N0,L2,current_request-8-full,current_request-8,exploratory_test,full,0,DENY,DENY,True,False,N0/current_request-8-full/0/L1
N0,L0,claim_binding-5-hold,claim_binding-5,exploratory_test,hold,1,ALLOW,ALLOW,True,True,
N0,L1,claim_binding-5-hold,claim_binding-5,exploratory_test,hold,1,ALLOW,ALLOW,True,True,
N0,L2,claim_binding-5-hold,claim_binding-5,exploratory_test,hold,1,ALLOW,ALLOW,True,False,N0/claim_binding-5-hold/1/L1
N0,L0,claim_binding-8-full,claim_binding-8,exploratory_test,full,0,DENY,DENY,True,True,
N0,L1,claim_binding-8-full,claim_binding-8,exploratory_test,full,0,DENY,DENY,True,True,
N0,L2,claim_binding-8-full,claim_binding-8,exploratory_test,full,0,DENY,DENY,True,False,N0/claim_binding-8-full/0/L1
N0,L0,owner_scope-8-full,owner_scope-8,exploratory_test,full,1,DENY,DENY,True,True,
N0,L1,owner_scope-8-full,owner_scope-8,exploratory_test,full,1,DENY,DENY,True,True,
N0,L2,owner_scope-8-full,owner_scope-8,exploratory_test,full,1,DENY,DENY,True,False,N0/owner_scope-8-full/1/L1
N0,L0,owner_scope-7-hold,owner_scope-7,exploratory_test,hold,0,ALLOW,DENY,False,True,
N0,L1,owner_scope-7-hold,owner_scope-7,exploratory_test,hold,0,ALLOW,DENY,False,True,
N0,L2,owner_scope-7-hold,owner_scope-7,exploratory_test,hold,0,ALLOW,DENY,False,False,N0/owner_scope-7-hold/0/L1
N0,L0,current_request-3-hold,current_request-3,calibration,hold,2,ALLOW,DENY,False,True,
N0,L1,current_request-3-hold,current_request-3,calibration,hold,2,ALLOW,ALLOW,True,True,
N0,L2,current_request-3-hold,current_request-3,calibration,hold,2,ALLOW,ALLOW,True,False,N0/current_request-3-hold/2/L1
N0,L0,current_request-1-full,current_request-1,development,full,2,ALLOW,ALLOW,True,True,
N0,L1,current_request-1-full,current_request-1,development,full,2,ALLOW,ALLOW,True,True,
N0,L2,current_request-1-full,current_request-1,development,full,2,ALLOW,ALLOW,True,False,N0/current_request-1-full/2/L1
N0,L0,claim_binding-5-hold,claim_binding-5,exploratory_test,hold,0,ALLOW,ALLOW,True,True,
N0,L1,claim_binding-5-hold,claim_binding-5,exploratory_test,hold,0,ALLOW,ALLOW,True,True,
N0,L2,claim_binding-5-hold,claim_binding-5,exploratory_test,hold,0,ALLOW,ALLOW,True,False,N0/claim_binding-5-hold/0/L1
N0,L0,claim_binding-1-full,claim_binding-1,development,full,0,ALLOW,ALLOW,True,True,
N0,L1,claim_binding-1-full,claim_binding-1,development,full,0,ALLOW,ALLOW,True,True,
N0,L2,claim_binding-1-full,claim_binding-1,development,full,0,ALLOW,ALLOW,True,False,N0/claim_binding-1-full/0/L1
N0,L0,claim_binding-1-full,claim_binding-1,development,full,2,ALLOW,ALLOW,True,True,
N0,L1,claim_binding-1-full,claim_binding-1,development,full,2,ALLOW,ALLOW,True,True,
N0,L2,claim_binding-1-full,claim_binding-1,development,full,2,ALLOW,ALLOW,True,False,N0/claim_binding-1-full/2/L1
N0,L0,claim_binding-1-hold,claim_binding-1,development,hold,0,ALLOW,ALLOW,True,True,
N0,L1,claim_binding-1-hold,claim_binding-1,development,hold,0,ALLOW,ALLOW,True,True,
N0,L2,claim_binding-1-hold,claim_binding-1,development,hold,0,ALLOW,ALLOW,True,False,N0/claim_binding-1-hold/0/L1
N0,L0,owner_scope-2-missing,owner_scope-2,development,missing,0,INSUFFICIENT,ALLOW,False,True,
N0,L1,owner_scope-2-missing,owner_scope-2,development,missing,0,INSUFFICIENT,INSUFFICIENT,True,True,
N0,L2,owner_scope-2-missing,owner_scope-2,development,missing,0,INSUFFICIENT,INSUFFICIENT,True,False,N0/owner_scope-2-missing/0/L1
N0,L0,claim_binding-7-full,claim_binding-7,exploratory_test,full,2,ALLOW,ALLOW,True,True,
N0,L1,claim_binding-7-full,claim_binding-7,exploratory_test,full,2,ALLOW,ALLOW,True,True,
N0,L2,claim_binding-7-full,claim_binding-7,exploratory_test,full,2,ALLOW,ALLOW,True,False,N0/claim_binding-7-full/2/L1
N0,L0,current_request-1-flip,current_request-1,development,flip,2,DENY,DENY,True,True,
N0,L1,current_request-1-flip,current_request-1,development,flip,2,DENY,DENY,True,True,
N0,L2,current_request-1-flip,current_request-1,development,flip,2,DENY,DENY,True,False,N0/current_request-1-flip/2/L1
N0,L0,claim_binding-3-missing,claim_binding-3,calibration,missing,2,INSUFFICIENT,DENY,False,True,
N0,L1,claim_binding-3-missing,claim_binding-3,calibration,missing,2,INSUFFICIENT,DENY,False,True,
N0,L2,claim_binding-3-missing,claim_binding-3,calibration,missing,2,INSUFFICIENT,DENY,False,False,N0/claim_binding-3-missing/2/L1
N0,L0,owner_scope-5-flip,owner_scope-5,exploratory_test,flip,1,DENY,DENY,True,True,
N0,L1,owner_scope-5-flip,owner_scope-5,exploratory_test,flip,1,DENY,DENY,True,True,
N0,L2,owner_scope-5-flip,owner_scope-5,exploratory_test,flip,1,DENY,DENY,True,False,N0/owner_scope-5-flip/1/L1
N0,L0,claim_binding-8-missing,claim_binding-8,exploratory_test,missing,2,INSUFFICIENT,DENY,False,True,
N0,L1,claim_binding-8-missing,claim_binding-8,exploratory_test,missing,2,INSUFFICIENT,DENY,False,True,
N0,L2,claim_binding-8-missing,claim_binding-8,exploratory_test,missing,2,INSUFFICIENT,DENY,False,False,N0/claim_binding-8-missing/2/L1
N0,L0,current_request-4-hold,current_request-4,calibration,hold,2,DENY,DENY,True,True,
N0,L1,current_request-4-hold,current_request-4,calibration,hold,2,DENY,DENY,True,True,
N0,L2,current_request-4-hold,current_request-4,calibration,hold,2,DENY,DENY,True,False,N0/current_request-4-hold/2/L1
N0,L0,owner_scope-8-missing,owner_scope-8,exploratory_test,missing,0,INSUFFICIENT,ALLOW,False,True,
N0,L1,owner_scope-8-missing,owner_scope-8,exploratory_test,missing,0,INSUFFICIENT,INSUFFICIENT,True,True,
N0,L2,owner_scope-8-missing,owner_scope-8,exploratory_test,missing,0,INSUFFICIENT,INSUFFICIENT,True,False,N0/owner_scope-8-missing/0/L1
N0,L0,current_request-6-hold,current_request-6,exploratory_test,hold,2,DENY,DENY,True,True,
N0,L1,current_request-6-hold,current_request-6,exploratory_test,hold,2,DENY,DENY,True,True,
N0,L2,current_request-6-hold,current_request-6,exploratory_test,hold,2,DENY,DENY,True,False,N0/current_request-6-hold/2/L1
N0,L0,claim_binding-5-missing,claim_binding-5,exploratory_test,missing,2,INSUFFICIENT,DENY,False,True,
N0,L1,claim_binding-5-missing,claim_binding-5,exploratory_test,missing,2,INSUFFICIENT,DENY,False,True,
N0,L2,claim_binding-5-missing,claim_binding-5,exploratory_test,missing,2,INSUFFICIENT,DENY,False,False,N0/claim_binding-5-missing/2/L1
N0,L0,owner_scope-2-flip,owner_scope-2,development,flip,0,ALLOW,ALLOW,True,True,
N0,L1,owner_scope-2-flip,owner_scope-2,development,flip,0,ALLOW,ALLOW,True,True,
N0,L2,owner_scope-2-flip,owner_scope-2,development,flip,0,ALLOW,ALLOW,True,False,N0/owner_scope-2-flip/0/L1
N0,L0,current_request-2-flip,current_request-2,development,flip,2,ALLOW,ALLOW,True,True,
N0,L1,current_request-2-flip,current_request-2,development,flip,2,ALLOW,ALLOW,True,True,
N0,L2,current_request-2-flip,current_request-2,development,flip,2,ALLOW,ALLOW,True,False,N0/current_request-2-flip/2/L1
N0,L0,current_request-2-hold,current_request-2,development,hold,1,DENY,DENY,True,True,
N0,L1,current_request-2-hold,current_request-2,development,hold,1,DENY,DENY,True,True,
N0,L2,current_request-2-hold,current_request-2,development,hold,1,DENY,DENY,True,False,N0/current_request-2-hold/1/L1
N0,L0,current_request-5-hold,current_request-5,exploratory_test,hold,2,ALLOW,DENY,False,True,
N0,L1,current_request-5-hold,current_request-5,exploratory_test,hold,2,ALLOW,ALLOW,True,True,
N0,L2,current_request-5-hold,current_request-5,exploratory_test,hold,2,ALLOW,ALLOW,True,False,N0/current_request-5-hold/2/L1
N0,L0,current_request-6-hold,current_request-6,exploratory_test,hold,0,DENY,DENY,True,True,
N0,L1,current_request-6-hold,current_request-6,exploratory_test,hold,0,DENY,DENY,True,True,
N0,L2,current_request-6-hold,current_request-6,exploratory_test,hold,0,DENY,DENY,True,False,N0/current_request-6-hold/0/L1
N0,L0,claim_binding-1-missing,claim_binding-1,development,missing,0,INSUFFICIENT,DENY,False,True,
N0,L1,claim_binding-1-missing,claim_binding-1,development,missing,0,INSUFFICIENT,DENY,False,True,
N0,L2,claim_binding-1-missing,claim_binding-1,development,missing,0,INSUFFICIENT,DENY,False,False,N0/claim_binding-1-missing/0/L1
N0,L0,current_request-5-hold,current_request-5,exploratory_test,hold,0,ALLOW,ALLOW,True,True,
N0,L1,current_request-5-hold,current_request-5,exploratory_test,hold,0,ALLOW,ALLOW,True,True,
N0,L2,current_request-5-hold,current_request-5,exploratory_test,hold,0,ALLOW,ALLOW,True,False,N0/current_request-5-hold/0/L1
N0,L0,current_request-1-hold,current_request-1,development,hold,0,ALLOW,ALLOW,True,True,
N0,L1,current_request-1-hold,current_request-1,development,hold,0,ALLOW,ALLOW,True,True,
N0,L2,current_request-1-hold,current_request-1,development,hold,0,ALLOW,ALLOW,True,False,N0/current_request-1-hold/0/L1
N0,L0,owner_scope-6-missing,owner_scope-6,exploratory_test,missing,0,INSUFFICIENT,ALLOW,False,True,
N0,L1,owner_scope-6-missing,owner_scope-6,exploratory_test,missing,0,INSUFFICIENT,INSUFFICIENT,True,True,
N0,L2,owner_scope-6-missing,owner_scope-6,exploratory_test,missing,0,INSUFFICIENT,INSUFFICIENT,True,False,N0/owner_scope-6-missing/0/L1
N0,L0,owner_scope-4-flip,owner_scope-4,calibration,flip,0,ALLOW,ALLOW,True,True,
N0,L1,owner_scope-4-flip,owner_scope-4,calibration,flip,0,ALLOW,ALLOW,True,True,
N0,L2,owner_scope-4-flip,owner_scope-4,calibration,flip,0,ALLOW,ALLOW,True,False,N0/owner_scope-4-flip/0/L1
N0,L0,owner_scope-7-full,owner_scope-7,exploratory_test,full,1,ALLOW,DENY,False,True,
N0,L1,owner_scope-7-full,owner_scope-7,exploratory_test,full,1,ALLOW,ALLOW,True,True,
N0,L2,owner_scope-7-full,owner_scope-7,exploratory_test,full,1,ALLOW,ALLOW,True,False,N0/owner_scope-7-full/1/L1
N0,L0,current_request-5-full,current_request-5,exploratory_test,full,2,ALLOW,DENY,False,True,
N0,L1,current_request-5-full,current_request-5,exploratory_test,full,2,ALLOW,ALLOW,True,True,
N0,L2,current_request-5-full,current_request-5,exploratory_test,full,2,ALLOW,ALLOW,True,False,N0/current_request-5-full/2/L1
N0,L0,current_request-7-full,current_request-7,exploratory_test,full,1,ALLOW,DENY,False,True,
N0,L1,current_request-7-full,current_request-7,exploratory_test,full,1,ALLOW,ALLOW,True,True,
N0,L2,current_request-7-full,current_request-7,exploratory_test,full,1,ALLOW,ALLOW,True,False,N0/current_request-7-full/1/L1
N0,L0,current_request-1-flip,current_request-1,development,flip,1,DENY,DENY,True,True,
N0,L1,current_request-1-flip,current_request-1,development,flip,1,DENY,DENY,True,True,
N0,L2,current_request-1-flip,current_request-1,development,flip,1,DENY,DENY,True,False,N0/current_request-1-flip/1/L1
N0,L0,current_request-4-full,current_request-4,calibration,full,1,DENY,DENY,True,True,
N0,L1,current_request-4-full,current_request-4,calibration,full,1,DENY,DENY,True,True,
N0,L2,current_request-4-full,current_request-4,calibration,full,1,DENY,DENY,True,False,N0/current_request-4-full/1/L1
N0,L0,claim_binding-7-flip,claim_binding-7,exploratory_test,flip,2,DENY,DENY,True,True,
N0,L1,claim_binding-7-flip,claim_binding-7,exploratory_test,flip,2,DENY,DENY,True,True,
N0,L2,claim_binding-7-flip,claim_binding-7,exploratory_test,flip,2,DENY,DENY,True,False,N0/claim_binding-7-flip/2/L1
N0,L0,owner_scope-6-flip,owner_scope-6,exploratory_test,flip,0,ALLOW,DENY,False,True,
N0,L1,owner_scope-6-flip,owner_scope-6,exploratory_test,flip,0,ALLOW,ALLOW,True,True,
N0,L2,owner_scope-6-flip,owner_scope-6,exploratory_test,flip,0,ALLOW,ALLOW,True,False,N0/owner_scope-6-flip/0/L1
N0,L0,owner_scope-7-hold,owner_scope-7,exploratory_test,hold,1,ALLOW,DENY,False,True,
N0,L1,owner_scope-7-hold,owner_scope-7,exploratory_test,hold,1,ALLOW,ALLOW,True,True,
N0,L2,owner_scope-7-hold,owner_scope-7,exploratory_test,hold,1,ALLOW,ALLOW,True,False,N0/owner_scope-7-hold/1/L1
N0,L0,current_request-8-hold,current_request-8,exploratory_test,hold,0,DENY,DENY,True,True,
N0,L1,current_request-8-hold,current_request-8,exploratory_test,hold,0,DENY,DENY,True,True,
N0,L2,current_request-8-hold,current_request-8,exploratory_test,hold,0,DENY,DENY,True,False,N0/current_request-8-hold/0/L1
N0,L0,current_request-8-hold,current_request-8,exploratory_test,hold,2,DENY,DENY,True,True,
N0,L1,current_request-8-hold,current_request-8,exploratory_test,hold,2,DENY,DENY,True,True,
N0,L2,current_request-8-hold,current_request-8,exploratory_test,hold,2,DENY,DENY,True,False,N0/current_request-8-hold/2/L1
N0,L0,claim_binding-6-flip,claim_binding-6,exploratory_test,flip,0,ALLOW,ALLOW,True,True,
N0,L1,claim_binding-6-flip,claim_binding-6,exploratory_test,flip,0,ALLOW,ALLOW,True,True,
N0,L2,claim_binding-6-flip,claim_binding-6,exploratory_test,flip,0,ALLOW,ALLOW,True,False,N0/claim_binding-6-flip/0/L1
N0,L0,claim_binding-3-full,claim_binding-3,calibration,full,2,ALLOW,ALLOW,True,True,
N0,L1,claim_binding-3-full,claim_binding-3,calibration,full,2,ALLOW,ALLOW,True,True,
N0,L2,claim_binding-3-full,claim_binding-3,calibration,full,2,ALLOW,ALLOW,True,False,N0/claim_binding-3-full/2/L1
N0,L0,owner_scope-7-missing,owner_scope-7,exploratory_test,missing,0,INSUFFICIENT,DENY,False,True,
N0,L1,owner_scope-7-missing,owner_scope-7,exploratory_test,missing,0,INSUFFICIENT,DENY,False,True,
N0,L2,owner_scope-7-missing,owner_scope-7,exploratory_test,missing,0,INSUFFICIENT,DENY,False,False,N0/owner_scope-7-missing/0/L1
N0,L0,current_request-5-missing,current_request-5,exploratory_test,missing,1,INSUFFICIENT,DENY,False,True,
N0,L1,current_request-5-missing,current_request-5,exploratory_test,missing,1,INSUFFICIENT,DENY,False,True,
N0,L2,current_request-5-missing,current_request-5,exploratory_test,missing,1,INSUFFICIENT,DENY,False,False,N0/current_request-5-missing/1/L1
N0,L0,current_request-2-hold,current_request-2,development,hold,2,DENY,DENY,True,True,
N0,L1,current_request-2-hold,current_request-2,development,hold,2,DENY,DENY,True,True,
N0,L2,current_request-2-hold,current_request-2,development,hold,2,DENY,DENY,True,False,N0/current_request-2-hold/2/L1
N0,L0,claim_binding-2-missing,claim_binding-2,development,missing,1,INSUFFICIENT,DENY,False,True,
N0,L1,claim_binding-2-missing,claim_binding-2,development,missing,1,INSUFFICIENT,DENY,False,True,
N0,L2,claim_binding-2-missing,claim_binding-2,development,missing,1,INSUFFICIENT,DENY,False,False,N0/claim_binding-2-missing/1/L1
N0,L0,current_request-8-flip,current_request-8,exploratory_test,flip,0,ALLOW,ALLOW,True,True,
N0,L1,current_request-8-flip,current_request-8,exploratory_test,flip,0,ALLOW,ALLOW,True,True,
N0,L2,current_request-8-flip,current_request-8,exploratory_test,flip,0,ALLOW,ALLOW,True,False,N0/current_request-8-flip/0/L1
N0,L0,claim_binding-2-hold,claim_binding-2,development,hold,0,DENY,DENY,True,True,
N0,L1,claim_binding-2-hold,claim_binding-2,development,hold,0,DENY,DENY,True,True,
N0,L2,claim_binding-2-hold,claim_binding-2,development,hold,0,DENY,DENY,True,False,N0/claim_binding-2-hold/0/L1
N0,L0,owner_scope-6-hold,owner_scope-6,exploratory_test,hold,1,DENY,DENY,True,True,
N0,L1,owner_scope-6-hold,owner_scope-6,exploratory_test,hold,1,DENY,DENY,True,True,
N0,L2,owner_scope-6-hold,owner_scope-6,exploratory_test,hold,1,DENY,DENY,True,False,N0/owner_scope-6-hold/1/L1
N0,L0,claim_binding-6-full,claim_binding-6,exploratory_test,full,2,DENY,DENY,True,True,
N0,L1,claim_binding-6-full,claim_binding-6,exploratory_test,full,2,DENY,DENY,True,True,
N0,L2,claim_binding-6-full,claim_binding-6,exploratory_test,full,2,DENY,DENY,True,False,N0/claim_binding-6-full/2/L1
N0,L0,current_request-3-full,current_request-3,calibration,full,2,ALLOW,DENY,False,True,
N0,L1,current_request-3-full,current_request-3,calibration,full,2,ALLOW,ALLOW,True,True,
N0,L2,current_request-3-full,current_request-3,calibration,full,2,ALLOW,ALLOW,True,False,N0/current_request-3-full/2/L1
N0,L0,owner_scope-8-flip,owner_scope-8,exploratory_test,flip,2,ALLOW,DENY,False,True,
N0,L1,owner_scope-8-flip,owner_scope-8,exploratory_test,flip,2,ALLOW,ALLOW,True,True,
N0,L2,owner_scope-8-flip,owner_scope-8,exploratory_test,flip,2,ALLOW,ALLOW,True,False,N0/owner_scope-8-flip/2/L1
N0,L0,owner_scope-3-missing,owner_scope-3,calibration,missing,1,INSUFFICIENT,DENY,False,True,
N0,L1,owner_scope-3-missing,owner_scope-3,calibration,missing,1,INSUFFICIENT,DENY,False,True,
N0,L2,owner_scope-3-missing,owner_scope-3,calibration,missing,1,INSUFFICIENT,DENY,False,False,N0/owner_scope-3-missing/1/L1
N0,L0,owner_scope-2-hold,owner_scope-2,development,hold,2,DENY,DENY,True,True,
N0,L1,owner_scope-2-hold,owner_scope-2,development,hold,2,DENY,DENY,True,True,
N0,L2,owner_scope-2-hold,owner_scope-2,development,hold,2,DENY,DENY,True,False,N0/owner_scope-2-hold/2/L1
N0,L0,owner_scope-4-missing,owner_scope-4,calibration,missing,2,INSUFFICIENT,ALLOW,False,True,
N0,L1,owner_scope-4-missing,owner_scope-4,calibration,missing,2,INSUFFICIENT,ALLOW,False,True,
N0,L2,owner_scope-4-missing,owner_scope-4,calibration,missing,2,INSUFFICIENT,ALLOW,False,False,N0/owner_scope-4-missing/2/L1
N0,L0,current_request-6-flip,current_request-6,exploratory_test,flip,2,ALLOW,ALLOW,True,True,
N0,L1,current_request-6-flip,current_request-6,exploratory_test,flip,2,ALLOW,ALLOW,True,True,
N0,L2,current_request-6-flip,current_request-6,exploratory_test,flip,2,ALLOW,ALLOW,True,False,N0/current_request-6-flip/2/L1
N0,L0,current_request-4-flip,current_request-4,calibration,flip,1,ALLOW,DENY,False,True,
N0,L1,current_request-4-flip,current_request-4,calibration,flip,1,ALLOW,ALLOW,True,True,
N0,L2,current_request-4-flip,current_request-4,calibration,flip,1,ALLOW,ALLOW,True,False,N0/current_request-4-flip/1/L1
N0,L0,claim_binding-6-missing,claim_binding-6,exploratory_test,missing,1,INSUFFICIENT,DENY,False,True,
N0,L1,claim_binding-6-missing,claim_binding-6,exploratory_test,missing,1,INSUFFICIENT,DENY,False,True,
N0,L2,claim_binding-6-missing,claim_binding-6,exploratory_test,missing,1,INSUFFICIENT,DENY,False,False,N0/claim_binding-6-missing/1/L1
N0,L0,owner_scope-8-hold,owner_scope-8,exploratory_test,hold,0,DENY,DENY,True,True,
N0,L1,owner_scope-8-hold,owner_scope-8,exploratory_test,hold,0,DENY,DENY,True,True,
N0,L2,owner_scope-8-hold,owner_scope-8,exploratory_test,hold,0,DENY,DENY,True,False,N0/owner_scope-8-hold/0/L1
N0,L0,owner_scope-5-full,owner_scope-5,exploratory_test,full,0,ALLOW,ALLOW,True,True,
N0,L1,owner_scope-5-full,owner_scope-5,exploratory_test,full,0,ALLOW,ALLOW,True,True,
N0,L2,owner_scope-5-full,owner_scope-5,exploratory_test,full,0,ALLOW,ALLOW,True,False,N0/owner_scope-5-full/0/L1
N0,L0,claim_binding-8-flip,claim_binding-8,exploratory_test,flip,1,ALLOW,ALLOW,True,True,
N0,L1,claim_binding-8-flip,claim_binding-8,exploratory_test,flip,1,ALLOW,ALLOW,True,True,
N0,L2,claim_binding-8-flip,claim_binding-8,exploratory_test,flip,1,ALLOW,ALLOW,True,False,N0/claim_binding-8-flip/1/L1
N0,L0,current_request-3-flip,current_request-3,calibration,flip,2,DENY,DENY,True,True,
N0,L1,current_request-3-flip,current_request-3,calibration,flip,2,DENY,DENY,True,True,
N0,L2,current_request-3-flip,current_request-3,calibration,flip,2,DENY,DENY,True,False,N0/current_request-3-flip/2/L1
N0,L0,owner_scope-7-missing,owner_scope-7,exploratory_test,missing,2,INSUFFICIENT,DENY,False,True,
N0,L1,owner_scope-7-missing,owner_scope-7,exploratory_test,missing,2,INSUFFICIENT,DENY,False,True,
N0,L2,owner_scope-7-missing,owner_scope-7,exploratory_test,missing,2,INSUFFICIENT,DENY,False,False,N0/owner_scope-7-missing/2/L1
N0,L0,current_request-5-missing,current_request-5,exploratory_test,missing,2,INSUFFICIENT,DENY,False,True,
N0,L1,current_request-5-missing,current_request-5,exploratory_test,missing,2,INSUFFICIENT,DENY,False,True,
N0,L2,current_request-5-missing,current_request-5,exploratory_test,missing,2,INSUFFICIENT,DENY,False,False,N0/current_request-5-missing/2/L1
N0,L0,current_request-6-missing,current_request-6,exploratory_test,missing,2,INSUFFICIENT,DENY,False,True,
N0,L1,current_request-6-missing,current_request-6,exploratory_test,missing,2,INSUFFICIENT,ALLOW,False,True,
N0,L2,current_request-6-missing,current_request-6,exploratory_test,missing,2,INSUFFICIENT,ALLOW,False,False,N0/current_request-6-missing/2/L1
N0,L0,claim_binding-7-missing,claim_binding-7,exploratory_test,missing,2,INSUFFICIENT,DENY,False,True,
N0,L1,claim_binding-7-missing,claim_binding-7,exploratory_test,missing,2,INSUFFICIENT,DENY,False,True,
N0,L2,claim_binding-7-missing,claim_binding-7,exploratory_test,missing,2,INSUFFICIENT,DENY,False,False,N0/claim_binding-7-missing/2/L1
N0,L0,current_request-8-missing,current_request-8,exploratory_test,missing,2,INSUFFICIENT,ALLOW,False,True,
N0,L1,current_request-8-missing,current_request-8,exploratory_test,missing,2,INSUFFICIENT,ALLOW,False,True,
N0,L2,current_request-8-missing,current_request-8,exploratory_test,missing,2,INSUFFICIENT,ALLOW,False,False,N0/current_request-8-missing/2/L1
N0,L0,owner_scope-6-flip,owner_scope-6,exploratory_test,flip,1,ALLOW,DENY,False,True,
N0,L1,owner_scope-6-flip,owner_scope-6,exploratory_test,flip,1,ALLOW,ALLOW,True,True,
N0,L2,owner_scope-6-flip,owner_scope-6,exploratory_test,flip,1,ALLOW,ALLOW,True,False,N0/owner_scope-6-flip/1/L1
N0,L0,claim_binding-4-hold,claim_binding-4,calibration,hold,1,DENY,DENY,True,True,
N0,L1,claim_binding-4-hold,claim_binding-4,calibration,hold,1,DENY,DENY,True,True,
N0,L2,claim_binding-4-hold,claim_binding-4,calibration,hold,1,DENY,DENY,True,False,N0/claim_binding-4-hold/1/L1
N0,L0,claim_binding-5-full,claim_binding-5,exploratory_test,full,2,ALLOW,ALLOW,True,True,
N0,L1,claim_binding-5-full,claim_binding-5,exploratory_test,full,2,ALLOW,ALLOW,True,True,
N0,L2,claim_binding-5-full,claim_binding-5,exploratory_test,full,2,ALLOW,ALLOW,True,False,N0/claim_binding-5-full/2/L1
N0,L0,claim_binding-6-missing,claim_binding-6,exploratory_test,missing,0,INSUFFICIENT,DENY,False,True,
N0,L1,claim_binding-6-missing,claim_binding-6,exploratory_test,missing,0,INSUFFICIENT,INSUFFICIENT,True,True,
N0,L2,claim_binding-6-missing,claim_binding-6,exploratory_test,missing,0,INSUFFICIENT,INSUFFICIENT,True,False,N0/claim_binding-6-missing/0/L1
N0,L0,claim_binding-7-full,claim_binding-7,exploratory_test,full,0,ALLOW,ALLOW,True,True,
N0,L1,claim_binding-7-full,claim_binding-7,exploratory_test,full,0,ALLOW,ALLOW,True,True,
N0,L2,claim_binding-7-full,claim_binding-7,exploratory_test,full,0,ALLOW,ALLOW,True,False,N0/claim_binding-7-full/0/L1
N0,L0,claim_binding-3-flip,claim_binding-3,calibration,flip,0,DENY,DENY,True,True,
N0,L1,claim_binding-3-flip,claim_binding-3,calibration,flip,0,DENY,DENY,True,True,
N0,L2,claim_binding-3-flip,claim_binding-3,calibration,flip,0,DENY,DENY,True,False,N0/claim_binding-3-flip/0/L1
N0,L0,owner_scope-1-missing,owner_scope-1,development,missing,1,INSUFFICIENT,DENY,False,True,
N0,L1,owner_scope-1-missing,owner_scope-1,development,missing,1,INSUFFICIENT,DENY,False,True,
N0,L2,owner_scope-1-missing,owner_scope-1,development,missing,1,INSUFFICIENT,DENY,False,False,N0/owner_scope-1-missing/1/L1
N0,L0,claim_binding-1-hold,claim_binding-1,development,hold,1,ALLOW,ALLOW,True,True,
N0,L1,claim_binding-1-hold,claim_binding-1,development,hold,1,ALLOW,ALLOW,True,True,
N0,L2,claim_binding-1-hold,claim_binding-1,development,hold,1,ALLOW,ALLOW,True,False,N0/claim_binding-1-hold/1/L1
N0,L0,current_request-8-full,current_request-8,exploratory_test,full,1,DENY,DENY,True,True,
N0,L1,current_request-8-full,current_request-8,exploratory_test,full,1,DENY,DENY,True,True,
N0,L2,current_request-8-full,current_request-8,exploratory_test,full,1,DENY,DENY,True,False,N0/current_request-8-full/1/L1
N0,L0,owner_scope-1-flip,owner_scope-1,development,flip,2,DENY,DENY,True,True,
N0,L1,owner_scope-1-flip,owner_scope-1,development,flip,2,DENY,DENY,True,True,
N0,L2,owner_scope-1-flip,owner_scope-1,development,flip,2,DENY,DENY,True,False,N0/owner_scope-1-flip/2/L1
N0,L0,current_request-4-missing,current_request-4,calibration,missing,0,INSUFFICIENT,ALLOW,False,True,
N0,L1,current_request-4-missing,current_request-4,calibration,missing,0,INSUFFICIENT,DENY,False,True,
N0,L2,current_request-4-missing,current_request-4,calibration,missing,0,INSUFFICIENT,DENY,False,False,N0/current_request-4-missing/0/L1
N0,L0,owner_scope-4-missing,owner_scope-4,calibration,missing,1,INSUFFICIENT,ALLOW,False,True,
N0,L1,owner_scope-4-missing,owner_scope-4,calibration,missing,1,INSUFFICIENT,ALLOW,False,True,
N0,L2,owner_scope-4-missing,owner_scope-4,calibration,missing,1,INSUFFICIENT,ALLOW,False,False,N0/owner_scope-4-missing/1/L1
N0,L0,claim_binding-8-missing,claim_binding-8,exploratory_test,missing,1,INSUFFICIENT,DENY,False,True,
N0,L1,claim_binding-8-missing,claim_binding-8,exploratory_test,missing,1,INSUFFICIENT,DENY,False,True,
N0,L2,claim_binding-8-missing,claim_binding-8,exploratory_test,missing,1,INSUFFICIENT,DENY,False,False,N0/claim_binding-8-missing/1/L1
N0,L0,owner_scope-4-full,owner_scope-4,calibration,full,1,DENY,DENY,True,True,
N0,L1,owner_scope-4-full,owner_scope-4,calibration,full,1,DENY,DENY,True,True,
N0,L2,owner_scope-4-full,owner_scope-4,calibration,full,1,DENY,DENY,True,False,N0/owner_scope-4-full/1/L1
N0,L0,owner_scope-6-missing,owner_scope-6,exploratory_test,missing,1,INSUFFICIENT,ALLOW,False,True,
N0,L1,owner_scope-6-missing,owner_scope-6,exploratory_test,missing,1,INSUFFICIENT,DENY,False,True,
N0,L2,owner_scope-6-missing,owner_scope-6,exploratory_test,missing,1,INSUFFICIENT,DENY,False,False,N0/owner_scope-6-missing/1/L1
N0,L0,claim_binding-4-hold,claim_binding-4,calibration,hold,0,DENY,DENY,True,True,
N0,L1,claim_binding-4-hold,claim_binding-4,calibration,hold,0,DENY,DENY,True,True,
N0,L2,claim_binding-4-hold,claim_binding-4,calibration,hold,0,DENY,DENY,True,False,N0/claim_binding-4-hold/0/L1
N0,L0,claim_binding-1-missing,claim_binding-1,development,missing,1,INSUFFICIENT,DENY,False,True,
N0,L1,claim_binding-1-missing,claim_binding-1,development,missing,1,INSUFFICIENT,DENY,False,True,
N0,L2,claim_binding-1-missing,claim_binding-1,development,missing,1,INSUFFICIENT,DENY,False,False,N0/claim_binding-1-missing/1/L1
N0,L0,current_request-6-missing,current_request-6,exploratory_test,missing,0,INSUFFICIENT,ALLOW,False,True,
N0,L1,current_request-6-missing,current_request-6,exploratory_test,missing,0,INSUFFICIENT,DENY,False,True,
N0,L2,current_request-6-missing,current_request-6,exploratory_test,missing,0,INSUFFICIENT,DENY,False,False,N0/current_request-6-missing/0/L1
N0,L0,current_request-1-hold,current_request-1,development,hold,2,ALLOW,ALLOW,True,True,
N0,L1,current_request-1-hold,current_request-1,development,hold,2,ALLOW,ALLOW,True,True,
N0,L2,current_request-1-hold,current_request-1,development,hold,2,ALLOW,ALLOW,True,False,N0/current_request-1-hold/2/L1
N0,L0,current_request-7-flip,current_request-7,exploratory_test,flip,1,DENY,DENY,True,True,
N0,L1,current_request-7-flip,current_request-7,exploratory_test,flip,1,DENY,DENY,True,True,
N0,L2,current_request-7-flip,current_request-7,exploratory_test,flip,1,DENY,DENY,True,False,N0/current_request-7-flip/1/L1
N0,L0,claim_binding-4-hold,claim_binding-4,calibration,hold,2,DENY,DENY,True,True,
N0,L1,claim_binding-4-hold,claim_binding-4,calibration,hold,2,DENY,DENY,True,True,
N0,L2,claim_binding-4-hold,claim_binding-4,calibration,hold,2,DENY,DENY,True,False,N0/claim_binding-4-hold/2/L1
N0,L0,owner_scope-8-full,owner_scope-8,exploratory_test,full,0,DENY,DENY,True,True,
N0,L1,owner_scope-8-full,owner_scope-8,exploratory_test,full,0,DENY,DENY,True,True,
N0,L2,owner_scope-8-full,owner_scope-8,exploratory_test,full,0,DENY,DENY,True,False,N0/owner_scope-8-full/0/L1
N0,L0,claim_binding-1-flip,claim_binding-1,development,flip,1,DENY,DENY,True,True,
N0,L1,claim_binding-1-flip,claim_binding-1,development,flip,1,DENY,DENY,True,True,
N0,L2,claim_binding-1-flip,claim_binding-1,development,flip,1,DENY,DENY,True,False,N0/claim_binding-1-flip/1/L1
N0,L0,owner_scope-5-hold,owner_scope-5,exploratory_test,hold,0,ALLOW,DENY,False,True,
N0,L1,owner_scope-5-hold,owner_scope-5,exploratory_test,hold,0,ALLOW,DENY,False,True,
N0,L2,owner_scope-5-hold,owner_scope-5,exploratory_test,hold,0,ALLOW,DENY,False,False,N0/owner_scope-5-hold/0/L1
N0,L0,current_request-3-missing,current_request-3,calibration,missing,2,INSUFFICIENT,DENY,False,True,
N0,L1,current_request-3-missing,current_request-3,calibration,missing,2,INSUFFICIENT,DENY,False,True,
N0,L2,current_request-3-missing,current_request-3,calibration,missing,2,INSUFFICIENT,DENY,False,False,N0/current_request-3-missing/2/L1
N0,L0,claim_binding-4-missing,claim_binding-4,calibration,missing,1,INSUFFICIENT,DENY,False,True,
N0,L1,claim_binding-4-missing,claim_binding-4,calibration,missing,1,INSUFFICIENT,DENY,False,True,
N0,L2,claim_binding-4-missing,claim_binding-4,calibration,missing,1,INSUFFICIENT,DENY,False,False,N0/claim_binding-4-missing/1/L1
N0,L0,current_request-6-flip,current_request-6,exploratory_test,flip,0,ALLOW,ALLOW,True,True,
N0,L1,current_request-6-flip,current_request-6,exploratory_test,flip,0,ALLOW,ALLOW,True,True,
N0,L2,current_request-6-flip,current_request-6,exploratory_test,flip,0,ALLOW,ALLOW,True,False,N0/current_request-6-flip/0/L1
N0,L0,owner_scope-1-hold,owner_scope-1,development,hold,0,ALLOW,DENY,False,True,
N0,L1,owner_scope-1-hold,owner_scope-1,development,hold,0,ALLOW,DENY,False,True,
N0,L2,owner_scope-1-hold,owner_scope-1,development,hold,0,ALLOW,DENY,False,False,N0/owner_scope-1-hold/0/L1
N0,L0,claim_binding-3-hold,claim_binding-3,calibration,hold,1,ALLOW,ALLOW,True,True,
N0,L1,claim_binding-3-hold,claim_binding-3,calibration,hold,1,ALLOW,ALLOW,True,True,
N0,L2,claim_binding-3-hold,claim_binding-3,calibration,hold,1,ALLOW,ALLOW,True,False,N0/claim_binding-3-hold/1/L1
N0,L0,owner_scope-2-missing,owner_scope-2,development,missing,2,INSUFFICIENT,ALLOW,False,True,
N0,L1,owner_scope-2-missing,owner_scope-2,development,missing,2,INSUFFICIENT,ALLOW,False,True,
N0,L2,owner_scope-2-missing,owner_scope-2,development,missing,2,INSUFFICIENT,ALLOW,False,False,N0/owner_scope-2-missing/2/L1
N0,L0,current_request-2-full,current_request-2,development,full,2,DENY,DENY,True,True,
N0,L1,current_request-2-full,current_request-2,development,full,2,DENY,DENY,True,True,
N0,L2,current_request-2-full,current_request-2,development,full,2,DENY,DENY,True,False,N0/current_request-2-full/2/L1
N0,L0,owner_scope-3-missing,owner_scope-3,calibration,missing,0,INSUFFICIENT,DENY,False,True,
N0,L1,owner_scope-3-missing,owner_scope-3,calibration,missing,0,INSUFFICIENT,DENY,False,True,
N0,L2,owner_scope-3-missing,owner_scope-3,calibration,missing,0,INSUFFICIENT,DENY,False,False,N0/owner_scope-3-missing/0/L1
N0,L0,claim_binding-6-flip,claim_binding-6,exploratory_test,flip,2,ALLOW,ALLOW,True,True,
N0,L1,claim_binding-6-flip,claim_binding-6,exploratory_test,flip,2,ALLOW,ALLOW,True,True,
N0,L2,claim_binding-6-flip,claim_binding-6,exploratory_test,flip,2,ALLOW,ALLOW,True,False,N0/claim_binding-6-flip/2/L1
N0,L0,current_request-1-full,current_request-1,development,full,0,ALLOW,ALLOW,True,True,
N0,L1,current_request-1-full,current_request-1,development,full,0,ALLOW,ALLOW,True,True,
N0,L2,current_request-1-full,current_request-1,development,full,0,ALLOW,ALLOW,True,False,N0/current_request-1-full/0/L1
N0,L0,owner_scope-4-hold,owner_scope-4,calibration,hold,0,DENY,DENY,True,True,
N0,L1,owner_scope-4-hold,owner_scope-4,calibration,hold,0,DENY,DENY,True,True,
N0,L2,owner_scope-4-hold,owner_scope-4,calibration,hold,0,DENY,DENY,True,False,N0/owner_scope-4-hold/0/L1
N0,L0,claim_binding-7-missing,claim_binding-7,exploratory_test,missing,1,INSUFFICIENT,DENY,False,True,
N0,L1,claim_binding-7-missing,claim_binding-7,exploratory_test,missing,1,INSUFFICIENT,DENY,False,True,
N0,L2,claim_binding-7-missing,claim_binding-7,exploratory_test,missing,1,INSUFFICIENT,DENY,False,False,N0/claim_binding-7-missing/1/L1
N0,L0,owner_scope-8-flip,owner_scope-8,exploratory_test,flip,0,ALLOW,ALLOW,True,True,
N0,L1,owner_scope-8-flip,owner_scope-8,exploratory_test,flip,0,ALLOW,ALLOW,True,True,
N0,L2,owner_scope-8-flip,owner_scope-8,exploratory_test,flip,0,ALLOW,ALLOW,True,False,N0/owner_scope-8-flip/0/L1
N0,L0,owner_scope-4-flip,owner_scope-4,calibration,flip,1,ALLOW,DENY,False,True,
N0,L1,owner_scope-4-flip,owner_scope-4,calibration,flip,1,ALLOW,ALLOW,True,True,
N0,L2,owner_scope-4-flip,owner_scope-4,calibration,flip,1,ALLOW,ALLOW,True,False,N0/owner_scope-4-flip/1/L1
N0,L0,current_request-6-full,current_request-6,exploratory_test,full,2,DENY,DENY,True,True,
N0,L1,current_request-6-full,current_request-6,exploratory_test,full,2,DENY,DENY,True,True,
N0,L2,current_request-6-full,current_request-6,exploratory_test,full,2,DENY,DENY,True,False,N0/current_request-6-full/2/L1
N0,L0,owner_scope-2-flip,owner_scope-2,development,flip,2,ALLOW,DENY,False,True,
N0,L1,owner_scope-2-flip,owner_scope-2,development,flip,2,ALLOW,ALLOW,True,True,
N0,L2,owner_scope-2-flip,owner_scope-2,development,flip,2,ALLOW,ALLOW,True,False,N0/owner_scope-2-flip/2/L1
N0,L0,owner_scope-2-full,owner_scope-2,development,full,1,DENY,DENY,True,True,
N0,L1,owner_scope-2-full,owner_scope-2,development,full,1,DENY,DENY,True,True,
N0,L2,owner_scope-2-full,owner_scope-2,development,full,1,DENY,DENY,True,False,N0/owner_scope-2-full/1/L1
N0,L0,current_request-3-hold,current_request-3,calibration,hold,1,ALLOW,DENY,False,True,
N0,L1,current_request-3-hold,current_request-3,calibration,hold,1,ALLOW,ALLOW,True,True,
N0,L2,current_request-3-hold,current_request-3,calibration,hold,1,ALLOW,ALLOW,True,False,N0/current_request-3-hold/1/L1
N0,L0,current_request-4-missing,current_request-4,calibration,missing,2,INSUFFICIENT,ALLOW,False,True,
N0,L1,current_request-4-missing,current_request-4,calibration,missing,2,INSUFFICIENT,ALLOW,False,True,
N0,L2,current_request-4-missing,current_request-4,calibration,missing,2,INSUFFICIENT,ALLOW,False,False,N0/current_request-4-missing/2/L1
N0,L0,claim_binding-4-missing,claim_binding-4,calibration,missing,0,INSUFFICIENT,DENY,False,True,
N0,L1,claim_binding-4-missing,claim_binding-4,calibration,missing,0,INSUFFICIENT,INSUFFICIENT,True,True,
N0,L2,claim_binding-4-missing,claim_binding-4,calibration,missing,0,INSUFFICIENT,INSUFFICIENT,True,False,N0/claim_binding-4-missing/0/L1
N0,L0,owner_scope-3-full,owner_scope-3,calibration,full,1,ALLOW,DENY,False,True,
N0,L1,owner_scope-3-full,owner_scope-3,calibration,full,1,ALLOW,ALLOW,True,True,
N0,L2,owner_scope-3-full,owner_scope-3,calibration,full,1,ALLOW,ALLOW,True,False,N0/owner_scope-3-full/1/L1
N0,L0,owner_scope-1-missing,owner_scope-1,development,missing,2,INSUFFICIENT,DENY,False,True,
N0,L1,owner_scope-1-missing,owner_scope-1,development,missing,2,INSUFFICIENT,DENY,False,True,
N0,L2,owner_scope-1-missing,owner_scope-1,development,missing,2,INSUFFICIENT,DENY,False,False,N0/owner_scope-1-missing/2/L1
N0,L0,current_request-2-missing,current_request-2,development,missing,1,INSUFFICIENT,DENY,False,True,
N0,L1,current_request-2-missing,current_request-2,development,missing,1,INSUFFICIENT,DENY,False,True,
N0,L2,current_request-2-missing,current_request-2,development,missing,1,INSUFFICIENT,DENY,False,False,N0/current_request-2-missing/1/L1
N0,L0,current_request-6-hold,current_request-6,exploratory_test,hold,1,DENY,DENY,True,True,
N0,L1,current_request-6-hold,current_request-6,exploratory_test,hold,1,DENY,DENY,True,True,
N0,L2,current_request-6-hold,current_request-6,exploratory_test,hold,1,DENY,DENY,True,False,N0/current_request-6-hold/1/L1
N0,L0,claim_binding-6-full,claim_binding-6,exploratory_test,full,1,DENY,DENY,True,True,
N0,L1,claim_binding-6-full,claim_binding-6,exploratory_test,full,1,DENY,DENY,True,True,
N0,L2,claim_binding-6-full,claim_binding-6,exploratory_test,full,1,DENY,DENY,True,False,N0/claim_binding-6-full/1/L1
N0,L0,claim_binding-2-hold,claim_binding-2,development,hold,2,DENY,DENY,True,True,
N0,L1,claim_binding-2-hold,claim_binding-2,development,hold,2,DENY,DENY,True,True,
N0,L2,claim_binding-2-hold,claim_binding-2,development,hold,2,DENY,DENY,True,False,N0/claim_binding-2-hold/2/L1
N0,L0,current_request-2-hold,current_request-2,development,hold,0,DENY,DENY,True,True,
N0,L1,current_request-2-hold,current_request-2,development,hold,0,DENY,DENY,True,True,
N0,L2,current_request-2-hold,current_request-2,development,hold,0,DENY,DENY,True,False,N0/current_request-2-hold/0/L1
N0,L0,current_request-4-flip,current_request-4,calibration,flip,2,ALLOW,DENY,False,True,
N0,L1,current_request-4-flip,current_request-4,calibration,flip,2,ALLOW,ALLOW,True,True,
N0,L2,current_request-4-flip,current_request-4,calibration,flip,2,ALLOW,ALLOW,True,False,N0/current_request-4-flip/2/L1
N1,L0,owner_scope-1-full,owner_scope-1,development,full,1,ALLOW,ALLOW,True,True,
N1,L1,owner_scope-1-full,owner_scope-1,development,full,1,ALLOW,ALLOW,True,True,
N1,L2,owner_scope-1-full,owner_scope-1,development,full,1,ALLOW,ALLOW,True,False,N1/owner_scope-1-full/1/L1
N1,L0,claim_binding-6-flip,claim_binding-6,exploratory_test,flip,1,ALLOW,ALLOW,True,True,
N1,L1,claim_binding-6-flip,claim_binding-6,exploratory_test,flip,1,ALLOW,ALLOW,True,True,
N1,L2,claim_binding-6-flip,claim_binding-6,exploratory_test,flip,1,ALLOW,ALLOW,True,False,N1/claim_binding-6-flip/1/L1
N1,L0,owner_scope-7-missing,owner_scope-7,exploratory_test,missing,1,INSUFFICIENT,DENY,False,True,
N1,L1,owner_scope-7-missing,owner_scope-7,exploratory_test,missing,1,INSUFFICIENT,INSUFFICIENT,True,True,
N1,L2,owner_scope-7-missing,owner_scope-7,exploratory_test,missing,1,INSUFFICIENT,INSUFFICIENT,True,False,N1/owner_scope-7-missing/1/L1
N1,L0,current_request-3-hold,current_request-3,calibration,hold,0,ALLOW,ALLOW,True,True,
N1,L1,current_request-3-hold,current_request-3,calibration,hold,0,ALLOW,ALLOW,True,True,
N1,L2,current_request-3-hold,current_request-3,calibration,hold,0,ALLOW,ALLOW,True,False,N1/current_request-3-hold/0/L1
N1,L0,owner_scope-7-hold,owner_scope-7,exploratory_test,hold,2,ALLOW,ALLOW,True,True,
N1,L1,owner_scope-7-hold,owner_scope-7,exploratory_test,hold,2,ALLOW,ALLOW,True,True,
N1,L2,owner_scope-7-hold,owner_scope-7,exploratory_test,hold,2,ALLOW,ALLOW,True,False,N1/owner_scope-7-hold/2/L1
N1,L0,current_request-4-hold,current_request-4,calibration,hold,0,DENY,DENY,True,True,
N1,L1,current_request-4-hold,current_request-4,calibration,hold,0,DENY,INSUFFICIENT,False,True,
N1,L2,current_request-4-hold,current_request-4,calibration,hold,0,DENY,INSUFFICIENT,False,False,N1/current_request-4-hold/0/L1
N1,L0,owner_scope-3-flip,owner_scope-3,calibration,flip,1,DENY,DENY,True,True,
N1,L1,owner_scope-3-flip,owner_scope-3,calibration,flip,1,DENY,DENY,True,True,
N1,L2,owner_scope-3-flip,owner_scope-3,calibration,flip,1,DENY,DENY,True,False,N1/owner_scope-3-flip/1/L1
N1,L0,claim_binding-7-full,claim_binding-7,exploratory_test,full,1,ALLOW,ALLOW,True,True,
N1,L1,claim_binding-7-full,claim_binding-7,exploratory_test,full,1,ALLOW,ALLOW,True,True,
N1,L2,claim_binding-7-full,claim_binding-7,exploratory_test,full,1,ALLOW,ALLOW,True,False,N1/claim_binding-7-full/1/L1
N1,L0,current_request-5-flip,current_request-5,exploratory_test,flip,0,DENY,DENY,True,True,
N1,L1,current_request-5-flip,current_request-5,exploratory_test,flip,0,DENY,DENY,True,True,
N1,L2,current_request-5-flip,current_request-5,exploratory_test,flip,0,DENY,DENY,True,False,N1/current_request-5-flip/0/L1
N1,L0,owner_scope-8-full,owner_scope-8,exploratory_test,full,2,DENY,DENY,True,True,
N1,L1,owner_scope-8-full,owner_scope-8,exploratory_test,full,2,DENY,DENY,True,True,
N1,L2,owner_scope-8-full,owner_scope-8,exploratory_test,full,2,DENY,DENY,True,False,N1/owner_scope-8-full/2/L1
N1,L0,owner_scope-1-full,owner_scope-1,development,full,2,ALLOW,ALLOW,True,True,
N1,L1,owner_scope-1-full,owner_scope-1,development,full,2,ALLOW,ALLOW,True,True,
N1,L2,owner_scope-1-full,owner_scope-1,development,full,2,ALLOW,ALLOW,True,False,N1/owner_scope-1-full/2/L1
N1,L0,claim_binding-3-hold,claim_binding-3,calibration,hold,0,ALLOW,ALLOW,True,True,
N1,L1,claim_binding-3-hold,claim_binding-3,calibration,hold,0,ALLOW,ALLOW,True,True,
N1,L2,claim_binding-3-hold,claim_binding-3,calibration,hold,0,ALLOW,ALLOW,True,False,N1/claim_binding-3-hold/0/L1
N1,L0,owner_scope-6-hold,owner_scope-6,exploratory_test,hold,0,DENY,DENY,True,True,
N1,L1,owner_scope-6-hold,owner_scope-6,exploratory_test,hold,0,DENY,INSUFFICIENT,False,True,
N1,L2,owner_scope-6-hold,owner_scope-6,exploratory_test,hold,0,DENY,INSUFFICIENT,False,False,N1/owner_scope-6-hold/0/L1
N1,L0,owner_scope-1-flip,owner_scope-1,development,flip,0,DENY,DENY,True,True,
N1,L1,owner_scope-1-flip,owner_scope-1,development,flip,0,DENY,DENY,True,True,
N1,L2,owner_scope-1-flip,owner_scope-1,development,flip,0,DENY,DENY,True,False,N1/owner_scope-1-flip/0/L1
N1,L0,claim_binding-8-hold,claim_binding-8,exploratory_test,hold,1,DENY,DENY,True,True,
N1,L1,claim_binding-8-hold,claim_binding-8,exploratory_test,hold,1,DENY,DENY,True,True,
N1,L2,claim_binding-8-hold,claim_binding-8,exploratory_test,hold,1,DENY,DENY,True,False,N1/claim_binding-8-hold/1/L1
N1,L0,current_request-2-missing,current_request-2,development,missing,0,INSUFFICIENT,ALLOW,False,True,
N1,L1,current_request-2-missing,current_request-2,development,missing,0,INSUFFICIENT,INSUFFICIENT,True,True,
N1,L2,current_request-2-missing,current_request-2,development,missing,0,INSUFFICIENT,INSUFFICIENT,True,False,N1/current_request-2-missing/0/L1
N1,L0,owner_scope-3-missing,owner_scope-3,calibration,missing,2,INSUFFICIENT,DENY,False,True,
N1,L1,owner_scope-3-missing,owner_scope-3,calibration,missing,2,INSUFFICIENT,INSUFFICIENT,True,True,
N1,L2,owner_scope-3-missing,owner_scope-3,calibration,missing,2,INSUFFICIENT,INSUFFICIENT,True,False,N1/owner_scope-3-missing/2/L1
N1,L0,current_request-6-flip,current_request-6,exploratory_test,flip,1,ALLOW,ALLOW,True,True,
N1,L1,current_request-6-flip,current_request-6,exploratory_test,flip,1,ALLOW,ALLOW,True,True,
N1,L2,current_request-6-flip,current_request-6,exploratory_test,flip,1,ALLOW,ALLOW,True,False,N1/current_request-6-flip/1/L1
N1,L0,claim_binding-5-hold,claim_binding-5,exploratory_test,hold,2,ALLOW,ALLOW,True,True,
N1,L1,claim_binding-5-hold,claim_binding-5,exploratory_test,hold,2,ALLOW,ALLOW,True,True,
N1,L2,claim_binding-5-hold,claim_binding-5,exploratory_test,hold,2,ALLOW,ALLOW,True,False,N1/claim_binding-5-hold/2/L1
N1,L0,owner_scope-2-full,owner_scope-2,development,full,0,DENY,DENY,True,True,
N1,L1,owner_scope-2-full,owner_scope-2,development,full,0,DENY,DENY,True,True,
N1,L2,owner_scope-2-full,owner_scope-2,development,full,0,DENY,DENY,True,False,N1/owner_scope-2-full/0/L1
N1,L0,claim_binding-2-full,claim_binding-2,development,full,1,DENY,DENY,True,True,
N1,L1,claim_binding-2-full,claim_binding-2,development,full,1,DENY,DENY,True,True,
N1,L2,claim_binding-2-full,claim_binding-2,development,full,1,DENY,DENY,True,False,N1/claim_binding-2-full/1/L1
N1,L0,claim_binding-2-hold,claim_binding-2,development,hold,1,DENY,DENY,True,True,
N1,L1,claim_binding-2-hold,claim_binding-2,development,hold,1,DENY,DENY,True,True,
N1,L2,claim_binding-2-hold,claim_binding-2,development,hold,1,DENY,DENY,True,False,N1/claim_binding-2-hold/1/L1
N1,L0,current_request-4-full,current_request-4,calibration,full,0,DENY,ALLOW,False,True,
N1,L1,current_request-4-full,current_request-4,calibration,full,0,DENY,DENY,True,True,
N1,L2,current_request-4-full,current_request-4,calibration,full,0,DENY,DENY,True,False,N1/current_request-4-full/0/L1
N1,L0,claim_binding-7-hold,claim_binding-7,exploratory_test,hold,2,ALLOW,ALLOW,True,True,
N1,L1,claim_binding-7-hold,claim_binding-7,exploratory_test,hold,2,ALLOW,ALLOW,True,True,
N1,L2,claim_binding-7-hold,claim_binding-7,exploratory_test,hold,2,ALLOW,ALLOW,True,False,N1/claim_binding-7-hold/2/L1
N1,L0,claim_binding-5-full,claim_binding-5,exploratory_test,full,1,ALLOW,ALLOW,True,True,
N1,L1,claim_binding-5-full,claim_binding-5,exploratory_test,full,1,ALLOW,ALLOW,True,True,
N1,L2,claim_binding-5-full,claim_binding-5,exploratory_test,full,1,ALLOW,ALLOW,True,False,N1/claim_binding-5-full/1/L1
N1,L0,current_request-7-full,current_request-7,exploratory_test,full,2,ALLOW,ALLOW,True,True,
N1,L1,current_request-7-full,current_request-7,exploratory_test,full,2,ALLOW,ALLOW,True,True,
N1,L2,current_request-7-full,current_request-7,exploratory_test,full,2,ALLOW,ALLOW,True,False,N1/current_request-7-full/2/L1
N1,L0,current_request-8-flip,current_request-8,exploratory_test,flip,2,ALLOW,ALLOW,True,True,
N1,L1,current_request-8-flip,current_request-8,exploratory_test,flip,2,ALLOW,ALLOW,True,True,
N1,L2,current_request-8-flip,current_request-8,exploratory_test,flip,2,ALLOW,ALLOW,True,False,N1/current_request-8-flip/2/L1
N1,L0,claim_binding-3-missing,claim_binding-3,calibration,missing,0,INSUFFICIENT,DENY,False,True,
N1,L1,claim_binding-3-missing,claim_binding-3,calibration,missing,0,INSUFFICIENT,DENY,False,True,
N1,L2,claim_binding-3-missing,claim_binding-3,calibration,missing,0,INSUFFICIENT,DENY,False,False,N1/claim_binding-3-missing/0/L1
N1,L0,claim_binding-4-flip,claim_binding-4,calibration,flip,2,ALLOW,ALLOW,True,True,
N1,L1,claim_binding-4-flip,claim_binding-4,calibration,flip,2,ALLOW,ALLOW,True,True,
N1,L2,claim_binding-4-flip,claim_binding-4,calibration,flip,2,ALLOW,ALLOW,True,False,N1/claim_binding-4-flip/2/L1
N1,L0,claim_binding-7-hold,claim_binding-7,exploratory_test,hold,1,ALLOW,ALLOW,True,True,
N1,L1,claim_binding-7-hold,claim_binding-7,exploratory_test,hold,1,ALLOW,ALLOW,True,True,
N1,L2,claim_binding-7-hold,claim_binding-7,exploratory_test,hold,1,ALLOW,ALLOW,True,False,N1/claim_binding-7-hold/1/L1
N1,L0,owner_scope-8-missing,owner_scope-8,exploratory_test,missing,2,INSUFFICIENT,INSUFFICIENT,True,True,
N1,L1,owner_scope-8-missing,owner_scope-8,exploratory_test,missing,2,INSUFFICIENT,INSUFFICIENT,True,True,
N1,L2,owner_scope-8-missing,owner_scope-8,exploratory_test,missing,2,INSUFFICIENT,INSUFFICIENT,True,False,N1/owner_scope-8-missing/2/L1
N1,L0,claim_binding-3-flip,claim_binding-3,calibration,flip,2,DENY,DENY,True,True,
N1,L1,claim_binding-3-flip,claim_binding-3,calibration,flip,2,DENY,DENY,True,True,
N1,L2,claim_binding-3-flip,claim_binding-3,calibration,flip,2,DENY,DENY,True,False,N1/claim_binding-3-flip/2/L1
N1,L0,owner_scope-6-full,owner_scope-6,exploratory_test,full,0,DENY,DENY,True,True,
N1,L1,owner_scope-6-full,owner_scope-6,exploratory_test,full,0,DENY,DENY,True,True,
N1,L2,owner_scope-6-full,owner_scope-6,exploratory_test,full,0,DENY,DENY,True,False,N1/owner_scope-6-full/0/L1
N1,L0,current_request-3-flip,current_request-3,calibration,flip,0,DENY,DENY,True,True,
N1,L1,current_request-3-flip,current_request-3,calibration,flip,0,DENY,DENY,True,True,
N1,L2,current_request-3-flip,current_request-3,calibration,flip,0,DENY,DENY,True,False,N1/current_request-3-flip/0/L1
N1,L0,current_request-6-full,current_request-6,exploratory_test,full,1,DENY,DENY,True,True,
N1,L1,current_request-6-full,current_request-6,exploratory_test,full,1,DENY,DENY,True,True,
N1,L2,current_request-6-full,current_request-6,exploratory_test,full,1,DENY,DENY,True,False,N1/current_request-6-full/1/L1
N1,L0,owner_scope-6-hold,owner_scope-6,exploratory_test,hold,2,DENY,DENY,True,True,
N1,L1,owner_scope-6-hold,owner_scope-6,exploratory_test,hold,2,DENY,DENY,True,True,
N1,L2,owner_scope-6-hold,owner_scope-6,exploratory_test,hold,2,DENY,DENY,True,False,N1/owner_scope-6-hold/2/L1
N1,L0,owner_scope-6-full,owner_scope-6,exploratory_test,full,2,DENY,DENY,True,True,
N1,L1,owner_scope-6-full,owner_scope-6,exploratory_test,full,2,DENY,DENY,True,True,
N1,L2,owner_scope-6-full,owner_scope-6,exploratory_test,full,2,DENY,DENY,True,False,N1/owner_scope-6-full/2/L1
N1,L0,owner_scope-3-flip,owner_scope-3,calibration,flip,2,DENY,DENY,True,True,
N1,L1,owner_scope-3-flip,owner_scope-3,calibration,flip,2,DENY,DENY,True,True,
N1,L2,owner_scope-3-flip,owner_scope-3,calibration,flip,2,DENY,DENY,True,False,N1/owner_scope-3-flip/2/L1
N1,L0,owner_scope-4-hold,owner_scope-4,calibration,hold,1,DENY,DENY,True,True,
N1,L1,owner_scope-4-hold,owner_scope-4,calibration,hold,1,DENY,ALLOW,False,True,
N1,L2,owner_scope-4-hold,owner_scope-4,calibration,hold,1,DENY,ALLOW,False,False,N1/owner_scope-4-hold/1/L1
N1,L0,current_request-5-flip,current_request-5,exploratory_test,flip,1,DENY,DENY,True,True,
N1,L1,current_request-5-flip,current_request-5,exploratory_test,flip,1,DENY,DENY,True,True,
N1,L2,current_request-5-flip,current_request-5,exploratory_test,flip,1,DENY,DENY,True,False,N1/current_request-5-flip/1/L1
N1,L0,current_request-6-full,current_request-6,exploratory_test,full,0,DENY,DENY,True,True,
N1,L1,current_request-6-full,current_request-6,exploratory_test,full,0,DENY,DENY,True,True,
N1,L2,current_request-6-full,current_request-6,exploratory_test,full,0,DENY,DENY,True,False,N1/current_request-6-full/0/L1
N1,L0,claim_binding-2-flip,claim_binding-2,development,flip,2,ALLOW,ALLOW,True,True,
N1,L1,claim_binding-2-flip,claim_binding-2,development,flip,2,ALLOW,ALLOW,True,True,
N1,L2,claim_binding-2-flip,claim_binding-2,development,flip,2,ALLOW,ALLOW,True,False,N1/claim_binding-2-flip/2/L1
N1,L0,current_request-7-flip,current_request-7,exploratory_test,flip,0,DENY,ALLOW,False,True,
N1,L1,current_request-7-flip,current_request-7,exploratory_test,flip,0,DENY,DENY,True,True,
N1,L2,current_request-7-flip,current_request-7,exploratory_test,flip,0,DENY,DENY,True,False,N1/current_request-7-flip/0/L1
N1,L0,current_request-1-full,current_request-1,development,full,1,ALLOW,ALLOW,True,True,
N1,L1,current_request-1-full,current_request-1,development,full,1,ALLOW,ALLOW,True,True,
N1,L2,current_request-1-full,current_request-1,development,full,1,ALLOW,ALLOW,True,False,N1/current_request-1-full/1/L1
N1,L0,owner_scope-7-full,owner_scope-7,exploratory_test,full,0,ALLOW,ALLOW,True,True,
N1,L1,owner_scope-7-full,owner_scope-7,exploratory_test,full,0,ALLOW,ALLOW,True,True,
N1,L2,owner_scope-7-full,owner_scope-7,exploratory_test,full,0,ALLOW,ALLOW,True,False,N1/owner_scope-7-full/0/L1
N1,L0,current_request-7-hold,current_request-7,exploratory_test,hold,0,ALLOW,ALLOW,True,True,
N1,L1,current_request-7-hold,current_request-7,exploratory_test,hold,0,ALLOW,ALLOW,True,True,
N1,L2,current_request-7-hold,current_request-7,exploratory_test,hold,0,ALLOW,ALLOW,True,False,N1/current_request-7-hold/0/L1
N1,L0,owner_scope-4-full,owner_scope-4,calibration,full,0,DENY,DENY,True,True,
N1,L1,owner_scope-4-full,owner_scope-4,calibration,full,0,DENY,DENY,True,True,
N1,L2,owner_scope-4-full,owner_scope-4,calibration,full,0,DENY,DENY,True,False,N1/owner_scope-4-full/0/L1
N1,L0,claim_binding-6-hold,claim_binding-6,exploratory_test,hold,2,DENY,DENY,True,True,
N1,L1,claim_binding-6-hold,claim_binding-6,exploratory_test,hold,2,DENY,DENY,True,True,
N1,L2,claim_binding-6-hold,claim_binding-6,exploratory_test,hold,2,DENY,DENY,True,False,N1/claim_binding-6-hold/2/L1
N1,L0,owner_scope-3-full,owner_scope-3,calibration,full,2,ALLOW,ALLOW,True,True,
N1,L1,owner_scope-3-full,owner_scope-3,calibration,full,2,ALLOW,ALLOW,True,True,
N1,L2,owner_scope-3-full,owner_scope-3,calibration,full,2,ALLOW,ALLOW,True,False,N1/owner_scope-3-full/2/L1
N1,L0,owner_scope-4-full,owner_scope-4,calibration,full,2,DENY,DENY,True,True,
N1,L1,owner_scope-4-full,owner_scope-4,calibration,full,2,DENY,DENY,True,True,
N1,L2,owner_scope-4-full,owner_scope-4,calibration,full,2,DENY,DENY,True,False,N1/owner_scope-4-full/2/L1
N1,L0,current_request-4-full,current_request-4,calibration,full,2,DENY,DENY,True,True,
N1,L1,current_request-4-full,current_request-4,calibration,full,2,DENY,DENY,True,True,
N1,L2,current_request-4-full,current_request-4,calibration,full,2,DENY,DENY,True,False,N1/current_request-4-full/2/L1
N1,L0,claim_binding-4-flip,claim_binding-4,calibration,flip,0,ALLOW,ALLOW,True,True,
N1,L1,claim_binding-4-flip,claim_binding-4,calibration,flip,0,ALLOW,ALLOW,True,True,
N1,L2,claim_binding-4-flip,claim_binding-4,calibration,flip,0,ALLOW,ALLOW,True,False,N1/claim_binding-4-flip/0/L1
N1,L0,current_request-7-flip,current_request-7,exploratory_test,flip,2,DENY,ALLOW,False,True,
N1,L1,current_request-7-flip,current_request-7,exploratory_test,flip,2,DENY,DENY,True,True,
N1,L2,current_request-7-flip,current_request-7,exploratory_test,flip,2,DENY,DENY,True,False,N1/current_request-7-flip/2/L1
N1,L0,current_request-7-missing,current_request-7,exploratory_test,missing,1,INSUFFICIENT,DENY,False,True,
N1,L1,current_request-7-missing,current_request-7,exploratory_test,missing,1,INSUFFICIENT,INSUFFICIENT,True,True,
N1,L2,current_request-7-missing,current_request-7,exploratory_test,missing,1,INSUFFICIENT,INSUFFICIENT,True,False,N1/current_request-7-missing/1/L1
N1,L0,claim_binding-6-missing,claim_binding-6,exploratory_test,missing,2,INSUFFICIENT,DENY,False,True,
N1,L1,claim_binding-6-missing,claim_binding-6,exploratory_test,missing,2,INSUFFICIENT,DENY,False,True,
N1,L2,claim_binding-6-missing,claim_binding-6,exploratory_test,missing,2,INSUFFICIENT,DENY,False,False,N1/claim_binding-6-missing/2/L1
N1,L0,current_request-5-missing,current_request-5,exploratory_test,missing,0,INSUFFICIENT,DENY,False,True,
N1,L1,current_request-5-missing,current_request-5,exploratory_test,missing,0,INSUFFICIENT,DENY,False,True,
N1,L2,current_request-5-missing,current_request-5,exploratory_test,missing,0,INSUFFICIENT,DENY,False,False,N1/current_request-5-missing/0/L1
N1,L0,claim_binding-7-missing,claim_binding-7,exploratory_test,missing,0,INSUFFICIENT,DENY,False,True,
N1,L1,claim_binding-7-missing,claim_binding-7,exploratory_test,missing,0,INSUFFICIENT,DENY,False,True,
N1,L2,claim_binding-7-missing,claim_binding-7,exploratory_test,missing,0,INSUFFICIENT,DENY,False,False,N1/claim_binding-7-missing/0/L1
N1,L0,claim_binding-8-full,claim_binding-8,exploratory_test,full,1,DENY,DENY,True,True,
N1,L1,claim_binding-8-full,claim_binding-8,exploratory_test,full,1,DENY,DENY,True,True,
N1,L2,claim_binding-8-full,claim_binding-8,exploratory_test,full,1,DENY,DENY,True,False,N1/claim_binding-8-full/1/L1
N1,L0,claim_binding-5-full,claim_binding-5,exploratory_test,full,0,ALLOW,ALLOW,True,True,
N1,L1,claim_binding-5-full,claim_binding-5,exploratory_test,full,0,ALLOW,ALLOW,True,True,
N1,L2,claim_binding-5-full,claim_binding-5,exploratory_test,full,0,ALLOW,ALLOW,True,False,N1/claim_binding-5-full/0/L1
N1,L0,owner_scope-5-flip,owner_scope-5,exploratory_test,flip,2,DENY,DENY,True,True,
N1,L1,owner_scope-5-flip,owner_scope-5,exploratory_test,flip,2,DENY,DENY,True,True,
N1,L2,owner_scope-5-flip,owner_scope-5,exploratory_test,flip,2,DENY,DENY,True,False,N1/owner_scope-5-flip/2/L1
N1,L0,claim_binding-4-full,claim_binding-4,calibration,full,1,DENY,DENY,True,True,
N1,L1,claim_binding-4-full,claim_binding-4,calibration,full,1,DENY,DENY,True,True,
N1,L2,claim_binding-4-full,claim_binding-4,calibration,full,1,DENY,DENY,True,False,N1/claim_binding-4-full/1/L1
N1,L0,claim_binding-3-missing,claim_binding-3,calibration,missing,1,INSUFFICIENT,DENY,False,True,
N1,L1,claim_binding-3-missing,claim_binding-3,calibration,missing,1,INSUFFICIENT,DENY,False,True,
N1,L2,claim_binding-3-missing,claim_binding-3,calibration,missing,1,INSUFFICIENT,DENY,False,False,N1/claim_binding-3-missing/1/L1
N1,L0,claim_binding-8-flip,claim_binding-8,exploratory_test,flip,2,ALLOW,ALLOW,True,True,
N1,L1,claim_binding-8-flip,claim_binding-8,exploratory_test,flip,2,ALLOW,ALLOW,True,True,
N1,L2,claim_binding-8-flip,claim_binding-8,exploratory_test,flip,2,ALLOW,ALLOW,True,False,N1/claim_binding-8-flip/2/L1
N1,L0,owner_scope-4-missing,owner_scope-4,calibration,missing,0,INSUFFICIENT,ALLOW,False,True,
N1,L1,owner_scope-4-missing,owner_scope-4,calibration,missing,0,INSUFFICIENT,INSUFFICIENT,True,True,
N1,L2,owner_scope-4-missing,owner_scope-4,calibration,missing,0,INSUFFICIENT,INSUFFICIENT,True,False,N1/owner_scope-4-missing/0/L1
N1,L0,owner_scope-1-flip,owner_scope-1,development,flip,1,DENY,DENY,True,True,
N1,L1,owner_scope-1-flip,owner_scope-1,development,flip,1,DENY,DENY,True,True,
N1,L2,owner_scope-1-flip,owner_scope-1,development,flip,1,DENY,DENY,True,False,N1/owner_scope-1-flip/1/L1
N1,L0,claim_binding-2-full,claim_binding-2,development,full,0,DENY,DENY,True,True,
N1,L1,claim_binding-2-full,claim_binding-2,development,full,0,DENY,DENY,True,True,
N1,L2,claim_binding-2-full,claim_binding-2,development,full,0,DENY,DENY,True,False,N1/claim_binding-2-full/0/L1
N1,L0,current_request-3-full,current_request-3,calibration,full,1,ALLOW,ALLOW,True,True,
N1,L1,current_request-3-full,current_request-3,calibration,full,1,ALLOW,ALLOW,True,True,
N1,L2,current_request-3-full,current_request-3,calibration,full,1,ALLOW,ALLOW,True,False,N1/current_request-3-full/1/L1
N1,L0,claim_binding-2-missing,claim_binding-2,development,missing,0,INSUFFICIENT,DENY,False,True,
N1,L1,claim_binding-2-missing,claim_binding-2,development,missing,0,INSUFFICIENT,DENY,False,True,
N1,L2,claim_binding-2-missing,claim_binding-2,development,missing,0,INSUFFICIENT,DENY,False,False,N1/claim_binding-2-missing/0/L1
N1,L0,claim_binding-2-full,claim_binding-2,development,full,2,DENY,DENY,True,True,
N1,L1,claim_binding-2-full,claim_binding-2,development,full,2,DENY,DENY,True,True,
N1,L2,claim_binding-2-full,claim_binding-2,development,full,2,DENY,DENY,True,False,N1/claim_binding-2-full/2/L1
N1,L0,owner_scope-1-missing,owner_scope-1,development,missing,0,INSUFFICIENT,DENY,False,True,
N1,L1,owner_scope-1-missing,owner_scope-1,development,missing,0,INSUFFICIENT,INSUFFICIENT,True,True,
N1,L2,owner_scope-1-missing,owner_scope-1,development,missing,0,INSUFFICIENT,INSUFFICIENT,True,False,N1/owner_scope-1-missing/0/L1
N1,L0,current_request-3-missing,current_request-3,calibration,missing,1,INSUFFICIENT,DENY,False,True,
N1,L1,current_request-3-missing,current_request-3,calibration,missing,1,INSUFFICIENT,DENY,False,True,
N1,L2,current_request-3-missing,current_request-3,calibration,missing,1,INSUFFICIENT,DENY,False,False,N1/current_request-3-missing/1/L1
N1,L0,current_request-8-hold,current_request-8,exploratory_test,hold,1,DENY,DENY,True,True,
N1,L1,current_request-8-hold,current_request-8,exploratory_test,hold,1,DENY,ALLOW,False,True,
N1,L2,current_request-8-hold,current_request-8,exploratory_test,hold,1,DENY,ALLOW,False,False,N1/current_request-8-hold/1/L1
N1,L0,claim_binding-1-full,claim_binding-1,development,full,1,ALLOW,ALLOW,True,True,
N1,L1,claim_binding-1-full,claim_binding-1,development,full,1,ALLOW,ALLOW,True,True,
N1,L2,claim_binding-1-full,claim_binding-1,development,full,1,ALLOW,ALLOW,True,False,N1/claim_binding-1-full/1/L1
N1,L0,owner_scope-8-flip,owner_scope-8,exploratory_test,flip,1,ALLOW,ALLOW,True,True,
N1,L1,owner_scope-8-flip,owner_scope-8,exploratory_test,flip,1,ALLOW,ALLOW,True,True,
N1,L2,owner_scope-8-flip,owner_scope-8,exploratory_test,flip,1,ALLOW,ALLOW,True,False,N1/owner_scope-8-flip/1/L1
N1,L0,owner_scope-5-full,owner_scope-5,exploratory_test,full,2,ALLOW,ALLOW,True,True,
N1,L1,owner_scope-5-full,owner_scope-5,exploratory_test,full,2,ALLOW,ALLOW,True,True,
N1,L2,owner_scope-5-full,owner_scope-5,exploratory_test,full,2,ALLOW,ALLOW,True,False,N1/owner_scope-5-full/2/L1
N1,L0,current_request-7-missing,current_request-7,exploratory_test,missing,2,INSUFFICIENT,DENY,False,True,
N1,L1,current_request-7-missing,current_request-7,exploratory_test,missing,2,INSUFFICIENT,DENY,False,True,
N1,L2,current_request-7-missing,current_request-7,exploratory_test,missing,2,INSUFFICIENT,DENY,False,False,N1/current_request-7-missing/2/L1
N1,L0,current_request-8-missing,current_request-8,exploratory_test,missing,1,INSUFFICIENT,ALLOW,False,True,
N1,L1,current_request-8-missing,current_request-8,exploratory_test,missing,1,INSUFFICIENT,INSUFFICIENT,True,True,
N1,L2,current_request-8-missing,current_request-8,exploratory_test,missing,1,INSUFFICIENT,INSUFFICIENT,True,False,N1/current_request-8-missing/1/L1
N1,L0,current_request-3-flip,current_request-3,calibration,flip,1,DENY,DENY,True,True,
N1,L1,current_request-3-flip,current_request-3,calibration,flip,1,DENY,DENY,True,True,
N1,L2,current_request-3-flip,current_request-3,calibration,flip,1,DENY,DENY,True,False,N1/current_request-3-flip/1/L1
N1,L0,owner_scope-7-flip,owner_scope-7,exploratory_test,flip,2,DENY,DENY,True,True,
N1,L1,owner_scope-7-flip,owner_scope-7,exploratory_test,flip,2,DENY,DENY,True,True,
N1,L2,owner_scope-7-flip,owner_scope-7,exploratory_test,flip,2,DENY,DENY,True,False,N1/owner_scope-7-flip/2/L1
N1,L0,owner_scope-1-full,owner_scope-1,development,full,0,ALLOW,ALLOW,True,True,
N1,L1,owner_scope-1-full,owner_scope-1,development,full,0,ALLOW,ALLOW,True,True,
N1,L2,owner_scope-1-full,owner_scope-1,development,full,0,ALLOW,ALLOW,True,False,N1/owner_scope-1-full/0/L1
N1,L0,owner_scope-6-full,owner_scope-6,exploratory_test,full,1,DENY,DENY,True,True,
N1,L1,owner_scope-6-full,owner_scope-6,exploratory_test,full,1,DENY,DENY,True,True,
N1,L2,owner_scope-6-full,owner_scope-6,exploratory_test,full,1,DENY,DENY,True,False,N1/owner_scope-6-full/1/L1
N1,L0,current_request-4-hold,current_request-4,calibration,hold,1,DENY,DENY,True,True,
N1,L1,current_request-4-hold,current_request-4,calibration,hold,1,DENY,ALLOW,False,True,
N1,L2,current_request-4-hold,current_request-4,calibration,hold,1,DENY,ALLOW,False,False,N1/current_request-4-hold/1/L1
N1,L0,claim_binding-5-missing,claim_binding-5,exploratory_test,missing,0,INSUFFICIENT,DENY,False,True,
N1,L1,claim_binding-5-missing,claim_binding-5,exploratory_test,missing,0,INSUFFICIENT,DENY,False,True,
N1,L2,claim_binding-5-missing,claim_binding-5,exploratory_test,missing,0,INSUFFICIENT,DENY,False,False,N1/claim_binding-5-missing/0/L1
N1,L0,claim_binding-8-missing,claim_binding-8,exploratory_test,missing,0,INSUFFICIENT,DENY,False,True,
N1,L1,claim_binding-8-missing,claim_binding-8,exploratory_test,missing,0,INSUFFICIENT,DENY,False,True,
N1,L2,claim_binding-8-missing,claim_binding-8,exploratory_test,missing,0,INSUFFICIENT,DENY,False,False,N1/claim_binding-8-missing/0/L1
N1,L0,current_request-1-missing,current_request-1,development,missing,2,INSUFFICIENT,DENY,False,True,
N1,L1,current_request-1-missing,current_request-1,development,missing,2,INSUFFICIENT,DENY,False,True,
N1,L2,current_request-1-missing,current_request-1,development,missing,2,INSUFFICIENT,DENY,False,False,N1/current_request-1-missing/2/L1
N1,L0,claim_binding-1-flip,claim_binding-1,development,flip,0,DENY,DENY,True,True,
N1,L1,claim_binding-1-flip,claim_binding-1,development,flip,0,DENY,DENY,True,True,
N1,L2,claim_binding-1-flip,claim_binding-1,development,flip,0,DENY,DENY,True,False,N1/claim_binding-1-flip/0/L1
N1,L0,claim_binding-8-full,claim_binding-8,exploratory_test,full,2,DENY,DENY,True,True,
N1,L1,claim_binding-8-full,claim_binding-8,exploratory_test,full,2,DENY,DENY,True,True,
N1,L2,claim_binding-8-full,claim_binding-8,exploratory_test,full,2,DENY,DENY,True,False,N1/claim_binding-8-full/2/L1
N1,L0,owner_scope-6-flip,owner_scope-6,exploratory_test,flip,2,ALLOW,ALLOW,True,True,
N1,L1,owner_scope-6-flip,owner_scope-6,exploratory_test,flip,2,ALLOW,ALLOW,True,True,
N1,L2,owner_scope-6-flip,owner_scope-6,exploratory_test,flip,2,ALLOW,ALLOW,True,False,N1/owner_scope-6-flip/2/L1
N1,L0,owner_scope-5-flip,owner_scope-5,exploratory_test,flip,0,DENY,DENY,True,True,
N1,L1,owner_scope-5-flip,owner_scope-5,exploratory_test,flip,0,DENY,DENY,True,True,
N1,L2,owner_scope-5-flip,owner_scope-5,exploratory_test,flip,0,DENY,DENY,True,False,N1/owner_scope-5-flip/0/L1
N1,L0,owner_scope-5-missing,owner_scope-5,exploratory_test,missing,1,INSUFFICIENT,DENY,False,True,
N1,L1,owner_scope-5-missing,owner_scope-5,exploratory_test,missing,1,INSUFFICIENT,INSUFFICIENT,True,True,
N1,L2,owner_scope-5-missing,owner_scope-5,exploratory_test,missing,1,INSUFFICIENT,INSUFFICIENT,True,False,N1/owner_scope-5-missing/1/L1
N1,L0,claim_binding-3-flip,claim_binding-3,calibration,flip,1,DENY,DENY,True,True,
N1,L1,claim_binding-3-flip,claim_binding-3,calibration,flip,1,DENY,DENY,True,True,
N1,L2,claim_binding-3-flip,claim_binding-3,calibration,flip,1,DENY,DENY,True,False,N1/claim_binding-3-flip/1/L1
N1,L0,current_request-2-full,current_request-2,development,full,0,DENY,DENY,True,True,
N1,L1,current_request-2-full,current_request-2,development,full,0,DENY,DENY,True,True,
N1,L2,current_request-2-full,current_request-2,development,full,0,DENY,DENY,True,False,N1/current_request-2-full/0/L1
N1,L0,current_request-2-flip,current_request-2,development,flip,0,ALLOW,ALLOW,True,True,
N1,L1,current_request-2-flip,current_request-2,development,flip,0,ALLOW,ALLOW,True,True,
N1,L2,current_request-2-flip,current_request-2,development,flip,0,ALLOW,ALLOW,True,False,N1/current_request-2-flip/0/L1
N1,L0,claim_binding-2-flip,claim_binding-2,development,flip,1,ALLOW,ALLOW,True,True,
N1,L1,claim_binding-2-flip,claim_binding-2,development,flip,1,ALLOW,ALLOW,True,True,
N1,L2,claim_binding-2-flip,claim_binding-2,development,flip,1,ALLOW,ALLOW,True,False,N1/claim_binding-2-flip/1/L1
N1,L0,owner_scope-7-flip,owner_scope-7,exploratory_test,flip,0,DENY,DENY,True,True,
N1,L1,owner_scope-7-flip,owner_scope-7,exploratory_test,flip,0,DENY,DENY,True,True,
N1,L2,owner_scope-7-flip,owner_scope-7,exploratory_test,flip,0,DENY,DENY,True,False,N1/owner_scope-7-flip/0/L1
N1,L0,current_request-8-missing,current_request-8,exploratory_test,missing,0,INSUFFICIENT,ALLOW,False,True,
N1,L1,current_request-8-missing,current_request-8,exploratory_test,missing,0,INSUFFICIENT,INSUFFICIENT,True,True,
N1,L2,current_request-8-missing,current_request-8,exploratory_test,missing,0,INSUFFICIENT,INSUFFICIENT,True,False,N1/current_request-8-missing/0/L1
N1,L0,claim_binding-2-flip,claim_binding-2,development,flip,0,ALLOW,ALLOW,True,True,
N1,L1,claim_binding-2-flip,claim_binding-2,development,flip,0,ALLOW,ALLOW,True,True,
N1,L2,claim_binding-2-flip,claim_binding-2,development,flip,0,ALLOW,ALLOW,True,False,N1/claim_binding-2-flip/0/L1
N1,L0,owner_scope-5-missing,owner_scope-5,exploratory_test,missing,0,INSUFFICIENT,DENY,False,True,
N1,L1,owner_scope-5-missing,owner_scope-5,exploratory_test,missing,0,INSUFFICIENT,INSUFFICIENT,True,True,
N1,L2,owner_scope-5-missing,owner_scope-5,exploratory_test,missing,0,INSUFFICIENT,INSUFFICIENT,True,False,N1/owner_scope-5-missing/0/L1
N1,L0,owner_scope-2-full,owner_scope-2,development,full,2,DENY,DENY,True,True,
N1,L1,owner_scope-2-full,owner_scope-2,development,full,2,DENY,DENY,True,True,
N1,L2,owner_scope-2-full,owner_scope-2,development,full,2,DENY,DENY,True,False,N1/owner_scope-2-full/2/L1
N1,L0,current_request-1-missing,current_request-1,development,missing,0,INSUFFICIENT,DENY,False,True,
N1,L1,current_request-1-missing,current_request-1,development,missing,0,INSUFFICIENT,DENY,False,True,
N1,L2,current_request-1-missing,current_request-1,development,missing,0,INSUFFICIENT,DENY,False,False,N1/current_request-1-missing/0/L1
N1,L0,current_request-3-full,current_request-3,calibration,full,0,ALLOW,ALLOW,True,True,
N1,L1,current_request-3-full,current_request-3,calibration,full,0,ALLOW,ALLOW,True,True,
N1,L2,current_request-3-full,current_request-3,calibration,full,0,ALLOW,ALLOW,True,False,N1/current_request-3-full/0/L1
N1,L0,claim_binding-4-missing,claim_binding-4,calibration,missing,2,INSUFFICIENT,DENY,False,True,
N1,L1,claim_binding-4-missing,claim_binding-4,calibration,missing,2,INSUFFICIENT,INSUFFICIENT,True,True,
N1,L2,claim_binding-4-missing,claim_binding-4,calibration,missing,2,INSUFFICIENT,INSUFFICIENT,True,False,N1/claim_binding-4-missing/2/L1
N1,L0,current_request-1-missing,current_request-1,development,missing,1,INSUFFICIENT,DENY,False,True,
N1,L1,current_request-1-missing,current_request-1,development,missing,1,INSUFFICIENT,DENY,False,True,
N1,L2,current_request-1-missing,current_request-1,development,missing,1,INSUFFICIENT,DENY,False,False,N1/current_request-1-missing/1/L1
N1,L0,claim_binding-1-missing,claim_binding-1,development,missing,2,INSUFFICIENT,DENY,False,True,
N1,L1,claim_binding-1-missing,claim_binding-1,development,missing,2,INSUFFICIENT,DENY,False,True,
N1,L2,claim_binding-1-missing,claim_binding-1,development,missing,2,INSUFFICIENT,DENY,False,False,N1/claim_binding-1-missing/2/L1
N1,L0,current_request-7-hold,current_request-7,exploratory_test,hold,1,ALLOW,ALLOW,True,True,
N1,L1,current_request-7-hold,current_request-7,exploratory_test,hold,1,ALLOW,ALLOW,True,True,
N1,L2,current_request-7-hold,current_request-7,exploratory_test,hold,1,ALLOW,ALLOW,True,False,N1/current_request-7-hold/1/L1
N1,L0,owner_scope-7-full,owner_scope-7,exploratory_test,full,2,ALLOW,ALLOW,True,True,
N1,L1,owner_scope-7-full,owner_scope-7,exploratory_test,full,2,ALLOW,ALLOW,True,True,
N1,L2,owner_scope-7-full,owner_scope-7,exploratory_test,full,2,ALLOW,ALLOW,True,False,N1/owner_scope-7-full/2/L1
N1,L0,current_request-2-flip,current_request-2,development,flip,1,ALLOW,ALLOW,True,True,
N1,L1,current_request-2-flip,current_request-2,development,flip,1,ALLOW,ALLOW,True,True,
N1,L2,current_request-2-flip,current_request-2,development,flip,1,ALLOW,ALLOW,True,False,N1/current_request-2-flip/1/L1
N1,L0,owner_scope-7-flip,owner_scope-7,exploratory_test,flip,1,DENY,DENY,True,True,
N1,L1,owner_scope-7-flip,owner_scope-7,exploratory_test,flip,1,DENY,INSUFFICIENT,False,True,
N1,L2,owner_scope-7-flip,owner_scope-7,exploratory_test,flip,1,DENY,INSUFFICIENT,False,False,N1/owner_scope-7-flip/1/L1
N1,L0,claim_binding-2-missing,claim_binding-2,development,missing,2,INSUFFICIENT,DENY,False,True,
N1,L1,claim_binding-2-missing,claim_binding-2,development,missing,2,INSUFFICIENT,DENY,False,True,
N1,L2,claim_binding-2-missing,claim_binding-2,development,missing,2,INSUFFICIENT,DENY,False,False,N1/claim_binding-2-missing/2/L1
N1,L0,current_request-6-missing,current_request-6,exploratory_test,missing,1,INSUFFICIENT,ALLOW,False,True,
N1,L1,current_request-6-missing,current_request-6,exploratory_test,missing,1,INSUFFICIENT,INSUFFICIENT,True,True,
N1,L2,current_request-6-missing,current_request-6,exploratory_test,missing,1,INSUFFICIENT,INSUFFICIENT,True,False,N1/current_request-6-missing/1/L1
N1,L0,owner_scope-5-hold,owner_scope-5,exploratory_test,hold,1,ALLOW,ALLOW,True,True,
N1,L1,owner_scope-5-hold,owner_scope-5,exploratory_test,hold,1,ALLOW,ALLOW,True,True,
N1,L2,owner_scope-5-hold,owner_scope-5,exploratory_test,hold,1,ALLOW,ALLOW,True,False,N1/owner_scope-5-hold/1/L1
N1,L0,claim_binding-7-flip,claim_binding-7,exploratory_test,flip,1,DENY,DENY,True,True,
N1,L1,claim_binding-7-flip,claim_binding-7,exploratory_test,flip,1,DENY,DENY,True,True,
N1,L2,claim_binding-7-flip,claim_binding-7,exploratory_test,flip,1,DENY,DENY,True,False,N1/claim_binding-7-flip/1/L1
N1,L0,claim_binding-3-full,claim_binding-3,calibration,full,1,ALLOW,ALLOW,True,True,
N1,L1,claim_binding-3-full,claim_binding-3,calibration,full,1,ALLOW,ALLOW,True,True,
N1,L2,claim_binding-3-full,claim_binding-3,calibration,full,1,ALLOW,ALLOW,True,False,N1/claim_binding-3-full/1/L1
N1,L0,current_request-2-missing,current_request-2,development,missing,2,INSUFFICIENT,INSUFFICIENT,True,True,
N1,L1,current_request-2-missing,current_request-2,development,missing,2,INSUFFICIENT,INSUFFICIENT,True,True,
N1,L2,current_request-2-missing,current_request-2,development,missing,2,INSUFFICIENT,INSUFFICIENT,True,False,N1/current_request-2-missing/2/L1
N1,L0,current_request-5-hold,current_request-5,exploratory_test,hold,1,ALLOW,ALLOW,True,True,
N1,L1,current_request-5-hold,current_request-5,exploratory_test,hold,1,ALLOW,ALLOW,True,True,
N1,L2,current_request-5-hold,current_request-5,exploratory_test,hold,1,ALLOW,ALLOW,True,False,N1/current_request-5-hold/1/L1
N1,L0,current_request-5-full,current_request-5,exploratory_test,full,1,ALLOW,ALLOW,True,True,
N1,L1,current_request-5-full,current_request-5,exploratory_test,full,1,ALLOW,ALLOW,True,True,
N1,L2,current_request-5-full,current_request-5,exploratory_test,full,1,ALLOW,ALLOW,True,False,N1/current_request-5-full/1/L1
N1,L0,current_request-5-flip,current_request-5,exploratory_test,flip,2,DENY,DENY,True,True,
N1,L1,current_request-5-flip,current_request-5,exploratory_test,flip,2,DENY,DENY,True,True,
N1,L2,current_request-5-flip,current_request-5,exploratory_test,flip,2,DENY,DENY,True,False,N1/current_request-5-flip/2/L1
N1,L0,owner_scope-5-hold,owner_scope-5,exploratory_test,hold,2,ALLOW,ALLOW,True,True,
N1,L1,owner_scope-5-hold,owner_scope-5,exploratory_test,hold,2,ALLOW,ALLOW,True,True,
N1,L2,owner_scope-5-hold,owner_scope-5,exploratory_test,hold,2,ALLOW,ALLOW,True,False,N1/owner_scope-5-hold/2/L1
N1,L0,claim_binding-5-flip,claim_binding-5,exploratory_test,flip,0,DENY,DENY,True,True,
N1,L1,claim_binding-5-flip,claim_binding-5,exploratory_test,flip,0,DENY,DENY,True,True,
N1,L2,claim_binding-5-flip,claim_binding-5,exploratory_test,flip,0,DENY,DENY,True,False,N1/claim_binding-5-flip/0/L1
N1,L0,claim_binding-8-hold,claim_binding-8,exploratory_test,hold,0,DENY,DENY,True,True,
N1,L1,claim_binding-8-hold,claim_binding-8,exploratory_test,hold,0,DENY,DENY,True,True,
N1,L2,claim_binding-8-hold,claim_binding-8,exploratory_test,hold,0,DENY,DENY,True,False,N1/claim_binding-8-hold/0/L1
N1,L0,claim_binding-6-full,claim_binding-6,exploratory_test,full,0,DENY,DENY,True,True,
N1,L1,claim_binding-6-full,claim_binding-6,exploratory_test,full,0,DENY,DENY,True,True,
N1,L2,claim_binding-6-full,claim_binding-6,exploratory_test,full,0,DENY,DENY,True,False,N1/claim_binding-6-full/0/L1
N1,L0,current_request-1-flip,current_request-1,development,flip,0,DENY,DENY,True,True,
N1,L1,current_request-1-flip,current_request-1,development,flip,0,DENY,DENY,True,True,
N1,L2,current_request-1-flip,current_request-1,development,flip,0,DENY,DENY,True,False,N1/current_request-1-flip/0/L1
N1,L0,current_request-4-missing,current_request-4,calibration,missing,1,INSUFFICIENT,ALLOW,False,True,
N1,L1,current_request-4-missing,current_request-4,calibration,missing,1,INSUFFICIENT,INSUFFICIENT,True,True,
N1,L2,current_request-4-missing,current_request-4,calibration,missing,1,INSUFFICIENT,INSUFFICIENT,True,False,N1/current_request-4-missing/1/L1
N1,L0,owner_scope-1-hold,owner_scope-1,development,hold,1,ALLOW,ALLOW,True,True,
N1,L1,owner_scope-1-hold,owner_scope-1,development,hold,1,ALLOW,ALLOW,True,True,
N1,L2,owner_scope-1-hold,owner_scope-1,development,hold,1,ALLOW,ALLOW,True,False,N1/owner_scope-1-hold/1/L1
N1,L0,owner_scope-6-missing,owner_scope-6,exploratory_test,missing,2,INSUFFICIENT,INSUFFICIENT,True,True,
N1,L1,owner_scope-6-missing,owner_scope-6,exploratory_test,missing,2,INSUFFICIENT,INSUFFICIENT,True,True,
N1,L2,owner_scope-6-missing,owner_scope-6,exploratory_test,missing,2,INSUFFICIENT,INSUFFICIENT,True,False,N1/owner_scope-6-missing/2/L1
N1,L0,owner_scope-3-hold,owner_scope-3,calibration,hold,0,ALLOW,ALLOW,True,True,
N1,L1,owner_scope-3-hold,owner_scope-3,calibration,hold,0,ALLOW,ALLOW,True,True,
N1,L2,owner_scope-3-hold,owner_scope-3,calibration,hold,0,ALLOW,ALLOW,True,False,N1/owner_scope-3-hold/0/L1
N1,L0,claim_binding-1-flip,claim_binding-1,development,flip,2,DENY,DENY,True,True,
N1,L1,claim_binding-1-flip,claim_binding-1,development,flip,2,DENY,DENY,True,True,
N1,L2,claim_binding-1-flip,claim_binding-1,development,flip,2,DENY,DENY,True,False,N1/claim_binding-1-flip/2/L1
N1,L0,claim_binding-8-hold,claim_binding-8,exploratory_test,hold,2,DENY,DENY,True,True,
N1,L1,claim_binding-8-hold,claim_binding-8,exploratory_test,hold,2,DENY,DENY,True,True,
N1,L2,claim_binding-8-hold,claim_binding-8,exploratory_test,hold,2,DENY,DENY,True,False,N1/claim_binding-8-hold/2/L1
N1,L0,owner_scope-5-missing,owner_scope-5,exploratory_test,missing,2,INSUFFICIENT,DENY,False,True,
N1,L1,owner_scope-5-missing,owner_scope-5,exploratory_test,missing,2,INSUFFICIENT,INSUFFICIENT,True,True,
N1,L2,owner_scope-5-missing,owner_scope-5,exploratory_test,missing,2,INSUFFICIENT,INSUFFICIENT,True,False,N1/owner_scope-5-missing/2/L1
N1,L0,claim_binding-6-hold,claim_binding-6,exploratory_test,hold,0,DENY,DENY,True,True,
N1,L1,claim_binding-6-hold,claim_binding-6,exploratory_test,hold,0,DENY,DENY,True,True,
N1,L2,claim_binding-6-hold,claim_binding-6,exploratory_test,hold,0,DENY,DENY,True,False,N1/claim_binding-6-hold/0/L1
N1,L0,owner_scope-8-hold,owner_scope-8,exploratory_test,hold,2,DENY,DENY,True,True,
N1,L1,owner_scope-8-hold,owner_scope-8,exploratory_test,hold,2,DENY,DENY,True,True,
N1,L2,owner_scope-8-hold,owner_scope-8,exploratory_test,hold,2,DENY,DENY,True,False,N1/owner_scope-8-hold/2/L1
N1,L0,owner_scope-2-missing,owner_scope-2,development,missing,1,INSUFFICIENT,ALLOW,False,True,
N1,L1,owner_scope-2-missing,owner_scope-2,development,missing,1,INSUFFICIENT,INSUFFICIENT,True,True,
N1,L2,owner_scope-2-missing,owner_scope-2,development,missing,1,INSUFFICIENT,INSUFFICIENT,True,False,N1/owner_scope-2-missing/1/L1
N1,L0,current_request-5-full,current_request-5,exploratory_test,full,0,ALLOW,ALLOW,True,True,
N1,L1,current_request-5-full,current_request-5,exploratory_test,full,0,ALLOW,ALLOW,True,True,
N1,L2,current_request-5-full,current_request-5,exploratory_test,full,0,ALLOW,ALLOW,True,False,N1/current_request-5-full/0/L1
N1,L0,claim_binding-7-hold,claim_binding-7,exploratory_test,hold,0,ALLOW,ALLOW,True,True,
N1,L1,claim_binding-7-hold,claim_binding-7,exploratory_test,hold,0,ALLOW,ALLOW,True,True,
N1,L2,claim_binding-7-hold,claim_binding-7,exploratory_test,hold,0,ALLOW,ALLOW,True,False,N1/claim_binding-7-hold/0/L1
N1,L0,owner_scope-4-hold,owner_scope-4,calibration,hold,2,DENY,DENY,True,True,
N1,L1,owner_scope-4-hold,owner_scope-4,calibration,hold,2,DENY,DENY,True,True,
N1,L2,owner_scope-4-hold,owner_scope-4,calibration,hold,2,DENY,DENY,True,False,N1/owner_scope-4-hold/2/L1
N1,L0,current_request-7-hold,current_request-7,exploratory_test,hold,2,ALLOW,ALLOW,True,True,
N1,L1,current_request-7-hold,current_request-7,exploratory_test,hold,2,ALLOW,ALLOW,True,True,
N1,L2,current_request-7-hold,current_request-7,exploratory_test,hold,2,ALLOW,ALLOW,True,False,N1/current_request-7-hold/2/L1
N1,L0,claim_binding-3-hold,claim_binding-3,calibration,hold,2,ALLOW,ALLOW,True,True,
N1,L1,claim_binding-3-hold,claim_binding-3,calibration,hold,2,ALLOW,ALLOW,True,True,
N1,L2,claim_binding-3-hold,claim_binding-3,calibration,hold,2,ALLOW,ALLOW,True,False,N1/claim_binding-3-hold/2/L1
N1,L0,current_request-4-flip,current_request-4,calibration,flip,0,ALLOW,ALLOW,True,True,
N1,L1,current_request-4-flip,current_request-4,calibration,flip,0,ALLOW,ALLOW,True,True,
N1,L2,current_request-4-flip,current_request-4,calibration,flip,0,ALLOW,ALLOW,True,False,N1/current_request-4-flip/0/L1
N1,L0,current_request-1-hold,current_request-1,development,hold,1,ALLOW,ALLOW,True,True,
N1,L1,current_request-1-hold,current_request-1,development,hold,1,ALLOW,ALLOW,True,True,
N1,L2,current_request-1-hold,current_request-1,development,hold,1,ALLOW,ALLOW,True,False,N1/current_request-1-hold/1/L1
N1,L0,owner_scope-2-hold,owner_scope-2,development,hold,0,DENY,DENY,True,True,
N1,L1,owner_scope-2-hold,owner_scope-2,development,hold,0,DENY,INSUFFICIENT,False,True,
N1,L2,owner_scope-2-hold,owner_scope-2,development,hold,0,DENY,INSUFFICIENT,False,False,N1/owner_scope-2-hold/0/L1
N1,L0,claim_binding-5-missing,claim_binding-5,exploratory_test,missing,1,INSUFFICIENT,DENY,False,True,
N1,L1,claim_binding-5-missing,claim_binding-5,exploratory_test,missing,1,INSUFFICIENT,DENY,False,True,
N1,L2,claim_binding-5-missing,claim_binding-5,exploratory_test,missing,1,INSUFFICIENT,DENY,False,False,N1/claim_binding-5-missing/1/L1
N1,L0,owner_scope-4-flip,owner_scope-4,calibration,flip,2,ALLOW,ALLOW,True,True,
N1,L1,owner_scope-4-flip,owner_scope-4,calibration,flip,2,ALLOW,ALLOW,True,True,
N1,L2,owner_scope-4-flip,owner_scope-4,calibration,flip,2,ALLOW,ALLOW,True,False,N1/owner_scope-4-flip/2/L1
N1,L0,current_request-7-full,current_request-7,exploratory_test,full,0,ALLOW,ALLOW,True,True,
N1,L1,current_request-7-full,current_request-7,exploratory_test,full,0,ALLOW,ALLOW,True,True,
N1,L2,current_request-7-full,current_request-7,exploratory_test,full,0,ALLOW,ALLOW,True,False,N1/current_request-7-full/0/L1
N1,L0,claim_binding-7-flip,claim_binding-7,exploratory_test,flip,0,DENY,DENY,True,True,
N1,L1,claim_binding-7-flip,claim_binding-7,exploratory_test,flip,0,DENY,DENY,True,True,
N1,L2,claim_binding-7-flip,claim_binding-7,exploratory_test,flip,0,DENY,DENY,True,False,N1/claim_binding-7-flip/0/L1
N1,L0,owner_scope-3-full,owner_scope-3,calibration,full,0,ALLOW,ALLOW,True,True,
N1,L1,owner_scope-3-full,owner_scope-3,calibration,full,0,ALLOW,ALLOW,True,True,
N1,L2,owner_scope-3-full,owner_scope-3,calibration,full,0,ALLOW,ALLOW,True,False,N1/owner_scope-3-full/0/L1
N1,L0,claim_binding-4-full,claim_binding-4,calibration,full,0,DENY,DENY,True,True,
N1,L1,claim_binding-4-full,claim_binding-4,calibration,full,0,DENY,DENY,True,True,
N1,L2,claim_binding-4-full,claim_binding-4,calibration,full,0,DENY,DENY,True,False,N1/claim_binding-4-full/0/L1
N1,L0,current_request-3-missing,current_request-3,calibration,missing,0,INSUFFICIENT,DENY,False,True,
N1,L1,current_request-3-missing,current_request-3,calibration,missing,0,INSUFFICIENT,DENY,False,True,
N1,L2,current_request-3-missing,current_request-3,calibration,missing,0,INSUFFICIENT,DENY,False,False,N1/current_request-3-missing/0/L1
N1,L0,owner_scope-3-flip,owner_scope-3,calibration,flip,0,DENY,DENY,True,True,
N1,L1,owner_scope-3-flip,owner_scope-3,calibration,flip,0,DENY,DENY,True,True,
N1,L2,owner_scope-3-flip,owner_scope-3,calibration,flip,0,DENY,DENY,True,False,N1/owner_scope-3-flip/0/L1
N1,L0,owner_scope-2-flip,owner_scope-2,development,flip,1,ALLOW,ALLOW,True,True,
N1,L1,owner_scope-2-flip,owner_scope-2,development,flip,1,ALLOW,ALLOW,True,True,
N1,L2,owner_scope-2-flip,owner_scope-2,development,flip,1,ALLOW,ALLOW,True,False,N1/owner_scope-2-flip/1/L1
N1,L0,owner_scope-3-hold,owner_scope-3,calibration,hold,1,ALLOW,ALLOW,True,True,
N1,L1,owner_scope-3-hold,owner_scope-3,calibration,hold,1,ALLOW,ALLOW,True,True,
N1,L2,owner_scope-3-hold,owner_scope-3,calibration,hold,1,ALLOW,ALLOW,True,False,N1/owner_scope-3-hold/1/L1
N1,L0,claim_binding-1-hold,claim_binding-1,development,hold,2,ALLOW,ALLOW,True,True,
N1,L1,claim_binding-1-hold,claim_binding-1,development,hold,2,ALLOW,ALLOW,True,True,
N1,L2,claim_binding-1-hold,claim_binding-1,development,hold,2,ALLOW,ALLOW,True,False,N1/claim_binding-1-hold/2/L1
N1,L0,owner_scope-5-full,owner_scope-5,exploratory_test,full,1,ALLOW,ALLOW,True,True,
N1,L1,owner_scope-5-full,owner_scope-5,exploratory_test,full,1,ALLOW,ALLOW,True,True,
N1,L2,owner_scope-5-full,owner_scope-5,exploratory_test,full,1,ALLOW,ALLOW,True,False,N1/owner_scope-5-full/1/L1
N1,L0,claim_binding-4-full,claim_binding-4,calibration,full,2,DENY,DENY,True,True,
N1,L1,claim_binding-4-full,claim_binding-4,calibration,full,2,DENY,DENY,True,True,
N1,L2,claim_binding-4-full,claim_binding-4,calibration,full,2,DENY,DENY,True,False,N1/claim_binding-4-full/2/L1
N1,L0,claim_binding-4-flip,claim_binding-4,calibration,flip,1,ALLOW,ALLOW,True,True,
N1,L1,claim_binding-4-flip,claim_binding-4,calibration,flip,1,ALLOW,ALLOW,True,True,
N1,L2,claim_binding-4-flip,claim_binding-4,calibration,flip,1,ALLOW,ALLOW,True,False,N1/claim_binding-4-flip/1/L1
N1,L0,claim_binding-8-flip,claim_binding-8,exploratory_test,flip,0,ALLOW,ALLOW,True,True,
N1,L1,claim_binding-8-flip,claim_binding-8,exploratory_test,flip,0,ALLOW,ALLOW,True,True,
N1,L2,claim_binding-8-flip,claim_binding-8,exploratory_test,flip,0,ALLOW,ALLOW,True,False,N1/claim_binding-8-flip/0/L1
N1,L0,current_request-7-missing,current_request-7,exploratory_test,missing,0,INSUFFICIENT,DENY,False,True,
N1,L1,current_request-7-missing,current_request-7,exploratory_test,missing,0,INSUFFICIENT,DENY,False,True,
N1,L2,current_request-7-missing,current_request-7,exploratory_test,missing,0,INSUFFICIENT,DENY,False,False,N1/current_request-7-missing/0/L1
N1,L0,current_request-8-flip,current_request-8,exploratory_test,flip,1,ALLOW,ALLOW,True,True,
N1,L1,current_request-8-flip,current_request-8,exploratory_test,flip,1,ALLOW,ALLOW,True,True,
N1,L2,current_request-8-flip,current_request-8,exploratory_test,flip,1,ALLOW,ALLOW,True,False,N1/current_request-8-flip/1/L1
N1,L0,claim_binding-5-flip,claim_binding-5,exploratory_test,flip,2,DENY,DENY,True,True,
N1,L1,claim_binding-5-flip,claim_binding-5,exploratory_test,flip,2,DENY,DENY,True,True,
N1,L2,claim_binding-5-flip,claim_binding-5,exploratory_test,flip,2,DENY,DENY,True,False,N1/claim_binding-5-flip/2/L1
N1,L0,claim_binding-3-full,claim_binding-3,calibration,full,0,ALLOW,ALLOW,True,True,
N1,L1,claim_binding-3-full,claim_binding-3,calibration,full,0,ALLOW,ALLOW,True,True,
N1,L2,claim_binding-3-full,claim_binding-3,calibration,full,0,ALLOW,ALLOW,True,False,N1/claim_binding-3-full/0/L1
N1,L0,owner_scope-2-hold,owner_scope-2,development,hold,1,DENY,DENY,True,True,
N1,L1,owner_scope-2-hold,owner_scope-2,development,hold,1,DENY,ALLOW,False,True,
N1,L2,owner_scope-2-hold,owner_scope-2,development,hold,1,DENY,ALLOW,False,False,N1/owner_scope-2-hold/1/L1
N1,L0,current_request-2-full,current_request-2,development,full,1,DENY,DENY,True,True,
N1,L1,current_request-2-full,current_request-2,development,full,1,DENY,DENY,True,True,
N1,L2,current_request-2-full,current_request-2,development,full,1,DENY,DENY,True,False,N1/current_request-2-full/1/L1
N1,L0,owner_scope-3-hold,owner_scope-3,calibration,hold,2,ALLOW,ALLOW,True,True,
N1,L1,owner_scope-3-hold,owner_scope-3,calibration,hold,2,ALLOW,ALLOW,True,True,
N1,L2,owner_scope-3-hold,owner_scope-3,calibration,hold,2,ALLOW,ALLOW,True,False,N1/owner_scope-3-hold/2/L1
N1,L0,owner_scope-1-hold,owner_scope-1,development,hold,2,ALLOW,ALLOW,True,True,
N1,L1,owner_scope-1-hold,owner_scope-1,development,hold,2,ALLOW,ALLOW,True,True,
N1,L2,owner_scope-1-hold,owner_scope-1,development,hold,2,ALLOW,ALLOW,True,False,N1/owner_scope-1-hold/2/L1
N1,L0,owner_scope-8-hold,owner_scope-8,exploratory_test,hold,1,DENY,DENY,True,True,
N1,L1,owner_scope-8-hold,owner_scope-8,exploratory_test,hold,1,DENY,ALLOW,False,True,
N1,L2,owner_scope-8-hold,owner_scope-8,exploratory_test,hold,1,DENY,ALLOW,False,False,N1/owner_scope-8-hold/1/L1
N1,L0,current_request-8-full,current_request-8,exploratory_test,full,2,DENY,DENY,True,True,
N1,L1,current_request-8-full,current_request-8,exploratory_test,full,2,DENY,DENY,True,True,
N1,L2,current_request-8-full,current_request-8,exploratory_test,full,2,DENY,DENY,True,False,N1/current_request-8-full/2/L1
N1,L0,owner_scope-8-missing,owner_scope-8,exploratory_test,missing,1,INSUFFICIENT,ALLOW,False,True,
N1,L1,owner_scope-8-missing,owner_scope-8,exploratory_test,missing,1,INSUFFICIENT,INSUFFICIENT,True,True,
N1,L2,owner_scope-8-missing,owner_scope-8,exploratory_test,missing,1,INSUFFICIENT,INSUFFICIENT,True,False,N1/owner_scope-8-missing/1/L1
N1,L0,claim_binding-6-hold,claim_binding-6,exploratory_test,hold,1,DENY,DENY,True,True,
N1,L1,claim_binding-6-hold,claim_binding-6,exploratory_test,hold,1,DENY,DENY,True,True,
N1,L2,claim_binding-6-hold,claim_binding-6,exploratory_test,hold,1,DENY,DENY,True,False,N1/claim_binding-6-hold/1/L1
N1,L0,claim_binding-5-flip,claim_binding-5,exploratory_test,flip,1,DENY,DENY,True,True,
N1,L1,claim_binding-5-flip,claim_binding-5,exploratory_test,flip,1,DENY,DENY,True,True,
N1,L2,claim_binding-5-flip,claim_binding-5,exploratory_test,flip,1,DENY,DENY,True,False,N1/claim_binding-5-flip/1/L1
N1,L0,current_request-8-full,current_request-8,exploratory_test,full,0,DENY,ALLOW,False,True,
N1,L1,current_request-8-full,current_request-8,exploratory_test,full,0,DENY,DENY,True,True,
N1,L2,current_request-8-full,current_request-8,exploratory_test,full,0,DENY,DENY,True,False,N1/current_request-8-full/0/L1
N1,L0,claim_binding-5-hold,claim_binding-5,exploratory_test,hold,1,ALLOW,ALLOW,True,True,
N1,L1,claim_binding-5-hold,claim_binding-5,exploratory_test,hold,1,ALLOW,ALLOW,True,True,
N1,L2,claim_binding-5-hold,claim_binding-5,exploratory_test,hold,1,ALLOW,ALLOW,True,False,N1/claim_binding-5-hold/1/L1
N1,L0,claim_binding-8-full,claim_binding-8,exploratory_test,full,0,DENY,DENY,True,True,
N1,L1,claim_binding-8-full,claim_binding-8,exploratory_test,full,0,DENY,DENY,True,True,
N1,L2,claim_binding-8-full,claim_binding-8,exploratory_test,full,0,DENY,DENY,True,False,N1/claim_binding-8-full/0/L1
N1,L0,owner_scope-8-full,owner_scope-8,exploratory_test,full,1,DENY,DENY,True,True,
N1,L1,owner_scope-8-full,owner_scope-8,exploratory_test,full,1,DENY,DENY,True,True,
N1,L2,owner_scope-8-full,owner_scope-8,exploratory_test,full,1,DENY,DENY,True,False,N1/owner_scope-8-full/1/L1
N1,L0,owner_scope-7-hold,owner_scope-7,exploratory_test,hold,0,ALLOW,ALLOW,True,True,
N1,L1,owner_scope-7-hold,owner_scope-7,exploratory_test,hold,0,ALLOW,ALLOW,True,True,
N1,L2,owner_scope-7-hold,owner_scope-7,exploratory_test,hold,0,ALLOW,ALLOW,True,False,N1/owner_scope-7-hold/0/L1
N1,L0,current_request-3-hold,current_request-3,calibration,hold,2,ALLOW,ALLOW,True,True,
N1,L1,current_request-3-hold,current_request-3,calibration,hold,2,ALLOW,ALLOW,True,True,
N1,L2,current_request-3-hold,current_request-3,calibration,hold,2,ALLOW,ALLOW,True,False,N1/current_request-3-hold/2/L1
N1,L0,current_request-1-full,current_request-1,development,full,2,ALLOW,ALLOW,True,True,
N1,L1,current_request-1-full,current_request-1,development,full,2,ALLOW,ALLOW,True,True,
N1,L2,current_request-1-full,current_request-1,development,full,2,ALLOW,ALLOW,True,False,N1/current_request-1-full/2/L1
N1,L0,claim_binding-5-hold,claim_binding-5,exploratory_test,hold,0,ALLOW,ALLOW,True,True,
N1,L1,claim_binding-5-hold,claim_binding-5,exploratory_test,hold,0,ALLOW,ALLOW,True,True,
N1,L2,claim_binding-5-hold,claim_binding-5,exploratory_test,hold,0,ALLOW,ALLOW,True,False,N1/claim_binding-5-hold/0/L1
N1,L0,claim_binding-1-full,claim_binding-1,development,full,0,ALLOW,ALLOW,True,True,
N1,L1,claim_binding-1-full,claim_binding-1,development,full,0,ALLOW,ALLOW,True,True,
N1,L2,claim_binding-1-full,claim_binding-1,development,full,0,ALLOW,ALLOW,True,False,N1/claim_binding-1-full/0/L1
N1,L0,claim_binding-1-full,claim_binding-1,development,full,2,ALLOW,ALLOW,True,True,
N1,L1,claim_binding-1-full,claim_binding-1,development,full,2,ALLOW,ALLOW,True,True,
N1,L2,claim_binding-1-full,claim_binding-1,development,full,2,ALLOW,ALLOW,True,False,N1/claim_binding-1-full/2/L1
N1,L0,claim_binding-1-hold,claim_binding-1,development,hold,0,ALLOW,ALLOW,True,True,
N1,L1,claim_binding-1-hold,claim_binding-1,development,hold,0,ALLOW,ALLOW,True,True,
N1,L2,claim_binding-1-hold,claim_binding-1,development,hold,0,ALLOW,ALLOW,True,False,N1/claim_binding-1-hold/0/L1
N1,L0,owner_scope-2-missing,owner_scope-2,development,missing,0,INSUFFICIENT,INSUFFICIENT,True,True,
N1,L1,owner_scope-2-missing,owner_scope-2,development,missing,0,INSUFFICIENT,INSUFFICIENT,True,True,
N1,L2,owner_scope-2-missing,owner_scope-2,development,missing,0,INSUFFICIENT,INSUFFICIENT,True,False,N1/owner_scope-2-missing/0/L1
N1,L0,claim_binding-7-full,claim_binding-7,exploratory_test,full,2,ALLOW,ALLOW,True,True,
N1,L1,claim_binding-7-full,claim_binding-7,exploratory_test,full,2,ALLOW,ALLOW,True,True,
N1,L2,claim_binding-7-full,claim_binding-7,exploratory_test,full,2,ALLOW,ALLOW,True,False,N1/claim_binding-7-full/2/L1
N1,L0,current_request-1-flip,current_request-1,development,flip,2,DENY,DENY,True,True,
N1,L1,current_request-1-flip,current_request-1,development,flip,2,DENY,DENY,True,True,
N1,L2,current_request-1-flip,current_request-1,development,flip,2,DENY,DENY,True,False,N1/current_request-1-flip/2/L1
N1,L0,claim_binding-3-missing,claim_binding-3,calibration,missing,2,INSUFFICIENT,DENY,False,True,
N1,L1,claim_binding-3-missing,claim_binding-3,calibration,missing,2,INSUFFICIENT,INSUFFICIENT,True,True,
N1,L2,claim_binding-3-missing,claim_binding-3,calibration,missing,2,INSUFFICIENT,INSUFFICIENT,True,False,N1/claim_binding-3-missing/2/L1
N1,L0,owner_scope-5-flip,owner_scope-5,exploratory_test,flip,1,DENY,DENY,True,True,
N1,L1,owner_scope-5-flip,owner_scope-5,exploratory_test,flip,1,DENY,DENY,True,True,
N1,L2,owner_scope-5-flip,owner_scope-5,exploratory_test,flip,1,DENY,DENY,True,False,N1/owner_scope-5-flip/1/L1
N1,L0,claim_binding-8-missing,claim_binding-8,exploratory_test,missing,2,INSUFFICIENT,DENY,False,True,
N1,L1,claim_binding-8-missing,claim_binding-8,exploratory_test,missing,2,INSUFFICIENT,DENY,False,True,
N1,L2,claim_binding-8-missing,claim_binding-8,exploratory_test,missing,2,INSUFFICIENT,DENY,False,False,N1/claim_binding-8-missing/2/L1
N1,L0,current_request-4-hold,current_request-4,calibration,hold,2,DENY,DENY,True,True,
N1,L1,current_request-4-hold,current_request-4,calibration,hold,2,DENY,DENY,True,True,
N1,L2,current_request-4-hold,current_request-4,calibration,hold,2,DENY,DENY,True,False,N1/current_request-4-hold/2/L1
N1,L0,owner_scope-8-missing,owner_scope-8,exploratory_test,missing,0,INSUFFICIENT,INSUFFICIENT,True,True,
N1,L1,owner_scope-8-missing,owner_scope-8,exploratory_test,missing,0,INSUFFICIENT,INSUFFICIENT,True,True,
N1,L2,owner_scope-8-missing,owner_scope-8,exploratory_test,missing,0,INSUFFICIENT,INSUFFICIENT,True,False,N1/owner_scope-8-missing/0/L1
N1,L0,current_request-6-hold,current_request-6,exploratory_test,hold,2,DENY,DENY,True,True,
N1,L1,current_request-6-hold,current_request-6,exploratory_test,hold,2,DENY,DENY,True,True,
N1,L2,current_request-6-hold,current_request-6,exploratory_test,hold,2,DENY,DENY,True,False,N1/current_request-6-hold/2/L1
N1,L0,claim_binding-5-missing,claim_binding-5,exploratory_test,missing,2,INSUFFICIENT,DENY,False,True,
N1,L1,claim_binding-5-missing,claim_binding-5,exploratory_test,missing,2,INSUFFICIENT,DENY,False,True,
N1,L2,claim_binding-5-missing,claim_binding-5,exploratory_test,missing,2,INSUFFICIENT,DENY,False,False,N1/claim_binding-5-missing/2/L1
N1,L0,owner_scope-2-flip,owner_scope-2,development,flip,0,ALLOW,ALLOW,True,True,
N1,L1,owner_scope-2-flip,owner_scope-2,development,flip,0,ALLOW,ALLOW,True,True,
N1,L2,owner_scope-2-flip,owner_scope-2,development,flip,0,ALLOW,ALLOW,True,False,N1/owner_scope-2-flip/0/L1
N1,L0,current_request-2-flip,current_request-2,development,flip,2,ALLOW,ALLOW,True,True,
N1,L1,current_request-2-flip,current_request-2,development,flip,2,ALLOW,ALLOW,True,True,
N1,L2,current_request-2-flip,current_request-2,development,flip,2,ALLOW,ALLOW,True,False,N1/current_request-2-flip/2/L1
N1,L0,current_request-2-hold,current_request-2,development,hold,1,DENY,DENY,True,True,
N1,L1,current_request-2-hold,current_request-2,development,hold,1,DENY,DENY,True,True,
N1,L2,current_request-2-hold,current_request-2,development,hold,1,DENY,DENY,True,False,N1/current_request-2-hold/1/L1
N1,L0,current_request-5-hold,current_request-5,exploratory_test,hold,2,ALLOW,ALLOW,True,True,
N1,L1,current_request-5-hold,current_request-5,exploratory_test,hold,2,ALLOW,ALLOW,True,True,
N1,L2,current_request-5-hold,current_request-5,exploratory_test,hold,2,ALLOW,ALLOW,True,False,N1/current_request-5-hold/2/L1
N1,L0,current_request-6-hold,current_request-6,exploratory_test,hold,0,DENY,DENY,True,True,
N1,L1,current_request-6-hold,current_request-6,exploratory_test,hold,0,DENY,DENY,True,True,
N1,L2,current_request-6-hold,current_request-6,exploratory_test,hold,0,DENY,DENY,True,False,N1/current_request-6-hold/0/L1
N1,L0,claim_binding-1-missing,claim_binding-1,development,missing,0,INSUFFICIENT,DENY,False,True,
N1,L1,claim_binding-1-missing,claim_binding-1,development,missing,0,INSUFFICIENT,DENY,False,True,
N1,L2,claim_binding-1-missing,claim_binding-1,development,missing,0,INSUFFICIENT,DENY,False,False,N1/claim_binding-1-missing/0/L1
N1,L0,current_request-5-hold,current_request-5,exploratory_test,hold,0,ALLOW,ALLOW,True,True,
N1,L1,current_request-5-hold,current_request-5,exploratory_test,hold,0,ALLOW,ALLOW,True,True,
N1,L2,current_request-5-hold,current_request-5,exploratory_test,hold,0,ALLOW,ALLOW,True,False,N1/current_request-5-hold/0/L1
N1,L0,current_request-1-hold,current_request-1,development,hold,0,ALLOW,ALLOW,True,True,
N1,L1,current_request-1-hold,current_request-1,development,hold,0,ALLOW,ALLOW,True,True,
N1,L2,current_request-1-hold,current_request-1,development,hold,0,ALLOW,ALLOW,True,False,N1/current_request-1-hold/0/L1
N1,L0,owner_scope-6-missing,owner_scope-6,exploratory_test,missing,0,INSUFFICIENT,INSUFFICIENT,True,True,
N1,L1,owner_scope-6-missing,owner_scope-6,exploratory_test,missing,0,INSUFFICIENT,INSUFFICIENT,True,True,
N1,L2,owner_scope-6-missing,owner_scope-6,exploratory_test,missing,0,INSUFFICIENT,INSUFFICIENT,True,False,N1/owner_scope-6-missing/0/L1
N1,L0,owner_scope-4-flip,owner_scope-4,calibration,flip,0,ALLOW,ALLOW,True,True,
N1,L1,owner_scope-4-flip,owner_scope-4,calibration,flip,0,ALLOW,ALLOW,True,True,
N1,L2,owner_scope-4-flip,owner_scope-4,calibration,flip,0,ALLOW,ALLOW,True,False,N1/owner_scope-4-flip/0/L1
N1,L0,owner_scope-7-full,owner_scope-7,exploratory_test,full,1,ALLOW,ALLOW,True,True,
N1,L1,owner_scope-7-full,owner_scope-7,exploratory_test,full,1,ALLOW,ALLOW,True,True,
N1,L2,owner_scope-7-full,owner_scope-7,exploratory_test,full,1,ALLOW,ALLOW,True,False,N1/owner_scope-7-full/1/L1
N1,L0,current_request-5-full,current_request-5,exploratory_test,full,2,ALLOW,ALLOW,True,True,
N1,L1,current_request-5-full,current_request-5,exploratory_test,full,2,ALLOW,ALLOW,True,True,
N1,L2,current_request-5-full,current_request-5,exploratory_test,full,2,ALLOW,ALLOW,True,False,N1/current_request-5-full/2/L1
N1,L0,current_request-7-full,current_request-7,exploratory_test,full,1,ALLOW,ALLOW,True,True,
N1,L1,current_request-7-full,current_request-7,exploratory_test,full,1,ALLOW,ALLOW,True,True,
N1,L2,current_request-7-full,current_request-7,exploratory_test,full,1,ALLOW,ALLOW,True,False,N1/current_request-7-full/1/L1
N1,L0,current_request-1-flip,current_request-1,development,flip,1,DENY,DENY,True,True,
N1,L1,current_request-1-flip,current_request-1,development,flip,1,DENY,DENY,True,True,
N1,L2,current_request-1-flip,current_request-1,development,flip,1,DENY,DENY,True,False,N1/current_request-1-flip/1/L1
N1,L0,current_request-4-full,current_request-4,calibration,full,1,DENY,ALLOW,False,True,
N1,L1,current_request-4-full,current_request-4,calibration,full,1,DENY,DENY,True,True,
N1,L2,current_request-4-full,current_request-4,calibration,full,1,DENY,DENY,True,False,N1/current_request-4-full/1/L1
N1,L0,claim_binding-7-flip,claim_binding-7,exploratory_test,flip,2,DENY,DENY,True,True,
N1,L1,claim_binding-7-flip,claim_binding-7,exploratory_test,flip,2,DENY,DENY,True,True,
N1,L2,claim_binding-7-flip,claim_binding-7,exploratory_test,flip,2,DENY,DENY,True,False,N1/claim_binding-7-flip/2/L1
N1,L0,owner_scope-6-flip,owner_scope-6,exploratory_test,flip,0,ALLOW,ALLOW,True,True,
N1,L1,owner_scope-6-flip,owner_scope-6,exploratory_test,flip,0,ALLOW,ALLOW,True,True,
N1,L2,owner_scope-6-flip,owner_scope-6,exploratory_test,flip,0,ALLOW,ALLOW,True,False,N1/owner_scope-6-flip/0/L1
N1,L0,owner_scope-7-hold,owner_scope-7,exploratory_test,hold,1,ALLOW,ALLOW,True,True,
N1,L1,owner_scope-7-hold,owner_scope-7,exploratory_test,hold,1,ALLOW,ALLOW,True,True,
N1,L2,owner_scope-7-hold,owner_scope-7,exploratory_test,hold,1,ALLOW,ALLOW,True,False,N1/owner_scope-7-hold/1/L1
N1,L0,current_request-8-hold,current_request-8,exploratory_test,hold,0,DENY,DENY,True,True,
N1,L1,current_request-8-hold,current_request-8,exploratory_test,hold,0,DENY,DENY,True,True,
N1,L2,current_request-8-hold,current_request-8,exploratory_test,hold,0,DENY,DENY,True,False,N1/current_request-8-hold/0/L1
N1,L0,current_request-8-hold,current_request-8,exploratory_test,hold,2,DENY,DENY,True,True,
N1,L1,current_request-8-hold,current_request-8,exploratory_test,hold,2,DENY,DENY,True,True,
N1,L2,current_request-8-hold,current_request-8,exploratory_test,hold,2,DENY,DENY,True,False,N1/current_request-8-hold/2/L1
N1,L0,claim_binding-6-flip,claim_binding-6,exploratory_test,flip,0,ALLOW,ALLOW,True,True,
N1,L1,claim_binding-6-flip,claim_binding-6,exploratory_test,flip,0,ALLOW,ALLOW,True,True,
N1,L2,claim_binding-6-flip,claim_binding-6,exploratory_test,flip,0,ALLOW,ALLOW,True,False,N1/claim_binding-6-flip/0/L1
N1,L0,claim_binding-3-full,claim_binding-3,calibration,full,2,ALLOW,ALLOW,True,True,
N1,L1,claim_binding-3-full,claim_binding-3,calibration,full,2,ALLOW,ALLOW,True,True,
N1,L2,claim_binding-3-full,claim_binding-3,calibration,full,2,ALLOW,ALLOW,True,False,N1/claim_binding-3-full/2/L1
N1,L0,owner_scope-7-missing,owner_scope-7,exploratory_test,missing,0,INSUFFICIENT,INSUFFICIENT,True,True,
N1,L1,owner_scope-7-missing,owner_scope-7,exploratory_test,missing,0,INSUFFICIENT,INSUFFICIENT,True,True,
N1,L2,owner_scope-7-missing,owner_scope-7,exploratory_test,missing,0,INSUFFICIENT,INSUFFICIENT,True,False,N1/owner_scope-7-missing/0/L1
N1,L0,current_request-5-missing,current_request-5,exploratory_test,missing,1,INSUFFICIENT,DENY,False,True,
N1,L1,current_request-5-missing,current_request-5,exploratory_test,missing,1,INSUFFICIENT,DENY,False,True,
N1,L2,current_request-5-missing,current_request-5,exploratory_test,missing,1,INSUFFICIENT,DENY,False,False,N1/current_request-5-missing/1/L1
N1,L0,current_request-2-hold,current_request-2,development,hold,2,DENY,DENY,True,True,
N1,L1,current_request-2-hold,current_request-2,development,hold,2,DENY,DENY,True,True,
N1,L2,current_request-2-hold,current_request-2,development,hold,2,DENY,DENY,True,False,N1/current_request-2-hold/2/L1
N1,L0,claim_binding-2-missing,claim_binding-2,development,missing,1,INSUFFICIENT,DENY,False,True,
N1,L1,claim_binding-2-missing,claim_binding-2,development,missing,1,INSUFFICIENT,DENY,False,True,
N1,L2,claim_binding-2-missing,claim_binding-2,development,missing,1,INSUFFICIENT,DENY,False,False,N1/claim_binding-2-missing/1/L1
N1,L0,current_request-8-flip,current_request-8,exploratory_test,flip,0,ALLOW,ALLOW,True,True,
N1,L1,current_request-8-flip,current_request-8,exploratory_test,flip,0,ALLOW,ALLOW,True,True,
N1,L2,current_request-8-flip,current_request-8,exploratory_test,flip,0,ALLOW,ALLOW,True,False,N1/current_request-8-flip/0/L1
N1,L0,claim_binding-2-hold,claim_binding-2,development,hold,0,DENY,DENY,True,True,
N1,L1,claim_binding-2-hold,claim_binding-2,development,hold,0,DENY,DENY,True,True,
N1,L2,claim_binding-2-hold,claim_binding-2,development,hold,0,DENY,DENY,True,False,N1/claim_binding-2-hold/0/L1
N1,L0,owner_scope-6-hold,owner_scope-6,exploratory_test,hold,1,DENY,DENY,True,True,
N1,L1,owner_scope-6-hold,owner_scope-6,exploratory_test,hold,1,DENY,ALLOW,False,True,
N1,L2,owner_scope-6-hold,owner_scope-6,exploratory_test,hold,1,DENY,ALLOW,False,False,N1/owner_scope-6-hold/1/L1
N1,L0,claim_binding-6-full,claim_binding-6,exploratory_test,full,2,DENY,DENY,True,True,
N1,L1,claim_binding-6-full,claim_binding-6,exploratory_test,full,2,DENY,DENY,True,True,
N1,L2,claim_binding-6-full,claim_binding-6,exploratory_test,full,2,DENY,DENY,True,False,N1/claim_binding-6-full/2/L1
N1,L0,current_request-3-full,current_request-3,calibration,full,2,ALLOW,ALLOW,True,True,
N1,L1,current_request-3-full,current_request-3,calibration,full,2,ALLOW,ALLOW,True,True,
N1,L2,current_request-3-full,current_request-3,calibration,full,2,ALLOW,ALLOW,True,False,N1/current_request-3-full/2/L1
N1,L0,owner_scope-8-flip,owner_scope-8,exploratory_test,flip,2,ALLOW,ALLOW,True,True,
N1,L1,owner_scope-8-flip,owner_scope-8,exploratory_test,flip,2,ALLOW,ALLOW,True,True,
N1,L2,owner_scope-8-flip,owner_scope-8,exploratory_test,flip,2,ALLOW,ALLOW,True,False,N1/owner_scope-8-flip/2/L1
N1,L0,owner_scope-3-missing,owner_scope-3,calibration,missing,1,INSUFFICIENT,DENY,False,True,
N1,L1,owner_scope-3-missing,owner_scope-3,calibration,missing,1,INSUFFICIENT,INSUFFICIENT,True,True,
N1,L2,owner_scope-3-missing,owner_scope-3,calibration,missing,1,INSUFFICIENT,INSUFFICIENT,True,False,N1/owner_scope-3-missing/1/L1
N1,L0,owner_scope-2-hold,owner_scope-2,development,hold,2,DENY,DENY,True,True,
N1,L1,owner_scope-2-hold,owner_scope-2,development,hold,2,DENY,DENY,True,True,
N1,L2,owner_scope-2-hold,owner_scope-2,development,hold,2,DENY,DENY,True,False,N1/owner_scope-2-hold/2/L1
N1,L0,owner_scope-4-missing,owner_scope-4,calibration,missing,2,INSUFFICIENT,INSUFFICIENT,True,True,
N1,L1,owner_scope-4-missing,owner_scope-4,calibration,missing,2,INSUFFICIENT,INSUFFICIENT,True,True,
N1,L2,owner_scope-4-missing,owner_scope-4,calibration,missing,2,INSUFFICIENT,INSUFFICIENT,True,False,N1/owner_scope-4-missing/2/L1
N1,L0,current_request-6-flip,current_request-6,exploratory_test,flip,2,ALLOW,ALLOW,True,True,
N1,L1,current_request-6-flip,current_request-6,exploratory_test,flip,2,ALLOW,ALLOW,True,True,
N1,L2,current_request-6-flip,current_request-6,exploratory_test,flip,2,ALLOW,ALLOW,True,False,N1/current_request-6-flip/2/L1
N1,L0,current_request-4-flip,current_request-4,calibration,flip,1,ALLOW,ALLOW,True,True,
N1,L1,current_request-4-flip,current_request-4,calibration,flip,1,ALLOW,ALLOW,True,True,
N1,L2,current_request-4-flip,current_request-4,calibration,flip,1,ALLOW,ALLOW,True,False,N1/current_request-4-flip/1/L1
N1,L0,claim_binding-6-missing,claim_binding-6,exploratory_test,missing,1,INSUFFICIENT,DENY,False,True,
N1,L1,claim_binding-6-missing,claim_binding-6,exploratory_test,missing,1,INSUFFICIENT,DENY,False,True,
N1,L2,claim_binding-6-missing,claim_binding-6,exploratory_test,missing,1,INSUFFICIENT,DENY,False,False,N1/claim_binding-6-missing/1/L1
N1,L0,owner_scope-8-hold,owner_scope-8,exploratory_test,hold,0,DENY,DENY,True,True,
N1,L1,owner_scope-8-hold,owner_scope-8,exploratory_test,hold,0,DENY,INSUFFICIENT,False,True,
N1,L2,owner_scope-8-hold,owner_scope-8,exploratory_test,hold,0,DENY,INSUFFICIENT,False,False,N1/owner_scope-8-hold/0/L1
N1,L0,owner_scope-5-full,owner_scope-5,exploratory_test,full,0,ALLOW,ALLOW,True,True,
N1,L1,owner_scope-5-full,owner_scope-5,exploratory_test,full,0,ALLOW,ALLOW,True,True,
N1,L2,owner_scope-5-full,owner_scope-5,exploratory_test,full,0,ALLOW,ALLOW,True,False,N1/owner_scope-5-full/0/L1
N1,L0,claim_binding-8-flip,claim_binding-8,exploratory_test,flip,1,ALLOW,ALLOW,True,True,
N1,L1,claim_binding-8-flip,claim_binding-8,exploratory_test,flip,1,ALLOW,ALLOW,True,True,
N1,L2,claim_binding-8-flip,claim_binding-8,exploratory_test,flip,1,ALLOW,ALLOW,True,False,N1/claim_binding-8-flip/1/L1
N1,L0,current_request-3-flip,current_request-3,calibration,flip,2,DENY,DENY,True,True,
N1,L1,current_request-3-flip,current_request-3,calibration,flip,2,DENY,DENY,True,True,
N1,L2,current_request-3-flip,current_request-3,calibration,flip,2,DENY,DENY,True,False,N1/current_request-3-flip/2/L1
N1,L0,owner_scope-7-missing,owner_scope-7,exploratory_test,missing,2,INSUFFICIENT,DENY,False,True,
N1,L1,owner_scope-7-missing,owner_scope-7,exploratory_test,missing,2,INSUFFICIENT,INSUFFICIENT,True,True,
N1,L2,owner_scope-7-missing,owner_scope-7,exploratory_test,missing,2,INSUFFICIENT,INSUFFICIENT,True,False,N1/owner_scope-7-missing/2/L1
N1,L0,current_request-5-missing,current_request-5,exploratory_test,missing,2,INSUFFICIENT,DENY,False,True,
N1,L1,current_request-5-missing,current_request-5,exploratory_test,missing,2,INSUFFICIENT,DENY,False,True,
N1,L2,current_request-5-missing,current_request-5,exploratory_test,missing,2,INSUFFICIENT,DENY,False,False,N1/current_request-5-missing/2/L1
N1,L0,current_request-6-missing,current_request-6,exploratory_test,missing,2,INSUFFICIENT,ALLOW,False,True,
N1,L1,current_request-6-missing,current_request-6,exploratory_test,missing,2,INSUFFICIENT,INSUFFICIENT,True,True,
N1,L2,current_request-6-missing,current_request-6,exploratory_test,missing,2,INSUFFICIENT,INSUFFICIENT,True,False,N1/current_request-6-missing/2/L1
N1,L0,claim_binding-7-missing,claim_binding-7,exploratory_test,missing,2,INSUFFICIENT,DENY,False,True,
N1,L1,claim_binding-7-missing,claim_binding-7,exploratory_test,missing,2,INSUFFICIENT,DENY,False,True,
N1,L2,claim_binding-7-missing,claim_binding-7,exploratory_test,missing,2,INSUFFICIENT,DENY,False,False,N1/claim_binding-7-missing/2/L1
N1,L0,current_request-8-missing,current_request-8,exploratory_test,missing,2,INSUFFICIENT,INSUFFICIENT,True,True,
N1,L1,current_request-8-missing,current_request-8,exploratory_test,missing,2,INSUFFICIENT,INSUFFICIENT,True,True,
N1,L2,current_request-8-missing,current_request-8,exploratory_test,missing,2,INSUFFICIENT,INSUFFICIENT,True,False,N1/current_request-8-missing/2/L1
N1,L0,owner_scope-6-flip,owner_scope-6,exploratory_test,flip,1,ALLOW,ALLOW,True,True,
N1,L1,owner_scope-6-flip,owner_scope-6,exploratory_test,flip,1,ALLOW,ALLOW,True,True,
N1,L2,owner_scope-6-flip,owner_scope-6,exploratory_test,flip,1,ALLOW,ALLOW,True,False,N1/owner_scope-6-flip/1/L1
N1,L0,claim_binding-4-hold,claim_binding-4,calibration,hold,1,DENY,DENY,True,True,
N1,L1,claim_binding-4-hold,claim_binding-4,calibration,hold,1,DENY,DENY,True,True,
N1,L2,claim_binding-4-hold,claim_binding-4,calibration,hold,1,DENY,DENY,True,False,N1/claim_binding-4-hold/1/L1
N1,L0,claim_binding-5-full,claim_binding-5,exploratory_test,full,2,ALLOW,ALLOW,True,True,
N1,L1,claim_binding-5-full,claim_binding-5,exploratory_test,full,2,ALLOW,ALLOW,True,True,
N1,L2,claim_binding-5-full,claim_binding-5,exploratory_test,full,2,ALLOW,ALLOW,True,False,N1/claim_binding-5-full/2/L1
N1,L0,claim_binding-6-missing,claim_binding-6,exploratory_test,missing,0,INSUFFICIENT,DENY,False,True,
N1,L1,claim_binding-6-missing,claim_binding-6,exploratory_test,missing,0,INSUFFICIENT,DENY,False,True,
N1,L2,claim_binding-6-missing,claim_binding-6,exploratory_test,missing,0,INSUFFICIENT,DENY,False,False,N1/claim_binding-6-missing/0/L1
N1,L0,claim_binding-7-full,claim_binding-7,exploratory_test,full,0,ALLOW,ALLOW,True,True,
N1,L1,claim_binding-7-full,claim_binding-7,exploratory_test,full,0,ALLOW,ALLOW,True,True,
N1,L2,claim_binding-7-full,claim_binding-7,exploratory_test,full,0,ALLOW,ALLOW,True,False,N1/claim_binding-7-full/0/L1
N1,L0,claim_binding-3-flip,claim_binding-3,calibration,flip,0,DENY,DENY,True,True,
N1,L1,claim_binding-3-flip,claim_binding-3,calibration,flip,0,DENY,DENY,True,True,
N1,L2,claim_binding-3-flip,claim_binding-3,calibration,flip,0,DENY,DENY,True,False,N1/claim_binding-3-flip/0/L1
N1,L0,owner_scope-1-missing,owner_scope-1,development,missing,1,INSUFFICIENT,DENY,False,True,
N1,L1,owner_scope-1-missing,owner_scope-1,development,missing,1,INSUFFICIENT,INSUFFICIENT,True,True,
N1,L2,owner_scope-1-missing,owner_scope-1,development,missing,1,INSUFFICIENT,INSUFFICIENT,True,False,N1/owner_scope-1-missing/1/L1
N1,L0,claim_binding-1-hold,claim_binding-1,development,hold,1,ALLOW,ALLOW,True,True,
N1,L1,claim_binding-1-hold,claim_binding-1,development,hold,1,ALLOW,ALLOW,True,True,
N1,L2,claim_binding-1-hold,claim_binding-1,development,hold,1,ALLOW,ALLOW,True,False,N1/claim_binding-1-hold/1/L1
N1,L0,current_request-8-full,current_request-8,exploratory_test,full,1,DENY,ALLOW,False,True,
N1,L1,current_request-8-full,current_request-8,exploratory_test,full,1,DENY,DENY,True,True,
N1,L2,current_request-8-full,current_request-8,exploratory_test,full,1,DENY,DENY,True,False,N1/current_request-8-full/1/L1
N1,L0,owner_scope-1-flip,owner_scope-1,development,flip,2,DENY,DENY,True,True,
N1,L1,owner_scope-1-flip,owner_scope-1,development,flip,2,DENY,DENY,True,True,
N1,L2,owner_scope-1-flip,owner_scope-1,development,flip,2,DENY,DENY,True,False,N1/owner_scope-1-flip/2/L1
N1,L0,current_request-4-missing,current_request-4,calibration,missing,0,INSUFFICIENT,ALLOW,False,True,
N1,L1,current_request-4-missing,current_request-4,calibration,missing,0,INSUFFICIENT,INSUFFICIENT,True,True,
N1,L2,current_request-4-missing,current_request-4,calibration,missing,0,INSUFFICIENT,INSUFFICIENT,True,False,N1/current_request-4-missing/0/L1
N1,L0,owner_scope-4-missing,owner_scope-4,calibration,missing,1,INSUFFICIENT,ALLOW,False,True,
N1,L1,owner_scope-4-missing,owner_scope-4,calibration,missing,1,INSUFFICIENT,INSUFFICIENT,True,True,
N1,L2,owner_scope-4-missing,owner_scope-4,calibration,missing,1,INSUFFICIENT,INSUFFICIENT,True,False,N1/owner_scope-4-missing/1/L1
N1,L0,claim_binding-8-missing,claim_binding-8,exploratory_test,missing,1,INSUFFICIENT,DENY,False,True,
N1,L1,claim_binding-8-missing,claim_binding-8,exploratory_test,missing,1,INSUFFICIENT,DENY,False,True,
N1,L2,claim_binding-8-missing,claim_binding-8,exploratory_test,missing,1,INSUFFICIENT,DENY,False,False,N1/claim_binding-8-missing/1/L1
N1,L0,owner_scope-4-full,owner_scope-4,calibration,full,1,DENY,DENY,True,True,
N1,L1,owner_scope-4-full,owner_scope-4,calibration,full,1,DENY,DENY,True,True,
N1,L2,owner_scope-4-full,owner_scope-4,calibration,full,1,DENY,DENY,True,False,N1/owner_scope-4-full/1/L1
N1,L0,owner_scope-6-missing,owner_scope-6,exploratory_test,missing,1,INSUFFICIENT,INSUFFICIENT,True,True,
N1,L1,owner_scope-6-missing,owner_scope-6,exploratory_test,missing,1,INSUFFICIENT,INSUFFICIENT,True,True,
N1,L2,owner_scope-6-missing,owner_scope-6,exploratory_test,missing,1,INSUFFICIENT,INSUFFICIENT,True,False,N1/owner_scope-6-missing/1/L1
N1,L0,claim_binding-4-hold,claim_binding-4,calibration,hold,0,DENY,DENY,True,True,
N1,L1,claim_binding-4-hold,claim_binding-4,calibration,hold,0,DENY,DENY,True,True,
N1,L2,claim_binding-4-hold,claim_binding-4,calibration,hold,0,DENY,DENY,True,False,N1/claim_binding-4-hold/0/L1
N1,L0,claim_binding-1-missing,claim_binding-1,development,missing,1,INSUFFICIENT,DENY,False,True,
N1,L1,claim_binding-1-missing,claim_binding-1,development,missing,1,INSUFFICIENT,DENY,False,True,
N1,L2,claim_binding-1-missing,claim_binding-1,development,missing,1,INSUFFICIENT,DENY,False,False,N1/claim_binding-1-missing/1/L1
N1,L0,current_request-6-missing,current_request-6,exploratory_test,missing,0,INSUFFICIENT,ALLOW,False,True,
N1,L1,current_request-6-missing,current_request-6,exploratory_test,missing,0,INSUFFICIENT,INSUFFICIENT,True,True,
N1,L2,current_request-6-missing,current_request-6,exploratory_test,missing,0,INSUFFICIENT,INSUFFICIENT,True,False,N1/current_request-6-missing/0/L1
N1,L0,current_request-1-hold,current_request-1,development,hold,2,ALLOW,ALLOW,True,True,
N1,L1,current_request-1-hold,current_request-1,development,hold,2,ALLOW,ALLOW,True,True,
N1,L2,current_request-1-hold,current_request-1,development,hold,2,ALLOW,ALLOW,True,False,N1/current_request-1-hold/2/L1
N1,L0,current_request-7-flip,current_request-7,exploratory_test,flip,1,DENY,DENY,True,True,
N1,L1,current_request-7-flip,current_request-7,exploratory_test,flip,1,DENY,DENY,True,True,
N1,L2,current_request-7-flip,current_request-7,exploratory_test,flip,1,DENY,DENY,True,False,N1/current_request-7-flip/1/L1
N1,L0,claim_binding-4-hold,claim_binding-4,calibration,hold,2,DENY,DENY,True,True,
N1,L1,claim_binding-4-hold,claim_binding-4,calibration,hold,2,DENY,DENY,True,True,
N1,L2,claim_binding-4-hold,claim_binding-4,calibration,hold,2,DENY,DENY,True,False,N1/claim_binding-4-hold/2/L1
N1,L0,owner_scope-8-full,owner_scope-8,exploratory_test,full,0,DENY,DENY,True,True,
N1,L1,owner_scope-8-full,owner_scope-8,exploratory_test,full,0,DENY,DENY,True,True,
N1,L2,owner_scope-8-full,owner_scope-8,exploratory_test,full,0,DENY,DENY,True,False,N1/owner_scope-8-full/0/L1
N1,L0,claim_binding-1-flip,claim_binding-1,development,flip,1,DENY,DENY,True,True,
N1,L1,claim_binding-1-flip,claim_binding-1,development,flip,1,DENY,DENY,True,True,
N1,L2,claim_binding-1-flip,claim_binding-1,development,flip,1,DENY,DENY,True,False,N1/claim_binding-1-flip/1/L1
N1,L0,owner_scope-5-hold,owner_scope-5,exploratory_test,hold,0,ALLOW,ALLOW,True,True,
N1,L1,owner_scope-5-hold,owner_scope-5,exploratory_test,hold,0,ALLOW,ALLOW,True,True,
N1,L2,owner_scope-5-hold,owner_scope-5,exploratory_test,hold,0,ALLOW,ALLOW,True,False,N1/owner_scope-5-hold/0/L1
N1,L0,current_request-3-missing,current_request-3,calibration,missing,2,INSUFFICIENT,DENY,False,True,
N1,L1,current_request-3-missing,current_request-3,calibration,missing,2,INSUFFICIENT,DENY,False,True,
N1,L2,current_request-3-missing,current_request-3,calibration,missing,2,INSUFFICIENT,DENY,False,False,N1/current_request-3-missing/2/L1
N1,L0,claim_binding-4-missing,claim_binding-4,calibration,missing,1,INSUFFICIENT,DENY,False,True,
N1,L1,claim_binding-4-missing,claim_binding-4,calibration,missing,1,INSUFFICIENT,DENY,False,True,
N1,L2,claim_binding-4-missing,claim_binding-4,calibration,missing,1,INSUFFICIENT,DENY,False,False,N1/claim_binding-4-missing/1/L1
N1,L0,current_request-6-flip,current_request-6,exploratory_test,flip,0,ALLOW,ALLOW,True,True,
N1,L1,current_request-6-flip,current_request-6,exploratory_test,flip,0,ALLOW,ALLOW,True,True,
N1,L2,current_request-6-flip,current_request-6,exploratory_test,flip,0,ALLOW,ALLOW,True,False,N1/current_request-6-flip/0/L1
N1,L0,owner_scope-1-hold,owner_scope-1,development,hold,0,ALLOW,ALLOW,True,True,
N1,L1,owner_scope-1-hold,owner_scope-1,development,hold,0,ALLOW,ALLOW,True,True,
N1,L2,owner_scope-1-hold,owner_scope-1,development,hold,0,ALLOW,ALLOW,True,False,N1/owner_scope-1-hold/0/L1
N1,L0,claim_binding-3-hold,claim_binding-3,calibration,hold,1,ALLOW,ALLOW,True,True,
N1,L1,claim_binding-3-hold,claim_binding-3,calibration,hold,1,ALLOW,ALLOW,True,True,
N1,L2,claim_binding-3-hold,claim_binding-3,calibration,hold,1,ALLOW,ALLOW,True,False,N1/claim_binding-3-hold/1/L1
N1,L0,owner_scope-2-missing,owner_scope-2,development,missing,2,INSUFFICIENT,INSUFFICIENT,True,True,
N1,L1,owner_scope-2-missing,owner_scope-2,development,missing,2,INSUFFICIENT,INSUFFICIENT,True,True,
N1,L2,owner_scope-2-missing,owner_scope-2,development,missing,2,INSUFFICIENT,INSUFFICIENT,True,False,N1/owner_scope-2-missing/2/L1
N1,L0,current_request-2-full,current_request-2,development,full,2,DENY,DENY,True,True,
N1,L1,current_request-2-full,current_request-2,development,full,2,DENY,DENY,True,True,
N1,L2,current_request-2-full,current_request-2,development,full,2,DENY,DENY,True,False,N1/current_request-2-full/2/L1
N1,L0,owner_scope-3-missing,owner_scope-3,calibration,missing,0,INSUFFICIENT,INSUFFICIENT,True,True,
N1,L1,owner_scope-3-missing,owner_scope-3,calibration,missing,0,INSUFFICIENT,INSUFFICIENT,True,True,
N1,L2,owner_scope-3-missing,owner_scope-3,calibration,missing,0,INSUFFICIENT,INSUFFICIENT,True,False,N1/owner_scope-3-missing/0/L1
N1,L0,claim_binding-6-flip,claim_binding-6,exploratory_test,flip,2,ALLOW,ALLOW,True,True,
N1,L1,claim_binding-6-flip,claim_binding-6,exploratory_test,flip,2,ALLOW,ALLOW,True,True,
N1,L2,claim_binding-6-flip,claim_binding-6,exploratory_test,flip,2,ALLOW,ALLOW,True,False,N1/claim_binding-6-flip/2/L1
N1,L0,current_request-1-full,current_request-1,development,full,0,ALLOW,ALLOW,True,True,
N1,L1,current_request-1-full,current_request-1,development,full,0,ALLOW,ALLOW,True,True,
N1,L2,current_request-1-full,current_request-1,development,full,0,ALLOW,ALLOW,True,False,N1/current_request-1-full/0/L1
N1,L0,owner_scope-4-hold,owner_scope-4,calibration,hold,0,DENY,DENY,True,True,
N1,L1,owner_scope-4-hold,owner_scope-4,calibration,hold,0,DENY,INSUFFICIENT,False,True,
N1,L2,owner_scope-4-hold,owner_scope-4,calibration,hold,0,DENY,INSUFFICIENT,False,False,N1/owner_scope-4-hold/0/L1
N1,L0,claim_binding-7-missing,claim_binding-7,exploratory_test,missing,1,INSUFFICIENT,DENY,False,True,
N1,L1,claim_binding-7-missing,claim_binding-7,exploratory_test,missing,1,INSUFFICIENT,DENY,False,True,
N1,L2,claim_binding-7-missing,claim_binding-7,exploratory_test,missing,1,INSUFFICIENT,DENY,False,False,N1/claim_binding-7-missing/1/L1
N1,L0,owner_scope-8-flip,owner_scope-8,exploratory_test,flip,0,ALLOW,ALLOW,True,True,
N1,L1,owner_scope-8-flip,owner_scope-8,exploratory_test,flip,0,ALLOW,ALLOW,True,True,
N1,L2,owner_scope-8-flip,owner_scope-8,exploratory_test,flip,0,ALLOW,ALLOW,True,False,N1/owner_scope-8-flip/0/L1
N1,L0,owner_scope-4-flip,owner_scope-4,calibration,flip,1,ALLOW,ALLOW,True,True,
N1,L1,owner_scope-4-flip,owner_scope-4,calibration,flip,1,ALLOW,ALLOW,True,True,
N1,L2,owner_scope-4-flip,owner_scope-4,calibration,flip,1,ALLOW,ALLOW,True,False,N1/owner_scope-4-flip/1/L1
N1,L0,current_request-6-full,current_request-6,exploratory_test,full,2,DENY,DENY,True,True,
N1,L1,current_request-6-full,current_request-6,exploratory_test,full,2,DENY,DENY,True,True,
N1,L2,current_request-6-full,current_request-6,exploratory_test,full,2,DENY,DENY,True,False,N1/current_request-6-full/2/L1
N1,L0,owner_scope-2-flip,owner_scope-2,development,flip,2,ALLOW,ALLOW,True,True,
N1,L1,owner_scope-2-flip,owner_scope-2,development,flip,2,ALLOW,ALLOW,True,True,
N1,L2,owner_scope-2-flip,owner_scope-2,development,flip,2,ALLOW,ALLOW,True,False,N1/owner_scope-2-flip/2/L1
N1,L0,owner_scope-2-full,owner_scope-2,development,full,1,DENY,DENY,True,True,
N1,L1,owner_scope-2-full,owner_scope-2,development,full,1,DENY,DENY,True,True,
N1,L2,owner_scope-2-full,owner_scope-2,development,full,1,DENY,DENY,True,False,N1/owner_scope-2-full/1/L1
N1,L0,current_request-3-hold,current_request-3,calibration,hold,1,ALLOW,ALLOW,True,True,
N1,L1,current_request-3-hold,current_request-3,calibration,hold,1,ALLOW,ALLOW,True,True,
N1,L2,current_request-3-hold,current_request-3,calibration,hold,1,ALLOW,ALLOW,True,False,N1/current_request-3-hold/1/L1
N1,L0,current_request-4-missing,current_request-4,calibration,missing,2,INSUFFICIENT,ALLOW,False,True,
N1,L1,current_request-4-missing,current_request-4,calibration,missing,2,INSUFFICIENT,INSUFFICIENT,True,True,
N1,L2,current_request-4-missing,current_request-4,calibration,missing,2,INSUFFICIENT,INSUFFICIENT,True,False,N1/current_request-4-missing/2/L1
N1,L0,claim_binding-4-missing,claim_binding-4,calibration,missing,0,INSUFFICIENT,DENY,False,True,
N1,L1,claim_binding-4-missing,claim_binding-4,calibration,missing,0,INSUFFICIENT,DENY,False,True,
N1,L2,claim_binding-4-missing,claim_binding-4,calibration,missing,0,INSUFFICIENT,DENY,False,False,N1/claim_binding-4-missing/0/L1
N1,L0,owner_scope-3-full,owner_scope-3,calibration,full,1,ALLOW,ALLOW,True,True,
N1,L1,owner_scope-3-full,owner_scope-3,calibration,full,1,ALLOW,ALLOW,True,True,
N1,L2,owner_scope-3-full,owner_scope-3,calibration,full,1,ALLOW,ALLOW,True,False,N1/owner_scope-3-full/1/L1
N1,L0,owner_scope-1-missing,owner_scope-1,development,missing,2,INSUFFICIENT,DENY,False,True,
N1,L1,owner_scope-1-missing,owner_scope-1,development,missing,2,INSUFFICIENT,INSUFFICIENT,True,True,
N1,L2,owner_scope-1-missing,owner_scope-1,development,missing,2,INSUFFICIENT,INSUFFICIENT,True,False,N1/owner_scope-1-missing/2/L1
N1,L0,current_request-2-missing,current_request-2,development,missing,1,INSUFFICIENT,ALLOW,False,True,
N1,L1,current_request-2-missing,current_request-2,development,missing,1,INSUFFICIENT,INSUFFICIENT,True,True,
N1,L2,current_request-2-missing,current_request-2,development,missing,1,INSUFFICIENT,INSUFFICIENT,True,False,N1/current_request-2-missing/1/L1
N1,L0,current_request-6-hold,current_request-6,exploratory_test,hold,1,DENY,DENY,True,True,
N1,L1,current_request-6-hold,current_request-6,exploratory_test,hold,1,DENY,DENY,True,True,
N1,L2,current_request-6-hold,current_request-6,exploratory_test,hold,1,DENY,DENY,True,False,N1/current_request-6-hold/1/L1
N1,L0,claim_binding-6-full,claim_binding-6,exploratory_test,full,1,DENY,DENY,True,True,
N1,L1,claim_binding-6-full,claim_binding-6,exploratory_test,full,1,DENY,DENY,True,True,
N1,L2,claim_binding-6-full,claim_binding-6,exploratory_test,full,1,DENY,DENY,True,False,N1/claim_binding-6-full/1/L1
N1,L0,claim_binding-2-hold,claim_binding-2,development,hold,2,DENY,DENY,True,True,
N1,L1,claim_binding-2-hold,claim_binding-2,development,hold,2,DENY,DENY,True,True,
N1,L2,claim_binding-2-hold,claim_binding-2,development,hold,2,DENY,DENY,True,False,N1/claim_binding-2-hold/2/L1
N1,L0,current_request-2-hold,current_request-2,development,hold,0,DENY,DENY,True,True,
N1,L1,current_request-2-hold,current_request-2,development,hold,0,DENY,DENY,True,True,
N1,L2,current_request-2-hold,current_request-2,development,hold,0,DENY,DENY,True,False,N1/current_request-2-hold/0/L1
N1,L0,current_request-4-flip,current_request-4,calibration,flip,2,ALLOW,ALLOW,True,True,
N1,L1,current_request-4-flip,current_request-4,calibration,flip,2,ALLOW,ALLOW,True,True,
N1,L2,current_request-4-flip,current_request-4,calibration,flip,2,ALLOW,ALLOW,True,False,N1/current_request-4-flip/2/L1
K1,L0,owner_scope-1-full,owner_scope-1,development,full,1,ALLOW,ALLOW,True,True,
K1,L1,owner_scope-1-full,owner_scope-1,development,full,1,ALLOW,ALLOW,True,True,
K1,L2,owner_scope-1-full,owner_scope-1,development,full,1,ALLOW,ALLOW,True,True,
K1,L0,claim_binding-6-flip,claim_binding-6,exploratory_test,flip,1,ALLOW,ALLOW,True,True,
K1,L1,claim_binding-6-flip,claim_binding-6,exploratory_test,flip,1,ALLOW,ALLOW,True,True,
K1,L2,claim_binding-6-flip,claim_binding-6,exploratory_test,flip,1,ALLOW,ALLOW,True,True,
K1,L0,owner_scope-7-missing,owner_scope-7,exploratory_test,missing,1,INSUFFICIENT,DENY,False,True,
K1,L1,owner_scope-7-missing,owner_scope-7,exploratory_test,missing,1,INSUFFICIENT,ALLOW,False,True,
K1,L2,owner_scope-7-missing,owner_scope-7,exploratory_test,missing,1,INSUFFICIENT,ALLOW,False,True,
K1,L0,current_request-3-hold,current_request-3,calibration,hold,0,ALLOW,ALLOW,True,True,
K1,L1,current_request-3-hold,current_request-3,calibration,hold,0,ALLOW,ALLOW,True,True,
K1,L2,current_request-3-hold,current_request-3,calibration,hold,0,ALLOW,ALLOW,True,True,
K1,L0,owner_scope-7-hold,owner_scope-7,exploratory_test,hold,2,ALLOW,ALLOW,True,True,
K1,L1,owner_scope-7-hold,owner_scope-7,exploratory_test,hold,2,ALLOW,ALLOW,True,True,
K1,L2,owner_scope-7-hold,owner_scope-7,exploratory_test,hold,2,ALLOW,ALLOW,True,True,
K1,L0,current_request-4-hold,current_request-4,calibration,hold,0,DENY,DENY,True,True,
K1,L1,current_request-4-hold,current_request-4,calibration,hold,0,DENY,INSUFFICIENT,False,True,
K1,L2,current_request-4-hold,current_request-4,calibration,hold,0,DENY,DENY,True,True,
K1,L0,owner_scope-3-flip,owner_scope-3,calibration,flip,1,DENY,DENY,True,True,
K1,L1,owner_scope-3-flip,owner_scope-3,calibration,flip,1,DENY,DENY,True,True,
K1,L2,owner_scope-3-flip,owner_scope-3,calibration,flip,1,DENY,DENY,True,True,
K1,L0,claim_binding-7-full,claim_binding-7,exploratory_test,full,1,ALLOW,ALLOW,True,True,
K1,L1,claim_binding-7-full,claim_binding-7,exploratory_test,full,1,ALLOW,ALLOW,True,True,
K1,L2,claim_binding-7-full,claim_binding-7,exploratory_test,full,1,ALLOW,ALLOW,True,True,
K1,L0,current_request-5-flip,current_request-5,exploratory_test,flip,0,DENY,ALLOW,False,True,
K1,L1,current_request-5-flip,current_request-5,exploratory_test,flip,0,DENY,DENY,True,True,
K1,L2,current_request-5-flip,current_request-5,exploratory_test,flip,0,DENY,DENY,True,True,
K1,L0,owner_scope-8-full,owner_scope-8,exploratory_test,full,2,DENY,DENY,True,True,
K1,L1,owner_scope-8-full,owner_scope-8,exploratory_test,full,2,DENY,DENY,True,True,
K1,L2,owner_scope-8-full,owner_scope-8,exploratory_test,full,2,DENY,DENY,True,True,
K1,L0,owner_scope-1-full,owner_scope-1,development,full,2,ALLOW,ALLOW,True,True,
K1,L1,owner_scope-1-full,owner_scope-1,development,full,2,ALLOW,ALLOW,True,True,
K1,L2,owner_scope-1-full,owner_scope-1,development,full,2,ALLOW,ALLOW,True,True,
K1,L0,claim_binding-3-hold,claim_binding-3,calibration,hold,0,ALLOW,ALLOW,True,True,
K1,L1,claim_binding-3-hold,claim_binding-3,calibration,hold,0,ALLOW,ALLOW,True,True,
K1,L2,claim_binding-3-hold,claim_binding-3,calibration,hold,0,ALLOW,ALLOW,True,True,
K1,L0,owner_scope-6-hold,owner_scope-6,exploratory_test,hold,0,DENY,DENY,True,True,
K1,L1,owner_scope-6-hold,owner_scope-6,exploratory_test,hold,0,DENY,INSUFFICIENT,False,True,
K1,L2,owner_scope-6-hold,owner_scope-6,exploratory_test,hold,0,DENY,DENY,True,True,
K1,L0,owner_scope-1-flip,owner_scope-1,development,flip,0,DENY,DENY,True,True,
K1,L1,owner_scope-1-flip,owner_scope-1,development,flip,0,DENY,DENY,True,True,
K1,L2,owner_scope-1-flip,owner_scope-1,development,flip,0,DENY,DENY,True,True,
K1,L0,claim_binding-8-hold,claim_binding-8,exploratory_test,hold,1,DENY,DENY,True,True,
K1,L1,claim_binding-8-hold,claim_binding-8,exploratory_test,hold,1,DENY,DENY,True,True,
K1,L2,claim_binding-8-hold,claim_binding-8,exploratory_test,hold,1,DENY,DENY,True,True,
K1,L0,current_request-2-missing,current_request-2,development,missing,0,INSUFFICIENT,ALLOW,False,True,
K1,L1,current_request-2-missing,current_request-2,development,missing,0,INSUFFICIENT,INSUFFICIENT,True,True,
K1,L2,current_request-2-missing,current_request-2,development,missing,0,INSUFFICIENT,INSUFFICIENT,True,True,
K1,L0,owner_scope-3-missing,owner_scope-3,calibration,missing,2,INSUFFICIENT,INSUFFICIENT,True,True,
K1,L1,owner_scope-3-missing,owner_scope-3,calibration,missing,2,INSUFFICIENT,ALLOW,False,True,
K1,L2,owner_scope-3-missing,owner_scope-3,calibration,missing,2,INSUFFICIENT,ALLOW,False,True,
K1,L0,current_request-6-flip,current_request-6,exploratory_test,flip,1,ALLOW,ALLOW,True,True,
K1,L1,current_request-6-flip,current_request-6,exploratory_test,flip,1,ALLOW,ALLOW,True,True,
K1,L2,current_request-6-flip,current_request-6,exploratory_test,flip,1,ALLOW,ALLOW,True,True,
K1,L0,claim_binding-5-hold,claim_binding-5,exploratory_test,hold,2,ALLOW,ALLOW,True,True,
K1,L1,claim_binding-5-hold,claim_binding-5,exploratory_test,hold,2,ALLOW,ALLOW,True,True,
K1,L2,claim_binding-5-hold,claim_binding-5,exploratory_test,hold,2,ALLOW,ALLOW,True,True,
K1,L0,owner_scope-2-full,owner_scope-2,development,full,0,DENY,DENY,True,True,
K1,L1,owner_scope-2-full,owner_scope-2,development,full,0,DENY,DENY,True,True,
K1,L2,owner_scope-2-full,owner_scope-2,development,full,0,DENY,DENY,True,True,
K1,L0,claim_binding-2-full,claim_binding-2,development,full,1,DENY,DENY,True,True,
K1,L1,claim_binding-2-full,claim_binding-2,development,full,1,DENY,DENY,True,True,
K1,L2,claim_binding-2-full,claim_binding-2,development,full,1,DENY,DENY,True,True,
K1,L0,claim_binding-2-hold,claim_binding-2,development,hold,1,DENY,DENY,True,True,
K1,L1,claim_binding-2-hold,claim_binding-2,development,hold,1,DENY,DENY,True,True,
K1,L2,claim_binding-2-hold,claim_binding-2,development,hold,1,DENY,DENY,True,True,
K1,L0,current_request-4-full,current_request-4,calibration,full,0,DENY,ALLOW,False,True,
K1,L1,current_request-4-full,current_request-4,calibration,full,0,DENY,DENY,True,True,
K1,L2,current_request-4-full,current_request-4,calibration,full,0,DENY,DENY,True,True,
K1,L0,claim_binding-7-hold,claim_binding-7,exploratory_test,hold,2,ALLOW,ALLOW,True,True,
K1,L1,claim_binding-7-hold,claim_binding-7,exploratory_test,hold,2,ALLOW,ALLOW,True,True,
K1,L2,claim_binding-7-hold,claim_binding-7,exploratory_test,hold,2,ALLOW,ALLOW,True,True,
K1,L0,claim_binding-5-full,claim_binding-5,exploratory_test,full,1,ALLOW,ALLOW,True,True,
K1,L1,claim_binding-5-full,claim_binding-5,exploratory_test,full,1,ALLOW,ALLOW,True,True,
K1,L2,claim_binding-5-full,claim_binding-5,exploratory_test,full,1,ALLOW,ALLOW,True,True,
K1,L0,current_request-7-full,current_request-7,exploratory_test,full,2,ALLOW,ALLOW,True,True,
K1,L1,current_request-7-full,current_request-7,exploratory_test,full,2,ALLOW,ALLOW,True,True,
K1,L2,current_request-7-full,current_request-7,exploratory_test,full,2,ALLOW,ALLOW,True,True,
K1,L0,current_request-8-flip,current_request-8,exploratory_test,flip,2,ALLOW,ALLOW,True,True,
K1,L1,current_request-8-flip,current_request-8,exploratory_test,flip,2,ALLOW,ALLOW,True,True,
K1,L2,current_request-8-flip,current_request-8,exploratory_test,flip,2,ALLOW,ALLOW,True,True,
K1,L0,claim_binding-3-missing,claim_binding-3,calibration,missing,0,INSUFFICIENT,DENY,False,True,
K1,L1,claim_binding-3-missing,claim_binding-3,calibration,missing,0,INSUFFICIENT,DENY,False,True,
K1,L2,claim_binding-3-missing,claim_binding-3,calibration,missing,0,INSUFFICIENT,DENY,False,True,
K1,L0,claim_binding-4-flip,claim_binding-4,calibration,flip,2,ALLOW,ALLOW,True,True,
K1,L1,claim_binding-4-flip,claim_binding-4,calibration,flip,2,ALLOW,ALLOW,True,True,
K1,L2,claim_binding-4-flip,claim_binding-4,calibration,flip,2,ALLOW,ALLOW,True,True,
K1,L0,claim_binding-7-hold,claim_binding-7,exploratory_test,hold,1,ALLOW,ALLOW,True,True,
K1,L1,claim_binding-7-hold,claim_binding-7,exploratory_test,hold,1,ALLOW,ALLOW,True,True,
K1,L2,claim_binding-7-hold,claim_binding-7,exploratory_test,hold,1,ALLOW,ALLOW,True,True,
K1,L0,owner_scope-8-missing,owner_scope-8,exploratory_test,missing,2,INSUFFICIENT,ALLOW,False,True,
K1,L1,owner_scope-8-missing,owner_scope-8,exploratory_test,missing,2,INSUFFICIENT,INSUFFICIENT,True,True,
K1,L2,owner_scope-8-missing,owner_scope-8,exploratory_test,missing,2,INSUFFICIENT,INSUFFICIENT,True,True,
K1,L0,claim_binding-3-flip,claim_binding-3,calibration,flip,2,DENY,DENY,True,True,
K1,L1,claim_binding-3-flip,claim_binding-3,calibration,flip,2,DENY,DENY,True,True,
K1,L2,claim_binding-3-flip,claim_binding-3,calibration,flip,2,DENY,DENY,True,True,
K1,L0,owner_scope-6-full,owner_scope-6,exploratory_test,full,0,DENY,DENY,True,True,
K1,L1,owner_scope-6-full,owner_scope-6,exploratory_test,full,0,DENY,DENY,True,True,
K1,L2,owner_scope-6-full,owner_scope-6,exploratory_test,full,0,DENY,DENY,True,True,
K1,L0,current_request-3-flip,current_request-3,calibration,flip,0,DENY,DENY,True,True,
K1,L1,current_request-3-flip,current_request-3,calibration,flip,0,DENY,DENY,True,True,
K1,L2,current_request-3-flip,current_request-3,calibration,flip,0,DENY,DENY,True,True,
K1,L0,current_request-6-full,current_request-6,exploratory_test,full,1,DENY,ALLOW,False,True,
K1,L1,current_request-6-full,current_request-6,exploratory_test,full,1,DENY,DENY,True,True,
K1,L2,current_request-6-full,current_request-6,exploratory_test,full,1,DENY,DENY,True,True,
K1,L0,owner_scope-6-hold,owner_scope-6,exploratory_test,hold,2,DENY,DENY,True,True,
K1,L1,owner_scope-6-hold,owner_scope-6,exploratory_test,hold,2,DENY,DENY,True,True,
K1,L2,owner_scope-6-hold,owner_scope-6,exploratory_test,hold,2,DENY,DENY,True,True,
K1,L0,owner_scope-6-full,owner_scope-6,exploratory_test,full,2,DENY,DENY,True,True,
K1,L1,owner_scope-6-full,owner_scope-6,exploratory_test,full,2,DENY,DENY,True,True,
K1,L2,owner_scope-6-full,owner_scope-6,exploratory_test,full,2,DENY,DENY,True,True,
K1,L0,owner_scope-3-flip,owner_scope-3,calibration,flip,2,DENY,DENY,True,True,
K1,L1,owner_scope-3-flip,owner_scope-3,calibration,flip,2,DENY,DENY,True,True,
K1,L2,owner_scope-3-flip,owner_scope-3,calibration,flip,2,DENY,DENY,True,True,
K1,L0,owner_scope-4-hold,owner_scope-4,calibration,hold,1,DENY,DENY,True,True,
K1,L1,owner_scope-4-hold,owner_scope-4,calibration,hold,1,DENY,INSUFFICIENT,False,True,
K1,L2,owner_scope-4-hold,owner_scope-4,calibration,hold,1,DENY,DENY,True,True,
K1,L0,current_request-5-flip,current_request-5,exploratory_test,flip,1,DENY,DENY,True,True,
K1,L1,current_request-5-flip,current_request-5,exploratory_test,flip,1,DENY,DENY,True,True,
K1,L2,current_request-5-flip,current_request-5,exploratory_test,flip,1,DENY,DENY,True,True,
K1,L0,current_request-6-full,current_request-6,exploratory_test,full,0,DENY,ALLOW,False,True,
K1,L1,current_request-6-full,current_request-6,exploratory_test,full,0,DENY,DENY,True,True,
K1,L2,current_request-6-full,current_request-6,exploratory_test,full,0,DENY,DENY,True,True,
K1,L0,claim_binding-2-flip,claim_binding-2,development,flip,2,ALLOW,ALLOW,True,True,
K1,L1,claim_binding-2-flip,claim_binding-2,development,flip,2,ALLOW,ALLOW,True,True,
K1,L2,claim_binding-2-flip,claim_binding-2,development,flip,2,ALLOW,ALLOW,True,True,
K1,L0,current_request-7-flip,current_request-7,exploratory_test,flip,0,DENY,ALLOW,False,True,
K1,L1,current_request-7-flip,current_request-7,exploratory_test,flip,0,DENY,DENY,True,True,
K1,L2,current_request-7-flip,current_request-7,exploratory_test,flip,0,DENY,DENY,True,True,
K1,L0,current_request-1-full,current_request-1,development,full,1,ALLOW,ALLOW,True,True,
K1,L1,current_request-1-full,current_request-1,development,full,1,ALLOW,ALLOW,True,True,
K1,L2,current_request-1-full,current_request-1,development,full,1,ALLOW,ALLOW,True,True,
K1,L0,owner_scope-7-full,owner_scope-7,exploratory_test,full,0,ALLOW,ALLOW,True,True,
K1,L1,owner_scope-7-full,owner_scope-7,exploratory_test,full,0,ALLOW,ALLOW,True,True,
K1,L2,owner_scope-7-full,owner_scope-7,exploratory_test,full,0,ALLOW,ALLOW,True,True,
K1,L0,current_request-7-hold,current_request-7,exploratory_test,hold,0,ALLOW,ALLOW,True,True,
K1,L1,current_request-7-hold,current_request-7,exploratory_test,hold,0,ALLOW,ALLOW,True,True,
K1,L2,current_request-7-hold,current_request-7,exploratory_test,hold,0,ALLOW,ALLOW,True,True,
K1,L0,owner_scope-4-full,owner_scope-4,calibration,full,0,DENY,DENY,True,True,
K1,L1,owner_scope-4-full,owner_scope-4,calibration,full,0,DENY,DENY,True,True,
K1,L2,owner_scope-4-full,owner_scope-4,calibration,full,0,DENY,DENY,True,True,
K1,L0,claim_binding-6-hold,claim_binding-6,exploratory_test,hold,2,DENY,DENY,True,True,
K1,L1,claim_binding-6-hold,claim_binding-6,exploratory_test,hold,2,DENY,DENY,True,True,
K1,L2,claim_binding-6-hold,claim_binding-6,exploratory_test,hold,2,DENY,DENY,True,True,
K1,L0,owner_scope-3-full,owner_scope-3,calibration,full,2,ALLOW,ALLOW,True,True,
K1,L1,owner_scope-3-full,owner_scope-3,calibration,full,2,ALLOW,ALLOW,True,True,
K1,L2,owner_scope-3-full,owner_scope-3,calibration,full,2,ALLOW,ALLOW,True,True,
K1,L0,owner_scope-4-full,owner_scope-4,calibration,full,2,DENY,DENY,True,True,
K1,L1,owner_scope-4-full,owner_scope-4,calibration,full,2,DENY,DENY,True,True,
K1,L2,owner_scope-4-full,owner_scope-4,calibration,full,2,DENY,DENY,True,True,
K1,L0,current_request-4-full,current_request-4,calibration,full,2,DENY,ALLOW,False,True,
K1,L1,current_request-4-full,current_request-4,calibration,full,2,DENY,DENY,True,True,
K1,L2,current_request-4-full,current_request-4,calibration,full,2,DENY,DENY,True,True,
K1,L0,claim_binding-4-flip,claim_binding-4,calibration,flip,0,ALLOW,ALLOW,True,True,
K1,L1,claim_binding-4-flip,claim_binding-4,calibration,flip,0,ALLOW,ALLOW,True,True,
K1,L2,claim_binding-4-flip,claim_binding-4,calibration,flip,0,ALLOW,ALLOW,True,True,
K1,L0,current_request-7-flip,current_request-7,exploratory_test,flip,2,DENY,ALLOW,False,True,
K1,L1,current_request-7-flip,current_request-7,exploratory_test,flip,2,DENY,DENY,True,True,
K1,L2,current_request-7-flip,current_request-7,exploratory_test,flip,2,DENY,DENY,True,True,
K1,L0,current_request-7-missing,current_request-7,exploratory_test,missing,1,INSUFFICIENT,DENY,False,True,
K1,L1,current_request-7-missing,current_request-7,exploratory_test,missing,1,INSUFFICIENT,INSUFFICIENT,True,True,
K1,L2,current_request-7-missing,current_request-7,exploratory_test,missing,1,INSUFFICIENT,INSUFFICIENT,True,True,
K1,L0,claim_binding-6-missing,claim_binding-6,exploratory_test,missing,2,INSUFFICIENT,DENY,False,True,
K1,L1,claim_binding-6-missing,claim_binding-6,exploratory_test,missing,2,INSUFFICIENT,DENY,False,True,
K1,L2,claim_binding-6-missing,claim_binding-6,exploratory_test,missing,2,INSUFFICIENT,DENY,False,True,
K1,L0,current_request-5-missing,current_request-5,exploratory_test,missing,0,INSUFFICIENT,DENY,False,True,
K1,L1,current_request-5-missing,current_request-5,exploratory_test,missing,0,INSUFFICIENT,INSUFFICIENT,True,True,
K1,L2,current_request-5-missing,current_request-5,exploratory_test,missing,0,INSUFFICIENT,INSUFFICIENT,True,True,
K1,L0,claim_binding-7-missing,claim_binding-7,exploratory_test,missing,0,INSUFFICIENT,DENY,False,True,
K1,L1,claim_binding-7-missing,claim_binding-7,exploratory_test,missing,0,INSUFFICIENT,DENY,False,True,
K1,L2,claim_binding-7-missing,claim_binding-7,exploratory_test,missing,0,INSUFFICIENT,DENY,False,True,
K1,L0,claim_binding-8-full,claim_binding-8,exploratory_test,full,1,DENY,DENY,True,True,
K1,L1,claim_binding-8-full,claim_binding-8,exploratory_test,full,1,DENY,DENY,True,True,
K1,L2,claim_binding-8-full,claim_binding-8,exploratory_test,full,1,DENY,DENY,True,True,
K1,L0,claim_binding-5-full,claim_binding-5,exploratory_test,full,0,ALLOW,ALLOW,True,True,
K1,L1,claim_binding-5-full,claim_binding-5,exploratory_test,full,0,ALLOW,ALLOW,True,True,
K1,L2,claim_binding-5-full,claim_binding-5,exploratory_test,full,0,ALLOW,ALLOW,True,True,
K1,L0,owner_scope-5-flip,owner_scope-5,exploratory_test,flip,2,DENY,DENY,True,True,
K1,L1,owner_scope-5-flip,owner_scope-5,exploratory_test,flip,2,DENY,DENY,True,True,
K1,L2,owner_scope-5-flip,owner_scope-5,exploratory_test,flip,2,DENY,DENY,True,True,
K1,L0,claim_binding-4-full,claim_binding-4,calibration,full,1,DENY,DENY,True,True,
K1,L1,claim_binding-4-full,claim_binding-4,calibration,full,1,DENY,DENY,True,True,
K1,L2,claim_binding-4-full,claim_binding-4,calibration,full,1,DENY,DENY,True,True,
K1,L0,claim_binding-3-missing,claim_binding-3,calibration,missing,1,INSUFFICIENT,DENY,False,True,
K1,L1,claim_binding-3-missing,claim_binding-3,calibration,missing,1,INSUFFICIENT,DENY,False,True,
K1,L2,claim_binding-3-missing,claim_binding-3,calibration,missing,1,INSUFFICIENT,DENY,False,True,
K1,L0,claim_binding-8-flip,claim_binding-8,exploratory_test,flip,2,ALLOW,ALLOW,True,True,
K1,L1,claim_binding-8-flip,claim_binding-8,exploratory_test,flip,2,ALLOW,ALLOW,True,True,
K1,L2,claim_binding-8-flip,claim_binding-8,exploratory_test,flip,2,ALLOW,ALLOW,True,True,
K1,L0,owner_scope-4-missing,owner_scope-4,calibration,missing,0,INSUFFICIENT,ALLOW,False,True,
K1,L1,owner_scope-4-missing,owner_scope-4,calibration,missing,0,INSUFFICIENT,INSUFFICIENT,True,True,
K1,L2,owner_scope-4-missing,owner_scope-4,calibration,missing,0,INSUFFICIENT,INSUFFICIENT,True,True,
K1,L0,owner_scope-1-flip,owner_scope-1,development,flip,1,DENY,DENY,True,True,
K1,L1,owner_scope-1-flip,owner_scope-1,development,flip,1,DENY,DENY,True,True,
K1,L2,owner_scope-1-flip,owner_scope-1,development,flip,1,DENY,DENY,True,True,
K1,L0,claim_binding-2-full,claim_binding-2,development,full,0,DENY,DENY,True,True,
K1,L1,claim_binding-2-full,claim_binding-2,development,full,0,DENY,DENY,True,True,
K1,L2,claim_binding-2-full,claim_binding-2,development,full,0,DENY,DENY,True,True,
K1,L0,current_request-3-full,current_request-3,calibration,full,1,ALLOW,ALLOW,True,True,
K1,L1,current_request-3-full,current_request-3,calibration,full,1,ALLOW,ALLOW,True,True,
K1,L2,current_request-3-full,current_request-3,calibration,full,1,ALLOW,ALLOW,True,True,
K1,L0,claim_binding-2-missing,claim_binding-2,development,missing,0,INSUFFICIENT,DENY,False,True,
K1,L1,claim_binding-2-missing,claim_binding-2,development,missing,0,INSUFFICIENT,DENY,False,True,
K1,L2,claim_binding-2-missing,claim_binding-2,development,missing,0,INSUFFICIENT,DENY,False,True,
K1,L0,claim_binding-2-full,claim_binding-2,development,full,2,DENY,DENY,True,True,
K1,L1,claim_binding-2-full,claim_binding-2,development,full,2,DENY,DENY,True,True,
K1,L2,claim_binding-2-full,claim_binding-2,development,full,2,DENY,DENY,True,True,
K1,L0,owner_scope-1-missing,owner_scope-1,development,missing,0,INSUFFICIENT,ALLOW,False,True,
K1,L1,owner_scope-1-missing,owner_scope-1,development,missing,0,INSUFFICIENT,INSUFFICIENT,True,True,
K1,L2,owner_scope-1-missing,owner_scope-1,development,missing,0,INSUFFICIENT,INSUFFICIENT,True,True,
K1,L0,current_request-3-missing,current_request-3,calibration,missing,1,INSUFFICIENT,DENY,False,True,
K1,L1,current_request-3-missing,current_request-3,calibration,missing,1,INSUFFICIENT,INSUFFICIENT,True,True,
K1,L2,current_request-3-missing,current_request-3,calibration,missing,1,INSUFFICIENT,DENY,False,True,
K1,L0,current_request-8-hold,current_request-8,exploratory_test,hold,1,DENY,DENY,True,True,
K1,L1,current_request-8-hold,current_request-8,exploratory_test,hold,1,DENY,DENY,True,True,
K1,L2,current_request-8-hold,current_request-8,exploratory_test,hold,1,DENY,DENY,True,True,
K1,L0,claim_binding-1-full,claim_binding-1,development,full,1,ALLOW,ALLOW,True,True,
K1,L1,claim_binding-1-full,claim_binding-1,development,full,1,ALLOW,ALLOW,True,True,
K1,L2,claim_binding-1-full,claim_binding-1,development,full,1,ALLOW,ALLOW,True,True,
K1,L0,owner_scope-8-flip,owner_scope-8,exploratory_test,flip,1,ALLOW,ALLOW,True,True,
K1,L1,owner_scope-8-flip,owner_scope-8,exploratory_test,flip,1,ALLOW,ALLOW,True,True,
K1,L2,owner_scope-8-flip,owner_scope-8,exploratory_test,flip,1,ALLOW,ALLOW,True,True,
K1,L0,owner_scope-5-full,owner_scope-5,exploratory_test,full,2,ALLOW,ALLOW,True,True,
K1,L1,owner_scope-5-full,owner_scope-5,exploratory_test,full,2,ALLOW,ALLOW,True,True,
K1,L2,owner_scope-5-full,owner_scope-5,exploratory_test,full,2,ALLOW,ALLOW,True,True,
K1,L0,current_request-7-missing,current_request-7,exploratory_test,missing,2,INSUFFICIENT,DENY,False,True,
K1,L1,current_request-7-missing,current_request-7,exploratory_test,missing,2,INSUFFICIENT,INSUFFICIENT,True,True,
K1,L2,current_request-7-missing,current_request-7,exploratory_test,missing,2,INSUFFICIENT,INSUFFICIENT,True,True,
K1,L0,current_request-8-missing,current_request-8,exploratory_test,missing,1,INSUFFICIENT,ALLOW,False,True,
K1,L1,current_request-8-missing,current_request-8,exploratory_test,missing,1,INSUFFICIENT,ALLOW,False,True,
K1,L2,current_request-8-missing,current_request-8,exploratory_test,missing,1,INSUFFICIENT,INSUFFICIENT,True,True,
K1,L0,current_request-3-flip,current_request-3,calibration,flip,1,DENY,DENY,True,True,
K1,L1,current_request-3-flip,current_request-3,calibration,flip,1,DENY,DENY,True,True,
K1,L2,current_request-3-flip,current_request-3,calibration,flip,1,DENY,DENY,True,True,
K1,L0,owner_scope-7-flip,owner_scope-7,exploratory_test,flip,2,DENY,DENY,True,True,
K1,L1,owner_scope-7-flip,owner_scope-7,exploratory_test,flip,2,DENY,DENY,True,True,
K1,L2,owner_scope-7-flip,owner_scope-7,exploratory_test,flip,2,DENY,DENY,True,True,
K1,L0,owner_scope-1-full,owner_scope-1,development,full,0,ALLOW,ALLOW,True,True,
K1,L1,owner_scope-1-full,owner_scope-1,development,full,0,ALLOW,ALLOW,True,True,
K1,L2,owner_scope-1-full,owner_scope-1,development,full,0,ALLOW,ALLOW,True,True,
K1,L0,owner_scope-6-full,owner_scope-6,exploratory_test,full,1,DENY,DENY,True,True,
K1,L1,owner_scope-6-full,owner_scope-6,exploratory_test,full,1,DENY,DENY,True,True,
K1,L2,owner_scope-6-full,owner_scope-6,exploratory_test,full,1,DENY,DENY,True,True,
K1,L0,current_request-4-hold,current_request-4,calibration,hold,1,DENY,DENY,True,True,
K1,L1,current_request-4-hold,current_request-4,calibration,hold,1,DENY,INSUFFICIENT,False,True,
K1,L2,current_request-4-hold,current_request-4,calibration,hold,1,DENY,DENY,True,True,
K1,L0,claim_binding-5-missing,claim_binding-5,exploratory_test,missing,0,INSUFFICIENT,DENY,False,True,
K1,L1,claim_binding-5-missing,claim_binding-5,exploratory_test,missing,0,INSUFFICIENT,DENY,False,True,
K1,L2,claim_binding-5-missing,claim_binding-5,exploratory_test,missing,0,INSUFFICIENT,DENY,False,True,
K1,L0,claim_binding-8-missing,claim_binding-8,exploratory_test,missing,0,INSUFFICIENT,DENY,False,True,
K1,L1,claim_binding-8-missing,claim_binding-8,exploratory_test,missing,0,INSUFFICIENT,DENY,False,True,
K1,L2,claim_binding-8-missing,claim_binding-8,exploratory_test,missing,0,INSUFFICIENT,DENY,False,True,
K1,L0,current_request-1-missing,current_request-1,development,missing,2,INSUFFICIENT,DENY,False,True,
K1,L1,current_request-1-missing,current_request-1,development,missing,2,INSUFFICIENT,INSUFFICIENT,True,True,
K1,L2,current_request-1-missing,current_request-1,development,missing,2,INSUFFICIENT,INSUFFICIENT,True,True,
K1,L0,claim_binding-1-flip,claim_binding-1,development,flip,0,DENY,DENY,True,True,
K1,L1,claim_binding-1-flip,claim_binding-1,development,flip,0,DENY,DENY,True,True,
K1,L2,claim_binding-1-flip,claim_binding-1,development,flip,0,DENY,DENY,True,True,
K1,L0,claim_binding-8-full,claim_binding-8,exploratory_test,full,2,DENY,DENY,True,True,
K1,L1,claim_binding-8-full,claim_binding-8,exploratory_test,full,2,DENY,DENY,True,True,
K1,L2,claim_binding-8-full,claim_binding-8,exploratory_test,full,2,DENY,DENY,True,True,
K1,L0,owner_scope-6-flip,owner_scope-6,exploratory_test,flip,2,ALLOW,ALLOW,True,True,
K1,L1,owner_scope-6-flip,owner_scope-6,exploratory_test,flip,2,ALLOW,ALLOW,True,True,
K1,L2,owner_scope-6-flip,owner_scope-6,exploratory_test,flip,2,ALLOW,ALLOW,True,True,
K1,L0,owner_scope-5-flip,owner_scope-5,exploratory_test,flip,0,DENY,DENY,True,True,
K1,L1,owner_scope-5-flip,owner_scope-5,exploratory_test,flip,0,DENY,DENY,True,True,
K1,L2,owner_scope-5-flip,owner_scope-5,exploratory_test,flip,0,DENY,DENY,True,True,
K1,L0,owner_scope-5-missing,owner_scope-5,exploratory_test,missing,1,INSUFFICIENT,DENY,False,True,
K1,L1,owner_scope-5-missing,owner_scope-5,exploratory_test,missing,1,INSUFFICIENT,ALLOW,False,True,
K1,L2,owner_scope-5-missing,owner_scope-5,exploratory_test,missing,1,INSUFFICIENT,ALLOW,False,True,
K1,L0,claim_binding-3-flip,claim_binding-3,calibration,flip,1,DENY,DENY,True,True,
K1,L1,claim_binding-3-flip,claim_binding-3,calibration,flip,1,DENY,DENY,True,True,
K1,L2,claim_binding-3-flip,claim_binding-3,calibration,flip,1,DENY,DENY,True,True,
K1,L0,current_request-2-full,current_request-2,development,full,0,DENY,ALLOW,False,True,
K1,L1,current_request-2-full,current_request-2,development,full,0,DENY,DENY,True,True,
K1,L2,current_request-2-full,current_request-2,development,full,0,DENY,DENY,True,True,
K1,L0,current_request-2-flip,current_request-2,development,flip,0,ALLOW,ALLOW,True,True,
K1,L1,current_request-2-flip,current_request-2,development,flip,0,ALLOW,ALLOW,True,True,
K1,L2,current_request-2-flip,current_request-2,development,flip,0,ALLOW,ALLOW,True,True,
K1,L0,claim_binding-2-flip,claim_binding-2,development,flip,1,ALLOW,ALLOW,True,True,
K1,L1,claim_binding-2-flip,claim_binding-2,development,flip,1,ALLOW,ALLOW,True,True,
K1,L2,claim_binding-2-flip,claim_binding-2,development,flip,1,ALLOW,ALLOW,True,True,
K1,L0,owner_scope-7-flip,owner_scope-7,exploratory_test,flip,0,DENY,DENY,True,True,
K1,L1,owner_scope-7-flip,owner_scope-7,exploratory_test,flip,0,DENY,DENY,True,True,
K1,L2,owner_scope-7-flip,owner_scope-7,exploratory_test,flip,0,DENY,DENY,True,True,
K1,L0,current_request-8-missing,current_request-8,exploratory_test,missing,0,INSUFFICIENT,ALLOW,False,True,
K1,L1,current_request-8-missing,current_request-8,exploratory_test,missing,0,INSUFFICIENT,ALLOW,False,True,
K1,L2,current_request-8-missing,current_request-8,exploratory_test,missing,0,INSUFFICIENT,INSUFFICIENT,True,True,
K1,L0,claim_binding-2-flip,claim_binding-2,development,flip,0,ALLOW,ALLOW,True,True,
K1,L1,claim_binding-2-flip,claim_binding-2,development,flip,0,ALLOW,ALLOW,True,True,
K1,L2,claim_binding-2-flip,claim_binding-2,development,flip,0,ALLOW,ALLOW,True,True,
K1,L0,owner_scope-5-missing,owner_scope-5,exploratory_test,missing,0,INSUFFICIENT,DENY,False,True,
K1,L1,owner_scope-5-missing,owner_scope-5,exploratory_test,missing,0,INSUFFICIENT,INSUFFICIENT,True,True,
K1,L2,owner_scope-5-missing,owner_scope-5,exploratory_test,missing,0,INSUFFICIENT,INSUFFICIENT,True,True,
K1,L0,owner_scope-2-full,owner_scope-2,development,full,2,DENY,DENY,True,True,
K1,L1,owner_scope-2-full,owner_scope-2,development,full,2,DENY,DENY,True,True,
K1,L2,owner_scope-2-full,owner_scope-2,development,full,2,DENY,DENY,True,True,
K1,L0,current_request-1-missing,current_request-1,development,missing,0,INSUFFICIENT,DENY,False,True,
K1,L1,current_request-1-missing,current_request-1,development,missing,0,INSUFFICIENT,INSUFFICIENT,True,True,
K1,L2,current_request-1-missing,current_request-1,development,missing,0,INSUFFICIENT,INSUFFICIENT,True,True,
K1,L0,current_request-3-full,current_request-3,calibration,full,0,ALLOW,ALLOW,True,True,
K1,L1,current_request-3-full,current_request-3,calibration,full,0,ALLOW,ALLOW,True,True,
K1,L2,current_request-3-full,current_request-3,calibration,full,0,ALLOW,ALLOW,True,True,
K1,L0,claim_binding-4-missing,claim_binding-4,calibration,missing,2,INSUFFICIENT,INSUFFICIENT,True,True,
K1,L1,claim_binding-4-missing,claim_binding-4,calibration,missing,2,INSUFFICIENT,DENY,False,True,
K1,L2,claim_binding-4-missing,claim_binding-4,calibration,missing,2,INSUFFICIENT,DENY,False,True,
K1,L0,current_request-1-missing,current_request-1,development,missing,1,INSUFFICIENT,DENY,False,True,
K1,L1,current_request-1-missing,current_request-1,development,missing,1,INSUFFICIENT,INSUFFICIENT,True,True,
K1,L2,current_request-1-missing,current_request-1,development,missing,1,INSUFFICIENT,DENY,False,True,
K1,L0,claim_binding-1-missing,claim_binding-1,development,missing,2,INSUFFICIENT,DENY,False,True,
K1,L1,claim_binding-1-missing,claim_binding-1,development,missing,2,INSUFFICIENT,DENY,False,True,
K1,L2,claim_binding-1-missing,claim_binding-1,development,missing,2,INSUFFICIENT,DENY,False,True,
K1,L0,current_request-7-hold,current_request-7,exploratory_test,hold,1,ALLOW,ALLOW,True,True,
K1,L1,current_request-7-hold,current_request-7,exploratory_test,hold,1,ALLOW,ALLOW,True,True,
K1,L2,current_request-7-hold,current_request-7,exploratory_test,hold,1,ALLOW,ALLOW,True,True,
K1,L0,owner_scope-7-full,owner_scope-7,exploratory_test,full,2,ALLOW,ALLOW,True,True,
K1,L1,owner_scope-7-full,owner_scope-7,exploratory_test,full,2,ALLOW,ALLOW,True,True,
K1,L2,owner_scope-7-full,owner_scope-7,exploratory_test,full,2,ALLOW,ALLOW,True,True,
K1,L0,current_request-2-flip,current_request-2,development,flip,1,ALLOW,ALLOW,True,True,
K1,L1,current_request-2-flip,current_request-2,development,flip,1,ALLOW,ALLOW,True,True,
K1,L2,current_request-2-flip,current_request-2,development,flip,1,ALLOW,ALLOW,True,True,
K1,L0,owner_scope-7-flip,owner_scope-7,exploratory_test,flip,1,DENY,DENY,True,True,
K1,L1,owner_scope-7-flip,owner_scope-7,exploratory_test,flip,1,DENY,DENY,True,True,
K1,L2,owner_scope-7-flip,owner_scope-7,exploratory_test,flip,1,DENY,DENY,True,True,
K1,L0,claim_binding-2-missing,claim_binding-2,development,missing,2,INSUFFICIENT,DENY,False,True,
K1,L1,claim_binding-2-missing,claim_binding-2,development,missing,2,INSUFFICIENT,DENY,False,True,
K1,L2,claim_binding-2-missing,claim_binding-2,development,missing,2,INSUFFICIENT,DENY,False,True,
K1,L0,current_request-6-missing,current_request-6,exploratory_test,missing,1,INSUFFICIENT,ALLOW,False,True,
K1,L1,current_request-6-missing,current_request-6,exploratory_test,missing,1,INSUFFICIENT,INSUFFICIENT,True,True,
K1,L2,current_request-6-missing,current_request-6,exploratory_test,missing,1,INSUFFICIENT,INSUFFICIENT,True,True,
K1,L0,owner_scope-5-hold,owner_scope-5,exploratory_test,hold,1,ALLOW,ALLOW,True,True,
K1,L1,owner_scope-5-hold,owner_scope-5,exploratory_test,hold,1,ALLOW,ALLOW,True,True,
K1,L2,owner_scope-5-hold,owner_scope-5,exploratory_test,hold,1,ALLOW,ALLOW,True,True,
K1,L0,claim_binding-7-flip,claim_binding-7,exploratory_test,flip,1,DENY,DENY,True,True,
K1,L1,claim_binding-7-flip,claim_binding-7,exploratory_test,flip,1,DENY,DENY,True,True,
K1,L2,claim_binding-7-flip,claim_binding-7,exploratory_test,flip,1,DENY,DENY,True,True,
K1,L0,claim_binding-3-full,claim_binding-3,calibration,full,1,ALLOW,ALLOW,True,True,
K1,L1,claim_binding-3-full,claim_binding-3,calibration,full,1,ALLOW,ALLOW,True,True,
K1,L2,claim_binding-3-full,claim_binding-3,calibration,full,1,ALLOW,ALLOW,True,True,
K1,L0,current_request-2-missing,current_request-2,development,missing,2,INSUFFICIENT,ALLOW,False,True,
K1,L1,current_request-2-missing,current_request-2,development,missing,2,INSUFFICIENT,INSUFFICIENT,True,True,
K1,L2,current_request-2-missing,current_request-2,development,missing,2,INSUFFICIENT,INSUFFICIENT,True,True,
K1,L0,current_request-5-hold,current_request-5,exploratory_test,hold,1,ALLOW,ALLOW,True,True,
K1,L1,current_request-5-hold,current_request-5,exploratory_test,hold,1,ALLOW,ALLOW,True,True,
K1,L2,current_request-5-hold,current_request-5,exploratory_test,hold,1,ALLOW,ALLOW,True,True,
K1,L0,current_request-5-full,current_request-5,exploratory_test,full,1,ALLOW,ALLOW,True,True,
K1,L1,current_request-5-full,current_request-5,exploratory_test,full,1,ALLOW,ALLOW,True,True,
K1,L2,current_request-5-full,current_request-5,exploratory_test,full,1,ALLOW,ALLOW,True,True,
K1,L0,current_request-5-flip,current_request-5,exploratory_test,flip,2,DENY,ALLOW,False,True,
K1,L1,current_request-5-flip,current_request-5,exploratory_test,flip,2,DENY,DENY,True,True,
K1,L2,current_request-5-flip,current_request-5,exploratory_test,flip,2,DENY,DENY,True,True,
K1,L0,owner_scope-5-hold,owner_scope-5,exploratory_test,hold,2,ALLOW,ALLOW,True,True,
K1,L1,owner_scope-5-hold,owner_scope-5,exploratory_test,hold,2,ALLOW,ALLOW,True,True,
K1,L2,owner_scope-5-hold,owner_scope-5,exploratory_test,hold,2,ALLOW,ALLOW,True,True,
K1,L0,claim_binding-5-flip,claim_binding-5,exploratory_test,flip,0,DENY,DENY,True,True,
K1,L1,claim_binding-5-flip,claim_binding-5,exploratory_test,flip,0,DENY,DENY,True,True,
K1,L2,claim_binding-5-flip,claim_binding-5,exploratory_test,flip,0,DENY,DENY,True,True,
K1,L0,claim_binding-8-hold,claim_binding-8,exploratory_test,hold,0,DENY,DENY,True,True,
K1,L1,claim_binding-8-hold,claim_binding-8,exploratory_test,hold,0,DENY,DENY,True,True,
K1,L2,claim_binding-8-hold,claim_binding-8,exploratory_test,hold,0,DENY,DENY,True,True,
K1,L0,claim_binding-6-full,claim_binding-6,exploratory_test,full,0,DENY,DENY,True,True,
K1,L1,claim_binding-6-full,claim_binding-6,exploratory_test,full,0,DENY,DENY,True,True,
K1,L2,claim_binding-6-full,claim_binding-6,exploratory_test,full,0,DENY,DENY,True,True,
K1,L0,current_request-1-flip,current_request-1,development,flip,0,DENY,ALLOW,False,True,
K1,L1,current_request-1-flip,current_request-1,development,flip,0,DENY,DENY,True,True,
K1,L2,current_request-1-flip,current_request-1,development,flip,0,DENY,DENY,True,True,
K1,L0,current_request-4-missing,current_request-4,calibration,missing,1,INSUFFICIENT,ALLOW,False,True,
K1,L1,current_request-4-missing,current_request-4,calibration,missing,1,INSUFFICIENT,ALLOW,False,True,
K1,L2,current_request-4-missing,current_request-4,calibration,missing,1,INSUFFICIENT,ALLOW,False,True,
K1,L0,owner_scope-1-hold,owner_scope-1,development,hold,1,ALLOW,ALLOW,True,True,
K1,L1,owner_scope-1-hold,owner_scope-1,development,hold,1,ALLOW,ALLOW,True,True,
K1,L2,owner_scope-1-hold,owner_scope-1,development,hold,1,ALLOW,ALLOW,True,True,
K1,L0,owner_scope-6-missing,owner_scope-6,exploratory_test,missing,2,INSUFFICIENT,ALLOW,False,True,
K1,L1,owner_scope-6-missing,owner_scope-6,exploratory_test,missing,2,INSUFFICIENT,INSUFFICIENT,True,True,
K1,L2,owner_scope-6-missing,owner_scope-6,exploratory_test,missing,2,INSUFFICIENT,INSUFFICIENT,True,True,
K1,L0,owner_scope-3-hold,owner_scope-3,calibration,hold,0,ALLOW,ALLOW,True,True,
K1,L1,owner_scope-3-hold,owner_scope-3,calibration,hold,0,ALLOW,ALLOW,True,True,
K1,L2,owner_scope-3-hold,owner_scope-3,calibration,hold,0,ALLOW,ALLOW,True,True,
K1,L0,claim_binding-1-flip,claim_binding-1,development,flip,2,DENY,DENY,True,True,
K1,L1,claim_binding-1-flip,claim_binding-1,development,flip,2,DENY,DENY,True,True,
K1,L2,claim_binding-1-flip,claim_binding-1,development,flip,2,DENY,DENY,True,True,
K1,L0,claim_binding-8-hold,claim_binding-8,exploratory_test,hold,2,DENY,DENY,True,True,
K1,L1,claim_binding-8-hold,claim_binding-8,exploratory_test,hold,2,DENY,DENY,True,True,
K1,L2,claim_binding-8-hold,claim_binding-8,exploratory_test,hold,2,DENY,DENY,True,True,
K1,L0,owner_scope-5-missing,owner_scope-5,exploratory_test,missing,2,INSUFFICIENT,DENY,False,True,
K1,L1,owner_scope-5-missing,owner_scope-5,exploratory_test,missing,2,INSUFFICIENT,INSUFFICIENT,True,True,
K1,L2,owner_scope-5-missing,owner_scope-5,exploratory_test,missing,2,INSUFFICIENT,INSUFFICIENT,True,True,
K1,L0,claim_binding-6-hold,claim_binding-6,exploratory_test,hold,0,DENY,DENY,True,True,
K1,L1,claim_binding-6-hold,claim_binding-6,exploratory_test,hold,0,DENY,DENY,True,True,
K1,L2,claim_binding-6-hold,claim_binding-6,exploratory_test,hold,0,DENY,DENY,True,True,
K1,L0,owner_scope-8-hold,owner_scope-8,exploratory_test,hold,2,DENY,DENY,True,True,
K1,L1,owner_scope-8-hold,owner_scope-8,exploratory_test,hold,2,DENY,INSUFFICIENT,False,True,
K1,L2,owner_scope-8-hold,owner_scope-8,exploratory_test,hold,2,DENY,DENY,True,True,
K1,L0,owner_scope-2-missing,owner_scope-2,development,missing,1,INSUFFICIENT,ALLOW,False,True,
K1,L1,owner_scope-2-missing,owner_scope-2,development,missing,1,INSUFFICIENT,INSUFFICIENT,True,True,
K1,L2,owner_scope-2-missing,owner_scope-2,development,missing,1,INSUFFICIENT,INSUFFICIENT,True,True,
K1,L0,current_request-5-full,current_request-5,exploratory_test,full,0,ALLOW,ALLOW,True,True,
K1,L1,current_request-5-full,current_request-5,exploratory_test,full,0,ALLOW,ALLOW,True,True,
K1,L2,current_request-5-full,current_request-5,exploratory_test,full,0,ALLOW,ALLOW,True,True,
K1,L0,claim_binding-7-hold,claim_binding-7,exploratory_test,hold,0,ALLOW,ALLOW,True,True,
K1,L1,claim_binding-7-hold,claim_binding-7,exploratory_test,hold,0,ALLOW,ALLOW,True,True,
K1,L2,claim_binding-7-hold,claim_binding-7,exploratory_test,hold,0,ALLOW,ALLOW,True,True,
K1,L0,owner_scope-4-hold,owner_scope-4,calibration,hold,2,DENY,DENY,True,True,
K1,L1,owner_scope-4-hold,owner_scope-4,calibration,hold,2,DENY,INSUFFICIENT,False,True,
K1,L2,owner_scope-4-hold,owner_scope-4,calibration,hold,2,DENY,INSUFFICIENT,False,True,
K1,L0,current_request-7-hold,current_request-7,exploratory_test,hold,2,ALLOW,ALLOW,True,True,
K1,L1,current_request-7-hold,current_request-7,exploratory_test,hold,2,ALLOW,ALLOW,True,True,
K1,L2,current_request-7-hold,current_request-7,exploratory_test,hold,2,ALLOW,ALLOW,True,True,
K1,L0,claim_binding-3-hold,claim_binding-3,calibration,hold,2,ALLOW,ALLOW,True,True,
K1,L1,claim_binding-3-hold,claim_binding-3,calibration,hold,2,ALLOW,ALLOW,True,True,
K1,L2,claim_binding-3-hold,claim_binding-3,calibration,hold,2,ALLOW,ALLOW,True,True,
K1,L0,current_request-4-flip,current_request-4,calibration,flip,0,ALLOW,ALLOW,True,True,
K1,L1,current_request-4-flip,current_request-4,calibration,flip,0,ALLOW,ALLOW,True,True,
K1,L2,current_request-4-flip,current_request-4,calibration,flip,0,ALLOW,ALLOW,True,True,
K1,L0,current_request-1-hold,current_request-1,development,hold,1,ALLOW,ALLOW,True,True,
K1,L1,current_request-1-hold,current_request-1,development,hold,1,ALLOW,ALLOW,True,True,
K1,L2,current_request-1-hold,current_request-1,development,hold,1,ALLOW,ALLOW,True,True,
K1,L0,owner_scope-2-hold,owner_scope-2,development,hold,0,DENY,DENY,True,True,
K1,L1,owner_scope-2-hold,owner_scope-2,development,hold,0,DENY,INSUFFICIENT,False,True,
K1,L2,owner_scope-2-hold,owner_scope-2,development,hold,0,DENY,INSUFFICIENT,False,True,
K1,L0,claim_binding-5-missing,claim_binding-5,exploratory_test,missing,1,INSUFFICIENT,DENY,False,True,
K1,L1,claim_binding-5-missing,claim_binding-5,exploratory_test,missing,1,INSUFFICIENT,DENY,False,True,
K1,L2,claim_binding-5-missing,claim_binding-5,exploratory_test,missing,1,INSUFFICIENT,DENY,False,True,
K1,L0,owner_scope-4-flip,owner_scope-4,calibration,flip,2,ALLOW,ALLOW,True,True,
K1,L1,owner_scope-4-flip,owner_scope-4,calibration,flip,2,ALLOW,ALLOW,True,True,
K1,L2,owner_scope-4-flip,owner_scope-4,calibration,flip,2,ALLOW,ALLOW,True,True,
K1,L0,current_request-7-full,current_request-7,exploratory_test,full,0,ALLOW,ALLOW,True,True,
K1,L1,current_request-7-full,current_request-7,exploratory_test,full,0,ALLOW,ALLOW,True,True,
K1,L2,current_request-7-full,current_request-7,exploratory_test,full,0,ALLOW,ALLOW,True,True,
K1,L0,claim_binding-7-flip,claim_binding-7,exploratory_test,flip,0,DENY,DENY,True,True,
K1,L1,claim_binding-7-flip,claim_binding-7,exploratory_test,flip,0,DENY,DENY,True,True,
K1,L2,claim_binding-7-flip,claim_binding-7,exploratory_test,flip,0,DENY,DENY,True,True,
K1,L0,owner_scope-3-full,owner_scope-3,calibration,full,0,ALLOW,ALLOW,True,True,
K1,L1,owner_scope-3-full,owner_scope-3,calibration,full,0,ALLOW,ALLOW,True,True,
K1,L2,owner_scope-3-full,owner_scope-3,calibration,full,0,ALLOW,ALLOW,True,True,
K1,L0,claim_binding-4-full,claim_binding-4,calibration,full,0,DENY,DENY,True,True,
K1,L1,claim_binding-4-full,claim_binding-4,calibration,full,0,DENY,DENY,True,True,
K1,L2,claim_binding-4-full,claim_binding-4,calibration,full,0,DENY,DENY,True,True,
K1,L0,current_request-3-missing,current_request-3,calibration,missing,0,INSUFFICIENT,DENY,False,True,
K1,L1,current_request-3-missing,current_request-3,calibration,missing,0,INSUFFICIENT,DENY,False,True,
K1,L2,current_request-3-missing,current_request-3,calibration,missing,0,INSUFFICIENT,INSUFFICIENT,True,True,
K1,L0,owner_scope-3-flip,owner_scope-3,calibration,flip,0,DENY,DENY,True,True,
K1,L1,owner_scope-3-flip,owner_scope-3,calibration,flip,0,DENY,DENY,True,True,
K1,L2,owner_scope-3-flip,owner_scope-3,calibration,flip,0,DENY,DENY,True,True,
K1,L0,owner_scope-2-flip,owner_scope-2,development,flip,1,ALLOW,ALLOW,True,True,
K1,L1,owner_scope-2-flip,owner_scope-2,development,flip,1,ALLOW,ALLOW,True,True,
K1,L2,owner_scope-2-flip,owner_scope-2,development,flip,1,ALLOW,ALLOW,True,True,
K1,L0,owner_scope-3-hold,owner_scope-3,calibration,hold,1,ALLOW,ALLOW,True,True,
K1,L1,owner_scope-3-hold,owner_scope-3,calibration,hold,1,ALLOW,ALLOW,True,True,
K1,L2,owner_scope-3-hold,owner_scope-3,calibration,hold,1,ALLOW,ALLOW,True,True,
K1,L0,claim_binding-1-hold,claim_binding-1,development,hold,2,ALLOW,ALLOW,True,True,
K1,L1,claim_binding-1-hold,claim_binding-1,development,hold,2,ALLOW,ALLOW,True,True,
K1,L2,claim_binding-1-hold,claim_binding-1,development,hold,2,ALLOW,ALLOW,True,True,
K1,L0,owner_scope-5-full,owner_scope-5,exploratory_test,full,1,ALLOW,ALLOW,True,True,
K1,L1,owner_scope-5-full,owner_scope-5,exploratory_test,full,1,ALLOW,ALLOW,True,True,
K1,L2,owner_scope-5-full,owner_scope-5,exploratory_test,full,1,ALLOW,ALLOW,True,True,
K1,L0,claim_binding-4-full,claim_binding-4,calibration,full,2,DENY,DENY,True,True,
K1,L1,claim_binding-4-full,claim_binding-4,calibration,full,2,DENY,DENY,True,True,
K1,L2,claim_binding-4-full,claim_binding-4,calibration,full,2,DENY,DENY,True,True,
K1,L0,claim_binding-4-flip,claim_binding-4,calibration,flip,1,ALLOW,ALLOW,True,True,
K1,L1,claim_binding-4-flip,claim_binding-4,calibration,flip,1,ALLOW,ALLOW,True,True,
K1,L2,claim_binding-4-flip,claim_binding-4,calibration,flip,1,ALLOW,ALLOW,True,True,
K1,L0,claim_binding-8-flip,claim_binding-8,exploratory_test,flip,0,ALLOW,ALLOW,True,True,
K1,L1,claim_binding-8-flip,claim_binding-8,exploratory_test,flip,0,ALLOW,ALLOW,True,True,
K1,L2,claim_binding-8-flip,claim_binding-8,exploratory_test,flip,0,ALLOW,ALLOW,True,True,
K1,L0,current_request-7-missing,current_request-7,exploratory_test,missing,0,INSUFFICIENT,DENY,False,True,
K1,L1,current_request-7-missing,current_request-7,exploratory_test,missing,0,INSUFFICIENT,INSUFFICIENT,True,True,
K1,L2,current_request-7-missing,current_request-7,exploratory_test,missing,0,INSUFFICIENT,INSUFFICIENT,True,True,
K1,L0,current_request-8-flip,current_request-8,exploratory_test,flip,1,ALLOW,ALLOW,True,True,
K1,L1,current_request-8-flip,current_request-8,exploratory_test,flip,1,ALLOW,ALLOW,True,True,
K1,L2,current_request-8-flip,current_request-8,exploratory_test,flip,1,ALLOW,ALLOW,True,True,
K1,L0,claim_binding-5-flip,claim_binding-5,exploratory_test,flip,2,DENY,DENY,True,True,
K1,L1,claim_binding-5-flip,claim_binding-5,exploratory_test,flip,2,DENY,DENY,True,True,
K1,L2,claim_binding-5-flip,claim_binding-5,exploratory_test,flip,2,DENY,DENY,True,True,
K1,L0,claim_binding-3-full,claim_binding-3,calibration,full,0,ALLOW,ALLOW,True,True,
K1,L1,claim_binding-3-full,claim_binding-3,calibration,full,0,ALLOW,ALLOW,True,True,
K1,L2,claim_binding-3-full,claim_binding-3,calibration,full,0,ALLOW,ALLOW,True,True,
K1,L0,owner_scope-2-hold,owner_scope-2,development,hold,1,DENY,DENY,True,True,
K1,L1,owner_scope-2-hold,owner_scope-2,development,hold,1,DENY,INSUFFICIENT,False,True,
K1,L2,owner_scope-2-hold,owner_scope-2,development,hold,1,DENY,DENY,True,True,
K1,L0,current_request-2-full,current_request-2,development,full,1,DENY,ALLOW,False,True,
K1,L1,current_request-2-full,current_request-2,development,full,1,DENY,DENY,True,True,
K1,L2,current_request-2-full,current_request-2,development,full,1,DENY,DENY,True,True,
K1,L0,owner_scope-3-hold,owner_scope-3,calibration,hold,2,ALLOW,ALLOW,True,True,
K1,L1,owner_scope-3-hold,owner_scope-3,calibration,hold,2,ALLOW,ALLOW,True,True,
K1,L2,owner_scope-3-hold,owner_scope-3,calibration,hold,2,ALLOW,ALLOW,True,True,
K1,L0,owner_scope-1-hold,owner_scope-1,development,hold,2,ALLOW,ALLOW,True,True,
K1,L1,owner_scope-1-hold,owner_scope-1,development,hold,2,ALLOW,ALLOW,True,True,
K1,L2,owner_scope-1-hold,owner_scope-1,development,hold,2,ALLOW,ALLOW,True,True,
K1,L0,owner_scope-8-hold,owner_scope-8,exploratory_test,hold,1,DENY,DENY,True,True,
K1,L1,owner_scope-8-hold,owner_scope-8,exploratory_test,hold,1,DENY,INSUFFICIENT,False,True,
K1,L2,owner_scope-8-hold,owner_scope-8,exploratory_test,hold,1,DENY,DENY,True,True,
K1,L0,current_request-8-full,current_request-8,exploratory_test,full,2,DENY,ALLOW,False,True,
K1,L1,current_request-8-full,current_request-8,exploratory_test,full,2,DENY,DENY,True,True,
K1,L2,current_request-8-full,current_request-8,exploratory_test,full,2,DENY,DENY,True,True,
K1,L0,owner_scope-8-missing,owner_scope-8,exploratory_test,missing,1,INSUFFICIENT,ALLOW,False,True,
K1,L1,owner_scope-8-missing,owner_scope-8,exploratory_test,missing,1,INSUFFICIENT,ALLOW,False,True,
K1,L2,owner_scope-8-missing,owner_scope-8,exploratory_test,missing,1,INSUFFICIENT,INSUFFICIENT,True,True,
K1,L0,claim_binding-6-hold,claim_binding-6,exploratory_test,hold,1,DENY,DENY,True,True,
K1,L1,claim_binding-6-hold,claim_binding-6,exploratory_test,hold,1,DENY,DENY,True,True,
K1,L2,claim_binding-6-hold,claim_binding-6,exploratory_test,hold,1,DENY,DENY,True,True,
K1,L0,claim_binding-5-flip,claim_binding-5,exploratory_test,flip,1,DENY,DENY,True,True,
K1,L1,claim_binding-5-flip,claim_binding-5,exploratory_test,flip,1,DENY,DENY,True,True,
K1,L2,claim_binding-5-flip,claim_binding-5,exploratory_test,flip,1,DENY,DENY,True,True,
K1,L0,current_request-8-full,current_request-8,exploratory_test,full,0,DENY,ALLOW,False,True,
K1,L1,current_request-8-full,current_request-8,exploratory_test,full,0,DENY,DENY,True,True,
K1,L2,current_request-8-full,current_request-8,exploratory_test,full,0,DENY,DENY,True,True,
K1,L0,claim_binding-5-hold,claim_binding-5,exploratory_test,hold,1,ALLOW,ALLOW,True,True,
K1,L1,claim_binding-5-hold,claim_binding-5,exploratory_test,hold,1,ALLOW,ALLOW,True,True,
K1,L2,claim_binding-5-hold,claim_binding-5,exploratory_test,hold,1,ALLOW,ALLOW,True,True,
K1,L0,claim_binding-8-full,claim_binding-8,exploratory_test,full,0,DENY,DENY,True,True,
K1,L1,claim_binding-8-full,claim_binding-8,exploratory_test,full,0,DENY,DENY,True,True,
K1,L2,claim_binding-8-full,claim_binding-8,exploratory_test,full,0,DENY,DENY,True,True,
K1,L0,owner_scope-8-full,owner_scope-8,exploratory_test,full,1,DENY,DENY,True,True,
K1,L1,owner_scope-8-full,owner_scope-8,exploratory_test,full,1,DENY,DENY,True,True,
K1,L2,owner_scope-8-full,owner_scope-8,exploratory_test,full,1,DENY,DENY,True,True,
K1,L0,owner_scope-7-hold,owner_scope-7,exploratory_test,hold,0,ALLOW,ALLOW,True,True,
K1,L1,owner_scope-7-hold,owner_scope-7,exploratory_test,hold,0,ALLOW,ALLOW,True,True,
K1,L2,owner_scope-7-hold,owner_scope-7,exploratory_test,hold,0,ALLOW,ALLOW,True,True,
K1,L0,current_request-3-hold,current_request-3,calibration,hold,2,ALLOW,ALLOW,True,True,
K1,L1,current_request-3-hold,current_request-3,calibration,hold,2,ALLOW,ALLOW,True,True,
K1,L2,current_request-3-hold,current_request-3,calibration,hold,2,ALLOW,ALLOW,True,True,
K1,L0,current_request-1-full,current_request-1,development,full,2,ALLOW,ALLOW,True,True,
K1,L1,current_request-1-full,current_request-1,development,full,2,ALLOW,ALLOW,True,True,
K1,L2,current_request-1-full,current_request-1,development,full,2,ALLOW,ALLOW,True,True,
K1,L0,claim_binding-5-hold,claim_binding-5,exploratory_test,hold,0,ALLOW,ALLOW,True,True,
K1,L1,claim_binding-5-hold,claim_binding-5,exploratory_test,hold,0,ALLOW,ALLOW,True,True,
K1,L2,claim_binding-5-hold,claim_binding-5,exploratory_test,hold,0,ALLOW,ALLOW,True,True,
K1,L0,claim_binding-1-full,claim_binding-1,development,full,0,ALLOW,ALLOW,True,True,
K1,L1,claim_binding-1-full,claim_binding-1,development,full,0,ALLOW,ALLOW,True,True,
K1,L2,claim_binding-1-full,claim_binding-1,development,full,0,ALLOW,ALLOW,True,True,
K1,L0,claim_binding-1-full,claim_binding-1,development,full,2,ALLOW,ALLOW,True,True,
K1,L1,claim_binding-1-full,claim_binding-1,development,full,2,ALLOW,ALLOW,True,True,
K1,L2,claim_binding-1-full,claim_binding-1,development,full,2,ALLOW,ALLOW,True,True,
K1,L0,claim_binding-1-hold,claim_binding-1,development,hold,0,ALLOW,ALLOW,True,True,
K1,L1,claim_binding-1-hold,claim_binding-1,development,hold,0,ALLOW,ALLOW,True,True,
K1,L2,claim_binding-1-hold,claim_binding-1,development,hold,0,ALLOW,ALLOW,True,True,
K1,L0,owner_scope-2-missing,owner_scope-2,development,missing,0,INSUFFICIENT,ALLOW,False,True,
K1,L1,owner_scope-2-missing,owner_scope-2,development,missing,0,INSUFFICIENT,INSUFFICIENT,True,True,
K1,L2,owner_scope-2-missing,owner_scope-2,development,missing,0,INSUFFICIENT,INSUFFICIENT,True,True,
K1,L0,claim_binding-7-full,claim_binding-7,exploratory_test,full,2,ALLOW,ALLOW,True,True,
K1,L1,claim_binding-7-full,claim_binding-7,exploratory_test,full,2,ALLOW,ALLOW,True,True,
K1,L2,claim_binding-7-full,claim_binding-7,exploratory_test,full,2,ALLOW,ALLOW,True,True,
K1,L0,current_request-1-flip,current_request-1,development,flip,2,DENY,ALLOW,False,True,
K1,L1,current_request-1-flip,current_request-1,development,flip,2,DENY,DENY,True,True,
K1,L2,current_request-1-flip,current_request-1,development,flip,2,DENY,DENY,True,True,
K1,L0,claim_binding-3-missing,claim_binding-3,calibration,missing,2,INSUFFICIENT,INSUFFICIENT,True,True,
K1,L1,claim_binding-3-missing,claim_binding-3,calibration,missing,2,INSUFFICIENT,DENY,False,True,
K1,L2,claim_binding-3-missing,claim_binding-3,calibration,missing,2,INSUFFICIENT,DENY,False,True,
K1,L0,owner_scope-5-flip,owner_scope-5,exploratory_test,flip,1,DENY,DENY,True,True,
K1,L1,owner_scope-5-flip,owner_scope-5,exploratory_test,flip,1,DENY,DENY,True,True,
K1,L2,owner_scope-5-flip,owner_scope-5,exploratory_test,flip,1,DENY,DENY,True,True,
K1,L0,claim_binding-8-missing,claim_binding-8,exploratory_test,missing,2,INSUFFICIENT,DENY,False,True,
K1,L1,claim_binding-8-missing,claim_binding-8,exploratory_test,missing,2,INSUFFICIENT,DENY,False,True,
K1,L2,claim_binding-8-missing,claim_binding-8,exploratory_test,missing,2,INSUFFICIENT,DENY,False,True,
K1,L0,current_request-4-hold,current_request-4,calibration,hold,2,DENY,DENY,True,True,
K1,L1,current_request-4-hold,current_request-4,calibration,hold,2,DENY,DENY,True,True,
K1,L2,current_request-4-hold,current_request-4,calibration,hold,2,DENY,DENY,True,True,
K1,L0,owner_scope-8-missing,owner_scope-8,exploratory_test,missing,0,INSUFFICIENT,ALLOW,False,True,
K1,L1,owner_scope-8-missing,owner_scope-8,exploratory_test,missing,0,INSUFFICIENT,INSUFFICIENT,True,True,
K1,L2,owner_scope-8-missing,owner_scope-8,exploratory_test,missing,0,INSUFFICIENT,INSUFFICIENT,True,True,
K1,L0,current_request-6-hold,current_request-6,exploratory_test,hold,2,DENY,DENY,True,True,
K1,L1,current_request-6-hold,current_request-6,exploratory_test,hold,2,DENY,DENY,True,True,
K1,L2,current_request-6-hold,current_request-6,exploratory_test,hold,2,DENY,DENY,True,True,
K1,L0,claim_binding-5-missing,claim_binding-5,exploratory_test,missing,2,INSUFFICIENT,DENY,False,True,
K1,L1,claim_binding-5-missing,claim_binding-5,exploratory_test,missing,2,INSUFFICIENT,DENY,False,True,
K1,L2,claim_binding-5-missing,claim_binding-5,exploratory_test,missing,2,INSUFFICIENT,DENY,False,True,
K1,L0,owner_scope-2-flip,owner_scope-2,development,flip,0,ALLOW,ALLOW,True,True,
K1,L1,owner_scope-2-flip,owner_scope-2,development,flip,0,ALLOW,ALLOW,True,True,
K1,L2,owner_scope-2-flip,owner_scope-2,development,flip,0,ALLOW,ALLOW,True,True,
K1,L0,current_request-2-flip,current_request-2,development,flip,2,ALLOW,ALLOW,True,True,
K1,L1,current_request-2-flip,current_request-2,development,flip,2,ALLOW,ALLOW,True,True,
K1,L2,current_request-2-flip,current_request-2,development,flip,2,ALLOW,ALLOW,True,True,
K1,L0,current_request-2-hold,current_request-2,development,hold,1,DENY,DENY,True,True,
K1,L1,current_request-2-hold,current_request-2,development,hold,1,DENY,DENY,True,True,
K1,L2,current_request-2-hold,current_request-2,development,hold,1,DENY,DENY,True,True,
K1,L0,current_request-5-hold,current_request-5,exploratory_test,hold,2,ALLOW,ALLOW,True,True,
K1,L1,current_request-5-hold,current_request-5,exploratory_test,hold,2,ALLOW,ALLOW,True,True,
K1,L2,current_request-5-hold,current_request-5,exploratory_test,hold,2,ALLOW,ALLOW,True,True,
K1,L0,current_request-6-hold,current_request-6,exploratory_test,hold,0,DENY,DENY,True,True,
K1,L1,current_request-6-hold,current_request-6,exploratory_test,hold,0,DENY,DENY,True,True,
K1,L2,current_request-6-hold,current_request-6,exploratory_test,hold,0,DENY,DENY,True,True,
K1,L0,claim_binding-1-missing,claim_binding-1,development,missing,0,INSUFFICIENT,DENY,False,True,
K1,L1,claim_binding-1-missing,claim_binding-1,development,missing,0,INSUFFICIENT,DENY,False,True,
K1,L2,claim_binding-1-missing,claim_binding-1,development,missing,0,INSUFFICIENT,DENY,False,True,
K1,L0,current_request-5-hold,current_request-5,exploratory_test,hold,0,ALLOW,ALLOW,True,True,
K1,L1,current_request-5-hold,current_request-5,exploratory_test,hold,0,ALLOW,ALLOW,True,True,
K1,L2,current_request-5-hold,current_request-5,exploratory_test,hold,0,ALLOW,ALLOW,True,True,
K1,L0,current_request-1-hold,current_request-1,development,hold,0,ALLOW,ALLOW,True,True,
K1,L1,current_request-1-hold,current_request-1,development,hold,0,ALLOW,ALLOW,True,True,
K1,L2,current_request-1-hold,current_request-1,development,hold,0,ALLOW,ALLOW,True,True,
K1,L0,owner_scope-6-missing,owner_scope-6,exploratory_test,missing,0,INSUFFICIENT,ALLOW,False,True,
K1,L1,owner_scope-6-missing,owner_scope-6,exploratory_test,missing,0,INSUFFICIENT,INSUFFICIENT,True,True,
K1,L2,owner_scope-6-missing,owner_scope-6,exploratory_test,missing,0,INSUFFICIENT,INSUFFICIENT,True,True,
K1,L0,owner_scope-4-flip,owner_scope-4,calibration,flip,0,ALLOW,ALLOW,True,True,
K1,L1,owner_scope-4-flip,owner_scope-4,calibration,flip,0,ALLOW,ALLOW,True,True,
K1,L2,owner_scope-4-flip,owner_scope-4,calibration,flip,0,ALLOW,ALLOW,True,True,
K1,L0,owner_scope-7-full,owner_scope-7,exploratory_test,full,1,ALLOW,ALLOW,True,True,
K1,L1,owner_scope-7-full,owner_scope-7,exploratory_test,full,1,ALLOW,ALLOW,True,True,
K1,L2,owner_scope-7-full,owner_scope-7,exploratory_test,full,1,ALLOW,ALLOW,True,True,
K1,L0,current_request-5-full,current_request-5,exploratory_test,full,2,ALLOW,ALLOW,True,True,
K1,L1,current_request-5-full,current_request-5,exploratory_test,full,2,ALLOW,ALLOW,True,True,
K1,L2,current_request-5-full,current_request-5,exploratory_test,full,2,ALLOW,ALLOW,True,True,
K1,L0,current_request-7-full,current_request-7,exploratory_test,full,1,ALLOW,ALLOW,True,True,
K1,L1,current_request-7-full,current_request-7,exploratory_test,full,1,ALLOW,ALLOW,True,True,
K1,L2,current_request-7-full,current_request-7,exploratory_test,full,1,ALLOW,ALLOW,True,True,
K1,L0,current_request-1-flip,current_request-1,development,flip,1,DENY,DENY,True,True,
K1,L1,current_request-1-flip,current_request-1,development,flip,1,DENY,DENY,True,True,
K1,L2,current_request-1-flip,current_request-1,development,flip,1,DENY,DENY,True,True,
K1,L0,current_request-4-full,current_request-4,calibration,full,1,DENY,ALLOW,False,True,
K1,L1,current_request-4-full,current_request-4,calibration,full,1,DENY,DENY,True,True,
K1,L2,current_request-4-full,current_request-4,calibration,full,1,DENY,DENY,True,True,
K1,L0,claim_binding-7-flip,claim_binding-7,exploratory_test,flip,2,DENY,DENY,True,True,
K1,L1,claim_binding-7-flip,claim_binding-7,exploratory_test,flip,2,DENY,DENY,True,True,
K1,L2,claim_binding-7-flip,claim_binding-7,exploratory_test,flip,2,DENY,DENY,True,True,
K1,L0,owner_scope-6-flip,owner_scope-6,exploratory_test,flip,0,ALLOW,ALLOW,True,True,
K1,L1,owner_scope-6-flip,owner_scope-6,exploratory_test,flip,0,ALLOW,ALLOW,True,True,
K1,L2,owner_scope-6-flip,owner_scope-6,exploratory_test,flip,0,ALLOW,ALLOW,True,True,
K1,L0,owner_scope-7-hold,owner_scope-7,exploratory_test,hold,1,ALLOW,ALLOW,True,True,
K1,L1,owner_scope-7-hold,owner_scope-7,exploratory_test,hold,1,ALLOW,ALLOW,True,True,
K1,L2,owner_scope-7-hold,owner_scope-7,exploratory_test,hold,1,ALLOW,ALLOW,True,True,
K1,L0,current_request-8-hold,current_request-8,exploratory_test,hold,0,DENY,DENY,True,True,
K1,L1,current_request-8-hold,current_request-8,exploratory_test,hold,0,DENY,DENY,True,True,
K1,L2,current_request-8-hold,current_request-8,exploratory_test,hold,0,DENY,DENY,True,True,
K1,L0,current_request-8-hold,current_request-8,exploratory_test,hold,2,DENY,DENY,True,True,
K1,L1,current_request-8-hold,current_request-8,exploratory_test,hold,2,DENY,DENY,True,True,
K1,L2,current_request-8-hold,current_request-8,exploratory_test,hold,2,DENY,DENY,True,True,
K1,L0,claim_binding-6-flip,claim_binding-6,exploratory_test,flip,0,ALLOW,ALLOW,True,True,
K1,L1,claim_binding-6-flip,claim_binding-6,exploratory_test,flip,0,ALLOW,ALLOW,True,True,
K1,L2,claim_binding-6-flip,claim_binding-6,exploratory_test,flip,0,ALLOW,ALLOW,True,True,
K1,L0,claim_binding-3-full,claim_binding-3,calibration,full,2,ALLOW,ALLOW,True,True,
K1,L1,claim_binding-3-full,claim_binding-3,calibration,full,2,ALLOW,ALLOW,True,True,
K1,L2,claim_binding-3-full,claim_binding-3,calibration,full,2,ALLOW,ALLOW,True,True,
K1,L0,owner_scope-7-missing,owner_scope-7,exploratory_test,missing,0,INSUFFICIENT,DENY,False,True,
K1,L1,owner_scope-7-missing,owner_scope-7,exploratory_test,missing,0,INSUFFICIENT,ALLOW,False,True,
K1,L2,owner_scope-7-missing,owner_scope-7,exploratory_test,missing,0,INSUFFICIENT,ALLOW,False,True,
K1,L0,current_request-5-missing,current_request-5,exploratory_test,missing,1,INSUFFICIENT,DENY,False,True,
K1,L1,current_request-5-missing,current_request-5,exploratory_test,missing,1,INSUFFICIENT,INSUFFICIENT,True,True,
K1,L2,current_request-5-missing,current_request-5,exploratory_test,missing,1,INSUFFICIENT,INSUFFICIENT,True,True,
K1,L0,current_request-2-hold,current_request-2,development,hold,2,DENY,DENY,True,True,
K1,L1,current_request-2-hold,current_request-2,development,hold,2,DENY,DENY,True,True,
K1,L2,current_request-2-hold,current_request-2,development,hold,2,DENY,INSUFFICIENT,False,True,
K1,L0,claim_binding-2-missing,claim_binding-2,development,missing,1,INSUFFICIENT,DENY,False,True,
K1,L1,claim_binding-2-missing,claim_binding-2,development,missing,1,INSUFFICIENT,DENY,False,True,
K1,L2,claim_binding-2-missing,claim_binding-2,development,missing,1,INSUFFICIENT,DENY,False,True,
K1,L0,current_request-8-flip,current_request-8,exploratory_test,flip,0,ALLOW,ALLOW,True,True,
K1,L1,current_request-8-flip,current_request-8,exploratory_test,flip,0,ALLOW,ALLOW,True,True,
K1,L2,current_request-8-flip,current_request-8,exploratory_test,flip,0,ALLOW,ALLOW,True,True,
K1,L0,claim_binding-2-hold,claim_binding-2,development,hold,0,DENY,DENY,True,True,
K1,L1,claim_binding-2-hold,claim_binding-2,development,hold,0,DENY,DENY,True,True,
K1,L2,claim_binding-2-hold,claim_binding-2,development,hold,0,DENY,DENY,True,True,
K1,L0,owner_scope-6-hold,owner_scope-6,exploratory_test,hold,1,DENY,DENY,True,True,
K1,L1,owner_scope-6-hold,owner_scope-6,exploratory_test,hold,1,DENY,DENY,True,True,
K1,L2,owner_scope-6-hold,owner_scope-6,exploratory_test,hold,1,DENY,DENY,True,True,
K1,L0,claim_binding-6-full,claim_binding-6,exploratory_test,full,2,DENY,DENY,True,True,
K1,L1,claim_binding-6-full,claim_binding-6,exploratory_test,full,2,DENY,DENY,True,True,
K1,L2,claim_binding-6-full,claim_binding-6,exploratory_test,full,2,DENY,DENY,True,True,
K1,L0,current_request-3-full,current_request-3,calibration,full,2,ALLOW,ALLOW,True,True,
K1,L1,current_request-3-full,current_request-3,calibration,full,2,ALLOW,ALLOW,True,True,
K1,L2,current_request-3-full,current_request-3,calibration,full,2,ALLOW,ALLOW,True,True,
K1,L0,owner_scope-8-flip,owner_scope-8,exploratory_test,flip,2,ALLOW,ALLOW,True,True,
K1,L1,owner_scope-8-flip,owner_scope-8,exploratory_test,flip,2,ALLOW,ALLOW,True,True,
K1,L2,owner_scope-8-flip,owner_scope-8,exploratory_test,flip,2,ALLOW,ALLOW,True,True,
K1,L0,owner_scope-3-missing,owner_scope-3,calibration,missing,1,INSUFFICIENT,DENY,False,True,
K1,L1,owner_scope-3-missing,owner_scope-3,calibration,missing,1,INSUFFICIENT,ALLOW,False,True,
K1,L2,owner_scope-3-missing,owner_scope-3,calibration,missing,1,INSUFFICIENT,ALLOW,False,True,
K1,L0,owner_scope-2-hold,owner_scope-2,development,hold,2,DENY,DENY,True,True,
K1,L1,owner_scope-2-hold,owner_scope-2,development,hold,2,DENY,INSUFFICIENT,False,True,
K1,L2,owner_scope-2-hold,owner_scope-2,development,hold,2,DENY,INSUFFICIENT,False,True,
K1,L0,owner_scope-4-missing,owner_scope-4,calibration,missing,2,INSUFFICIENT,ALLOW,False,True,
K1,L1,owner_scope-4-missing,owner_scope-4,calibration,missing,2,INSUFFICIENT,ALLOW,False,True,
K1,L2,owner_scope-4-missing,owner_scope-4,calibration,missing,2,INSUFFICIENT,INSUFFICIENT,True,True,
K1,L0,current_request-6-flip,current_request-6,exploratory_test,flip,2,ALLOW,ALLOW,True,True,
K1,L1,current_request-6-flip,current_request-6,exploratory_test,flip,2,ALLOW,ALLOW,True,True,
K1,L2,current_request-6-flip,current_request-6,exploratory_test,flip,2,ALLOW,ALLOW,True,True,
K1,L0,current_request-4-flip,current_request-4,calibration,flip,1,ALLOW,ALLOW,True,True,
K1,L1,current_request-4-flip,current_request-4,calibration,flip,1,ALLOW,ALLOW,True,True,
K1,L2,current_request-4-flip,current_request-4,calibration,flip,1,ALLOW,ALLOW,True,True,
K1,L0,claim_binding-6-missing,claim_binding-6,exploratory_test,missing,1,INSUFFICIENT,DENY,False,True,
K1,L1,claim_binding-6-missing,claim_binding-6,exploratory_test,missing,1,INSUFFICIENT,DENY,False,True,
K1,L2,claim_binding-6-missing,claim_binding-6,exploratory_test,missing,1,INSUFFICIENT,DENY,False,True,
K1,L0,owner_scope-8-hold,owner_scope-8,exploratory_test,hold,0,DENY,DENY,True,True,
K1,L1,owner_scope-8-hold,owner_scope-8,exploratory_test,hold,0,DENY,INSUFFICIENT,False,True,
K1,L2,owner_scope-8-hold,owner_scope-8,exploratory_test,hold,0,DENY,DENY,True,True,
K1,L0,owner_scope-5-full,owner_scope-5,exploratory_test,full,0,ALLOW,ALLOW,True,True,
K1,L1,owner_scope-5-full,owner_scope-5,exploratory_test,full,0,ALLOW,ALLOW,True,True,
K1,L2,owner_scope-5-full,owner_scope-5,exploratory_test,full,0,ALLOW,ALLOW,True,True,
K1,L0,claim_binding-8-flip,claim_binding-8,exploratory_test,flip,1,ALLOW,ALLOW,True,True,
K1,L1,claim_binding-8-flip,claim_binding-8,exploratory_test,flip,1,ALLOW,ALLOW,True,True,
K1,L2,claim_binding-8-flip,claim_binding-8,exploratory_test,flip,1,ALLOW,ALLOW,True,True,
K1,L0,current_request-3-flip,current_request-3,calibration,flip,2,DENY,DENY,True,True,
K1,L1,current_request-3-flip,current_request-3,calibration,flip,2,DENY,DENY,True,True,
K1,L2,current_request-3-flip,current_request-3,calibration,flip,2,DENY,DENY,True,True,
K1,L0,owner_scope-7-missing,owner_scope-7,exploratory_test,missing,2,INSUFFICIENT,INSUFFICIENT,True,True,
K1,L1,owner_scope-7-missing,owner_scope-7,exploratory_test,missing,2,INSUFFICIENT,ALLOW,False,True,
K1,L2,owner_scope-7-missing,owner_scope-7,exploratory_test,missing,2,INSUFFICIENT,ALLOW,False,True,
K1,L0,current_request-5-missing,current_request-5,exploratory_test,missing,2,INSUFFICIENT,DENY,False,True,
K1,L1,current_request-5-missing,current_request-5,exploratory_test,missing,2,INSUFFICIENT,INSUFFICIENT,True,True,
K1,L2,current_request-5-missing,current_request-5,exploratory_test,missing,2,INSUFFICIENT,INSUFFICIENT,True,True,
K1,L0,current_request-6-missing,current_request-6,exploratory_test,missing,2,INSUFFICIENT,ALLOW,False,True,
K1,L1,current_request-6-missing,current_request-6,exploratory_test,missing,2,INSUFFICIENT,INSUFFICIENT,True,True,
K1,L2,current_request-6-missing,current_request-6,exploratory_test,missing,2,INSUFFICIENT,INSUFFICIENT,True,True,
K1,L0,claim_binding-7-missing,claim_binding-7,exploratory_test,missing,2,INSUFFICIENT,DENY,False,True,
K1,L1,claim_binding-7-missing,claim_binding-7,exploratory_test,missing,2,INSUFFICIENT,DENY,False,True,
K1,L2,claim_binding-7-missing,claim_binding-7,exploratory_test,missing,2,INSUFFICIENT,DENY,False,True,
K1,L0,current_request-8-missing,current_request-8,exploratory_test,missing,2,INSUFFICIENT,ALLOW,False,True,
K1,L1,current_request-8-missing,current_request-8,exploratory_test,missing,2,INSUFFICIENT,ALLOW,False,True,
K1,L2,current_request-8-missing,current_request-8,exploratory_test,missing,2,INSUFFICIENT,INSUFFICIENT,True,True,
K1,L0,owner_scope-6-flip,owner_scope-6,exploratory_test,flip,1,ALLOW,ALLOW,True,True,
K1,L1,owner_scope-6-flip,owner_scope-6,exploratory_test,flip,1,ALLOW,ALLOW,True,True,
K1,L2,owner_scope-6-flip,owner_scope-6,exploratory_test,flip,1,ALLOW,ALLOW,True,True,
K1,L0,claim_binding-4-hold,claim_binding-4,calibration,hold,1,DENY,DENY,True,True,
K1,L1,claim_binding-4-hold,claim_binding-4,calibration,hold,1,DENY,DENY,True,True,
K1,L2,claim_binding-4-hold,claim_binding-4,calibration,hold,1,DENY,DENY,True,True,
K1,L0,claim_binding-5-full,claim_binding-5,exploratory_test,full,2,ALLOW,ALLOW,True,True,
K1,L1,claim_binding-5-full,claim_binding-5,exploratory_test,full,2,ALLOW,ALLOW,True,True,
K1,L2,claim_binding-5-full,claim_binding-5,exploratory_test,full,2,ALLOW,ALLOW,True,True,
K1,L0,claim_binding-6-missing,claim_binding-6,exploratory_test,missing,0,INSUFFICIENT,DENY,False,True,
K1,L1,claim_binding-6-missing,claim_binding-6,exploratory_test,missing,0,INSUFFICIENT,DENY,False,True,
K1,L2,claim_binding-6-missing,claim_binding-6,exploratory_test,missing,0,INSUFFICIENT,DENY,False,True,
K1,L0,claim_binding-7-full,claim_binding-7,exploratory_test,full,0,ALLOW,ALLOW,True,True,
K1,L1,claim_binding-7-full,claim_binding-7,exploratory_test,full,0,ALLOW,ALLOW,True,True,
K1,L2,claim_binding-7-full,claim_binding-7,exploratory_test,full,0,ALLOW,ALLOW,True,True,
K1,L0,claim_binding-3-flip,claim_binding-3,calibration,flip,0,DENY,DENY,True,True,
K1,L1,claim_binding-3-flip,claim_binding-3,calibration,flip,0,DENY,DENY,True,True,
K1,L2,claim_binding-3-flip,claim_binding-3,calibration,flip,0,DENY,DENY,True,True,
K1,L0,owner_scope-1-missing,owner_scope-1,development,missing,1,INSUFFICIENT,ALLOW,False,True,
K1,L1,owner_scope-1-missing,owner_scope-1,development,missing,1,INSUFFICIENT,ALLOW,False,True,
K1,L2,owner_scope-1-missing,owner_scope-1,development,missing,1,INSUFFICIENT,ALLOW,False,True,
K1,L0,claim_binding-1-hold,claim_binding-1,development,hold,1,ALLOW,ALLOW,True,True,
K1,L1,claim_binding-1-hold,claim_binding-1,development,hold,1,ALLOW,ALLOW,True,True,
K1,L2,claim_binding-1-hold,claim_binding-1,development,hold,1,ALLOW,ALLOW,True,True,
K1,L0,current_request-8-full,current_request-8,exploratory_test,full,1,DENY,ALLOW,False,True,
K1,L1,current_request-8-full,current_request-8,exploratory_test,full,1,DENY,DENY,True,True,
K1,L2,current_request-8-full,current_request-8,exploratory_test,full,1,DENY,DENY,True,True,
K1,L0,owner_scope-1-flip,owner_scope-1,development,flip,2,DENY,DENY,True,True,
K1,L1,owner_scope-1-flip,owner_scope-1,development,flip,2,DENY,DENY,True,True,
K1,L2,owner_scope-1-flip,owner_scope-1,development,flip,2,DENY,DENY,True,True,
K1,L0,current_request-4-missing,current_request-4,calibration,missing,0,INSUFFICIENT,ALLOW,False,True,
K1,L1,current_request-4-missing,current_request-4,calibration,missing,0,INSUFFICIENT,INSUFFICIENT,True,True,
K1,L2,current_request-4-missing,current_request-4,calibration,missing,0,INSUFFICIENT,ALLOW,False,True,
K1,L0,owner_scope-4-missing,owner_scope-4,calibration,missing,1,INSUFFICIENT,ALLOW,False,True,
K1,L1,owner_scope-4-missing,owner_scope-4,calibration,missing,1,INSUFFICIENT,ALLOW,False,True,
K1,L2,owner_scope-4-missing,owner_scope-4,calibration,missing,1,INSUFFICIENT,ALLOW,False,True,
K1,L0,claim_binding-8-missing,claim_binding-8,exploratory_test,missing,1,INSUFFICIENT,DENY,False,True,
K1,L1,claim_binding-8-missing,claim_binding-8,exploratory_test,missing,1,INSUFFICIENT,DENY,False,True,
K1,L2,claim_binding-8-missing,claim_binding-8,exploratory_test,missing,1,INSUFFICIENT,DENY,False,True,
K1,L0,owner_scope-4-full,owner_scope-4,calibration,full,1,DENY,DENY,True,True,
K1,L1,owner_scope-4-full,owner_scope-4,calibration,full,1,DENY,DENY,True,True,
K1,L2,owner_scope-4-full,owner_scope-4,calibration,full,1,DENY,DENY,True,True,
K1,L0,owner_scope-6-missing,owner_scope-6,exploratory_test,missing,1,INSUFFICIENT,ALLOW,False,True,
K1,L1,owner_scope-6-missing,owner_scope-6,exploratory_test,missing,1,INSUFFICIENT,ALLOW,False,True,
K1,L2,owner_scope-6-missing,owner_scope-6,exploratory_test,missing,1,INSUFFICIENT,ALLOW,False,True,
K1,L0,claim_binding-4-hold,claim_binding-4,calibration,hold,0,DENY,DENY,True,True,
K1,L1,claim_binding-4-hold,claim_binding-4,calibration,hold,0,DENY,DENY,True,True,
K1,L2,claim_binding-4-hold,claim_binding-4,calibration,hold,0,DENY,DENY,True,True,
K1,L0,claim_binding-1-missing,claim_binding-1,development,missing,1,INSUFFICIENT,DENY,False,True,
K1,L1,claim_binding-1-missing,claim_binding-1,development,missing,1,INSUFFICIENT,DENY,False,True,
K1,L2,claim_binding-1-missing,claim_binding-1,development,missing,1,INSUFFICIENT,DENY,False,True,
K1,L0,current_request-6-missing,current_request-6,exploratory_test,missing,0,INSUFFICIENT,ALLOW,False,True,
K1,L1,current_request-6-missing,current_request-6,exploratory_test,missing,0,INSUFFICIENT,INSUFFICIENT,True,True,
K1,L2,current_request-6-missing,current_request-6,exploratory_test,missing,0,INSUFFICIENT,INSUFFICIENT,True,True,
K1,L0,current_request-1-hold,current_request-1,development,hold,2,ALLOW,ALLOW,True,True,
K1,L1,current_request-1-hold,current_request-1,development,hold,2,ALLOW,ALLOW,True,True,
K1,L2,current_request-1-hold,current_request-1,development,hold,2,ALLOW,ALLOW,True,True,
K1,L0,current_request-7-flip,current_request-7,exploratory_test,flip,1,DENY,ALLOW,False,True,
K1,L1,current_request-7-flip,current_request-7,exploratory_test,flip,1,DENY,DENY,True,True,
K1,L2,current_request-7-flip,current_request-7,exploratory_test,flip,1,DENY,DENY,True,True,
K1,L0,claim_binding-4-hold,claim_binding-4,calibration,hold,2,DENY,DENY,True,True,
K1,L1,claim_binding-4-hold,claim_binding-4,calibration,hold,2,DENY,DENY,True,True,
K1,L2,claim_binding-4-hold,claim_binding-4,calibration,hold,2,DENY,DENY,True,True,
K1,L0,owner_scope-8-full,owner_scope-8,exploratory_test,full,0,DENY,DENY,True,True,
K1,L1,owner_scope-8-full,owner_scope-8,exploratory_test,full,0,DENY,DENY,True,True,
K1,L2,owner_scope-8-full,owner_scope-8,exploratory_test,full,0,DENY,DENY,True,True,
K1,L0,claim_binding-1-flip,claim_binding-1,development,flip,1,DENY,DENY,True,True,
K1,L1,claim_binding-1-flip,claim_binding-1,development,flip,1,DENY,DENY,True,True,
K1,L2,claim_binding-1-flip,claim_binding-1,development,flip,1,DENY,DENY,True,True,
K1,L0,owner_scope-5-hold,owner_scope-5,exploratory_test,hold,0,ALLOW,ALLOW,True,True,
K1,L1,owner_scope-5-hold,owner_scope-5,exploratory_test,hold,0,ALLOW,ALLOW,True,True,
K1,L2,owner_scope-5-hold,owner_scope-5,exploratory_test,hold,0,ALLOW,ALLOW,True,True,
K1,L0,current_request-3-missing,current_request-3,calibration,missing,2,INSUFFICIENT,DENY,False,True,
K1,L1,current_request-3-missing,current_request-3,calibration,missing,2,INSUFFICIENT,DENY,False,True,
K1,L2,current_request-3-missing,current_request-3,calibration,missing,2,INSUFFICIENT,INSUFFICIENT,True,True,
K1,L0,claim_binding-4-missing,claim_binding-4,calibration,missing,1,INSUFFICIENT,DENY,False,True,
K1,L1,claim_binding-4-missing,claim_binding-4,calibration,missing,1,INSUFFICIENT,DENY,False,True,
K1,L2,claim_binding-4-missing,claim_binding-4,calibration,missing,1,INSUFFICIENT,DENY,False,True,
K1,L0,current_request-6-flip,current_request-6,exploratory_test,flip,0,ALLOW,ALLOW,True,True,
K1,L1,current_request-6-flip,current_request-6,exploratory_test,flip,0,ALLOW,ALLOW,True,True,
K1,L2,current_request-6-flip,current_request-6,exploratory_test,flip,0,ALLOW,ALLOW,True,True,
K1,L0,owner_scope-1-hold,owner_scope-1,development,hold,0,ALLOW,ALLOW,True,True,
K1,L1,owner_scope-1-hold,owner_scope-1,development,hold,0,ALLOW,ALLOW,True,True,
K1,L2,owner_scope-1-hold,owner_scope-1,development,hold,0,ALLOW,ALLOW,True,True,
K1,L0,claim_binding-3-hold,claim_binding-3,calibration,hold,1,ALLOW,ALLOW,True,True,
K1,L1,claim_binding-3-hold,claim_binding-3,calibration,hold,1,ALLOW,ALLOW,True,True,
K1,L2,claim_binding-3-hold,claim_binding-3,calibration,hold,1,ALLOW,ALLOW,True,True,
K1,L0,owner_scope-2-missing,owner_scope-2,development,missing,2,INSUFFICIENT,ALLOW,False,True,
K1,L1,owner_scope-2-missing,owner_scope-2,development,missing,2,INSUFFICIENT,INSUFFICIENT,True,True,
K1,L2,owner_scope-2-missing,owner_scope-2,development,missing,2,INSUFFICIENT,INSUFFICIENT,True,True,
K1,L0,current_request-2-full,current_request-2,development,full,2,DENY,ALLOW,False,True,
K1,L1,current_request-2-full,current_request-2,development,full,2,DENY,DENY,True,True,
K1,L2,current_request-2-full,current_request-2,development,full,2,DENY,DENY,True,True,
K1,L0,owner_scope-3-missing,owner_scope-3,calibration,missing,0,INSUFFICIENT,ALLOW,False,True,
K1,L1,owner_scope-3-missing,owner_scope-3,calibration,missing,0,INSUFFICIENT,INSUFFICIENT,True,True,
K1,L2,owner_scope-3-missing,owner_scope-3,calibration,missing,0,INSUFFICIENT,INSUFFICIENT,True,True,
K1,L0,claim_binding-6-flip,claim_binding-6,exploratory_test,flip,2,ALLOW,ALLOW,True,True,
K1,L1,claim_binding-6-flip,claim_binding-6,exploratory_test,flip,2,ALLOW,ALLOW,True,True,
K1,L2,claim_binding-6-flip,claim_binding-6,exploratory_test,flip,2,ALLOW,ALLOW,True,True,
K1,L0,current_request-1-full,current_request-1,development,full,0,ALLOW,ALLOW,True,True,
K1,L1,current_request-1-full,current_request-1,development,full,0,ALLOW,ALLOW,True,True,
K1,L2,current_request-1-full,current_request-1,development,full,0,ALLOW,ALLOW,True,True,
K1,L0,owner_scope-4-hold,owner_scope-4,calibration,hold,0,DENY,DENY,True,True,
K1,L1,owner_scope-4-hold,owner_scope-4,calibration,hold,0,DENY,INSUFFICIENT,False,True,
K1,L2,owner_scope-4-hold,owner_scope-4,calibration,hold,0,DENY,INSUFFICIENT,False,True,
K1,L0,claim_binding-7-missing,claim_binding-7,exploratory_test,missing,1,INSUFFICIENT,DENY,False,True,
K1,L1,claim_binding-7-missing,claim_binding-7,exploratory_test,missing,1,INSUFFICIENT,DENY,False,True,
K1,L2,claim_binding-7-missing,claim_binding-7,exploratory_test,missing,1,INSUFFICIENT,DENY,False,True,
K1,L0,owner_scope-8-flip,owner_scope-8,exploratory_test,flip,0,ALLOW,ALLOW,True,True,
K1,L1,owner_scope-8-flip,owner_scope-8,exploratory_test,flip,0,ALLOW,ALLOW,True,True,
K1,L2,owner_scope-8-flip,owner_scope-8,exploratory_test,flip,0,ALLOW,ALLOW,True,True,
K1,L0,owner_scope-4-flip,owner_scope-4,calibration,flip,1,ALLOW,ALLOW,True,True,
K1,L1,owner_scope-4-flip,owner_scope-4,calibration,flip,1,ALLOW,ALLOW,True,True,
K1,L2,owner_scope-4-flip,owner_scope-4,calibration,flip,1,ALLOW,ALLOW,True,True,
K1,L0,current_request-6-full,current_request-6,exploratory_test,full,2,DENY,ALLOW,False,True,
K1,L1,current_request-6-full,current_request-6,exploratory_test,full,2,DENY,DENY,True,True,
K1,L2,current_request-6-full,current_request-6,exploratory_test,full,2,DENY,DENY,True,True,
K1,L0,owner_scope-2-flip,owner_scope-2,development,flip,2,ALLOW,ALLOW,True,True,
K1,L1,owner_scope-2-flip,owner_scope-2,development,flip,2,ALLOW,ALLOW,True,True,
K1,L2,owner_scope-2-flip,owner_scope-2,development,flip,2,ALLOW,ALLOW,True,True,
K1,L0,owner_scope-2-full,owner_scope-2,development,full,1,DENY,DENY,True,True,
K1,L1,owner_scope-2-full,owner_scope-2,development,full,1,DENY,DENY,True,True,
K1,L2,owner_scope-2-full,owner_scope-2,development,full,1,DENY,DENY,True,True,
K1,L0,current_request-3-hold,current_request-3,calibration,hold,1,ALLOW,ALLOW,True,True,
K1,L1,current_request-3-hold,current_request-3,calibration,hold,1,ALLOW,ALLOW,True,True,
K1,L2,current_request-3-hold,current_request-3,calibration,hold,1,ALLOW,ALLOW,True,True,
K1,L0,current_request-4-missing,current_request-4,calibration,missing,2,INSUFFICIENT,ALLOW,False,True,
K1,L1,current_request-4-missing,current_request-4,calibration,missing,2,INSUFFICIENT,ALLOW,False,True,
K1,L2,current_request-4-missing,current_request-4,calibration,missing,2,INSUFFICIENT,INSUFFICIENT,True,True,
K1,L0,claim_binding-4-missing,claim_binding-4,calibration,missing,0,INSUFFICIENT,DENY,False,True,
K1,L1,claim_binding-4-missing,claim_binding-4,calibration,missing,0,INSUFFICIENT,DENY,False,True,
K1,L2,claim_binding-4-missing,claim_binding-4,calibration,missing,0,INSUFFICIENT,DENY,False,True,
K1,L0,owner_scope-3-full,owner_scope-3,calibration,full,1,ALLOW,ALLOW,True,True,
K1,L1,owner_scope-3-full,owner_scope-3,calibration,full,1,ALLOW,ALLOW,True,True,
K1,L2,owner_scope-3-full,owner_scope-3,calibration,full,1,ALLOW,ALLOW,True,True,
K1,L0,owner_scope-1-missing,owner_scope-1,development,missing,2,INSUFFICIENT,INSUFFICIENT,True,True,
K1,L1,owner_scope-1-missing,owner_scope-1,development,missing,2,INSUFFICIENT,ALLOW,False,True,
K1,L2,owner_scope-1-missing,owner_scope-1,development,missing,2,INSUFFICIENT,ALLOW,False,True,
K1,L0,current_request-2-missing,current_request-2,development,missing,1,INSUFFICIENT,ALLOW,False,True,
K1,L1,current_request-2-missing,current_request-2,development,missing,1,INSUFFICIENT,INSUFFICIENT,True,True,
K1,L2,current_request-2-missing,current_request-2,development,missing,1,INSUFFICIENT,INSUFFICIENT,True,True,
K1,L0,current_request-6-hold,current_request-6,exploratory_test,hold,1,DENY,DENY,True,True,
K1,L1,current_request-6-hold,current_request-6,exploratory_test,hold,1,DENY,DENY,True,True,
K1,L2,current_request-6-hold,current_request-6,exploratory_test,hold,1,DENY,DENY,True,True,
K1,L0,claim_binding-6-full,claim_binding-6,exploratory_test,full,1,DENY,DENY,True,True,
K1,L1,claim_binding-6-full,claim_binding-6,exploratory_test,full,1,DENY,DENY,True,True,
K1,L2,claim_binding-6-full,claim_binding-6,exploratory_test,full,1,DENY,DENY,True,True,
K1,L0,claim_binding-2-hold,claim_binding-2,development,hold,2,DENY,DENY,True,True,
K1,L1,claim_binding-2-hold,claim_binding-2,development,hold,2,DENY,DENY,True,True,
K1,L2,claim_binding-2-hold,claim_binding-2,development,hold,2,DENY,DENY,True,True,
K1,L0,current_request-2-hold,current_request-2,development,hold,0,DENY,DENY,True,True,
K1,L1,current_request-2-hold,current_request-2,development,hold,0,DENY,DENY,True,True,
K1,L2,current_request-2-hold,current_request-2,development,hold,0,DENY,INSUFFICIENT,False,True,
K1,L0,current_request-4-flip,current_request-4,calibration,flip,2,ALLOW,ALLOW,True,True,
K1,L1,current_request-4-flip,current_request-4,calibration,flip,2,ALLOW,ALLOW,True,True,
K1,L2,current_request-4-flip,current_request-4,calibration,flip,2,ALLOW,ALLOW,True,True,
