arm,method,id,parent,variant,mapping,raw_prediction,prediction,changed,nominal_model_calls,uses_known_grammar
N0,raw,joint_approval-1-conflict,joint_approval-1,conflict,0,INSUFFICIENT,INSUFFICIENT,False,1,False
N0,raw,joint_approval-1-conflict,joint_approval-1,conflict,1,DENY,DENY,False,1,False
N0,raw,joint_approval-1-conflict,joint_approval-1,conflict,2,ALLOW,ALLOW,False,1,False
N0,raw,joint_approval-1-decisive_missing,joint_approval-1,decisive_missing,0,INSUFFICIENT,INSUFFICIENT,False,1,False
N0,raw,joint_approval-1-decisive_missing,joint_approval-1,decisive_missing,1,INSUFFICIENT,INSUFFICIENT,False,1,False
N0,raw,joint_approval-1-decisive_missing,joint_approval-1,decisive_missing,2,INSUFFICIENT,INSUFFICIENT,False,1,False
N0,raw,joint_approval-1-flip,joint_approval-1,flip,0,INSUFFICIENT,INSUFFICIENT,False,1,False
N0,raw,joint_approval-1-flip,joint_approval-1,flip,1,INSUFFICIENT,INSUFFICIENT,False,1,False
N0,raw,joint_approval-1-flip,joint_approval-1,flip,2,DENY,DENY,False,1,False
N0,raw,joint_approval-1-full,joint_approval-1,full,0,ALLOW,ALLOW,False,1,False
N0,raw,joint_approval-1-full,joint_approval-1,full,1,ALLOW,ALLOW,False,1,False
N0,raw,joint_approval-1-full,joint_approval-1,full,2,ALLOW,ALLOW,False,1,False
N0,raw,joint_approval-1-hold,joint_approval-1,hold,0,ALLOW,ALLOW,False,1,False
N0,raw,joint_approval-1-hold,joint_approval-1,hold,1,ALLOW,ALLOW,False,1,False
N0,raw,joint_approval-1-hold,joint_approval-1,hold,2,ALLOW,ALLOW,False,1,False
N0,raw,joint_approval-1-nondecisive_missing,joint_approval-1,nondecisive_missing,0,ALLOW,ALLOW,False,1,False
N0,raw,joint_approval-1-nondecisive_missing,joint_approval-1,nondecisive_missing,1,ALLOW,ALLOW,False,1,False
N0,raw,joint_approval-1-nondecisive_missing,joint_approval-1,nondecisive_missing,2,ALLOW,ALLOW,False,1,False
N0,raw,joint_approval-2-conflict,joint_approval-2,conflict,0,DENY,DENY,False,1,False
N0,raw,joint_approval-2-conflict,joint_approval-2,conflict,1,ALLOW,ALLOW,False,1,False
N0,raw,joint_approval-2-conflict,joint_approval-2,conflict,2,INSUFFICIENT,INSUFFICIENT,False,1,False
N0,raw,joint_approval-2-decisive_missing,joint_approval-2,decisive_missing,0,INSUFFICIENT,INSUFFICIENT,False,1,False
N0,raw,joint_approval-2-decisive_missing,joint_approval-2,decisive_missing,1,ALLOW,ALLOW,False,1,False
N0,raw,joint_approval-2-decisive_missing,joint_approval-2,decisive_missing,2,ALLOW,ALLOW,False,1,False
N0,raw,joint_approval-2-flip,joint_approval-2,flip,0,INSUFFICIENT,INSUFFICIENT,False,1,False
N0,raw,joint_approval-2-flip,joint_approval-2,flip,1,ALLOW,ALLOW,False,1,False
N0,raw,joint_approval-2-flip,joint_approval-2,flip,2,ALLOW,ALLOW,False,1,False
N0,raw,joint_approval-2-full,joint_approval-2,full,0,DENY,DENY,False,1,False
N0,raw,joint_approval-2-full,joint_approval-2,full,1,INSUFFICIENT,INSUFFICIENT,False,1,False
N0,raw,joint_approval-2-full,joint_approval-2,full,2,DENY,DENY,False,1,False
N0,raw,joint_approval-2-hold,joint_approval-2,hold,0,ALLOW,ALLOW,False,1,False
N0,raw,joint_approval-2-hold,joint_approval-2,hold,1,ALLOW,ALLOW,False,1,False
N0,raw,joint_approval-2-hold,joint_approval-2,hold,2,ALLOW,ALLOW,False,1,False
N0,raw,joint_approval-2-nondecisive_missing,joint_approval-2,nondecisive_missing,0,DENY,DENY,False,1,False
N0,raw,joint_approval-2-nondecisive_missing,joint_approval-2,nondecisive_missing,1,INSUFFICIENT,INSUFFICIENT,False,1,False
N0,raw,joint_approval-2-nondecisive_missing,joint_approval-2,nondecisive_missing,2,DENY,DENY,False,1,False
N0,raw,joint_approval-3-conflict,joint_approval-3,conflict,0,DENY,DENY,False,1,False
N0,raw,joint_approval-3-conflict,joint_approval-3,conflict,1,INSUFFICIENT,INSUFFICIENT,False,1,False
N0,raw,joint_approval-3-conflict,joint_approval-3,conflict,2,INSUFFICIENT,INSUFFICIENT,False,1,False
N0,raw,joint_approval-3-decisive_missing,joint_approval-3,decisive_missing,0,DENY,DENY,False,1,False
N0,raw,joint_approval-3-decisive_missing,joint_approval-3,decisive_missing,1,INSUFFICIENT,INSUFFICIENT,False,1,False
N0,raw,joint_approval-3-decisive_missing,joint_approval-3,decisive_missing,2,DENY,DENY,False,1,False
N0,raw,joint_approval-3-flip,joint_approval-3,flip,0,DENY,DENY,False,1,False
N0,raw,joint_approval-3-flip,joint_approval-3,flip,1,INSUFFICIENT,INSUFFICIENT,False,1,False
N0,raw,joint_approval-3-flip,joint_approval-3,flip,2,DENY,DENY,False,1,False
N0,raw,joint_approval-3-full,joint_approval-3,full,0,INSUFFICIENT,INSUFFICIENT,False,1,False
N0,raw,joint_approval-3-full,joint_approval-3,full,1,ALLOW,ALLOW,False,1,False
N0,raw,joint_approval-3-full,joint_approval-3,full,2,ALLOW,ALLOW,False,1,False
N0,raw,joint_approval-3-hold,joint_approval-3,hold,0,ALLOW,ALLOW,False,1,False
N0,raw,joint_approval-3-hold,joint_approval-3,hold,1,ALLOW,ALLOW,False,1,False
N0,raw,joint_approval-3-hold,joint_approval-3,hold,2,ALLOW,ALLOW,False,1,False
N0,raw,joint_approval-3-nondecisive_missing,joint_approval-3,nondecisive_missing,0,ALLOW,ALLOW,False,1,False
N0,raw,joint_approval-3-nondecisive_missing,joint_approval-3,nondecisive_missing,1,ALLOW,ALLOW,False,1,False
N0,raw,joint_approval-3-nondecisive_missing,joint_approval-3,nondecisive_missing,2,ALLOW,ALLOW,False,1,False
N0,raw,joint_approval-4-conflict,joint_approval-4,conflict,0,INSUFFICIENT,INSUFFICIENT,False,1,False
N0,raw,joint_approval-4-conflict,joint_approval-4,conflict,1,DENY,DENY,False,1,False
N0,raw,joint_approval-4-conflict,joint_approval-4,conflict,2,DENY,DENY,False,1,False
N0,raw,joint_approval-4-decisive_missing,joint_approval-4,decisive_missing,0,INSUFFICIENT,INSUFFICIENT,False,1,False
N0,raw,joint_approval-4-decisive_missing,joint_approval-4,decisive_missing,1,ALLOW,ALLOW,False,1,False
N0,raw,joint_approval-4-decisive_missing,joint_approval-4,decisive_missing,2,ALLOW,ALLOW,False,1,False
N0,raw,joint_approval-4-flip,joint_approval-4,flip,0,INSUFFICIENT,INSUFFICIENT,False,1,False
N0,raw,joint_approval-4-flip,joint_approval-4,flip,1,ALLOW,ALLOW,False,1,False
N0,raw,joint_approval-4-flip,joint_approval-4,flip,2,ALLOW,ALLOW,False,1,False
N0,raw,joint_approval-4-full,joint_approval-4,full,0,DENY,DENY,False,1,False
N0,raw,joint_approval-4-full,joint_approval-4,full,1,INSUFFICIENT,INSUFFICIENT,False,1,False
N0,raw,joint_approval-4-full,joint_approval-4,full,2,DENY,DENY,False,1,False
N0,raw,joint_approval-4-hold,joint_approval-4,hold,0,DENY,DENY,False,1,False
N0,raw,joint_approval-4-hold,joint_approval-4,hold,1,DENY,DENY,False,1,False
N0,raw,joint_approval-4-hold,joint_approval-4,hold,2,DENY,DENY,False,1,False
N0,raw,joint_approval-4-nondecisive_missing,joint_approval-4,nondecisive_missing,0,DENY,DENY,False,1,False
N0,raw,joint_approval-4-nondecisive_missing,joint_approval-4,nondecisive_missing,1,INSUFFICIENT,INSUFFICIENT,False,1,False
N0,raw,joint_approval-4-nondecisive_missing,joint_approval-4,nondecisive_missing,2,DENY,DENY,False,1,False
N0,raw,reversal_exception-1-conflict,reversal_exception-1,conflict,0,DENY,DENY,False,1,False
N0,raw,reversal_exception-1-conflict,reversal_exception-1,conflict,1,ALLOW,ALLOW,False,1,False
N0,raw,reversal_exception-1-conflict,reversal_exception-1,conflict,2,ALLOW,ALLOW,False,1,False
N0,raw,reversal_exception-1-decisive_missing,reversal_exception-1,decisive_missing,0,ALLOW,ALLOW,False,1,False
N0,raw,reversal_exception-1-decisive_missing,reversal_exception-1,decisive_missing,1,ALLOW,ALLOW,False,1,False
N0,raw,reversal_exception-1-decisive_missing,reversal_exception-1,decisive_missing,2,ALLOW,ALLOW,False,1,False
N0,raw,reversal_exception-1-flip,reversal_exception-1,flip,0,DENY,DENY,False,1,False
N0,raw,reversal_exception-1-flip,reversal_exception-1,flip,1,ALLOW,ALLOW,False,1,False
N0,raw,reversal_exception-1-flip,reversal_exception-1,flip,2,ALLOW,ALLOW,False,1,False
N0,raw,reversal_exception-1-full,reversal_exception-1,full,0,DENY,DENY,False,1,False
N0,raw,reversal_exception-1-full,reversal_exception-1,full,1,ALLOW,ALLOW,False,1,False
N0,raw,reversal_exception-1-full,reversal_exception-1,full,2,ALLOW,ALLOW,False,1,False
N0,raw,reversal_exception-1-hold,reversal_exception-1,hold,0,DENY,DENY,False,1,False
N0,raw,reversal_exception-1-hold,reversal_exception-1,hold,1,INSUFFICIENT,INSUFFICIENT,False,1,False
N0,raw,reversal_exception-1-hold,reversal_exception-1,hold,2,ALLOW,ALLOW,False,1,False
N0,raw,reversal_exception-1-nondecisive_missing,reversal_exception-1,nondecisive_missing,0,DENY,DENY,False,1,False
N0,raw,reversal_exception-1-nondecisive_missing,reversal_exception-1,nondecisive_missing,1,ALLOW,ALLOW,False,1,False
N0,raw,reversal_exception-1-nondecisive_missing,reversal_exception-1,nondecisive_missing,2,ALLOW,ALLOW,False,1,False
N0,raw,reversal_exception-2-conflict,reversal_exception-2,conflict,0,DENY,DENY,False,1,False
N0,raw,reversal_exception-2-conflict,reversal_exception-2,conflict,1,ALLOW,ALLOW,False,1,False
N0,raw,reversal_exception-2-conflict,reversal_exception-2,conflict,2,ALLOW,ALLOW,False,1,False
N0,raw,reversal_exception-2-decisive_missing,reversal_exception-2,decisive_missing,0,ALLOW,ALLOW,False,1,False
N0,raw,reversal_exception-2-decisive_missing,reversal_exception-2,decisive_missing,1,ALLOW,ALLOW,False,1,False
N0,raw,reversal_exception-2-decisive_missing,reversal_exception-2,decisive_missing,2,ALLOW,ALLOW,False,1,False
N0,raw,reversal_exception-2-flip,reversal_exception-2,flip,0,INSUFFICIENT,INSUFFICIENT,False,1,False
N0,raw,reversal_exception-2-flip,reversal_exception-2,flip,1,ALLOW,ALLOW,False,1,False
N0,raw,reversal_exception-2-flip,reversal_exception-2,flip,2,ALLOW,ALLOW,False,1,False
N0,raw,reversal_exception-2-full,reversal_exception-2,full,0,DENY,DENY,False,1,False
N0,raw,reversal_exception-2-full,reversal_exception-2,full,1,ALLOW,ALLOW,False,1,False
N0,raw,reversal_exception-2-full,reversal_exception-2,full,2,ALLOW,ALLOW,False,1,False
N0,raw,reversal_exception-2-hold,reversal_exception-2,hold,0,ALLOW,ALLOW,False,1,False
N0,raw,reversal_exception-2-hold,reversal_exception-2,hold,1,ALLOW,ALLOW,False,1,False
N0,raw,reversal_exception-2-hold,reversal_exception-2,hold,2,ALLOW,ALLOW,False,1,False
N0,raw,reversal_exception-2-nondecisive_missing,reversal_exception-2,nondecisive_missing,0,DENY,DENY,False,1,False
N0,raw,reversal_exception-2-nondecisive_missing,reversal_exception-2,nondecisive_missing,1,ALLOW,ALLOW,False,1,False
N0,raw,reversal_exception-2-nondecisive_missing,reversal_exception-2,nondecisive_missing,2,ALLOW,ALLOW,False,1,False
N0,raw,reversal_exception-3-conflict,reversal_exception-3,conflict,0,DENY,DENY,False,1,False
N0,raw,reversal_exception-3-conflict,reversal_exception-3,conflict,1,DENY,DENY,False,1,False
N0,raw,reversal_exception-3-conflict,reversal_exception-3,conflict,2,ALLOW,ALLOW,False,1,False
N0,raw,reversal_exception-3-decisive_missing,reversal_exception-3,decisive_missing,0,DENY,DENY,False,1,False
N0,raw,reversal_exception-3-decisive_missing,reversal_exception-3,decisive_missing,1,INSUFFICIENT,INSUFFICIENT,False,1,False
N0,raw,reversal_exception-3-decisive_missing,reversal_exception-3,decisive_missing,2,ALLOW,ALLOW,False,1,False
N0,raw,reversal_exception-3-flip,reversal_exception-3,flip,0,DENY,DENY,False,1,False
N0,raw,reversal_exception-3-flip,reversal_exception-3,flip,1,INSUFFICIENT,INSUFFICIENT,False,1,False
N0,raw,reversal_exception-3-flip,reversal_exception-3,flip,2,ALLOW,ALLOW,False,1,False
N0,raw,reversal_exception-3-full,reversal_exception-3,full,0,DENY,DENY,False,1,False
N0,raw,reversal_exception-3-full,reversal_exception-3,full,1,DENY,DENY,False,1,False
N0,raw,reversal_exception-3-full,reversal_exception-3,full,2,ALLOW,ALLOW,False,1,False
N0,raw,reversal_exception-3-hold,reversal_exception-3,hold,0,DENY,DENY,False,1,False
N0,raw,reversal_exception-3-hold,reversal_exception-3,hold,1,INSUFFICIENT,INSUFFICIENT,False,1,False
N0,raw,reversal_exception-3-hold,reversal_exception-3,hold,2,DENY,DENY,False,1,False
N0,raw,reversal_exception-3-nondecisive_missing,reversal_exception-3,nondecisive_missing,0,DENY,DENY,False,1,False
N0,raw,reversal_exception-3-nondecisive_missing,reversal_exception-3,nondecisive_missing,1,DENY,DENY,False,1,False
N0,raw,reversal_exception-3-nondecisive_missing,reversal_exception-3,nondecisive_missing,2,ALLOW,ALLOW,False,1,False
N0,raw,reversal_exception-4-conflict,reversal_exception-4,conflict,0,DENY,DENY,False,1,False
N0,raw,reversal_exception-4-conflict,reversal_exception-4,conflict,1,DENY,DENY,False,1,False
N0,raw,reversal_exception-4-conflict,reversal_exception-4,conflict,2,DENY,DENY,False,1,False
N0,raw,reversal_exception-4-decisive_missing,reversal_exception-4,decisive_missing,0,DENY,DENY,False,1,False
N0,raw,reversal_exception-4-decisive_missing,reversal_exception-4,decisive_missing,1,DENY,DENY,False,1,False
N0,raw,reversal_exception-4-decisive_missing,reversal_exception-4,decisive_missing,2,ALLOW,ALLOW,False,1,False
N0,raw,reversal_exception-4-flip,reversal_exception-4,flip,0,DENY,DENY,False,1,False
N0,raw,reversal_exception-4-flip,reversal_exception-4,flip,1,DENY,DENY,False,1,False
N0,raw,reversal_exception-4-flip,reversal_exception-4,flip,2,ALLOW,ALLOW,False,1,False
N0,raw,reversal_exception-4-full,reversal_exception-4,full,0,DENY,DENY,False,1,False
N0,raw,reversal_exception-4-full,reversal_exception-4,full,1,DENY,DENY,False,1,False
N0,raw,reversal_exception-4-full,reversal_exception-4,full,2,DENY,DENY,False,1,False
N0,raw,reversal_exception-4-hold,reversal_exception-4,hold,0,DENY,DENY,False,1,False
N0,raw,reversal_exception-4-hold,reversal_exception-4,hold,1,DENY,DENY,False,1,False
N0,raw,reversal_exception-4-hold,reversal_exception-4,hold,2,DENY,DENY,False,1,False
N0,raw,reversal_exception-4-nondecisive_missing,reversal_exception-4,nondecisive_missing,0,DENY,DENY,False,1,False
N0,raw,reversal_exception-4-nondecisive_missing,reversal_exception-4,nondecisive_missing,1,DENY,DENY,False,1,False
N0,raw,reversal_exception-4-nondecisive_missing,reversal_exception-4,nondecisive_missing,2,DENY,DENY,False,1,False
N0,raw,route_lookup-1-conflict,route_lookup-1,conflict,0,ALLOW,ALLOW,False,1,False
N0,raw,route_lookup-1-conflict,route_lookup-1,conflict,1,DENY,DENY,False,1,False
N0,raw,route_lookup-1-conflict,route_lookup-1,conflict,2,ALLOW,ALLOW,False,1,False
N0,raw,route_lookup-1-decisive_missing,route_lookup-1,decisive_missing,0,DENY,DENY,False,1,False
N0,raw,route_lookup-1-decisive_missing,route_lookup-1,decisive_missing,1,ALLOW,ALLOW,False,1,False
N0,raw,route_lookup-1-decisive_missing,route_lookup-1,decisive_missing,2,ALLOW,ALLOW,False,1,False
N0,raw,route_lookup-1-flip,route_lookup-1,flip,0,DENY,DENY,False,1,False
N0,raw,route_lookup-1-flip,route_lookup-1,flip,1,DENY,DENY,False,1,False
N0,raw,route_lookup-1-flip,route_lookup-1,flip,2,ALLOW,ALLOW,False,1,False
N0,raw,route_lookup-1-full,route_lookup-1,full,0,ALLOW,ALLOW,False,1,False
N0,raw,route_lookup-1-full,route_lookup-1,full,1,ALLOW,ALLOW,False,1,False
N0,raw,route_lookup-1-full,route_lookup-1,full,2,ALLOW,ALLOW,False,1,False
N0,raw,route_lookup-1-hold,route_lookup-1,hold,0,DENY,DENY,False,1,False
N0,raw,route_lookup-1-hold,route_lookup-1,hold,1,DENY,DENY,False,1,False
N0,raw,route_lookup-1-hold,route_lookup-1,hold,2,INSUFFICIENT,INSUFFICIENT,False,1,False
N0,raw,route_lookup-1-nondecisive_missing,route_lookup-1,nondecisive_missing,0,ALLOW,ALLOW,False,1,False
N0,raw,route_lookup-1-nondecisive_missing,route_lookup-1,nondecisive_missing,1,ALLOW,ALLOW,False,1,False
N0,raw,route_lookup-1-nondecisive_missing,route_lookup-1,nondecisive_missing,2,ALLOW,ALLOW,False,1,False
N0,raw,route_lookup-2-conflict,route_lookup-2,conflict,0,DENY,DENY,False,1,False
N0,raw,route_lookup-2-conflict,route_lookup-2,conflict,1,DENY,DENY,False,1,False
N0,raw,route_lookup-2-conflict,route_lookup-2,conflict,2,INSUFFICIENT,INSUFFICIENT,False,1,False
N0,raw,route_lookup-2-decisive_missing,route_lookup-2,decisive_missing,0,DENY,DENY,False,1,False
N0,raw,route_lookup-2-decisive_missing,route_lookup-2,decisive_missing,1,ALLOW,ALLOW,False,1,False
N0,raw,route_lookup-2-decisive_missing,route_lookup-2,decisive_missing,2,ALLOW,ALLOW,False,1,False
N0,raw,route_lookup-2-flip,route_lookup-2,flip,0,DENY,DENY,False,1,False
N0,raw,route_lookup-2-flip,route_lookup-2,flip,1,DENY,DENY,False,1,False
N0,raw,route_lookup-2-flip,route_lookup-2,flip,2,INSUFFICIENT,INSUFFICIENT,False,1,False
N0,raw,route_lookup-2-full,route_lookup-2,full,0,DENY,DENY,False,1,False
N0,raw,route_lookup-2-full,route_lookup-2,full,1,DENY,DENY,False,1,False
N0,raw,route_lookup-2-full,route_lookup-2,full,2,DENY,DENY,False,1,False
N0,raw,route_lookup-2-hold,route_lookup-2,hold,0,ALLOW,ALLOW,False,1,False
N0,raw,route_lookup-2-hold,route_lookup-2,hold,1,ALLOW,ALLOW,False,1,False
N0,raw,route_lookup-2-hold,route_lookup-2,hold,2,ALLOW,ALLOW,False,1,False
N0,raw,route_lookup-2-nondecisive_missing,route_lookup-2,nondecisive_missing,0,DENY,DENY,False,1,False
N0,raw,route_lookup-2-nondecisive_missing,route_lookup-2,nondecisive_missing,1,DENY,DENY,False,1,False
N0,raw,route_lookup-2-nondecisive_missing,route_lookup-2,nondecisive_missing,2,INSUFFICIENT,INSUFFICIENT,False,1,False
N0,raw,route_lookup-3-conflict,route_lookup-3,conflict,0,INSUFFICIENT,INSUFFICIENT,False,1,False
N0,raw,route_lookup-3-conflict,route_lookup-3,conflict,1,INSUFFICIENT,INSUFFICIENT,False,1,False
N0,raw,route_lookup-3-conflict,route_lookup-3,conflict,2,ALLOW,ALLOW,False,1,False
N0,raw,route_lookup-3-decisive_missing,route_lookup-3,decisive_missing,0,DENY,DENY,False,1,False
N0,raw,route_lookup-3-decisive_missing,route_lookup-3,decisive_missing,1,INSUFFICIENT,INSUFFICIENT,False,1,False
N0,raw,route_lookup-3-decisive_missing,route_lookup-3,decisive_missing,2,DENY,DENY,False,1,False
N0,raw,route_lookup-3-flip,route_lookup-3,flip,0,INSUFFICIENT,INSUFFICIENT,False,1,False
N0,raw,route_lookup-3-flip,route_lookup-3,flip,1,INSUFFICIENT,INSUFFICIENT,False,1,False
N0,raw,route_lookup-3-flip,route_lookup-3,flip,2,INSUFFICIENT,INSUFFICIENT,False,1,False
N0,raw,route_lookup-3-full,route_lookup-3,full,0,DENY,DENY,False,1,False
N0,raw,route_lookup-3-full,route_lookup-3,full,1,ALLOW,ALLOW,False,1,False
N0,raw,route_lookup-3-full,route_lookup-3,full,2,ALLOW,ALLOW,False,1,False
N0,raw,route_lookup-3-hold,route_lookup-3,hold,0,INSUFFICIENT,INSUFFICIENT,False,1,False
N0,raw,route_lookup-3-hold,route_lookup-3,hold,1,INSUFFICIENT,INSUFFICIENT,False,1,False
N0,raw,route_lookup-3-hold,route_lookup-3,hold,2,INSUFFICIENT,INSUFFICIENT,False,1,False
N0,raw,route_lookup-3-nondecisive_missing,route_lookup-3,nondecisive_missing,0,ALLOW,ALLOW,False,1,False
N0,raw,route_lookup-3-nondecisive_missing,route_lookup-3,nondecisive_missing,1,ALLOW,ALLOW,False,1,False
N0,raw,route_lookup-3-nondecisive_missing,route_lookup-3,nondecisive_missing,2,ALLOW,ALLOW,False,1,False
N0,raw,route_lookup-4-conflict,route_lookup-4,conflict,0,DENY,DENY,False,1,False
N0,raw,route_lookup-4-conflict,route_lookup-4,conflict,1,DENY,DENY,False,1,False
N0,raw,route_lookup-4-conflict,route_lookup-4,conflict,2,INSUFFICIENT,INSUFFICIENT,False,1,False
N0,raw,route_lookup-4-decisive_missing,route_lookup-4,decisive_missing,0,DENY,DENY,False,1,False
N0,raw,route_lookup-4-decisive_missing,route_lookup-4,decisive_missing,1,ALLOW,ALLOW,False,1,False
N0,raw,route_lookup-4-decisive_missing,route_lookup-4,decisive_missing,2,ALLOW,ALLOW,False,1,False
N0,raw,route_lookup-4-flip,route_lookup-4,flip,0,ALLOW,ALLOW,False,1,False
N0,raw,route_lookup-4-flip,route_lookup-4,flip,1,ALLOW,ALLOW,False,1,False
N0,raw,route_lookup-4-flip,route_lookup-4,flip,2,ALLOW,ALLOW,False,1,False
N0,raw,route_lookup-4-full,route_lookup-4,full,0,DENY,DENY,False,1,False
N0,raw,route_lookup-4-full,route_lookup-4,full,1,DENY,DENY,False,1,False
N0,raw,route_lookup-4-full,route_lookup-4,full,2,INSUFFICIENT,INSUFFICIENT,False,1,False
N0,raw,route_lookup-4-hold,route_lookup-4,hold,0,DENY,DENY,False,1,False
N0,raw,route_lookup-4-hold,route_lookup-4,hold,1,DENY,DENY,False,1,False
N0,raw,route_lookup-4-hold,route_lookup-4,hold,2,INSUFFICIENT,INSUFFICIENT,False,1,False
N0,raw,route_lookup-4-nondecisive_missing,route_lookup-4,nondecisive_missing,0,DENY,DENY,False,1,False
N0,raw,route_lookup-4-nondecisive_missing,route_lookup-4,nondecisive_missing,1,DENY,DENY,False,1,False
N0,raw,route_lookup-4-nondecisive_missing,route_lookup-4,nondecisive_missing,2,INSUFFICIENT,INSUFFICIENT,False,1,False
N0,maxprob_0.5,joint_approval-1-conflict,joint_approval-1,conflict,0,INSUFFICIENT,INSUFFICIENT,False,1,False
N0,maxprob_0.5,joint_approval-1-conflict,joint_approval-1,conflict,1,DENY,INSUFFICIENT,True,1,False
N0,maxprob_0.5,joint_approval-1-conflict,joint_approval-1,conflict,2,ALLOW,INSUFFICIENT,True,1,False
N0,maxprob_0.5,joint_approval-1-decisive_missing,joint_approval-1,decisive_missing,0,INSUFFICIENT,INSUFFICIENT,False,1,False
N0,maxprob_0.5,joint_approval-1-decisive_missing,joint_approval-1,decisive_missing,1,INSUFFICIENT,INSUFFICIENT,False,1,False
N0,maxprob_0.5,joint_approval-1-decisive_missing,joint_approval-1,decisive_missing,2,INSUFFICIENT,INSUFFICIENT,False,1,False
N0,maxprob_0.5,joint_approval-1-flip,joint_approval-1,flip,0,INSUFFICIENT,INSUFFICIENT,False,1,False
N0,maxprob_0.5,joint_approval-1-flip,joint_approval-1,flip,1,INSUFFICIENT,INSUFFICIENT,False,1,False
N0,maxprob_0.5,joint_approval-1-flip,joint_approval-1,flip,2,DENY,INSUFFICIENT,True,1,False
N0,maxprob_0.5,joint_approval-1-full,joint_approval-1,full,0,ALLOW,INSUFFICIENT,True,1,False
N0,maxprob_0.5,joint_approval-1-full,joint_approval-1,full,1,ALLOW,INSUFFICIENT,True,1,False
N0,maxprob_0.5,joint_approval-1-full,joint_approval-1,full,2,ALLOW,INSUFFICIENT,True,1,False
N0,maxprob_0.5,joint_approval-1-hold,joint_approval-1,hold,0,ALLOW,INSUFFICIENT,True,1,False
N0,maxprob_0.5,joint_approval-1-hold,joint_approval-1,hold,1,ALLOW,INSUFFICIENT,True,1,False
N0,maxprob_0.5,joint_approval-1-hold,joint_approval-1,hold,2,ALLOW,ALLOW,False,1,False
N0,maxprob_0.5,joint_approval-1-nondecisive_missing,joint_approval-1,nondecisive_missing,0,ALLOW,ALLOW,False,1,False
N0,maxprob_0.5,joint_approval-1-nondecisive_missing,joint_approval-1,nondecisive_missing,1,ALLOW,ALLOW,False,1,False
N0,maxprob_0.5,joint_approval-1-nondecisive_missing,joint_approval-1,nondecisive_missing,2,ALLOW,ALLOW,False,1,False
N0,maxprob_0.5,joint_approval-2-conflict,joint_approval-2,conflict,0,DENY,INSUFFICIENT,True,1,False
N0,maxprob_0.5,joint_approval-2-conflict,joint_approval-2,conflict,1,ALLOW,INSUFFICIENT,True,1,False
N0,maxprob_0.5,joint_approval-2-conflict,joint_approval-2,conflict,2,INSUFFICIENT,INSUFFICIENT,False,1,False
N0,maxprob_0.5,joint_approval-2-decisive_missing,joint_approval-2,decisive_missing,0,INSUFFICIENT,INSUFFICIENT,False,1,False
N0,maxprob_0.5,joint_approval-2-decisive_missing,joint_approval-2,decisive_missing,1,ALLOW,INSUFFICIENT,True,1,False
N0,maxprob_0.5,joint_approval-2-decisive_missing,joint_approval-2,decisive_missing,2,ALLOW,INSUFFICIENT,True,1,False
N0,maxprob_0.5,joint_approval-2-flip,joint_approval-2,flip,0,INSUFFICIENT,INSUFFICIENT,False,1,False
N0,maxprob_0.5,joint_approval-2-flip,joint_approval-2,flip,1,ALLOW,INSUFFICIENT,True,1,False
N0,maxprob_0.5,joint_approval-2-flip,joint_approval-2,flip,2,ALLOW,INSUFFICIENT,True,1,False
N0,maxprob_0.5,joint_approval-2-full,joint_approval-2,full,0,DENY,INSUFFICIENT,True,1,False
N0,maxprob_0.5,joint_approval-2-full,joint_approval-2,full,1,INSUFFICIENT,INSUFFICIENT,False,1,False
N0,maxprob_0.5,joint_approval-2-full,joint_approval-2,full,2,DENY,INSUFFICIENT,True,1,False
N0,maxprob_0.5,joint_approval-2-hold,joint_approval-2,hold,0,ALLOW,INSUFFICIENT,True,1,False
N0,maxprob_0.5,joint_approval-2-hold,joint_approval-2,hold,1,ALLOW,INSUFFICIENT,True,1,False
N0,maxprob_0.5,joint_approval-2-hold,joint_approval-2,hold,2,ALLOW,INSUFFICIENT,True,1,False
N0,maxprob_0.5,joint_approval-2-nondecisive_missing,joint_approval-2,nondecisive_missing,0,DENY,INSUFFICIENT,True,1,False
N0,maxprob_0.5,joint_approval-2-nondecisive_missing,joint_approval-2,nondecisive_missing,1,INSUFFICIENT,INSUFFICIENT,False,1,False
N0,maxprob_0.5,joint_approval-2-nondecisive_missing,joint_approval-2,nondecisive_missing,2,DENY,INSUFFICIENT,True,1,False
N0,maxprob_0.5,joint_approval-3-conflict,joint_approval-3,conflict,0,DENY,INSUFFICIENT,True,1,False
N0,maxprob_0.5,joint_approval-3-conflict,joint_approval-3,conflict,1,INSUFFICIENT,INSUFFICIENT,False,1,False
N0,maxprob_0.5,joint_approval-3-conflict,joint_approval-3,conflict,2,INSUFFICIENT,INSUFFICIENT,False,1,False
N0,maxprob_0.5,joint_approval-3-decisive_missing,joint_approval-3,decisive_missing,0,DENY,INSUFFICIENT,True,1,False
N0,maxprob_0.5,joint_approval-3-decisive_missing,joint_approval-3,decisive_missing,1,INSUFFICIENT,INSUFFICIENT,False,1,False
N0,maxprob_0.5,joint_approval-3-decisive_missing,joint_approval-3,decisive_missing,2,DENY,INSUFFICIENT,True,1,False
N0,maxprob_0.5,joint_approval-3-flip,joint_approval-3,flip,0,DENY,INSUFFICIENT,True,1,False
N0,maxprob_0.5,joint_approval-3-flip,joint_approval-3,flip,1,INSUFFICIENT,INSUFFICIENT,False,1,False
N0,maxprob_0.5,joint_approval-3-flip,joint_approval-3,flip,2,DENY,INSUFFICIENT,True,1,False
N0,maxprob_0.5,joint_approval-3-full,joint_approval-3,full,0,INSUFFICIENT,INSUFFICIENT,False,1,False
N0,maxprob_0.5,joint_approval-3-full,joint_approval-3,full,1,ALLOW,INSUFFICIENT,True,1,False
N0,maxprob_0.5,joint_approval-3-full,joint_approval-3,full,2,ALLOW,ALLOW,False,1,False
N0,maxprob_0.5,joint_approval-3-hold,joint_approval-3,hold,0,ALLOW,INSUFFICIENT,True,1,False
N0,maxprob_0.5,joint_approval-3-hold,joint_approval-3,hold,1,ALLOW,INSUFFICIENT,True,1,False
N0,maxprob_0.5,joint_approval-3-hold,joint_approval-3,hold,2,ALLOW,ALLOW,False,1,False
N0,maxprob_0.5,joint_approval-3-nondecisive_missing,joint_approval-3,nondecisive_missing,0,ALLOW,ALLOW,False,1,False
N0,maxprob_0.5,joint_approval-3-nondecisive_missing,joint_approval-3,nondecisive_missing,1,ALLOW,ALLOW,False,1,False
N0,maxprob_0.5,joint_approval-3-nondecisive_missing,joint_approval-3,nondecisive_missing,2,ALLOW,ALLOW,False,1,False
N0,maxprob_0.5,joint_approval-4-conflict,joint_approval-4,conflict,0,INSUFFICIENT,INSUFFICIENT,False,1,False
N0,maxprob_0.5,joint_approval-4-conflict,joint_approval-4,conflict,1,DENY,INSUFFICIENT,True,1,False
N0,maxprob_0.5,joint_approval-4-conflict,joint_approval-4,conflict,2,DENY,INSUFFICIENT,True,1,False
N0,maxprob_0.5,joint_approval-4-decisive_missing,joint_approval-4,decisive_missing,0,INSUFFICIENT,INSUFFICIENT,False,1,False
N0,maxprob_0.5,joint_approval-4-decisive_missing,joint_approval-4,decisive_missing,1,ALLOW,INSUFFICIENT,True,1,False
N0,maxprob_0.5,joint_approval-4-decisive_missing,joint_approval-4,decisive_missing,2,ALLOW,INSUFFICIENT,True,1,False
N0,maxprob_0.5,joint_approval-4-flip,joint_approval-4,flip,0,INSUFFICIENT,INSUFFICIENT,False,1,False
N0,maxprob_0.5,joint_approval-4-flip,joint_approval-4,flip,1,ALLOW,INSUFFICIENT,True,1,False
N0,maxprob_0.5,joint_approval-4-flip,joint_approval-4,flip,2,ALLOW,ALLOW,False,1,False
N0,maxprob_0.5,joint_approval-4-full,joint_approval-4,full,0,DENY,INSUFFICIENT,True,1,False
N0,maxprob_0.5,joint_approval-4-full,joint_approval-4,full,1,INSUFFICIENT,INSUFFICIENT,False,1,False
N0,maxprob_0.5,joint_approval-4-full,joint_approval-4,full,2,DENY,INSUFFICIENT,True,1,False
N0,maxprob_0.5,joint_approval-4-hold,joint_approval-4,hold,0,DENY,INSUFFICIENT,True,1,False
N0,maxprob_0.5,joint_approval-4-hold,joint_approval-4,hold,1,DENY,INSUFFICIENT,True,1,False
N0,maxprob_0.5,joint_approval-4-hold,joint_approval-4,hold,2,DENY,INSUFFICIENT,True,1,False
N0,maxprob_0.5,joint_approval-4-nondecisive_missing,joint_approval-4,nondecisive_missing,0,DENY,INSUFFICIENT,True,1,False
N0,maxprob_0.5,joint_approval-4-nondecisive_missing,joint_approval-4,nondecisive_missing,1,INSUFFICIENT,INSUFFICIENT,False,1,False
N0,maxprob_0.5,joint_approval-4-nondecisive_missing,joint_approval-4,nondecisive_missing,2,DENY,INSUFFICIENT,True,1,False
N0,maxprob_0.5,reversal_exception-1-conflict,reversal_exception-1,conflict,0,DENY,INSUFFICIENT,True,1,False
N0,maxprob_0.5,reversal_exception-1-conflict,reversal_exception-1,conflict,1,ALLOW,INSUFFICIENT,True,1,False
N0,maxprob_0.5,reversal_exception-1-conflict,reversal_exception-1,conflict,2,ALLOW,ALLOW,False,1,False
N0,maxprob_0.5,reversal_exception-1-decisive_missing,reversal_exception-1,decisive_missing,0,ALLOW,INSUFFICIENT,True,1,False
N0,maxprob_0.5,reversal_exception-1-decisive_missing,reversal_exception-1,decisive_missing,1,ALLOW,INSUFFICIENT,True,1,False
N0,maxprob_0.5,reversal_exception-1-decisive_missing,reversal_exception-1,decisive_missing,2,ALLOW,ALLOW,False,1,False
N0,maxprob_0.5,reversal_exception-1-flip,reversal_exception-1,flip,0,DENY,INSUFFICIENT,True,1,False
N0,maxprob_0.5,reversal_exception-1-flip,reversal_exception-1,flip,1,ALLOW,INSUFFICIENT,True,1,False
N0,maxprob_0.5,reversal_exception-1-flip,reversal_exception-1,flip,2,ALLOW,ALLOW,False,1,False
N0,maxprob_0.5,reversal_exception-1-full,reversal_exception-1,full,0,DENY,INSUFFICIENT,True,1,False
N0,maxprob_0.5,reversal_exception-1-full,reversal_exception-1,full,1,ALLOW,INSUFFICIENT,True,1,False
N0,maxprob_0.5,reversal_exception-1-full,reversal_exception-1,full,2,ALLOW,ALLOW,False,1,False
N0,maxprob_0.5,reversal_exception-1-hold,reversal_exception-1,hold,0,DENY,INSUFFICIENT,True,1,False
N0,maxprob_0.5,reversal_exception-1-hold,reversal_exception-1,hold,1,INSUFFICIENT,INSUFFICIENT,False,1,False
N0,maxprob_0.5,reversal_exception-1-hold,reversal_exception-1,hold,2,ALLOW,ALLOW,False,1,False
N0,maxprob_0.5,reversal_exception-1-nondecisive_missing,reversal_exception-1,nondecisive_missing,0,DENY,INSUFFICIENT,True,1,False
N0,maxprob_0.5,reversal_exception-1-nondecisive_missing,reversal_exception-1,nondecisive_missing,1,ALLOW,INSUFFICIENT,True,1,False
N0,maxprob_0.5,reversal_exception-1-nondecisive_missing,reversal_exception-1,nondecisive_missing,2,ALLOW,ALLOW,False,1,False
N0,maxprob_0.5,reversal_exception-2-conflict,reversal_exception-2,conflict,0,DENY,INSUFFICIENT,True,1,False
N0,maxprob_0.5,reversal_exception-2-conflict,reversal_exception-2,conflict,1,ALLOW,INSUFFICIENT,True,1,False
N0,maxprob_0.5,reversal_exception-2-conflict,reversal_exception-2,conflict,2,ALLOW,INSUFFICIENT,True,1,False
N0,maxprob_0.5,reversal_exception-2-decisive_missing,reversal_exception-2,decisive_missing,0,ALLOW,INSUFFICIENT,True,1,False
N0,maxprob_0.5,reversal_exception-2-decisive_missing,reversal_exception-2,decisive_missing,1,ALLOW,INSUFFICIENT,True,1,False
N0,maxprob_0.5,reversal_exception-2-decisive_missing,reversal_exception-2,decisive_missing,2,ALLOW,ALLOW,False,1,False
N0,maxprob_0.5,reversal_exception-2-flip,reversal_exception-2,flip,0,INSUFFICIENT,INSUFFICIENT,False,1,False
N0,maxprob_0.5,reversal_exception-2-flip,reversal_exception-2,flip,1,ALLOW,INSUFFICIENT,True,1,False
N0,maxprob_0.5,reversal_exception-2-flip,reversal_exception-2,flip,2,ALLOW,ALLOW,False,1,False
N0,maxprob_0.5,reversal_exception-2-full,reversal_exception-2,full,0,DENY,INSUFFICIENT,True,1,False
N0,maxprob_0.5,reversal_exception-2-full,reversal_exception-2,full,1,ALLOW,INSUFFICIENT,True,1,False
N0,maxprob_0.5,reversal_exception-2-full,reversal_exception-2,full,2,ALLOW,ALLOW,False,1,False
N0,maxprob_0.5,reversal_exception-2-hold,reversal_exception-2,hold,0,ALLOW,INSUFFICIENT,True,1,False
N0,maxprob_0.5,reversal_exception-2-hold,reversal_exception-2,hold,1,ALLOW,INSUFFICIENT,True,1,False
N0,maxprob_0.5,reversal_exception-2-hold,reversal_exception-2,hold,2,ALLOW,ALLOW,False,1,False
N0,maxprob_0.5,reversal_exception-2-nondecisive_missing,reversal_exception-2,nondecisive_missing,0,DENY,INSUFFICIENT,True,1,False
N0,maxprob_0.5,reversal_exception-2-nondecisive_missing,reversal_exception-2,nondecisive_missing,1,ALLOW,INSUFFICIENT,True,1,False
N0,maxprob_0.5,reversal_exception-2-nondecisive_missing,reversal_exception-2,nondecisive_missing,2,ALLOW,ALLOW,False,1,False
N0,maxprob_0.5,reversal_exception-3-conflict,reversal_exception-3,conflict,0,DENY,INSUFFICIENT,True,1,False
N0,maxprob_0.5,reversal_exception-3-conflict,reversal_exception-3,conflict,1,DENY,INSUFFICIENT,True,1,False
N0,maxprob_0.5,reversal_exception-3-conflict,reversal_exception-3,conflict,2,ALLOW,INSUFFICIENT,True,1,False
N0,maxprob_0.5,reversal_exception-3-decisive_missing,reversal_exception-3,decisive_missing,0,DENY,INSUFFICIENT,True,1,False
N0,maxprob_0.5,reversal_exception-3-decisive_missing,reversal_exception-3,decisive_missing,1,INSUFFICIENT,INSUFFICIENT,False,1,False
N0,maxprob_0.5,reversal_exception-3-decisive_missing,reversal_exception-3,decisive_missing,2,ALLOW,INSUFFICIENT,True,1,False
N0,maxprob_0.5,reversal_exception-3-flip,reversal_exception-3,flip,0,DENY,INSUFFICIENT,True,1,False
N0,maxprob_0.5,reversal_exception-3-flip,reversal_exception-3,flip,1,INSUFFICIENT,INSUFFICIENT,False,1,False
N0,maxprob_0.5,reversal_exception-3-flip,reversal_exception-3,flip,2,ALLOW,INSUFFICIENT,True,1,False
N0,maxprob_0.5,reversal_exception-3-full,reversal_exception-3,full,0,DENY,INSUFFICIENT,True,1,False
N0,maxprob_0.5,reversal_exception-3-full,reversal_exception-3,full,1,DENY,INSUFFICIENT,True,1,False
N0,maxprob_0.5,reversal_exception-3-full,reversal_exception-3,full,2,ALLOW,ALLOW,False,1,False
N0,maxprob_0.5,reversal_exception-3-hold,reversal_exception-3,hold,0,DENY,INSUFFICIENT,True,1,False
N0,maxprob_0.5,reversal_exception-3-hold,reversal_exception-3,hold,1,INSUFFICIENT,INSUFFICIENT,False,1,False
N0,maxprob_0.5,reversal_exception-3-hold,reversal_exception-3,hold,2,DENY,INSUFFICIENT,True,1,False
N0,maxprob_0.5,reversal_exception-3-nondecisive_missing,reversal_exception-3,nondecisive_missing,0,DENY,INSUFFICIENT,True,1,False
N0,maxprob_0.5,reversal_exception-3-nondecisive_missing,reversal_exception-3,nondecisive_missing,1,DENY,INSUFFICIENT,True,1,False
N0,maxprob_0.5,reversal_exception-3-nondecisive_missing,reversal_exception-3,nondecisive_missing,2,ALLOW,ALLOW,False,1,False
N0,maxprob_0.5,reversal_exception-4-conflict,reversal_exception-4,conflict,0,DENY,DENY,False,1,False
N0,maxprob_0.5,reversal_exception-4-conflict,reversal_exception-4,conflict,1,DENY,INSUFFICIENT,True,1,False
N0,maxprob_0.5,reversal_exception-4-conflict,reversal_exception-4,conflict,2,DENY,INSUFFICIENT,True,1,False
N0,maxprob_0.5,reversal_exception-4-decisive_missing,reversal_exception-4,decisive_missing,0,DENY,DENY,False,1,False
N0,maxprob_0.5,reversal_exception-4-decisive_missing,reversal_exception-4,decisive_missing,1,DENY,INSUFFICIENT,True,1,False
N0,maxprob_0.5,reversal_exception-4-decisive_missing,reversal_exception-4,decisive_missing,2,ALLOW,INSUFFICIENT,True,1,False
N0,maxprob_0.5,reversal_exception-4-flip,reversal_exception-4,flip,0,DENY,DENY,False,1,False
N0,maxprob_0.5,reversal_exception-4-flip,reversal_exception-4,flip,1,DENY,INSUFFICIENT,True,1,False
N0,maxprob_0.5,reversal_exception-4-flip,reversal_exception-4,flip,2,ALLOW,ALLOW,False,1,False
N0,maxprob_0.5,reversal_exception-4-full,reversal_exception-4,full,0,DENY,DENY,False,1,False
N0,maxprob_0.5,reversal_exception-4-full,reversal_exception-4,full,1,DENY,INSUFFICIENT,True,1,False
N0,maxprob_0.5,reversal_exception-4-full,reversal_exception-4,full,2,DENY,INSUFFICIENT,True,1,False
N0,maxprob_0.5,reversal_exception-4-hold,reversal_exception-4,hold,0,DENY,DENY,False,1,False
N0,maxprob_0.5,reversal_exception-4-hold,reversal_exception-4,hold,1,DENY,INSUFFICIENT,True,1,False
N0,maxprob_0.5,reversal_exception-4-hold,reversal_exception-4,hold,2,DENY,INSUFFICIENT,True,1,False
N0,maxprob_0.5,reversal_exception-4-nondecisive_missing,reversal_exception-4,nondecisive_missing,0,DENY,DENY,False,1,False
N0,maxprob_0.5,reversal_exception-4-nondecisive_missing,reversal_exception-4,nondecisive_missing,1,DENY,INSUFFICIENT,True,1,False
N0,maxprob_0.5,reversal_exception-4-nondecisive_missing,reversal_exception-4,nondecisive_missing,2,DENY,INSUFFICIENT,True,1,False
N0,maxprob_0.5,route_lookup-1-conflict,route_lookup-1,conflict,0,ALLOW,INSUFFICIENT,True,1,False
N0,maxprob_0.5,route_lookup-1-conflict,route_lookup-1,conflict,1,DENY,INSUFFICIENT,True,1,False
N0,maxprob_0.5,route_lookup-1-conflict,route_lookup-1,conflict,2,ALLOW,INSUFFICIENT,True,1,False
N0,maxprob_0.5,route_lookup-1-decisive_missing,route_lookup-1,decisive_missing,0,DENY,INSUFFICIENT,True,1,False
N0,maxprob_0.5,route_lookup-1-decisive_missing,route_lookup-1,decisive_missing,1,ALLOW,INSUFFICIENT,True,1,False
N0,maxprob_0.5,route_lookup-1-decisive_missing,route_lookup-1,decisive_missing,2,ALLOW,INSUFFICIENT,True,1,False
N0,maxprob_0.5,route_lookup-1-flip,route_lookup-1,flip,0,DENY,INSUFFICIENT,True,1,False
N0,maxprob_0.5,route_lookup-1-flip,route_lookup-1,flip,1,DENY,INSUFFICIENT,True,1,False
N0,maxprob_0.5,route_lookup-1-flip,route_lookup-1,flip,2,ALLOW,INSUFFICIENT,True,1,False
N0,maxprob_0.5,route_lookup-1-full,route_lookup-1,full,0,ALLOW,INSUFFICIENT,True,1,False
N0,maxprob_0.5,route_lookup-1-full,route_lookup-1,full,1,ALLOW,INSUFFICIENT,True,1,False
N0,maxprob_0.5,route_lookup-1-full,route_lookup-1,full,2,ALLOW,ALLOW,False,1,False
N0,maxprob_0.5,route_lookup-1-hold,route_lookup-1,hold,0,DENY,INSUFFICIENT,True,1,False
N0,maxprob_0.5,route_lookup-1-hold,route_lookup-1,hold,1,DENY,INSUFFICIENT,True,1,False
N0,maxprob_0.5,route_lookup-1-hold,route_lookup-1,hold,2,INSUFFICIENT,INSUFFICIENT,False,1,False
N0,maxprob_0.5,route_lookup-1-nondecisive_missing,route_lookup-1,nondecisive_missing,0,ALLOW,INSUFFICIENT,True,1,False
N0,maxprob_0.5,route_lookup-1-nondecisive_missing,route_lookup-1,nondecisive_missing,1,ALLOW,ALLOW,False,1,False
N0,maxprob_0.5,route_lookup-1-nondecisive_missing,route_lookup-1,nondecisive_missing,2,ALLOW,ALLOW,False,1,False
N0,maxprob_0.5,route_lookup-2-conflict,route_lookup-2,conflict,0,DENY,INSUFFICIENT,True,1,False
N0,maxprob_0.5,route_lookup-2-conflict,route_lookup-2,conflict,1,DENY,INSUFFICIENT,True,1,False
N0,maxprob_0.5,route_lookup-2-conflict,route_lookup-2,conflict,2,INSUFFICIENT,INSUFFICIENT,False,1,False
N0,maxprob_0.5,route_lookup-2-decisive_missing,route_lookup-2,decisive_missing,0,DENY,INSUFFICIENT,True,1,False
N0,maxprob_0.5,route_lookup-2-decisive_missing,route_lookup-2,decisive_missing,1,ALLOW,INSUFFICIENT,True,1,False
N0,maxprob_0.5,route_lookup-2-decisive_missing,route_lookup-2,decisive_missing,2,ALLOW,INSUFFICIENT,True,1,False
N0,maxprob_0.5,route_lookup-2-flip,route_lookup-2,flip,0,DENY,INSUFFICIENT,True,1,False
N0,maxprob_0.5,route_lookup-2-flip,route_lookup-2,flip,1,DENY,INSUFFICIENT,True,1,False
N0,maxprob_0.5,route_lookup-2-flip,route_lookup-2,flip,2,INSUFFICIENT,INSUFFICIENT,False,1,False
N0,maxprob_0.5,route_lookup-2-full,route_lookup-2,full,0,DENY,INSUFFICIENT,True,1,False
N0,maxprob_0.5,route_lookup-2-full,route_lookup-2,full,1,DENY,INSUFFICIENT,True,1,False
N0,maxprob_0.5,route_lookup-2-full,route_lookup-2,full,2,DENY,INSUFFICIENT,True,1,False
N0,maxprob_0.5,route_lookup-2-hold,route_lookup-2,hold,0,ALLOW,INSUFFICIENT,True,1,False
N0,maxprob_0.5,route_lookup-2-hold,route_lookup-2,hold,1,ALLOW,INSUFFICIENT,True,1,False
N0,maxprob_0.5,route_lookup-2-hold,route_lookup-2,hold,2,ALLOW,ALLOW,False,1,False
N0,maxprob_0.5,route_lookup-2-nondecisive_missing,route_lookup-2,nondecisive_missing,0,DENY,INSUFFICIENT,True,1,False
N0,maxprob_0.5,route_lookup-2-nondecisive_missing,route_lookup-2,nondecisive_missing,1,DENY,INSUFFICIENT,True,1,False
N0,maxprob_0.5,route_lookup-2-nondecisive_missing,route_lookup-2,nondecisive_missing,2,INSUFFICIENT,INSUFFICIENT,False,1,False
N0,maxprob_0.5,route_lookup-3-conflict,route_lookup-3,conflict,0,INSUFFICIENT,INSUFFICIENT,False,1,False
N0,maxprob_0.5,route_lookup-3-conflict,route_lookup-3,conflict,1,INSUFFICIENT,INSUFFICIENT,False,1,False
N0,maxprob_0.5,route_lookup-3-conflict,route_lookup-3,conflict,2,ALLOW,INSUFFICIENT,True,1,False
N0,maxprob_0.5,route_lookup-3-decisive_missing,route_lookup-3,decisive_missing,0,DENY,INSUFFICIENT,True,1,False
N0,maxprob_0.5,route_lookup-3-decisive_missing,route_lookup-3,decisive_missing,1,INSUFFICIENT,INSUFFICIENT,False,1,False
N0,maxprob_0.5,route_lookup-3-decisive_missing,route_lookup-3,decisive_missing,2,DENY,INSUFFICIENT,True,1,False
N0,maxprob_0.5,route_lookup-3-flip,route_lookup-3,flip,0,INSUFFICIENT,INSUFFICIENT,False,1,False
N0,maxprob_0.5,route_lookup-3-flip,route_lookup-3,flip,1,INSUFFICIENT,INSUFFICIENT,False,1,False
N0,maxprob_0.5,route_lookup-3-flip,route_lookup-3,flip,2,INSUFFICIENT,INSUFFICIENT,False,1,False
N0,maxprob_0.5,route_lookup-3-full,route_lookup-3,full,0,DENY,INSUFFICIENT,True,1,False
N0,maxprob_0.5,route_lookup-3-full,route_lookup-3,full,1,ALLOW,INSUFFICIENT,True,1,False
N0,maxprob_0.5,route_lookup-3-full,route_lookup-3,full,2,ALLOW,INSUFFICIENT,True,1,False
N0,maxprob_0.5,route_lookup-3-hold,route_lookup-3,hold,0,INSUFFICIENT,INSUFFICIENT,False,1,False
N0,maxprob_0.5,route_lookup-3-hold,route_lookup-3,hold,1,INSUFFICIENT,INSUFFICIENT,False,1,False
N0,maxprob_0.5,route_lookup-3-hold,route_lookup-3,hold,2,INSUFFICIENT,INSUFFICIENT,False,1,False
N0,maxprob_0.5,route_lookup-3-nondecisive_missing,route_lookup-3,nondecisive_missing,0,ALLOW,INSUFFICIENT,True,1,False
N0,maxprob_0.5,route_lookup-3-nondecisive_missing,route_lookup-3,nondecisive_missing,1,ALLOW,INSUFFICIENT,True,1,False
N0,maxprob_0.5,route_lookup-3-nondecisive_missing,route_lookup-3,nondecisive_missing,2,ALLOW,ALLOW,False,1,False
N0,maxprob_0.5,route_lookup-4-conflict,route_lookup-4,conflict,0,DENY,INSUFFICIENT,True,1,False
N0,maxprob_0.5,route_lookup-4-conflict,route_lookup-4,conflict,1,DENY,INSUFFICIENT,True,1,False
N0,maxprob_0.5,route_lookup-4-conflict,route_lookup-4,conflict,2,INSUFFICIENT,INSUFFICIENT,False,1,False
N0,maxprob_0.5,route_lookup-4-decisive_missing,route_lookup-4,decisive_missing,0,DENY,INSUFFICIENT,True,1,False
N0,maxprob_0.5,route_lookup-4-decisive_missing,route_lookup-4,decisive_missing,1,ALLOW,INSUFFICIENT,True,1,False
N0,maxprob_0.5,route_lookup-4-decisive_missing,route_lookup-4,decisive_missing,2,ALLOW,INSUFFICIENT,True,1,False
N0,maxprob_0.5,route_lookup-4-flip,route_lookup-4,flip,0,ALLOW,INSUFFICIENT,True,1,False
N0,maxprob_0.5,route_lookup-4-flip,route_lookup-4,flip,1,ALLOW,INSUFFICIENT,True,1,False
N0,maxprob_0.5,route_lookup-4-flip,route_lookup-4,flip,2,ALLOW,ALLOW,False,1,False
N0,maxprob_0.5,route_lookup-4-full,route_lookup-4,full,0,DENY,INSUFFICIENT,True,1,False
N0,maxprob_0.5,route_lookup-4-full,route_lookup-4,full,1,DENY,INSUFFICIENT,True,1,False
N0,maxprob_0.5,route_lookup-4-full,route_lookup-4,full,2,INSUFFICIENT,INSUFFICIENT,False,1,False
N0,maxprob_0.5,route_lookup-4-hold,route_lookup-4,hold,0,DENY,INSUFFICIENT,True,1,False
N0,maxprob_0.5,route_lookup-4-hold,route_lookup-4,hold,1,DENY,INSUFFICIENT,True,1,False
N0,maxprob_0.5,route_lookup-4-hold,route_lookup-4,hold,2,INSUFFICIENT,INSUFFICIENT,False,1,False
N0,maxprob_0.5,route_lookup-4-nondecisive_missing,route_lookup-4,nondecisive_missing,0,DENY,DENY,False,1,False
N0,maxprob_0.5,route_lookup-4-nondecisive_missing,route_lookup-4,nondecisive_missing,1,DENY,INSUFFICIENT,True,1,False
N0,maxprob_0.5,route_lookup-4-nondecisive_missing,route_lookup-4,nondecisive_missing,2,INSUFFICIENT,INSUFFICIENT,False,1,False
N0,maxprob_0.7,joint_approval-1-conflict,joint_approval-1,conflict,0,INSUFFICIENT,INSUFFICIENT,False,1,False
N0,maxprob_0.7,joint_approval-1-conflict,joint_approval-1,conflict,1,DENY,INSUFFICIENT,True,1,False
N0,maxprob_0.7,joint_approval-1-conflict,joint_approval-1,conflict,2,ALLOW,INSUFFICIENT,True,1,False
N0,maxprob_0.7,joint_approval-1-decisive_missing,joint_approval-1,decisive_missing,0,INSUFFICIENT,INSUFFICIENT,False,1,False
N0,maxprob_0.7,joint_approval-1-decisive_missing,joint_approval-1,decisive_missing,1,INSUFFICIENT,INSUFFICIENT,False,1,False
N0,maxprob_0.7,joint_approval-1-decisive_missing,joint_approval-1,decisive_missing,2,INSUFFICIENT,INSUFFICIENT,False,1,False
N0,maxprob_0.7,joint_approval-1-flip,joint_approval-1,flip,0,INSUFFICIENT,INSUFFICIENT,False,1,False
N0,maxprob_0.7,joint_approval-1-flip,joint_approval-1,flip,1,INSUFFICIENT,INSUFFICIENT,False,1,False
N0,maxprob_0.7,joint_approval-1-flip,joint_approval-1,flip,2,DENY,INSUFFICIENT,True,1,False
N0,maxprob_0.7,joint_approval-1-full,joint_approval-1,full,0,ALLOW,INSUFFICIENT,True,1,False
N0,maxprob_0.7,joint_approval-1-full,joint_approval-1,full,1,ALLOW,INSUFFICIENT,True,1,False
N0,maxprob_0.7,joint_approval-1-full,joint_approval-1,full,2,ALLOW,INSUFFICIENT,True,1,False
N0,maxprob_0.7,joint_approval-1-hold,joint_approval-1,hold,0,ALLOW,INSUFFICIENT,True,1,False
N0,maxprob_0.7,joint_approval-1-hold,joint_approval-1,hold,1,ALLOW,INSUFFICIENT,True,1,False
N0,maxprob_0.7,joint_approval-1-hold,joint_approval-1,hold,2,ALLOW,INSUFFICIENT,True,1,False
N0,maxprob_0.7,joint_approval-1-nondecisive_missing,joint_approval-1,nondecisive_missing,0,ALLOW,INSUFFICIENT,True,1,False
N0,maxprob_0.7,joint_approval-1-nondecisive_missing,joint_approval-1,nondecisive_missing,1,ALLOW,INSUFFICIENT,True,1,False
N0,maxprob_0.7,joint_approval-1-nondecisive_missing,joint_approval-1,nondecisive_missing,2,ALLOW,INSUFFICIENT,True,1,False
N0,maxprob_0.7,joint_approval-2-conflict,joint_approval-2,conflict,0,DENY,INSUFFICIENT,True,1,False
N0,maxprob_0.7,joint_approval-2-conflict,joint_approval-2,conflict,1,ALLOW,INSUFFICIENT,True,1,False
N0,maxprob_0.7,joint_approval-2-conflict,joint_approval-2,conflict,2,INSUFFICIENT,INSUFFICIENT,False,1,False
N0,maxprob_0.7,joint_approval-2-decisive_missing,joint_approval-2,decisive_missing,0,INSUFFICIENT,INSUFFICIENT,False,1,False
N0,maxprob_0.7,joint_approval-2-decisive_missing,joint_approval-2,decisive_missing,1,ALLOW,INSUFFICIENT,True,1,False
N0,maxprob_0.7,joint_approval-2-decisive_missing,joint_approval-2,decisive_missing,2,ALLOW,INSUFFICIENT,True,1,False
N0,maxprob_0.7,joint_approval-2-flip,joint_approval-2,flip,0,INSUFFICIENT,INSUFFICIENT,False,1,False
N0,maxprob_0.7,joint_approval-2-flip,joint_approval-2,flip,1,ALLOW,INSUFFICIENT,True,1,False
N0,maxprob_0.7,joint_approval-2-flip,joint_approval-2,flip,2,ALLOW,INSUFFICIENT,True,1,False
N0,maxprob_0.7,joint_approval-2-full,joint_approval-2,full,0,DENY,INSUFFICIENT,True,1,False
N0,maxprob_0.7,joint_approval-2-full,joint_approval-2,full,1,INSUFFICIENT,INSUFFICIENT,False,1,False
N0,maxprob_0.7,joint_approval-2-full,joint_approval-2,full,2,DENY,INSUFFICIENT,True,1,False
N0,maxprob_0.7,joint_approval-2-hold,joint_approval-2,hold,0,ALLOW,INSUFFICIENT,True,1,False
N0,maxprob_0.7,joint_approval-2-hold,joint_approval-2,hold,1,ALLOW,INSUFFICIENT,True,1,False
N0,maxprob_0.7,joint_approval-2-hold,joint_approval-2,hold,2,ALLOW,INSUFFICIENT,True,1,False
N0,maxprob_0.7,joint_approval-2-nondecisive_missing,joint_approval-2,nondecisive_missing,0,DENY,INSUFFICIENT,True,1,False
N0,maxprob_0.7,joint_approval-2-nondecisive_missing,joint_approval-2,nondecisive_missing,1,INSUFFICIENT,INSUFFICIENT,False,1,False
N0,maxprob_0.7,joint_approval-2-nondecisive_missing,joint_approval-2,nondecisive_missing,2,DENY,INSUFFICIENT,True,1,False
N0,maxprob_0.7,joint_approval-3-conflict,joint_approval-3,conflict,0,DENY,INSUFFICIENT,True,1,False
N0,maxprob_0.7,joint_approval-3-conflict,joint_approval-3,conflict,1,INSUFFICIENT,INSUFFICIENT,False,1,False
N0,maxprob_0.7,joint_approval-3-conflict,joint_approval-3,conflict,2,INSUFFICIENT,INSUFFICIENT,False,1,False
N0,maxprob_0.7,joint_approval-3-decisive_missing,joint_approval-3,decisive_missing,0,DENY,INSUFFICIENT,True,1,False
N0,maxprob_0.7,joint_approval-3-decisive_missing,joint_approval-3,decisive_missing,1,INSUFFICIENT,INSUFFICIENT,False,1,False
N0,maxprob_0.7,joint_approval-3-decisive_missing,joint_approval-3,decisive_missing,2,DENY,INSUFFICIENT,True,1,False
N0,maxprob_0.7,joint_approval-3-flip,joint_approval-3,flip,0,DENY,INSUFFICIENT,True,1,False
N0,maxprob_0.7,joint_approval-3-flip,joint_approval-3,flip,1,INSUFFICIENT,INSUFFICIENT,False,1,False
N0,maxprob_0.7,joint_approval-3-flip,joint_approval-3,flip,2,DENY,INSUFFICIENT,True,1,False
N0,maxprob_0.7,joint_approval-3-full,joint_approval-3,full,0,INSUFFICIENT,INSUFFICIENT,False,1,False
N0,maxprob_0.7,joint_approval-3-full,joint_approval-3,full,1,ALLOW,INSUFFICIENT,True,1,False
N0,maxprob_0.7,joint_approval-3-full,joint_approval-3,full,2,ALLOW,INSUFFICIENT,True,1,False
N0,maxprob_0.7,joint_approval-3-hold,joint_approval-3,hold,0,ALLOW,INSUFFICIENT,True,1,False
N0,maxprob_0.7,joint_approval-3-hold,joint_approval-3,hold,1,ALLOW,INSUFFICIENT,True,1,False
N0,maxprob_0.7,joint_approval-3-hold,joint_approval-3,hold,2,ALLOW,INSUFFICIENT,True,1,False
N0,maxprob_0.7,joint_approval-3-nondecisive_missing,joint_approval-3,nondecisive_missing,0,ALLOW,INSUFFICIENT,True,1,False
N0,maxprob_0.7,joint_approval-3-nondecisive_missing,joint_approval-3,nondecisive_missing,1,ALLOW,INSUFFICIENT,True,1,False
N0,maxprob_0.7,joint_approval-3-nondecisive_missing,joint_approval-3,nondecisive_missing,2,ALLOW,ALLOW,False,1,False
N0,maxprob_0.7,joint_approval-4-conflict,joint_approval-4,conflict,0,INSUFFICIENT,INSUFFICIENT,False,1,False
N0,maxprob_0.7,joint_approval-4-conflict,joint_approval-4,conflict,1,DENY,INSUFFICIENT,True,1,False
N0,maxprob_0.7,joint_approval-4-conflict,joint_approval-4,conflict,2,DENY,INSUFFICIENT,True,1,False
N0,maxprob_0.7,joint_approval-4-decisive_missing,joint_approval-4,decisive_missing,0,INSUFFICIENT,INSUFFICIENT,False,1,False
N0,maxprob_0.7,joint_approval-4-decisive_missing,joint_approval-4,decisive_missing,1,ALLOW,INSUFFICIENT,True,1,False
N0,maxprob_0.7,joint_approval-4-decisive_missing,joint_approval-4,decisive_missing,2,ALLOW,INSUFFICIENT,True,1,False
N0,maxprob_0.7,joint_approval-4-flip,joint_approval-4,flip,0,INSUFFICIENT,INSUFFICIENT,False,1,False
N0,maxprob_0.7,joint_approval-4-flip,joint_approval-4,flip,1,ALLOW,INSUFFICIENT,True,1,False
N0,maxprob_0.7,joint_approval-4-flip,joint_approval-4,flip,2,ALLOW,INSUFFICIENT,True,1,False
N0,maxprob_0.7,joint_approval-4-full,joint_approval-4,full,0,DENY,INSUFFICIENT,True,1,False
N0,maxprob_0.7,joint_approval-4-full,joint_approval-4,full,1,INSUFFICIENT,INSUFFICIENT,False,1,False
N0,maxprob_0.7,joint_approval-4-full,joint_approval-4,full,2,DENY,INSUFFICIENT,True,1,False
N0,maxprob_0.7,joint_approval-4-hold,joint_approval-4,hold,0,DENY,INSUFFICIENT,True,1,False
N0,maxprob_0.7,joint_approval-4-hold,joint_approval-4,hold,1,DENY,INSUFFICIENT,True,1,False
N0,maxprob_0.7,joint_approval-4-hold,joint_approval-4,hold,2,DENY,INSUFFICIENT,True,1,False
N0,maxprob_0.7,joint_approval-4-nondecisive_missing,joint_approval-4,nondecisive_missing,0,DENY,INSUFFICIENT,True,1,False
N0,maxprob_0.7,joint_approval-4-nondecisive_missing,joint_approval-4,nondecisive_missing,1,INSUFFICIENT,INSUFFICIENT,False,1,False
N0,maxprob_0.7,joint_approval-4-nondecisive_missing,joint_approval-4,nondecisive_missing,2,DENY,INSUFFICIENT,True,1,False
N0,maxprob_0.7,reversal_exception-1-conflict,reversal_exception-1,conflict,0,DENY,INSUFFICIENT,True,1,False
N0,maxprob_0.7,reversal_exception-1-conflict,reversal_exception-1,conflict,1,ALLOW,INSUFFICIENT,True,1,False
N0,maxprob_0.7,reversal_exception-1-conflict,reversal_exception-1,conflict,2,ALLOW,INSUFFICIENT,True,1,False
N0,maxprob_0.7,reversal_exception-1-decisive_missing,reversal_exception-1,decisive_missing,0,ALLOW,INSUFFICIENT,True,1,False
N0,maxprob_0.7,reversal_exception-1-decisive_missing,reversal_exception-1,decisive_missing,1,ALLOW,INSUFFICIENT,True,1,False
N0,maxprob_0.7,reversal_exception-1-decisive_missing,reversal_exception-1,decisive_missing,2,ALLOW,ALLOW,False,1,False
N0,maxprob_0.7,reversal_exception-1-flip,reversal_exception-1,flip,0,DENY,INSUFFICIENT,True,1,False
N0,maxprob_0.7,reversal_exception-1-flip,reversal_exception-1,flip,1,ALLOW,INSUFFICIENT,True,1,False
N0,maxprob_0.7,reversal_exception-1-flip,reversal_exception-1,flip,2,ALLOW,INSUFFICIENT,True,1,False
N0,maxprob_0.7,reversal_exception-1-full,reversal_exception-1,full,0,DENY,INSUFFICIENT,True,1,False
N0,maxprob_0.7,reversal_exception-1-full,reversal_exception-1,full,1,ALLOW,INSUFFICIENT,True,1,False
N0,maxprob_0.7,reversal_exception-1-full,reversal_exception-1,full,2,ALLOW,INSUFFICIENT,True,1,False
N0,maxprob_0.7,reversal_exception-1-hold,reversal_exception-1,hold,0,DENY,INSUFFICIENT,True,1,False
N0,maxprob_0.7,reversal_exception-1-hold,reversal_exception-1,hold,1,INSUFFICIENT,INSUFFICIENT,False,1,False
N0,maxprob_0.7,reversal_exception-1-hold,reversal_exception-1,hold,2,ALLOW,INSUFFICIENT,True,1,False
N0,maxprob_0.7,reversal_exception-1-nondecisive_missing,reversal_exception-1,nondecisive_missing,0,DENY,INSUFFICIENT,True,1,False
N0,maxprob_0.7,reversal_exception-1-nondecisive_missing,reversal_exception-1,nondecisive_missing,1,ALLOW,INSUFFICIENT,True,1,False
N0,maxprob_0.7,reversal_exception-1-nondecisive_missing,reversal_exception-1,nondecisive_missing,2,ALLOW,INSUFFICIENT,True,1,False
N0,maxprob_0.7,reversal_exception-2-conflict,reversal_exception-2,conflict,0,DENY,INSUFFICIENT,True,1,False
N0,maxprob_0.7,reversal_exception-2-conflict,reversal_exception-2,conflict,1,ALLOW,INSUFFICIENT,True,1,False
N0,maxprob_0.7,reversal_exception-2-conflict,reversal_exception-2,conflict,2,ALLOW,INSUFFICIENT,True,1,False
N0,maxprob_0.7,reversal_exception-2-decisive_missing,reversal_exception-2,decisive_missing,0,ALLOW,INSUFFICIENT,True,1,False
N0,maxprob_0.7,reversal_exception-2-decisive_missing,reversal_exception-2,decisive_missing,1,ALLOW,INSUFFICIENT,True,1,False
N0,maxprob_0.7,reversal_exception-2-decisive_missing,reversal_exception-2,decisive_missing,2,ALLOW,INSUFFICIENT,True,1,False
N0,maxprob_0.7,reversal_exception-2-flip,reversal_exception-2,flip,0,INSUFFICIENT,INSUFFICIENT,False,1,False
N0,maxprob_0.7,reversal_exception-2-flip,reversal_exception-2,flip,1,ALLOW,INSUFFICIENT,True,1,False
N0,maxprob_0.7,reversal_exception-2-flip,reversal_exception-2,flip,2,ALLOW,INSUFFICIENT,True,1,False
N0,maxprob_0.7,reversal_exception-2-full,reversal_exception-2,full,0,DENY,INSUFFICIENT,True,1,False
N0,maxprob_0.7,reversal_exception-2-full,reversal_exception-2,full,1,ALLOW,INSUFFICIENT,True,1,False
N0,maxprob_0.7,reversal_exception-2-full,reversal_exception-2,full,2,ALLOW,INSUFFICIENT,True,1,False
N0,maxprob_0.7,reversal_exception-2-hold,reversal_exception-2,hold,0,ALLOW,INSUFFICIENT,True,1,False
N0,maxprob_0.7,reversal_exception-2-hold,reversal_exception-2,hold,1,ALLOW,INSUFFICIENT,True,1,False
N0,maxprob_0.7,reversal_exception-2-hold,reversal_exception-2,hold,2,ALLOW,INSUFFICIENT,True,1,False
N0,maxprob_0.7,reversal_exception-2-nondecisive_missing,reversal_exception-2,nondecisive_missing,0,DENY,INSUFFICIENT,True,1,False
N0,maxprob_0.7,reversal_exception-2-nondecisive_missing,reversal_exception-2,nondecisive_missing,1,ALLOW,INSUFFICIENT,True,1,False
N0,maxprob_0.7,reversal_exception-2-nondecisive_missing,reversal_exception-2,nondecisive_missing,2,ALLOW,INSUFFICIENT,True,1,False
N0,maxprob_0.7,reversal_exception-3-conflict,reversal_exception-3,conflict,0,DENY,INSUFFICIENT,True,1,False
N0,maxprob_0.7,reversal_exception-3-conflict,reversal_exception-3,conflict,1,DENY,INSUFFICIENT,True,1,False
N0,maxprob_0.7,reversal_exception-3-conflict,reversal_exception-3,conflict,2,ALLOW,INSUFFICIENT,True,1,False
N0,maxprob_0.7,reversal_exception-3-decisive_missing,reversal_exception-3,decisive_missing,0,DENY,INSUFFICIENT,True,1,False
N0,maxprob_0.7,reversal_exception-3-decisive_missing,reversal_exception-3,decisive_missing,1,INSUFFICIENT,INSUFFICIENT,False,1,False
N0,maxprob_0.7,reversal_exception-3-decisive_missing,reversal_exception-3,decisive_missing,2,ALLOW,INSUFFICIENT,True,1,False
N0,maxprob_0.7,reversal_exception-3-flip,reversal_exception-3,flip,0,DENY,INSUFFICIENT,True,1,False
N0,maxprob_0.7,reversal_exception-3-flip,reversal_exception-3,flip,1,INSUFFICIENT,INSUFFICIENT,False,1,False
N0,maxprob_0.7,reversal_exception-3-flip,reversal_exception-3,flip,2,ALLOW,INSUFFICIENT,True,1,False
N0,maxprob_0.7,reversal_exception-3-full,reversal_exception-3,full,0,DENY,INSUFFICIENT,True,1,False
N0,maxprob_0.7,reversal_exception-3-full,reversal_exception-3,full,1,DENY,INSUFFICIENT,True,1,False
N0,maxprob_0.7,reversal_exception-3-full,reversal_exception-3,full,2,ALLOW,INSUFFICIENT,True,1,False
N0,maxprob_0.7,reversal_exception-3-hold,reversal_exception-3,hold,0,DENY,INSUFFICIENT,True,1,False
N0,maxprob_0.7,reversal_exception-3-hold,reversal_exception-3,hold,1,INSUFFICIENT,INSUFFICIENT,False,1,False
N0,maxprob_0.7,reversal_exception-3-hold,reversal_exception-3,hold,2,DENY,INSUFFICIENT,True,1,False
N0,maxprob_0.7,reversal_exception-3-nondecisive_missing,reversal_exception-3,nondecisive_missing,0,DENY,INSUFFICIENT,True,1,False
N0,maxprob_0.7,reversal_exception-3-nondecisive_missing,reversal_exception-3,nondecisive_missing,1,DENY,INSUFFICIENT,True,1,False
N0,maxprob_0.7,reversal_exception-3-nondecisive_missing,reversal_exception-3,nondecisive_missing,2,ALLOW,INSUFFICIENT,True,1,False
N0,maxprob_0.7,reversal_exception-4-conflict,reversal_exception-4,conflict,0,DENY,INSUFFICIENT,True,1,False
N0,maxprob_0.7,reversal_exception-4-conflict,reversal_exception-4,conflict,1,DENY,INSUFFICIENT,True,1,False
N0,maxprob_0.7,reversal_exception-4-conflict,reversal_exception-4,conflict,2,DENY,INSUFFICIENT,True,1,False
N0,maxprob_0.7,reversal_exception-4-decisive_missing,reversal_exception-4,decisive_missing,0,DENY,INSUFFICIENT,True,1,False
N0,maxprob_0.7,reversal_exception-4-decisive_missing,reversal_exception-4,decisive_missing,1,DENY,INSUFFICIENT,True,1,False
N0,maxprob_0.7,reversal_exception-4-decisive_missing,reversal_exception-4,decisive_missing,2,ALLOW,INSUFFICIENT,True,1,False
N0,maxprob_0.7,reversal_exception-4-flip,reversal_exception-4,flip,0,DENY,INSUFFICIENT,True,1,False
N0,maxprob_0.7,reversal_exception-4-flip,reversal_exception-4,flip,1,DENY,INSUFFICIENT,True,1,False
N0,maxprob_0.7,reversal_exception-4-flip,reversal_exception-4,flip,2,ALLOW,INSUFFICIENT,True,1,False
N0,maxprob_0.7,reversal_exception-4-full,reversal_exception-4,full,0,DENY,INSUFFICIENT,True,1,False
N0,maxprob_0.7,reversal_exception-4-full,reversal_exception-4,full,1,DENY,INSUFFICIENT,True,1,False
N0,maxprob_0.7,reversal_exception-4-full,reversal_exception-4,full,2,DENY,INSUFFICIENT,True,1,False
N0,maxprob_0.7,reversal_exception-4-hold,reversal_exception-4,hold,0,DENY,INSUFFICIENT,True,1,False
N0,maxprob_0.7,reversal_exception-4-hold,reversal_exception-4,hold,1,DENY,INSUFFICIENT,True,1,False
N0,maxprob_0.7,reversal_exception-4-hold,reversal_exception-4,hold,2,DENY,INSUFFICIENT,True,1,False
N0,maxprob_0.7,reversal_exception-4-nondecisive_missing,reversal_exception-4,nondecisive_missing,0,DENY,INSUFFICIENT,True,1,False
N0,maxprob_0.7,reversal_exception-4-nondecisive_missing,reversal_exception-4,nondecisive_missing,1,DENY,INSUFFICIENT,True,1,False
N0,maxprob_0.7,reversal_exception-4-nondecisive_missing,reversal_exception-4,nondecisive_missing,2,DENY,INSUFFICIENT,True,1,False
N0,maxprob_0.7,route_lookup-1-conflict,route_lookup-1,conflict,0,ALLOW,INSUFFICIENT,True,1,False
N0,maxprob_0.7,route_lookup-1-conflict,route_lookup-1,conflict,1,DENY,INSUFFICIENT,True,1,False
N0,maxprob_0.7,route_lookup-1-conflict,route_lookup-1,conflict,2,ALLOW,INSUFFICIENT,True,1,False
N0,maxprob_0.7,route_lookup-1-decisive_missing,route_lookup-1,decisive_missing,0,DENY,INSUFFICIENT,True,1,False
N0,maxprob_0.7,route_lookup-1-decisive_missing,route_lookup-1,decisive_missing,1,ALLOW,INSUFFICIENT,True,1,False
N0,maxprob_0.7,route_lookup-1-decisive_missing,route_lookup-1,decisive_missing,2,ALLOW,INSUFFICIENT,True,1,False
N0,maxprob_0.7,route_lookup-1-flip,route_lookup-1,flip,0,DENY,INSUFFICIENT,True,1,False
N0,maxprob_0.7,route_lookup-1-flip,route_lookup-1,flip,1,DENY,INSUFFICIENT,True,1,False
N0,maxprob_0.7,route_lookup-1-flip,route_lookup-1,flip,2,ALLOW,INSUFFICIENT,True,1,False
N0,maxprob_0.7,route_lookup-1-full,route_lookup-1,full,0,ALLOW,INSUFFICIENT,True,1,False
N0,maxprob_0.7,route_lookup-1-full,route_lookup-1,full,1,ALLOW,INSUFFICIENT,True,1,False
N0,maxprob_0.7,route_lookup-1-full,route_lookup-1,full,2,ALLOW,INSUFFICIENT,True,1,False
N0,maxprob_0.7,route_lookup-1-hold,route_lookup-1,hold,0,DENY,INSUFFICIENT,True,1,False
N0,maxprob_0.7,route_lookup-1-hold,route_lookup-1,hold,1,DENY,INSUFFICIENT,True,1,False
N0,maxprob_0.7,route_lookup-1-hold,route_lookup-1,hold,2,INSUFFICIENT,INSUFFICIENT,False,1,False
N0,maxprob_0.7,route_lookup-1-nondecisive_missing,route_lookup-1,nondecisive_missing,0,ALLOW,INSUFFICIENT,True,1,False
N0,maxprob_0.7,route_lookup-1-nondecisive_missing,route_lookup-1,nondecisive_missing,1,ALLOW,INSUFFICIENT,True,1,False
N0,maxprob_0.7,route_lookup-1-nondecisive_missing,route_lookup-1,nondecisive_missing,2,ALLOW,INSUFFICIENT,True,1,False
N0,maxprob_0.7,route_lookup-2-conflict,route_lookup-2,conflict,0,DENY,INSUFFICIENT,True,1,False
N0,maxprob_0.7,route_lookup-2-conflict,route_lookup-2,conflict,1,DENY,INSUFFICIENT,True,1,False
N0,maxprob_0.7,route_lookup-2-conflict,route_lookup-2,conflict,2,INSUFFICIENT,INSUFFICIENT,False,1,False
N0,maxprob_0.7,route_lookup-2-decisive_missing,route_lookup-2,decisive_missing,0,DENY,INSUFFICIENT,True,1,False
N0,maxprob_0.7,route_lookup-2-decisive_missing,route_lookup-2,decisive_missing,1,ALLOW,INSUFFICIENT,True,1,False
N0,maxprob_0.7,route_lookup-2-decisive_missing,route_lookup-2,decisive_missing,2,ALLOW,INSUFFICIENT,True,1,False
N0,maxprob_0.7,route_lookup-2-flip,route_lookup-2,flip,0,DENY,INSUFFICIENT,True,1,False
N0,maxprob_0.7,route_lookup-2-flip,route_lookup-2,flip,1,DENY,INSUFFICIENT,True,1,False
N0,maxprob_0.7,route_lookup-2-flip,route_lookup-2,flip,2,INSUFFICIENT,INSUFFICIENT,False,1,False
N0,maxprob_0.7,route_lookup-2-full,route_lookup-2,full,0,DENY,INSUFFICIENT,True,1,False
N0,maxprob_0.7,route_lookup-2-full,route_lookup-2,full,1,DENY,INSUFFICIENT,True,1,False
N0,maxprob_0.7,route_lookup-2-full,route_lookup-2,full,2,DENY,INSUFFICIENT,True,1,False
N0,maxprob_0.7,route_lookup-2-hold,route_lookup-2,hold,0,ALLOW,INSUFFICIENT,True,1,False
N0,maxprob_0.7,route_lookup-2-hold,route_lookup-2,hold,1,ALLOW,INSUFFICIENT,True,1,False
N0,maxprob_0.7,route_lookup-2-hold,route_lookup-2,hold,2,ALLOW,INSUFFICIENT,True,1,False
N0,maxprob_0.7,route_lookup-2-nondecisive_missing,route_lookup-2,nondecisive_missing,0,DENY,INSUFFICIENT,True,1,False
N0,maxprob_0.7,route_lookup-2-nondecisive_missing,route_lookup-2,nondecisive_missing,1,DENY,INSUFFICIENT,True,1,False
N0,maxprob_0.7,route_lookup-2-nondecisive_missing,route_lookup-2,nondecisive_missing,2,INSUFFICIENT,INSUFFICIENT,False,1,False
N0,maxprob_0.7,route_lookup-3-conflict,route_lookup-3,conflict,0,INSUFFICIENT,INSUFFICIENT,False,1,False
N0,maxprob_0.7,route_lookup-3-conflict,route_lookup-3,conflict,1,INSUFFICIENT,INSUFFICIENT,False,1,False
N0,maxprob_0.7,route_lookup-3-conflict,route_lookup-3,conflict,2,ALLOW,INSUFFICIENT,True,1,False
N0,maxprob_0.7,route_lookup-3-decisive_missing,route_lookup-3,decisive_missing,0,DENY,INSUFFICIENT,True,1,False
N0,maxprob_0.7,route_lookup-3-decisive_missing,route_lookup-3,decisive_missing,1,INSUFFICIENT,INSUFFICIENT,False,1,False
N0,maxprob_0.7,route_lookup-3-decisive_missing,route_lookup-3,decisive_missing,2,DENY,INSUFFICIENT,True,1,False
N0,maxprob_0.7,route_lookup-3-flip,route_lookup-3,flip,0,INSUFFICIENT,INSUFFICIENT,False,1,False
N0,maxprob_0.7,route_lookup-3-flip,route_lookup-3,flip,1,INSUFFICIENT,INSUFFICIENT,False,1,False
N0,maxprob_0.7,route_lookup-3-flip,route_lookup-3,flip,2,INSUFFICIENT,INSUFFICIENT,False,1,False
N0,maxprob_0.7,route_lookup-3-full,route_lookup-3,full,0,DENY,INSUFFICIENT,True,1,False
N0,maxprob_0.7,route_lookup-3-full,route_lookup-3,full,1,ALLOW,INSUFFICIENT,True,1,False
N0,maxprob_0.7,route_lookup-3-full,route_lookup-3,full,2,ALLOW,INSUFFICIENT,True,1,False
N0,maxprob_0.7,route_lookup-3-hold,route_lookup-3,hold,0,INSUFFICIENT,INSUFFICIENT,False,1,False
N0,maxprob_0.7,route_lookup-3-hold,route_lookup-3,hold,1,INSUFFICIENT,INSUFFICIENT,False,1,False
N0,maxprob_0.7,route_lookup-3-hold,route_lookup-3,hold,2,INSUFFICIENT,INSUFFICIENT,False,1,False
N0,maxprob_0.7,route_lookup-3-nondecisive_missing,route_lookup-3,nondecisive_missing,0,ALLOW,INSUFFICIENT,True,1,False
N0,maxprob_0.7,route_lookup-3-nondecisive_missing,route_lookup-3,nondecisive_missing,1,ALLOW,INSUFFICIENT,True,1,False
N0,maxprob_0.7,route_lookup-3-nondecisive_missing,route_lookup-3,nondecisive_missing,2,ALLOW,INSUFFICIENT,True,1,False
N0,maxprob_0.7,route_lookup-4-conflict,route_lookup-4,conflict,0,DENY,INSUFFICIENT,True,1,False
N0,maxprob_0.7,route_lookup-4-conflict,route_lookup-4,conflict,1,DENY,INSUFFICIENT,True,1,False
N0,maxprob_0.7,route_lookup-4-conflict,route_lookup-4,conflict,2,INSUFFICIENT,INSUFFICIENT,False,1,False
N0,maxprob_0.7,route_lookup-4-decisive_missing,route_lookup-4,decisive_missing,0,DENY,INSUFFICIENT,True,1,False
N0,maxprob_0.7,route_lookup-4-decisive_missing,route_lookup-4,decisive_missing,1,ALLOW,INSUFFICIENT,True,1,False
N0,maxprob_0.7,route_lookup-4-decisive_missing,route_lookup-4,decisive_missing,2,ALLOW,INSUFFICIENT,True,1,False
N0,maxprob_0.7,route_lookup-4-flip,route_lookup-4,flip,0,ALLOW,INSUFFICIENT,True,1,False
N0,maxprob_0.7,route_lookup-4-flip,route_lookup-4,flip,1,ALLOW,INSUFFICIENT,True,1,False
N0,maxprob_0.7,route_lookup-4-flip,route_lookup-4,flip,2,ALLOW,INSUFFICIENT,True,1,False
N0,maxprob_0.7,route_lookup-4-full,route_lookup-4,full,0,DENY,INSUFFICIENT,True,1,False
N0,maxprob_0.7,route_lookup-4-full,route_lookup-4,full,1,DENY,INSUFFICIENT,True,1,False
N0,maxprob_0.7,route_lookup-4-full,route_lookup-4,full,2,INSUFFICIENT,INSUFFICIENT,False,1,False
N0,maxprob_0.7,route_lookup-4-hold,route_lookup-4,hold,0,DENY,INSUFFICIENT,True,1,False
N0,maxprob_0.7,route_lookup-4-hold,route_lookup-4,hold,1,DENY,INSUFFICIENT,True,1,False
N0,maxprob_0.7,route_lookup-4-hold,route_lookup-4,hold,2,INSUFFICIENT,INSUFFICIENT,False,1,False
N0,maxprob_0.7,route_lookup-4-nondecisive_missing,route_lookup-4,nondecisive_missing,0,DENY,INSUFFICIENT,True,1,False
N0,maxprob_0.7,route_lookup-4-nondecisive_missing,route_lookup-4,nondecisive_missing,1,DENY,INSUFFICIENT,True,1,False
N0,maxprob_0.7,route_lookup-4-nondecisive_missing,route_lookup-4,nondecisive_missing,2,INSUFFICIENT,INSUFFICIENT,False,1,False
N0,maxprob_0.9,joint_approval-1-conflict,joint_approval-1,conflict,0,INSUFFICIENT,INSUFFICIENT,False,1,False
N0,maxprob_0.9,joint_approval-1-conflict,joint_approval-1,conflict,1,DENY,INSUFFICIENT,True,1,False
N0,maxprob_0.9,joint_approval-1-conflict,joint_approval-1,conflict,2,ALLOW,INSUFFICIENT,True,1,False
N0,maxprob_0.9,joint_approval-1-decisive_missing,joint_approval-1,decisive_missing,0,INSUFFICIENT,INSUFFICIENT,False,1,False
N0,maxprob_0.9,joint_approval-1-decisive_missing,joint_approval-1,decisive_missing,1,INSUFFICIENT,INSUFFICIENT,False,1,False
N0,maxprob_0.9,joint_approval-1-decisive_missing,joint_approval-1,decisive_missing,2,INSUFFICIENT,INSUFFICIENT,False,1,False
N0,maxprob_0.9,joint_approval-1-flip,joint_approval-1,flip,0,INSUFFICIENT,INSUFFICIENT,False,1,False
N0,maxprob_0.9,joint_approval-1-flip,joint_approval-1,flip,1,INSUFFICIENT,INSUFFICIENT,False,1,False
N0,maxprob_0.9,joint_approval-1-flip,joint_approval-1,flip,2,DENY,INSUFFICIENT,True,1,False
N0,maxprob_0.9,joint_approval-1-full,joint_approval-1,full,0,ALLOW,INSUFFICIENT,True,1,False
N0,maxprob_0.9,joint_approval-1-full,joint_approval-1,full,1,ALLOW,INSUFFICIENT,True,1,False
N0,maxprob_0.9,joint_approval-1-full,joint_approval-1,full,2,ALLOW,INSUFFICIENT,True,1,False
N0,maxprob_0.9,joint_approval-1-hold,joint_approval-1,hold,0,ALLOW,INSUFFICIENT,True,1,False
N0,maxprob_0.9,joint_approval-1-hold,joint_approval-1,hold,1,ALLOW,INSUFFICIENT,True,1,False
N0,maxprob_0.9,joint_approval-1-hold,joint_approval-1,hold,2,ALLOW,INSUFFICIENT,True,1,False
N0,maxprob_0.9,joint_approval-1-nondecisive_missing,joint_approval-1,nondecisive_missing,0,ALLOW,INSUFFICIENT,True,1,False
N0,maxprob_0.9,joint_approval-1-nondecisive_missing,joint_approval-1,nondecisive_missing,1,ALLOW,INSUFFICIENT,True,1,False
N0,maxprob_0.9,joint_approval-1-nondecisive_missing,joint_approval-1,nondecisive_missing,2,ALLOW,INSUFFICIENT,True,1,False
N0,maxprob_0.9,joint_approval-2-conflict,joint_approval-2,conflict,0,DENY,INSUFFICIENT,True,1,False
N0,maxprob_0.9,joint_approval-2-conflict,joint_approval-2,conflict,1,ALLOW,INSUFFICIENT,True,1,False
N0,maxprob_0.9,joint_approval-2-conflict,joint_approval-2,conflict,2,INSUFFICIENT,INSUFFICIENT,False,1,False
N0,maxprob_0.9,joint_approval-2-decisive_missing,joint_approval-2,decisive_missing,0,INSUFFICIENT,INSUFFICIENT,False,1,False
N0,maxprob_0.9,joint_approval-2-decisive_missing,joint_approval-2,decisive_missing,1,ALLOW,INSUFFICIENT,True,1,False
N0,maxprob_0.9,joint_approval-2-decisive_missing,joint_approval-2,decisive_missing,2,ALLOW,INSUFFICIENT,True,1,False
N0,maxprob_0.9,joint_approval-2-flip,joint_approval-2,flip,0,INSUFFICIENT,INSUFFICIENT,False,1,False
N0,maxprob_0.9,joint_approval-2-flip,joint_approval-2,flip,1,ALLOW,INSUFFICIENT,True,1,False
N0,maxprob_0.9,joint_approval-2-flip,joint_approval-2,flip,2,ALLOW,INSUFFICIENT,True,1,False
N0,maxprob_0.9,joint_approval-2-full,joint_approval-2,full,0,DENY,INSUFFICIENT,True,1,False
N0,maxprob_0.9,joint_approval-2-full,joint_approval-2,full,1,INSUFFICIENT,INSUFFICIENT,False,1,False
N0,maxprob_0.9,joint_approval-2-full,joint_approval-2,full,2,DENY,INSUFFICIENT,True,1,False
N0,maxprob_0.9,joint_approval-2-hold,joint_approval-2,hold,0,ALLOW,INSUFFICIENT,True,1,False
N0,maxprob_0.9,joint_approval-2-hold,joint_approval-2,hold,1,ALLOW,INSUFFICIENT,True,1,False
N0,maxprob_0.9,joint_approval-2-hold,joint_approval-2,hold,2,ALLOW,INSUFFICIENT,True,1,False
N0,maxprob_0.9,joint_approval-2-nondecisive_missing,joint_approval-2,nondecisive_missing,0,DENY,INSUFFICIENT,True,1,False
N0,maxprob_0.9,joint_approval-2-nondecisive_missing,joint_approval-2,nondecisive_missing,1,INSUFFICIENT,INSUFFICIENT,False,1,False
N0,maxprob_0.9,joint_approval-2-nondecisive_missing,joint_approval-2,nondecisive_missing,2,DENY,INSUFFICIENT,True,1,False
N0,maxprob_0.9,joint_approval-3-conflict,joint_approval-3,conflict,0,DENY,INSUFFICIENT,True,1,False
N0,maxprob_0.9,joint_approval-3-conflict,joint_approval-3,conflict,1,INSUFFICIENT,INSUFFICIENT,False,1,False
N0,maxprob_0.9,joint_approval-3-conflict,joint_approval-3,conflict,2,INSUFFICIENT,INSUFFICIENT,False,1,False
N0,maxprob_0.9,joint_approval-3-decisive_missing,joint_approval-3,decisive_missing,0,DENY,INSUFFICIENT,True,1,False
N0,maxprob_0.9,joint_approval-3-decisive_missing,joint_approval-3,decisive_missing,1,INSUFFICIENT,INSUFFICIENT,False,1,False
N0,maxprob_0.9,joint_approval-3-decisive_missing,joint_approval-3,decisive_missing,2,DENY,INSUFFICIENT,True,1,False
N0,maxprob_0.9,joint_approval-3-flip,joint_approval-3,flip,0,DENY,INSUFFICIENT,True,1,False
N0,maxprob_0.9,joint_approval-3-flip,joint_approval-3,flip,1,INSUFFICIENT,INSUFFICIENT,False,1,False
N0,maxprob_0.9,joint_approval-3-flip,joint_approval-3,flip,2,DENY,INSUFFICIENT,True,1,False
N0,maxprob_0.9,joint_approval-3-full,joint_approval-3,full,0,INSUFFICIENT,INSUFFICIENT,False,1,False
N0,maxprob_0.9,joint_approval-3-full,joint_approval-3,full,1,ALLOW,INSUFFICIENT,True,1,False
N0,maxprob_0.9,joint_approval-3-full,joint_approval-3,full,2,ALLOW,INSUFFICIENT,True,1,False
N0,maxprob_0.9,joint_approval-3-hold,joint_approval-3,hold,0,ALLOW,INSUFFICIENT,True,1,False
N0,maxprob_0.9,joint_approval-3-hold,joint_approval-3,hold,1,ALLOW,INSUFFICIENT,True,1,False
N0,maxprob_0.9,joint_approval-3-hold,joint_approval-3,hold,2,ALLOW,INSUFFICIENT,True,1,False
N0,maxprob_0.9,joint_approval-3-nondecisive_missing,joint_approval-3,nondecisive_missing,0,ALLOW,INSUFFICIENT,True,1,False
N0,maxprob_0.9,joint_approval-3-nondecisive_missing,joint_approval-3,nondecisive_missing,1,ALLOW,INSUFFICIENT,True,1,False
N0,maxprob_0.9,joint_approval-3-nondecisive_missing,joint_approval-3,nondecisive_missing,2,ALLOW,INSUFFICIENT,True,1,False
N0,maxprob_0.9,joint_approval-4-conflict,joint_approval-4,conflict,0,INSUFFICIENT,INSUFFICIENT,False,1,False
N0,maxprob_0.9,joint_approval-4-conflict,joint_approval-4,conflict,1,DENY,INSUFFICIENT,True,1,False
N0,maxprob_0.9,joint_approval-4-conflict,joint_approval-4,conflict,2,DENY,INSUFFICIENT,True,1,False
N0,maxprob_0.9,joint_approval-4-decisive_missing,joint_approval-4,decisive_missing,0,INSUFFICIENT,INSUFFICIENT,False,1,False
N0,maxprob_0.9,joint_approval-4-decisive_missing,joint_approval-4,decisive_missing,1,ALLOW,INSUFFICIENT,True,1,False
N0,maxprob_0.9,joint_approval-4-decisive_missing,joint_approval-4,decisive_missing,2,ALLOW,INSUFFICIENT,True,1,False
N0,maxprob_0.9,joint_approval-4-flip,joint_approval-4,flip,0,INSUFFICIENT,INSUFFICIENT,False,1,False
N0,maxprob_0.9,joint_approval-4-flip,joint_approval-4,flip,1,ALLOW,INSUFFICIENT,True,1,False
N0,maxprob_0.9,joint_approval-4-flip,joint_approval-4,flip,2,ALLOW,INSUFFICIENT,True,1,False
N0,maxprob_0.9,joint_approval-4-full,joint_approval-4,full,0,DENY,INSUFFICIENT,True,1,False
N0,maxprob_0.9,joint_approval-4-full,joint_approval-4,full,1,INSUFFICIENT,INSUFFICIENT,False,1,False
N0,maxprob_0.9,joint_approval-4-full,joint_approval-4,full,2,DENY,INSUFFICIENT,True,1,False
N0,maxprob_0.9,joint_approval-4-hold,joint_approval-4,hold,0,DENY,INSUFFICIENT,True,1,False
N0,maxprob_0.9,joint_approval-4-hold,joint_approval-4,hold,1,DENY,INSUFFICIENT,True,1,False
N0,maxprob_0.9,joint_approval-4-hold,joint_approval-4,hold,2,DENY,INSUFFICIENT,True,1,False
N0,maxprob_0.9,joint_approval-4-nondecisive_missing,joint_approval-4,nondecisive_missing,0,DENY,INSUFFICIENT,True,1,False
N0,maxprob_0.9,joint_approval-4-nondecisive_missing,joint_approval-4,nondecisive_missing,1,INSUFFICIENT,INSUFFICIENT,False,1,False
N0,maxprob_0.9,joint_approval-4-nondecisive_missing,joint_approval-4,nondecisive_missing,2,DENY,INSUFFICIENT,True,1,False
N0,maxprob_0.9,reversal_exception-1-conflict,reversal_exception-1,conflict,0,DENY,INSUFFICIENT,True,1,False
N0,maxprob_0.9,reversal_exception-1-conflict,reversal_exception-1,conflict,1,ALLOW,INSUFFICIENT,True,1,False
N0,maxprob_0.9,reversal_exception-1-conflict,reversal_exception-1,conflict,2,ALLOW,INSUFFICIENT,True,1,False
N0,maxprob_0.9,reversal_exception-1-decisive_missing,reversal_exception-1,decisive_missing,0,ALLOW,INSUFFICIENT,True,1,False
N0,maxprob_0.9,reversal_exception-1-decisive_missing,reversal_exception-1,decisive_missing,1,ALLOW,INSUFFICIENT,True,1,False
N0,maxprob_0.9,reversal_exception-1-decisive_missing,reversal_exception-1,decisive_missing,2,ALLOW,INSUFFICIENT,True,1,False
N0,maxprob_0.9,reversal_exception-1-flip,reversal_exception-1,flip,0,DENY,INSUFFICIENT,True,1,False
N0,maxprob_0.9,reversal_exception-1-flip,reversal_exception-1,flip,1,ALLOW,INSUFFICIENT,True,1,False
N0,maxprob_0.9,reversal_exception-1-flip,reversal_exception-1,flip,2,ALLOW,INSUFFICIENT,True,1,False
N0,maxprob_0.9,reversal_exception-1-full,reversal_exception-1,full,0,DENY,INSUFFICIENT,True,1,False
N0,maxprob_0.9,reversal_exception-1-full,reversal_exception-1,full,1,ALLOW,INSUFFICIENT,True,1,False
N0,maxprob_0.9,reversal_exception-1-full,reversal_exception-1,full,2,ALLOW,INSUFFICIENT,True,1,False
N0,maxprob_0.9,reversal_exception-1-hold,reversal_exception-1,hold,0,DENY,INSUFFICIENT,True,1,False
N0,maxprob_0.9,reversal_exception-1-hold,reversal_exception-1,hold,1,INSUFFICIENT,INSUFFICIENT,False,1,False
N0,maxprob_0.9,reversal_exception-1-hold,reversal_exception-1,hold,2,ALLOW,INSUFFICIENT,True,1,False
N0,maxprob_0.9,reversal_exception-1-nondecisive_missing,reversal_exception-1,nondecisive_missing,0,DENY,INSUFFICIENT,True,1,False
N0,maxprob_0.9,reversal_exception-1-nondecisive_missing,reversal_exception-1,nondecisive_missing,1,ALLOW,INSUFFICIENT,True,1,False
N0,maxprob_0.9,reversal_exception-1-nondecisive_missing,reversal_exception-1,nondecisive_missing,2,ALLOW,INSUFFICIENT,True,1,False
N0,maxprob_0.9,reversal_exception-2-conflict,reversal_exception-2,conflict,0,DENY,INSUFFICIENT,True,1,False
N0,maxprob_0.9,reversal_exception-2-conflict,reversal_exception-2,conflict,1,ALLOW,INSUFFICIENT,True,1,False
N0,maxprob_0.9,reversal_exception-2-conflict,reversal_exception-2,conflict,2,ALLOW,INSUFFICIENT,True,1,False
N0,maxprob_0.9,reversal_exception-2-decisive_missing,reversal_exception-2,decisive_missing,0,ALLOW,INSUFFICIENT,True,1,False
N0,maxprob_0.9,reversal_exception-2-decisive_missing,reversal_exception-2,decisive_missing,1,ALLOW,INSUFFICIENT,True,1,False
N0,maxprob_0.9,reversal_exception-2-decisive_missing,reversal_exception-2,decisive_missing,2,ALLOW,INSUFFICIENT,True,1,False
N0,maxprob_0.9,reversal_exception-2-flip,reversal_exception-2,flip,0,INSUFFICIENT,INSUFFICIENT,False,1,False
N0,maxprob_0.9,reversal_exception-2-flip,reversal_exception-2,flip,1,ALLOW,INSUFFICIENT,True,1,False
N0,maxprob_0.9,reversal_exception-2-flip,reversal_exception-2,flip,2,ALLOW,INSUFFICIENT,True,1,False
N0,maxprob_0.9,reversal_exception-2-full,reversal_exception-2,full,0,DENY,INSUFFICIENT,True,1,False
N0,maxprob_0.9,reversal_exception-2-full,reversal_exception-2,full,1,ALLOW,INSUFFICIENT,True,1,False
N0,maxprob_0.9,reversal_exception-2-full,reversal_exception-2,full,2,ALLOW,INSUFFICIENT,True,1,False
N0,maxprob_0.9,reversal_exception-2-hold,reversal_exception-2,hold,0,ALLOW,INSUFFICIENT,True,1,False
N0,maxprob_0.9,reversal_exception-2-hold,reversal_exception-2,hold,1,ALLOW,INSUFFICIENT,True,1,False
N0,maxprob_0.9,reversal_exception-2-hold,reversal_exception-2,hold,2,ALLOW,INSUFFICIENT,True,1,False
N0,maxprob_0.9,reversal_exception-2-nondecisive_missing,reversal_exception-2,nondecisive_missing,0,DENY,INSUFFICIENT,True,1,False
N0,maxprob_0.9,reversal_exception-2-nondecisive_missing,reversal_exception-2,nondecisive_missing,1,ALLOW,INSUFFICIENT,True,1,False
N0,maxprob_0.9,reversal_exception-2-nondecisive_missing,reversal_exception-2,nondecisive_missing,2,ALLOW,INSUFFICIENT,True,1,False
N0,maxprob_0.9,reversal_exception-3-conflict,reversal_exception-3,conflict,0,DENY,INSUFFICIENT,True,1,False
N0,maxprob_0.9,reversal_exception-3-conflict,reversal_exception-3,conflict,1,DENY,INSUFFICIENT,True,1,False
N0,maxprob_0.9,reversal_exception-3-conflict,reversal_exception-3,conflict,2,ALLOW,INSUFFICIENT,True,1,False
N0,maxprob_0.9,reversal_exception-3-decisive_missing,reversal_exception-3,decisive_missing,0,DENY,INSUFFICIENT,True,1,False
N0,maxprob_0.9,reversal_exception-3-decisive_missing,reversal_exception-3,decisive_missing,1,INSUFFICIENT,INSUFFICIENT,False,1,False
N0,maxprob_0.9,reversal_exception-3-decisive_missing,reversal_exception-3,decisive_missing,2,ALLOW,INSUFFICIENT,True,1,False
N0,maxprob_0.9,reversal_exception-3-flip,reversal_exception-3,flip,0,DENY,INSUFFICIENT,True,1,False
N0,maxprob_0.9,reversal_exception-3-flip,reversal_exception-3,flip,1,INSUFFICIENT,INSUFFICIENT,False,1,False
N0,maxprob_0.9,reversal_exception-3-flip,reversal_exception-3,flip,2,ALLOW,INSUFFICIENT,True,1,False
N0,maxprob_0.9,reversal_exception-3-full,reversal_exception-3,full,0,DENY,INSUFFICIENT,True,1,False
N0,maxprob_0.9,reversal_exception-3-full,reversal_exception-3,full,1,DENY,INSUFFICIENT,True,1,False
N0,maxprob_0.9,reversal_exception-3-full,reversal_exception-3,full,2,ALLOW,INSUFFICIENT,True,1,False
N0,maxprob_0.9,reversal_exception-3-hold,reversal_exception-3,hold,0,DENY,INSUFFICIENT,True,1,False
N0,maxprob_0.9,reversal_exception-3-hold,reversal_exception-3,hold,1,INSUFFICIENT,INSUFFICIENT,False,1,False
N0,maxprob_0.9,reversal_exception-3-hold,reversal_exception-3,hold,2,DENY,INSUFFICIENT,True,1,False
N0,maxprob_0.9,reversal_exception-3-nondecisive_missing,reversal_exception-3,nondecisive_missing,0,DENY,INSUFFICIENT,True,1,False
N0,maxprob_0.9,reversal_exception-3-nondecisive_missing,reversal_exception-3,nondecisive_missing,1,DENY,INSUFFICIENT,True,1,False
N0,maxprob_0.9,reversal_exception-3-nondecisive_missing,reversal_exception-3,nondecisive_missing,2,ALLOW,INSUFFICIENT,True,1,False
N0,maxprob_0.9,reversal_exception-4-conflict,reversal_exception-4,conflict,0,DENY,INSUFFICIENT,True,1,False
N0,maxprob_0.9,reversal_exception-4-conflict,reversal_exception-4,conflict,1,DENY,INSUFFICIENT,True,1,False
N0,maxprob_0.9,reversal_exception-4-conflict,reversal_exception-4,conflict,2,DENY,INSUFFICIENT,True,1,False
N0,maxprob_0.9,reversal_exception-4-decisive_missing,reversal_exception-4,decisive_missing,0,DENY,INSUFFICIENT,True,1,False
N0,maxprob_0.9,reversal_exception-4-decisive_missing,reversal_exception-4,decisive_missing,1,DENY,INSUFFICIENT,True,1,False
N0,maxprob_0.9,reversal_exception-4-decisive_missing,reversal_exception-4,decisive_missing,2,ALLOW,INSUFFICIENT,True,1,False
N0,maxprob_0.9,reversal_exception-4-flip,reversal_exception-4,flip,0,DENY,INSUFFICIENT,True,1,False
N0,maxprob_0.9,reversal_exception-4-flip,reversal_exception-4,flip,1,DENY,INSUFFICIENT,True,1,False
N0,maxprob_0.9,reversal_exception-4-flip,reversal_exception-4,flip,2,ALLOW,INSUFFICIENT,True,1,False
N0,maxprob_0.9,reversal_exception-4-full,reversal_exception-4,full,0,DENY,INSUFFICIENT,True,1,False
N0,maxprob_0.9,reversal_exception-4-full,reversal_exception-4,full,1,DENY,INSUFFICIENT,True,1,False
N0,maxprob_0.9,reversal_exception-4-full,reversal_exception-4,full,2,DENY,INSUFFICIENT,True,1,False
N0,maxprob_0.9,reversal_exception-4-hold,reversal_exception-4,hold,0,DENY,INSUFFICIENT,True,1,False
N0,maxprob_0.9,reversal_exception-4-hold,reversal_exception-4,hold,1,DENY,INSUFFICIENT,True,1,False
N0,maxprob_0.9,reversal_exception-4-hold,reversal_exception-4,hold,2,DENY,INSUFFICIENT,True,1,False
N0,maxprob_0.9,reversal_exception-4-nondecisive_missing,reversal_exception-4,nondecisive_missing,0,DENY,INSUFFICIENT,True,1,False
N0,maxprob_0.9,reversal_exception-4-nondecisive_missing,reversal_exception-4,nondecisive_missing,1,DENY,INSUFFICIENT,True,1,False
N0,maxprob_0.9,reversal_exception-4-nondecisive_missing,reversal_exception-4,nondecisive_missing,2,DENY,INSUFFICIENT,True,1,False
N0,maxprob_0.9,route_lookup-1-conflict,route_lookup-1,conflict,0,ALLOW,INSUFFICIENT,True,1,False
N0,maxprob_0.9,route_lookup-1-conflict,route_lookup-1,conflict,1,DENY,INSUFFICIENT,True,1,False
N0,maxprob_0.9,route_lookup-1-conflict,route_lookup-1,conflict,2,ALLOW,INSUFFICIENT,True,1,False
N0,maxprob_0.9,route_lookup-1-decisive_missing,route_lookup-1,decisive_missing,0,DENY,INSUFFICIENT,True,1,False
N0,maxprob_0.9,route_lookup-1-decisive_missing,route_lookup-1,decisive_missing,1,ALLOW,INSUFFICIENT,True,1,False
N0,maxprob_0.9,route_lookup-1-decisive_missing,route_lookup-1,decisive_missing,2,ALLOW,INSUFFICIENT,True,1,False
N0,maxprob_0.9,route_lookup-1-flip,route_lookup-1,flip,0,DENY,INSUFFICIENT,True,1,False
N0,maxprob_0.9,route_lookup-1-flip,route_lookup-1,flip,1,DENY,INSUFFICIENT,True,1,False
N0,maxprob_0.9,route_lookup-1-flip,route_lookup-1,flip,2,ALLOW,INSUFFICIENT,True,1,False
N0,maxprob_0.9,route_lookup-1-full,route_lookup-1,full,0,ALLOW,INSUFFICIENT,True,1,False
N0,maxprob_0.9,route_lookup-1-full,route_lookup-1,full,1,ALLOW,INSUFFICIENT,True,1,False
N0,maxprob_0.9,route_lookup-1-full,route_lookup-1,full,2,ALLOW,INSUFFICIENT,True,1,False
N0,maxprob_0.9,route_lookup-1-hold,route_lookup-1,hold,0,DENY,INSUFFICIENT,True,1,False
N0,maxprob_0.9,route_lookup-1-hold,route_lookup-1,hold,1,DENY,INSUFFICIENT,True,1,False
N0,maxprob_0.9,route_lookup-1-hold,route_lookup-1,hold,2,INSUFFICIENT,INSUFFICIENT,False,1,False
N0,maxprob_0.9,route_lookup-1-nondecisive_missing,route_lookup-1,nondecisive_missing,0,ALLOW,INSUFFICIENT,True,1,False
N0,maxprob_0.9,route_lookup-1-nondecisive_missing,route_lookup-1,nondecisive_missing,1,ALLOW,INSUFFICIENT,True,1,False
N0,maxprob_0.9,route_lookup-1-nondecisive_missing,route_lookup-1,nondecisive_missing,2,ALLOW,INSUFFICIENT,True,1,False
N0,maxprob_0.9,route_lookup-2-conflict,route_lookup-2,conflict,0,DENY,INSUFFICIENT,True,1,False
N0,maxprob_0.9,route_lookup-2-conflict,route_lookup-2,conflict,1,DENY,INSUFFICIENT,True,1,False
N0,maxprob_0.9,route_lookup-2-conflict,route_lookup-2,conflict,2,INSUFFICIENT,INSUFFICIENT,False,1,False
N0,maxprob_0.9,route_lookup-2-decisive_missing,route_lookup-2,decisive_missing,0,DENY,INSUFFICIENT,True,1,False
N0,maxprob_0.9,route_lookup-2-decisive_missing,route_lookup-2,decisive_missing,1,ALLOW,INSUFFICIENT,True,1,False
N0,maxprob_0.9,route_lookup-2-decisive_missing,route_lookup-2,decisive_missing,2,ALLOW,INSUFFICIENT,True,1,False
N0,maxprob_0.9,route_lookup-2-flip,route_lookup-2,flip,0,DENY,INSUFFICIENT,True,1,False
N0,maxprob_0.9,route_lookup-2-flip,route_lookup-2,flip,1,DENY,INSUFFICIENT,True,1,False
N0,maxprob_0.9,route_lookup-2-flip,route_lookup-2,flip,2,INSUFFICIENT,INSUFFICIENT,False,1,False
N0,maxprob_0.9,route_lookup-2-full,route_lookup-2,full,0,DENY,INSUFFICIENT,True,1,False
N0,maxprob_0.9,route_lookup-2-full,route_lookup-2,full,1,DENY,INSUFFICIENT,True,1,False
N0,maxprob_0.9,route_lookup-2-full,route_lookup-2,full,2,DENY,INSUFFICIENT,True,1,False
N0,maxprob_0.9,route_lookup-2-hold,route_lookup-2,hold,0,ALLOW,INSUFFICIENT,True,1,False
N0,maxprob_0.9,route_lookup-2-hold,route_lookup-2,hold,1,ALLOW,INSUFFICIENT,True,1,False
N0,maxprob_0.9,route_lookup-2-hold,route_lookup-2,hold,2,ALLOW,INSUFFICIENT,True,1,False
N0,maxprob_0.9,route_lookup-2-nondecisive_missing,route_lookup-2,nondecisive_missing,0,DENY,INSUFFICIENT,True,1,False
N0,maxprob_0.9,route_lookup-2-nondecisive_missing,route_lookup-2,nondecisive_missing,1,DENY,INSUFFICIENT,True,1,False
N0,maxprob_0.9,route_lookup-2-nondecisive_missing,route_lookup-2,nondecisive_missing,2,INSUFFICIENT,INSUFFICIENT,False,1,False
N0,maxprob_0.9,route_lookup-3-conflict,route_lookup-3,conflict,0,INSUFFICIENT,INSUFFICIENT,False,1,False
N0,maxprob_0.9,route_lookup-3-conflict,route_lookup-3,conflict,1,INSUFFICIENT,INSUFFICIENT,False,1,False
N0,maxprob_0.9,route_lookup-3-conflict,route_lookup-3,conflict,2,ALLOW,INSUFFICIENT,True,1,False
N0,maxprob_0.9,route_lookup-3-decisive_missing,route_lookup-3,decisive_missing,0,DENY,INSUFFICIENT,True,1,False
N0,maxprob_0.9,route_lookup-3-decisive_missing,route_lookup-3,decisive_missing,1,INSUFFICIENT,INSUFFICIENT,False,1,False
N0,maxprob_0.9,route_lookup-3-decisive_missing,route_lookup-3,decisive_missing,2,DENY,INSUFFICIENT,True,1,False
N0,maxprob_0.9,route_lookup-3-flip,route_lookup-3,flip,0,INSUFFICIENT,INSUFFICIENT,False,1,False
N0,maxprob_0.9,route_lookup-3-flip,route_lookup-3,flip,1,INSUFFICIENT,INSUFFICIENT,False,1,False
N0,maxprob_0.9,route_lookup-3-flip,route_lookup-3,flip,2,INSUFFICIENT,INSUFFICIENT,False,1,False
N0,maxprob_0.9,route_lookup-3-full,route_lookup-3,full,0,DENY,INSUFFICIENT,True,1,False
N0,maxprob_0.9,route_lookup-3-full,route_lookup-3,full,1,ALLOW,INSUFFICIENT,True,1,False
N0,maxprob_0.9,route_lookup-3-full,route_lookup-3,full,2,ALLOW,INSUFFICIENT,True,1,False
N0,maxprob_0.9,route_lookup-3-hold,route_lookup-3,hold,0,INSUFFICIENT,INSUFFICIENT,False,1,False
N0,maxprob_0.9,route_lookup-3-hold,route_lookup-3,hold,1,INSUFFICIENT,INSUFFICIENT,False,1,False
N0,maxprob_0.9,route_lookup-3-hold,route_lookup-3,hold,2,INSUFFICIENT,INSUFFICIENT,False,1,False
N0,maxprob_0.9,route_lookup-3-nondecisive_missing,route_lookup-3,nondecisive_missing,0,ALLOW,INSUFFICIENT,True,1,False
N0,maxprob_0.9,route_lookup-3-nondecisive_missing,route_lookup-3,nondecisive_missing,1,ALLOW,INSUFFICIENT,True,1,False
N0,maxprob_0.9,route_lookup-3-nondecisive_missing,route_lookup-3,nondecisive_missing,2,ALLOW,INSUFFICIENT,True,1,False
N0,maxprob_0.9,route_lookup-4-conflict,route_lookup-4,conflict,0,DENY,INSUFFICIENT,True,1,False
N0,maxprob_0.9,route_lookup-4-conflict,route_lookup-4,conflict,1,DENY,INSUFFICIENT,True,1,False
N0,maxprob_0.9,route_lookup-4-conflict,route_lookup-4,conflict,2,INSUFFICIENT,INSUFFICIENT,False,1,False
N0,maxprob_0.9,route_lookup-4-decisive_missing,route_lookup-4,decisive_missing,0,DENY,INSUFFICIENT,True,1,False
N0,maxprob_0.9,route_lookup-4-decisive_missing,route_lookup-4,decisive_missing,1,ALLOW,INSUFFICIENT,True,1,False
N0,maxprob_0.9,route_lookup-4-decisive_missing,route_lookup-4,decisive_missing,2,ALLOW,INSUFFICIENT,True,1,False
N0,maxprob_0.9,route_lookup-4-flip,route_lookup-4,flip,0,ALLOW,INSUFFICIENT,True,1,False
N0,maxprob_0.9,route_lookup-4-flip,route_lookup-4,flip,1,ALLOW,INSUFFICIENT,True,1,False
N0,maxprob_0.9,route_lookup-4-flip,route_lookup-4,flip,2,ALLOW,INSUFFICIENT,True,1,False
N0,maxprob_0.9,route_lookup-4-full,route_lookup-4,full,0,DENY,INSUFFICIENT,True,1,False
N0,maxprob_0.9,route_lookup-4-full,route_lookup-4,full,1,DENY,INSUFFICIENT,True,1,False
N0,maxprob_0.9,route_lookup-4-full,route_lookup-4,full,2,INSUFFICIENT,INSUFFICIENT,False,1,False
N0,maxprob_0.9,route_lookup-4-hold,route_lookup-4,hold,0,DENY,INSUFFICIENT,True,1,False
N0,maxprob_0.9,route_lookup-4-hold,route_lookup-4,hold,1,DENY,INSUFFICIENT,True,1,False
N0,maxprob_0.9,route_lookup-4-hold,route_lookup-4,hold,2,INSUFFICIENT,INSUFFICIENT,False,1,False
N0,maxprob_0.9,route_lookup-4-nondecisive_missing,route_lookup-4,nondecisive_missing,0,DENY,INSUFFICIENT,True,1,False
N0,maxprob_0.9,route_lookup-4-nondecisive_missing,route_lookup-4,nondecisive_missing,1,DENY,INSUFFICIENT,True,1,False
N0,maxprob_0.9,route_lookup-4-nondecisive_missing,route_lookup-4,nondecisive_missing,2,INSUFFICIENT,INSUFFICIENT,False,1,False
N0,maxprob_0.95,joint_approval-1-conflict,joint_approval-1,conflict,0,INSUFFICIENT,INSUFFICIENT,False,1,False
N0,maxprob_0.95,joint_approval-1-conflict,joint_approval-1,conflict,1,DENY,INSUFFICIENT,True,1,False
N0,maxprob_0.95,joint_approval-1-conflict,joint_approval-1,conflict,2,ALLOW,INSUFFICIENT,True,1,False
N0,maxprob_0.95,joint_approval-1-decisive_missing,joint_approval-1,decisive_missing,0,INSUFFICIENT,INSUFFICIENT,False,1,False
N0,maxprob_0.95,joint_approval-1-decisive_missing,joint_approval-1,decisive_missing,1,INSUFFICIENT,INSUFFICIENT,False,1,False
N0,maxprob_0.95,joint_approval-1-decisive_missing,joint_approval-1,decisive_missing,2,INSUFFICIENT,INSUFFICIENT,False,1,False
N0,maxprob_0.95,joint_approval-1-flip,joint_approval-1,flip,0,INSUFFICIENT,INSUFFICIENT,False,1,False
N0,maxprob_0.95,joint_approval-1-flip,joint_approval-1,flip,1,INSUFFICIENT,INSUFFICIENT,False,1,False
N0,maxprob_0.95,joint_approval-1-flip,joint_approval-1,flip,2,DENY,INSUFFICIENT,True,1,False
N0,maxprob_0.95,joint_approval-1-full,joint_approval-1,full,0,ALLOW,INSUFFICIENT,True,1,False
N0,maxprob_0.95,joint_approval-1-full,joint_approval-1,full,1,ALLOW,INSUFFICIENT,True,1,False
N0,maxprob_0.95,joint_approval-1-full,joint_approval-1,full,2,ALLOW,INSUFFICIENT,True,1,False
N0,maxprob_0.95,joint_approval-1-hold,joint_approval-1,hold,0,ALLOW,INSUFFICIENT,True,1,False
N0,maxprob_0.95,joint_approval-1-hold,joint_approval-1,hold,1,ALLOW,INSUFFICIENT,True,1,False
N0,maxprob_0.95,joint_approval-1-hold,joint_approval-1,hold,2,ALLOW,INSUFFICIENT,True,1,False
N0,maxprob_0.95,joint_approval-1-nondecisive_missing,joint_approval-1,nondecisive_missing,0,ALLOW,INSUFFICIENT,True,1,False
N0,maxprob_0.95,joint_approval-1-nondecisive_missing,joint_approval-1,nondecisive_missing,1,ALLOW,INSUFFICIENT,True,1,False
N0,maxprob_0.95,joint_approval-1-nondecisive_missing,joint_approval-1,nondecisive_missing,2,ALLOW,INSUFFICIENT,True,1,False
N0,maxprob_0.95,joint_approval-2-conflict,joint_approval-2,conflict,0,DENY,INSUFFICIENT,True,1,False
N0,maxprob_0.95,joint_approval-2-conflict,joint_approval-2,conflict,1,ALLOW,INSUFFICIENT,True,1,False
N0,maxprob_0.95,joint_approval-2-conflict,joint_approval-2,conflict,2,INSUFFICIENT,INSUFFICIENT,False,1,False
N0,maxprob_0.95,joint_approval-2-decisive_missing,joint_approval-2,decisive_missing,0,INSUFFICIENT,INSUFFICIENT,False,1,False
N0,maxprob_0.95,joint_approval-2-decisive_missing,joint_approval-2,decisive_missing,1,ALLOW,INSUFFICIENT,True,1,False
N0,maxprob_0.95,joint_approval-2-decisive_missing,joint_approval-2,decisive_missing,2,ALLOW,INSUFFICIENT,True,1,False
N0,maxprob_0.95,joint_approval-2-flip,joint_approval-2,flip,0,INSUFFICIENT,INSUFFICIENT,False,1,False
N0,maxprob_0.95,joint_approval-2-flip,joint_approval-2,flip,1,ALLOW,INSUFFICIENT,True,1,False
N0,maxprob_0.95,joint_approval-2-flip,joint_approval-2,flip,2,ALLOW,INSUFFICIENT,True,1,False
N0,maxprob_0.95,joint_approval-2-full,joint_approval-2,full,0,DENY,INSUFFICIENT,True,1,False
N0,maxprob_0.95,joint_approval-2-full,joint_approval-2,full,1,INSUFFICIENT,INSUFFICIENT,False,1,False
N0,maxprob_0.95,joint_approval-2-full,joint_approval-2,full,2,DENY,INSUFFICIENT,True,1,False
N0,maxprob_0.95,joint_approval-2-hold,joint_approval-2,hold,0,ALLOW,INSUFFICIENT,True,1,False
N0,maxprob_0.95,joint_approval-2-hold,joint_approval-2,hold,1,ALLOW,INSUFFICIENT,True,1,False
N0,maxprob_0.95,joint_approval-2-hold,joint_approval-2,hold,2,ALLOW,INSUFFICIENT,True,1,False
N0,maxprob_0.95,joint_approval-2-nondecisive_missing,joint_approval-2,nondecisive_missing,0,DENY,INSUFFICIENT,True,1,False
N0,maxprob_0.95,joint_approval-2-nondecisive_missing,joint_approval-2,nondecisive_missing,1,INSUFFICIENT,INSUFFICIENT,False,1,False
N0,maxprob_0.95,joint_approval-2-nondecisive_missing,joint_approval-2,nondecisive_missing,2,DENY,INSUFFICIENT,True,1,False
N0,maxprob_0.95,joint_approval-3-conflict,joint_approval-3,conflict,0,DENY,INSUFFICIENT,True,1,False
N0,maxprob_0.95,joint_approval-3-conflict,joint_approval-3,conflict,1,INSUFFICIENT,INSUFFICIENT,False,1,False
N0,maxprob_0.95,joint_approval-3-conflict,joint_approval-3,conflict,2,INSUFFICIENT,INSUFFICIENT,False,1,False
N0,maxprob_0.95,joint_approval-3-decisive_missing,joint_approval-3,decisive_missing,0,DENY,INSUFFICIENT,True,1,False
N0,maxprob_0.95,joint_approval-3-decisive_missing,joint_approval-3,decisive_missing,1,INSUFFICIENT,INSUFFICIENT,False,1,False
N0,maxprob_0.95,joint_approval-3-decisive_missing,joint_approval-3,decisive_missing,2,DENY,INSUFFICIENT,True,1,False
N0,maxprob_0.95,joint_approval-3-flip,joint_approval-3,flip,0,DENY,INSUFFICIENT,True,1,False
N0,maxprob_0.95,joint_approval-3-flip,joint_approval-3,flip,1,INSUFFICIENT,INSUFFICIENT,False,1,False
N0,maxprob_0.95,joint_approval-3-flip,joint_approval-3,flip,2,DENY,INSUFFICIENT,True,1,False
N0,maxprob_0.95,joint_approval-3-full,joint_approval-3,full,0,INSUFFICIENT,INSUFFICIENT,False,1,False
N0,maxprob_0.95,joint_approval-3-full,joint_approval-3,full,1,ALLOW,INSUFFICIENT,True,1,False
N0,maxprob_0.95,joint_approval-3-full,joint_approval-3,full,2,ALLOW,INSUFFICIENT,True,1,False
N0,maxprob_0.95,joint_approval-3-hold,joint_approval-3,hold,0,ALLOW,INSUFFICIENT,True,1,False
N0,maxprob_0.95,joint_approval-3-hold,joint_approval-3,hold,1,ALLOW,INSUFFICIENT,True,1,False
N0,maxprob_0.95,joint_approval-3-hold,joint_approval-3,hold,2,ALLOW,INSUFFICIENT,True,1,False
N0,maxprob_0.95,joint_approval-3-nondecisive_missing,joint_approval-3,nondecisive_missing,0,ALLOW,INSUFFICIENT,True,1,False
N0,maxprob_0.95,joint_approval-3-nondecisive_missing,joint_approval-3,nondecisive_missing,1,ALLOW,INSUFFICIENT,True,1,False
N0,maxprob_0.95,joint_approval-3-nondecisive_missing,joint_approval-3,nondecisive_missing,2,ALLOW,INSUFFICIENT,True,1,False
N0,maxprob_0.95,joint_approval-4-conflict,joint_approval-4,conflict,0,INSUFFICIENT,INSUFFICIENT,False,1,False
N0,maxprob_0.95,joint_approval-4-conflict,joint_approval-4,conflict,1,DENY,INSUFFICIENT,True,1,False
N0,maxprob_0.95,joint_approval-4-conflict,joint_approval-4,conflict,2,DENY,INSUFFICIENT,True,1,False
N0,maxprob_0.95,joint_approval-4-decisive_missing,joint_approval-4,decisive_missing,0,INSUFFICIENT,INSUFFICIENT,False,1,False
N0,maxprob_0.95,joint_approval-4-decisive_missing,joint_approval-4,decisive_missing,1,ALLOW,INSUFFICIENT,True,1,False
N0,maxprob_0.95,joint_approval-4-decisive_missing,joint_approval-4,decisive_missing,2,ALLOW,INSUFFICIENT,True,1,False
N0,maxprob_0.95,joint_approval-4-flip,joint_approval-4,flip,0,INSUFFICIENT,INSUFFICIENT,False,1,False
N0,maxprob_0.95,joint_approval-4-flip,joint_approval-4,flip,1,ALLOW,INSUFFICIENT,True,1,False
N0,maxprob_0.95,joint_approval-4-flip,joint_approval-4,flip,2,ALLOW,INSUFFICIENT,True,1,False
N0,maxprob_0.95,joint_approval-4-full,joint_approval-4,full,0,DENY,INSUFFICIENT,True,1,False
N0,maxprob_0.95,joint_approval-4-full,joint_approval-4,full,1,INSUFFICIENT,INSUFFICIENT,False,1,False
N0,maxprob_0.95,joint_approval-4-full,joint_approval-4,full,2,DENY,INSUFFICIENT,True,1,False
N0,maxprob_0.95,joint_approval-4-hold,joint_approval-4,hold,0,DENY,INSUFFICIENT,True,1,False
N0,maxprob_0.95,joint_approval-4-hold,joint_approval-4,hold,1,DENY,INSUFFICIENT,True,1,False
N0,maxprob_0.95,joint_approval-4-hold,joint_approval-4,hold,2,DENY,INSUFFICIENT,True,1,False
N0,maxprob_0.95,joint_approval-4-nondecisive_missing,joint_approval-4,nondecisive_missing,0,DENY,INSUFFICIENT,True,1,False
N0,maxprob_0.95,joint_approval-4-nondecisive_missing,joint_approval-4,nondecisive_missing,1,INSUFFICIENT,INSUFFICIENT,False,1,False
N0,maxprob_0.95,joint_approval-4-nondecisive_missing,joint_approval-4,nondecisive_missing,2,DENY,INSUFFICIENT,True,1,False
N0,maxprob_0.95,reversal_exception-1-conflict,reversal_exception-1,conflict,0,DENY,INSUFFICIENT,True,1,False
N0,maxprob_0.95,reversal_exception-1-conflict,reversal_exception-1,conflict,1,ALLOW,INSUFFICIENT,True,1,False
N0,maxprob_0.95,reversal_exception-1-conflict,reversal_exception-1,conflict,2,ALLOW,INSUFFICIENT,True,1,False
N0,maxprob_0.95,reversal_exception-1-decisive_missing,reversal_exception-1,decisive_missing,0,ALLOW,INSUFFICIENT,True,1,False
N0,maxprob_0.95,reversal_exception-1-decisive_missing,reversal_exception-1,decisive_missing,1,ALLOW,INSUFFICIENT,True,1,False
N0,maxprob_0.95,reversal_exception-1-decisive_missing,reversal_exception-1,decisive_missing,2,ALLOW,INSUFFICIENT,True,1,False
N0,maxprob_0.95,reversal_exception-1-flip,reversal_exception-1,flip,0,DENY,INSUFFICIENT,True,1,False
N0,maxprob_0.95,reversal_exception-1-flip,reversal_exception-1,flip,1,ALLOW,INSUFFICIENT,True,1,False
N0,maxprob_0.95,reversal_exception-1-flip,reversal_exception-1,flip,2,ALLOW,INSUFFICIENT,True,1,False
N0,maxprob_0.95,reversal_exception-1-full,reversal_exception-1,full,0,DENY,INSUFFICIENT,True,1,False
N0,maxprob_0.95,reversal_exception-1-full,reversal_exception-1,full,1,ALLOW,INSUFFICIENT,True,1,False
N0,maxprob_0.95,reversal_exception-1-full,reversal_exception-1,full,2,ALLOW,INSUFFICIENT,True,1,False
N0,maxprob_0.95,reversal_exception-1-hold,reversal_exception-1,hold,0,DENY,INSUFFICIENT,True,1,False
N0,maxprob_0.95,reversal_exception-1-hold,reversal_exception-1,hold,1,INSUFFICIENT,INSUFFICIENT,False,1,False
N0,maxprob_0.95,reversal_exception-1-hold,reversal_exception-1,hold,2,ALLOW,INSUFFICIENT,True,1,False
N0,maxprob_0.95,reversal_exception-1-nondecisive_missing,reversal_exception-1,nondecisive_missing,0,DENY,INSUFFICIENT,True,1,False
N0,maxprob_0.95,reversal_exception-1-nondecisive_missing,reversal_exception-1,nondecisive_missing,1,ALLOW,INSUFFICIENT,True,1,False
N0,maxprob_0.95,reversal_exception-1-nondecisive_missing,reversal_exception-1,nondecisive_missing,2,ALLOW,INSUFFICIENT,True,1,False
N0,maxprob_0.95,reversal_exception-2-conflict,reversal_exception-2,conflict,0,DENY,INSUFFICIENT,True,1,False
N0,maxprob_0.95,reversal_exception-2-conflict,reversal_exception-2,conflict,1,ALLOW,INSUFFICIENT,True,1,False
N0,maxprob_0.95,reversal_exception-2-conflict,reversal_exception-2,conflict,2,ALLOW,INSUFFICIENT,True,1,False
N0,maxprob_0.95,reversal_exception-2-decisive_missing,reversal_exception-2,decisive_missing,0,ALLOW,INSUFFICIENT,True,1,False
N0,maxprob_0.95,reversal_exception-2-decisive_missing,reversal_exception-2,decisive_missing,1,ALLOW,INSUFFICIENT,True,1,False
N0,maxprob_0.95,reversal_exception-2-decisive_missing,reversal_exception-2,decisive_missing,2,ALLOW,INSUFFICIENT,True,1,False
N0,maxprob_0.95,reversal_exception-2-flip,reversal_exception-2,flip,0,INSUFFICIENT,INSUFFICIENT,False,1,False
N0,maxprob_0.95,reversal_exception-2-flip,reversal_exception-2,flip,1,ALLOW,INSUFFICIENT,True,1,False
N0,maxprob_0.95,reversal_exception-2-flip,reversal_exception-2,flip,2,ALLOW,INSUFFICIENT,True,1,False
N0,maxprob_0.95,reversal_exception-2-full,reversal_exception-2,full,0,DENY,INSUFFICIENT,True,1,False
N0,maxprob_0.95,reversal_exception-2-full,reversal_exception-2,full,1,ALLOW,INSUFFICIENT,True,1,False
N0,maxprob_0.95,reversal_exception-2-full,reversal_exception-2,full,2,ALLOW,INSUFFICIENT,True,1,False
N0,maxprob_0.95,reversal_exception-2-hold,reversal_exception-2,hold,0,ALLOW,INSUFFICIENT,True,1,False
N0,maxprob_0.95,reversal_exception-2-hold,reversal_exception-2,hold,1,ALLOW,INSUFFICIENT,True,1,False
N0,maxprob_0.95,reversal_exception-2-hold,reversal_exception-2,hold,2,ALLOW,INSUFFICIENT,True,1,False
N0,maxprob_0.95,reversal_exception-2-nondecisive_missing,reversal_exception-2,nondecisive_missing,0,DENY,INSUFFICIENT,True,1,False
N0,maxprob_0.95,reversal_exception-2-nondecisive_missing,reversal_exception-2,nondecisive_missing,1,ALLOW,INSUFFICIENT,True,1,False
N0,maxprob_0.95,reversal_exception-2-nondecisive_missing,reversal_exception-2,nondecisive_missing,2,ALLOW,INSUFFICIENT,True,1,False
N0,maxprob_0.95,reversal_exception-3-conflict,reversal_exception-3,conflict,0,DENY,INSUFFICIENT,True,1,False
N0,maxprob_0.95,reversal_exception-3-conflict,reversal_exception-3,conflict,1,DENY,INSUFFICIENT,True,1,False
N0,maxprob_0.95,reversal_exception-3-conflict,reversal_exception-3,conflict,2,ALLOW,INSUFFICIENT,True,1,False
N0,maxprob_0.95,reversal_exception-3-decisive_missing,reversal_exception-3,decisive_missing,0,DENY,INSUFFICIENT,True,1,False
N0,maxprob_0.95,reversal_exception-3-decisive_missing,reversal_exception-3,decisive_missing,1,INSUFFICIENT,INSUFFICIENT,False,1,False
N0,maxprob_0.95,reversal_exception-3-decisive_missing,reversal_exception-3,decisive_missing,2,ALLOW,INSUFFICIENT,True,1,False
N0,maxprob_0.95,reversal_exception-3-flip,reversal_exception-3,flip,0,DENY,INSUFFICIENT,True,1,False
N0,maxprob_0.95,reversal_exception-3-flip,reversal_exception-3,flip,1,INSUFFICIENT,INSUFFICIENT,False,1,False
N0,maxprob_0.95,reversal_exception-3-flip,reversal_exception-3,flip,2,ALLOW,INSUFFICIENT,True,1,False
N0,maxprob_0.95,reversal_exception-3-full,reversal_exception-3,full,0,DENY,INSUFFICIENT,True,1,False
N0,maxprob_0.95,reversal_exception-3-full,reversal_exception-3,full,1,DENY,INSUFFICIENT,True,1,False
N0,maxprob_0.95,reversal_exception-3-full,reversal_exception-3,full,2,ALLOW,INSUFFICIENT,True,1,False
N0,maxprob_0.95,reversal_exception-3-hold,reversal_exception-3,hold,0,DENY,INSUFFICIENT,True,1,False
N0,maxprob_0.95,reversal_exception-3-hold,reversal_exception-3,hold,1,INSUFFICIENT,INSUFFICIENT,False,1,False
N0,maxprob_0.95,reversal_exception-3-hold,reversal_exception-3,hold,2,DENY,INSUFFICIENT,True,1,False
N0,maxprob_0.95,reversal_exception-3-nondecisive_missing,reversal_exception-3,nondecisive_missing,0,DENY,INSUFFICIENT,True,1,False
N0,maxprob_0.95,reversal_exception-3-nondecisive_missing,reversal_exception-3,nondecisive_missing,1,DENY,INSUFFICIENT,True,1,False
N0,maxprob_0.95,reversal_exception-3-nondecisive_missing,reversal_exception-3,nondecisive_missing,2,ALLOW,INSUFFICIENT,True,1,False
N0,maxprob_0.95,reversal_exception-4-conflict,reversal_exception-4,conflict,0,DENY,INSUFFICIENT,True,1,False
N0,maxprob_0.95,reversal_exception-4-conflict,reversal_exception-4,conflict,1,DENY,INSUFFICIENT,True,1,False
N0,maxprob_0.95,reversal_exception-4-conflict,reversal_exception-4,conflict,2,DENY,INSUFFICIENT,True,1,False
N0,maxprob_0.95,reversal_exception-4-decisive_missing,reversal_exception-4,decisive_missing,0,DENY,INSUFFICIENT,True,1,False
N0,maxprob_0.95,reversal_exception-4-decisive_missing,reversal_exception-4,decisive_missing,1,DENY,INSUFFICIENT,True,1,False
N0,maxprob_0.95,reversal_exception-4-decisive_missing,reversal_exception-4,decisive_missing,2,ALLOW,INSUFFICIENT,True,1,False
N0,maxprob_0.95,reversal_exception-4-flip,reversal_exception-4,flip,0,DENY,INSUFFICIENT,True,1,False
N0,maxprob_0.95,reversal_exception-4-flip,reversal_exception-4,flip,1,DENY,INSUFFICIENT,True,1,False
N0,maxprob_0.95,reversal_exception-4-flip,reversal_exception-4,flip,2,ALLOW,INSUFFICIENT,True,1,False
N0,maxprob_0.95,reversal_exception-4-full,reversal_exception-4,full,0,DENY,INSUFFICIENT,True,1,False
N0,maxprob_0.95,reversal_exception-4-full,reversal_exception-4,full,1,DENY,INSUFFICIENT,True,1,False
N0,maxprob_0.95,reversal_exception-4-full,reversal_exception-4,full,2,DENY,INSUFFICIENT,True,1,False
N0,maxprob_0.95,reversal_exception-4-hold,reversal_exception-4,hold,0,DENY,INSUFFICIENT,True,1,False
N0,maxprob_0.95,reversal_exception-4-hold,reversal_exception-4,hold,1,DENY,INSUFFICIENT,True,1,False
N0,maxprob_0.95,reversal_exception-4-hold,reversal_exception-4,hold,2,DENY,INSUFFICIENT,True,1,False
N0,maxprob_0.95,reversal_exception-4-nondecisive_missing,reversal_exception-4,nondecisive_missing,0,DENY,INSUFFICIENT,True,1,False
N0,maxprob_0.95,reversal_exception-4-nondecisive_missing,reversal_exception-4,nondecisive_missing,1,DENY,INSUFFICIENT,True,1,False
N0,maxprob_0.95,reversal_exception-4-nondecisive_missing,reversal_exception-4,nondecisive_missing,2,DENY,INSUFFICIENT,True,1,False
N0,maxprob_0.95,route_lookup-1-conflict,route_lookup-1,conflict,0,ALLOW,INSUFFICIENT,True,1,False
N0,maxprob_0.95,route_lookup-1-conflict,route_lookup-1,conflict,1,DENY,INSUFFICIENT,True,1,False
N0,maxprob_0.95,route_lookup-1-conflict,route_lookup-1,conflict,2,ALLOW,INSUFFICIENT,True,1,False
N0,maxprob_0.95,route_lookup-1-decisive_missing,route_lookup-1,decisive_missing,0,DENY,INSUFFICIENT,True,1,False
N0,maxprob_0.95,route_lookup-1-decisive_missing,route_lookup-1,decisive_missing,1,ALLOW,INSUFFICIENT,True,1,False
N0,maxprob_0.95,route_lookup-1-decisive_missing,route_lookup-1,decisive_missing,2,ALLOW,INSUFFICIENT,True,1,False
N0,maxprob_0.95,route_lookup-1-flip,route_lookup-1,flip,0,DENY,INSUFFICIENT,True,1,False
N0,maxprob_0.95,route_lookup-1-flip,route_lookup-1,flip,1,DENY,INSUFFICIENT,True,1,False
N0,maxprob_0.95,route_lookup-1-flip,route_lookup-1,flip,2,ALLOW,INSUFFICIENT,True,1,False
N0,maxprob_0.95,route_lookup-1-full,route_lookup-1,full,0,ALLOW,INSUFFICIENT,True,1,False
N0,maxprob_0.95,route_lookup-1-full,route_lookup-1,full,1,ALLOW,INSUFFICIENT,True,1,False
N0,maxprob_0.95,route_lookup-1-full,route_lookup-1,full,2,ALLOW,INSUFFICIENT,True,1,False
N0,maxprob_0.95,route_lookup-1-hold,route_lookup-1,hold,0,DENY,INSUFFICIENT,True,1,False
N0,maxprob_0.95,route_lookup-1-hold,route_lookup-1,hold,1,DENY,INSUFFICIENT,True,1,False
N0,maxprob_0.95,route_lookup-1-hold,route_lookup-1,hold,2,INSUFFICIENT,INSUFFICIENT,False,1,False
N0,maxprob_0.95,route_lookup-1-nondecisive_missing,route_lookup-1,nondecisive_missing,0,ALLOW,INSUFFICIENT,True,1,False
N0,maxprob_0.95,route_lookup-1-nondecisive_missing,route_lookup-1,nondecisive_missing,1,ALLOW,INSUFFICIENT,True,1,False
N0,maxprob_0.95,route_lookup-1-nondecisive_missing,route_lookup-1,nondecisive_missing,2,ALLOW,INSUFFICIENT,True,1,False
N0,maxprob_0.95,route_lookup-2-conflict,route_lookup-2,conflict,0,DENY,INSUFFICIENT,True,1,False
N0,maxprob_0.95,route_lookup-2-conflict,route_lookup-2,conflict,1,DENY,INSUFFICIENT,True,1,False
N0,maxprob_0.95,route_lookup-2-conflict,route_lookup-2,conflict,2,INSUFFICIENT,INSUFFICIENT,False,1,False
N0,maxprob_0.95,route_lookup-2-decisive_missing,route_lookup-2,decisive_missing,0,DENY,INSUFFICIENT,True,1,False
N0,maxprob_0.95,route_lookup-2-decisive_missing,route_lookup-2,decisive_missing,1,ALLOW,INSUFFICIENT,True,1,False
N0,maxprob_0.95,route_lookup-2-decisive_missing,route_lookup-2,decisive_missing,2,ALLOW,INSUFFICIENT,True,1,False
N0,maxprob_0.95,route_lookup-2-flip,route_lookup-2,flip,0,DENY,INSUFFICIENT,True,1,False
N0,maxprob_0.95,route_lookup-2-flip,route_lookup-2,flip,1,DENY,INSUFFICIENT,True,1,False
N0,maxprob_0.95,route_lookup-2-flip,route_lookup-2,flip,2,INSUFFICIENT,INSUFFICIENT,False,1,False
N0,maxprob_0.95,route_lookup-2-full,route_lookup-2,full,0,DENY,INSUFFICIENT,True,1,False
N0,maxprob_0.95,route_lookup-2-full,route_lookup-2,full,1,DENY,INSUFFICIENT,True,1,False
N0,maxprob_0.95,route_lookup-2-full,route_lookup-2,full,2,DENY,INSUFFICIENT,True,1,False
N0,maxprob_0.95,route_lookup-2-hold,route_lookup-2,hold,0,ALLOW,INSUFFICIENT,True,1,False
N0,maxprob_0.95,route_lookup-2-hold,route_lookup-2,hold,1,ALLOW,INSUFFICIENT,True,1,False
N0,maxprob_0.95,route_lookup-2-hold,route_lookup-2,hold,2,ALLOW,INSUFFICIENT,True,1,False
N0,maxprob_0.95,route_lookup-2-nondecisive_missing,route_lookup-2,nondecisive_missing,0,DENY,INSUFFICIENT,True,1,False
N0,maxprob_0.95,route_lookup-2-nondecisive_missing,route_lookup-2,nondecisive_missing,1,DENY,INSUFFICIENT,True,1,False
N0,maxprob_0.95,route_lookup-2-nondecisive_missing,route_lookup-2,nondecisive_missing,2,INSUFFICIENT,INSUFFICIENT,False,1,False
N0,maxprob_0.95,route_lookup-3-conflict,route_lookup-3,conflict,0,INSUFFICIENT,INSUFFICIENT,False,1,False
N0,maxprob_0.95,route_lookup-3-conflict,route_lookup-3,conflict,1,INSUFFICIENT,INSUFFICIENT,False,1,False
N0,maxprob_0.95,route_lookup-3-conflict,route_lookup-3,conflict,2,ALLOW,INSUFFICIENT,True,1,False
N0,maxprob_0.95,route_lookup-3-decisive_missing,route_lookup-3,decisive_missing,0,DENY,INSUFFICIENT,True,1,False
N0,maxprob_0.95,route_lookup-3-decisive_missing,route_lookup-3,decisive_missing,1,INSUFFICIENT,INSUFFICIENT,False,1,False
N0,maxprob_0.95,route_lookup-3-decisive_missing,route_lookup-3,decisive_missing,2,DENY,INSUFFICIENT,True,1,False
N0,maxprob_0.95,route_lookup-3-flip,route_lookup-3,flip,0,INSUFFICIENT,INSUFFICIENT,False,1,False
N0,maxprob_0.95,route_lookup-3-flip,route_lookup-3,flip,1,INSUFFICIENT,INSUFFICIENT,False,1,False
N0,maxprob_0.95,route_lookup-3-flip,route_lookup-3,flip,2,INSUFFICIENT,INSUFFICIENT,False,1,False
N0,maxprob_0.95,route_lookup-3-full,route_lookup-3,full,0,DENY,INSUFFICIENT,True,1,False
N0,maxprob_0.95,route_lookup-3-full,route_lookup-3,full,1,ALLOW,INSUFFICIENT,True,1,False
N0,maxprob_0.95,route_lookup-3-full,route_lookup-3,full,2,ALLOW,INSUFFICIENT,True,1,False
N0,maxprob_0.95,route_lookup-3-hold,route_lookup-3,hold,0,INSUFFICIENT,INSUFFICIENT,False,1,False
N0,maxprob_0.95,route_lookup-3-hold,route_lookup-3,hold,1,INSUFFICIENT,INSUFFICIENT,False,1,False
N0,maxprob_0.95,route_lookup-3-hold,route_lookup-3,hold,2,INSUFFICIENT,INSUFFICIENT,False,1,False
N0,maxprob_0.95,route_lookup-3-nondecisive_missing,route_lookup-3,nondecisive_missing,0,ALLOW,INSUFFICIENT,True,1,False
N0,maxprob_0.95,route_lookup-3-nondecisive_missing,route_lookup-3,nondecisive_missing,1,ALLOW,INSUFFICIENT,True,1,False
N0,maxprob_0.95,route_lookup-3-nondecisive_missing,route_lookup-3,nondecisive_missing,2,ALLOW,INSUFFICIENT,True,1,False
N0,maxprob_0.95,route_lookup-4-conflict,route_lookup-4,conflict,0,DENY,INSUFFICIENT,True,1,False
N0,maxprob_0.95,route_lookup-4-conflict,route_lookup-4,conflict,1,DENY,INSUFFICIENT,True,1,False
N0,maxprob_0.95,route_lookup-4-conflict,route_lookup-4,conflict,2,INSUFFICIENT,INSUFFICIENT,False,1,False
N0,maxprob_0.95,route_lookup-4-decisive_missing,route_lookup-4,decisive_missing,0,DENY,INSUFFICIENT,True,1,False
N0,maxprob_0.95,route_lookup-4-decisive_missing,route_lookup-4,decisive_missing,1,ALLOW,INSUFFICIENT,True,1,False
N0,maxprob_0.95,route_lookup-4-decisive_missing,route_lookup-4,decisive_missing,2,ALLOW,INSUFFICIENT,True,1,False
N0,maxprob_0.95,route_lookup-4-flip,route_lookup-4,flip,0,ALLOW,INSUFFICIENT,True,1,False
N0,maxprob_0.95,route_lookup-4-flip,route_lookup-4,flip,1,ALLOW,INSUFFICIENT,True,1,False
N0,maxprob_0.95,route_lookup-4-flip,route_lookup-4,flip,2,ALLOW,INSUFFICIENT,True,1,False
N0,maxprob_0.95,route_lookup-4-full,route_lookup-4,full,0,DENY,INSUFFICIENT,True,1,False
N0,maxprob_0.95,route_lookup-4-full,route_lookup-4,full,1,DENY,INSUFFICIENT,True,1,False
N0,maxprob_0.95,route_lookup-4-full,route_lookup-4,full,2,INSUFFICIENT,INSUFFICIENT,False,1,False
N0,maxprob_0.95,route_lookup-4-hold,route_lookup-4,hold,0,DENY,INSUFFICIENT,True,1,False
N0,maxprob_0.95,route_lookup-4-hold,route_lookup-4,hold,1,DENY,INSUFFICIENT,True,1,False
N0,maxprob_0.95,route_lookup-4-hold,route_lookup-4,hold,2,INSUFFICIENT,INSUFFICIENT,False,1,False
N0,maxprob_0.95,route_lookup-4-nondecisive_missing,route_lookup-4,nondecisive_missing,0,DENY,INSUFFICIENT,True,1,False
N0,maxprob_0.95,route_lookup-4-nondecisive_missing,route_lookup-4,nondecisive_missing,1,DENY,INSUFFICIENT,True,1,False
N0,maxprob_0.95,route_lookup-4-nondecisive_missing,route_lookup-4,nondecisive_missing,2,INSUFFICIENT,INSUFFICIENT,False,1,False
N0,maxprob_0.99,joint_approval-1-conflict,joint_approval-1,conflict,0,INSUFFICIENT,INSUFFICIENT,False,1,False
N0,maxprob_0.99,joint_approval-1-conflict,joint_approval-1,conflict,1,DENY,INSUFFICIENT,True,1,False
N0,maxprob_0.99,joint_approval-1-conflict,joint_approval-1,conflict,2,ALLOW,INSUFFICIENT,True,1,False
N0,maxprob_0.99,joint_approval-1-decisive_missing,joint_approval-1,decisive_missing,0,INSUFFICIENT,INSUFFICIENT,False,1,False
N0,maxprob_0.99,joint_approval-1-decisive_missing,joint_approval-1,decisive_missing,1,INSUFFICIENT,INSUFFICIENT,False,1,False
N0,maxprob_0.99,joint_approval-1-decisive_missing,joint_approval-1,decisive_missing,2,INSUFFICIENT,INSUFFICIENT,False,1,False
N0,maxprob_0.99,joint_approval-1-flip,joint_approval-1,flip,0,INSUFFICIENT,INSUFFICIENT,False,1,False
N0,maxprob_0.99,joint_approval-1-flip,joint_approval-1,flip,1,INSUFFICIENT,INSUFFICIENT,False,1,False
N0,maxprob_0.99,joint_approval-1-flip,joint_approval-1,flip,2,DENY,INSUFFICIENT,True,1,False
N0,maxprob_0.99,joint_approval-1-full,joint_approval-1,full,0,ALLOW,INSUFFICIENT,True,1,False
N0,maxprob_0.99,joint_approval-1-full,joint_approval-1,full,1,ALLOW,INSUFFICIENT,True,1,False
N0,maxprob_0.99,joint_approval-1-full,joint_approval-1,full,2,ALLOW,INSUFFICIENT,True,1,False
N0,maxprob_0.99,joint_approval-1-hold,joint_approval-1,hold,0,ALLOW,INSUFFICIENT,True,1,False
N0,maxprob_0.99,joint_approval-1-hold,joint_approval-1,hold,1,ALLOW,INSUFFICIENT,True,1,False
N0,maxprob_0.99,joint_approval-1-hold,joint_approval-1,hold,2,ALLOW,INSUFFICIENT,True,1,False
N0,maxprob_0.99,joint_approval-1-nondecisive_missing,joint_approval-1,nondecisive_missing,0,ALLOW,INSUFFICIENT,True,1,False
N0,maxprob_0.99,joint_approval-1-nondecisive_missing,joint_approval-1,nondecisive_missing,1,ALLOW,INSUFFICIENT,True,1,False
N0,maxprob_0.99,joint_approval-1-nondecisive_missing,joint_approval-1,nondecisive_missing,2,ALLOW,INSUFFICIENT,True,1,False
N0,maxprob_0.99,joint_approval-2-conflict,joint_approval-2,conflict,0,DENY,INSUFFICIENT,True,1,False
N0,maxprob_0.99,joint_approval-2-conflict,joint_approval-2,conflict,1,ALLOW,INSUFFICIENT,True,1,False
N0,maxprob_0.99,joint_approval-2-conflict,joint_approval-2,conflict,2,INSUFFICIENT,INSUFFICIENT,False,1,False
N0,maxprob_0.99,joint_approval-2-decisive_missing,joint_approval-2,decisive_missing,0,INSUFFICIENT,INSUFFICIENT,False,1,False
N0,maxprob_0.99,joint_approval-2-decisive_missing,joint_approval-2,decisive_missing,1,ALLOW,INSUFFICIENT,True,1,False
N0,maxprob_0.99,joint_approval-2-decisive_missing,joint_approval-2,decisive_missing,2,ALLOW,INSUFFICIENT,True,1,False
N0,maxprob_0.99,joint_approval-2-flip,joint_approval-2,flip,0,INSUFFICIENT,INSUFFICIENT,False,1,False
N0,maxprob_0.99,joint_approval-2-flip,joint_approval-2,flip,1,ALLOW,INSUFFICIENT,True,1,False
N0,maxprob_0.99,joint_approval-2-flip,joint_approval-2,flip,2,ALLOW,INSUFFICIENT,True,1,False
N0,maxprob_0.99,joint_approval-2-full,joint_approval-2,full,0,DENY,INSUFFICIENT,True,1,False
N0,maxprob_0.99,joint_approval-2-full,joint_approval-2,full,1,INSUFFICIENT,INSUFFICIENT,False,1,False
N0,maxprob_0.99,joint_approval-2-full,joint_approval-2,full,2,DENY,INSUFFICIENT,True,1,False
N0,maxprob_0.99,joint_approval-2-hold,joint_approval-2,hold,0,ALLOW,INSUFFICIENT,True,1,False
N0,maxprob_0.99,joint_approval-2-hold,joint_approval-2,hold,1,ALLOW,INSUFFICIENT,True,1,False
N0,maxprob_0.99,joint_approval-2-hold,joint_approval-2,hold,2,ALLOW,INSUFFICIENT,True,1,False
N0,maxprob_0.99,joint_approval-2-nondecisive_missing,joint_approval-2,nondecisive_missing,0,DENY,INSUFFICIENT,True,1,False
N0,maxprob_0.99,joint_approval-2-nondecisive_missing,joint_approval-2,nondecisive_missing,1,INSUFFICIENT,INSUFFICIENT,False,1,False
N0,maxprob_0.99,joint_approval-2-nondecisive_missing,joint_approval-2,nondecisive_missing,2,DENY,INSUFFICIENT,True,1,False
N0,maxprob_0.99,joint_approval-3-conflict,joint_approval-3,conflict,0,DENY,INSUFFICIENT,True,1,False
N0,maxprob_0.99,joint_approval-3-conflict,joint_approval-3,conflict,1,INSUFFICIENT,INSUFFICIENT,False,1,False
N0,maxprob_0.99,joint_approval-3-conflict,joint_approval-3,conflict,2,INSUFFICIENT,INSUFFICIENT,False,1,False
N0,maxprob_0.99,joint_approval-3-decisive_missing,joint_approval-3,decisive_missing,0,DENY,INSUFFICIENT,True,1,False
N0,maxprob_0.99,joint_approval-3-decisive_missing,joint_approval-3,decisive_missing,1,INSUFFICIENT,INSUFFICIENT,False,1,False
N0,maxprob_0.99,joint_approval-3-decisive_missing,joint_approval-3,decisive_missing,2,DENY,INSUFFICIENT,True,1,False
N0,maxprob_0.99,joint_approval-3-flip,joint_approval-3,flip,0,DENY,INSUFFICIENT,True,1,False
N0,maxprob_0.99,joint_approval-3-flip,joint_approval-3,flip,1,INSUFFICIENT,INSUFFICIENT,False,1,False
N0,maxprob_0.99,joint_approval-3-flip,joint_approval-3,flip,2,DENY,INSUFFICIENT,True,1,False
N0,maxprob_0.99,joint_approval-3-full,joint_approval-3,full,0,INSUFFICIENT,INSUFFICIENT,False,1,False
N0,maxprob_0.99,joint_approval-3-full,joint_approval-3,full,1,ALLOW,INSUFFICIENT,True,1,False
N0,maxprob_0.99,joint_approval-3-full,joint_approval-3,full,2,ALLOW,INSUFFICIENT,True,1,False
N0,maxprob_0.99,joint_approval-3-hold,joint_approval-3,hold,0,ALLOW,INSUFFICIENT,True,1,False
N0,maxprob_0.99,joint_approval-3-hold,joint_approval-3,hold,1,ALLOW,INSUFFICIENT,True,1,False
N0,maxprob_0.99,joint_approval-3-hold,joint_approval-3,hold,2,ALLOW,INSUFFICIENT,True,1,False
N0,maxprob_0.99,joint_approval-3-nondecisive_missing,joint_approval-3,nondecisive_missing,0,ALLOW,INSUFFICIENT,True,1,False
N0,maxprob_0.99,joint_approval-3-nondecisive_missing,joint_approval-3,nondecisive_missing,1,ALLOW,INSUFFICIENT,True,1,False
N0,maxprob_0.99,joint_approval-3-nondecisive_missing,joint_approval-3,nondecisive_missing,2,ALLOW,INSUFFICIENT,True,1,False
N0,maxprob_0.99,joint_approval-4-conflict,joint_approval-4,conflict,0,INSUFFICIENT,INSUFFICIENT,False,1,False
N0,maxprob_0.99,joint_approval-4-conflict,joint_approval-4,conflict,1,DENY,INSUFFICIENT,True,1,False
N0,maxprob_0.99,joint_approval-4-conflict,joint_approval-4,conflict,2,DENY,INSUFFICIENT,True,1,False
N0,maxprob_0.99,joint_approval-4-decisive_missing,joint_approval-4,decisive_missing,0,INSUFFICIENT,INSUFFICIENT,False,1,False
N0,maxprob_0.99,joint_approval-4-decisive_missing,joint_approval-4,decisive_missing,1,ALLOW,INSUFFICIENT,True,1,False
N0,maxprob_0.99,joint_approval-4-decisive_missing,joint_approval-4,decisive_missing,2,ALLOW,INSUFFICIENT,True,1,False
N0,maxprob_0.99,joint_approval-4-flip,joint_approval-4,flip,0,INSUFFICIENT,INSUFFICIENT,False,1,False
N0,maxprob_0.99,joint_approval-4-flip,joint_approval-4,flip,1,ALLOW,INSUFFICIENT,True,1,False
N0,maxprob_0.99,joint_approval-4-flip,joint_approval-4,flip,2,ALLOW,INSUFFICIENT,True,1,False
N0,maxprob_0.99,joint_approval-4-full,joint_approval-4,full,0,DENY,INSUFFICIENT,True,1,False
N0,maxprob_0.99,joint_approval-4-full,joint_approval-4,full,1,INSUFFICIENT,INSUFFICIENT,False,1,False
N0,maxprob_0.99,joint_approval-4-full,joint_approval-4,full,2,DENY,INSUFFICIENT,True,1,False
N0,maxprob_0.99,joint_approval-4-hold,joint_approval-4,hold,0,DENY,INSUFFICIENT,True,1,False
N0,maxprob_0.99,joint_approval-4-hold,joint_approval-4,hold,1,DENY,INSUFFICIENT,True,1,False
N0,maxprob_0.99,joint_approval-4-hold,joint_approval-4,hold,2,DENY,INSUFFICIENT,True,1,False
N0,maxprob_0.99,joint_approval-4-nondecisive_missing,joint_approval-4,nondecisive_missing,0,DENY,INSUFFICIENT,True,1,False
N0,maxprob_0.99,joint_approval-4-nondecisive_missing,joint_approval-4,nondecisive_missing,1,INSUFFICIENT,INSUFFICIENT,False,1,False
N0,maxprob_0.99,joint_approval-4-nondecisive_missing,joint_approval-4,nondecisive_missing,2,DENY,INSUFFICIENT,True,1,False
N0,maxprob_0.99,reversal_exception-1-conflict,reversal_exception-1,conflict,0,DENY,INSUFFICIENT,True,1,False
N0,maxprob_0.99,reversal_exception-1-conflict,reversal_exception-1,conflict,1,ALLOW,INSUFFICIENT,True,1,False
N0,maxprob_0.99,reversal_exception-1-conflict,reversal_exception-1,conflict,2,ALLOW,INSUFFICIENT,True,1,False
N0,maxprob_0.99,reversal_exception-1-decisive_missing,reversal_exception-1,decisive_missing,0,ALLOW,INSUFFICIENT,True,1,False
N0,maxprob_0.99,reversal_exception-1-decisive_missing,reversal_exception-1,decisive_missing,1,ALLOW,INSUFFICIENT,True,1,False
N0,maxprob_0.99,reversal_exception-1-decisive_missing,reversal_exception-1,decisive_missing,2,ALLOW,INSUFFICIENT,True,1,False
N0,maxprob_0.99,reversal_exception-1-flip,reversal_exception-1,flip,0,DENY,INSUFFICIENT,True,1,False
N0,maxprob_0.99,reversal_exception-1-flip,reversal_exception-1,flip,1,ALLOW,INSUFFICIENT,True,1,False
N0,maxprob_0.99,reversal_exception-1-flip,reversal_exception-1,flip,2,ALLOW,INSUFFICIENT,True,1,False
N0,maxprob_0.99,reversal_exception-1-full,reversal_exception-1,full,0,DENY,INSUFFICIENT,True,1,False
N0,maxprob_0.99,reversal_exception-1-full,reversal_exception-1,full,1,ALLOW,INSUFFICIENT,True,1,False
N0,maxprob_0.99,reversal_exception-1-full,reversal_exception-1,full,2,ALLOW,INSUFFICIENT,True,1,False
N0,maxprob_0.99,reversal_exception-1-hold,reversal_exception-1,hold,0,DENY,INSUFFICIENT,True,1,False
N0,maxprob_0.99,reversal_exception-1-hold,reversal_exception-1,hold,1,INSUFFICIENT,INSUFFICIENT,False,1,False
N0,maxprob_0.99,reversal_exception-1-hold,reversal_exception-1,hold,2,ALLOW,INSUFFICIENT,True,1,False
N0,maxprob_0.99,reversal_exception-1-nondecisive_missing,reversal_exception-1,nondecisive_missing,0,DENY,INSUFFICIENT,True,1,False
N0,maxprob_0.99,reversal_exception-1-nondecisive_missing,reversal_exception-1,nondecisive_missing,1,ALLOW,INSUFFICIENT,True,1,False
N0,maxprob_0.99,reversal_exception-1-nondecisive_missing,reversal_exception-1,nondecisive_missing,2,ALLOW,INSUFFICIENT,True,1,False
N0,maxprob_0.99,reversal_exception-2-conflict,reversal_exception-2,conflict,0,DENY,INSUFFICIENT,True,1,False
N0,maxprob_0.99,reversal_exception-2-conflict,reversal_exception-2,conflict,1,ALLOW,INSUFFICIENT,True,1,False
N0,maxprob_0.99,reversal_exception-2-conflict,reversal_exception-2,conflict,2,ALLOW,INSUFFICIENT,True,1,False
N0,maxprob_0.99,reversal_exception-2-decisive_missing,reversal_exception-2,decisive_missing,0,ALLOW,INSUFFICIENT,True,1,False
N0,maxprob_0.99,reversal_exception-2-decisive_missing,reversal_exception-2,decisive_missing,1,ALLOW,INSUFFICIENT,True,1,False
N0,maxprob_0.99,reversal_exception-2-decisive_missing,reversal_exception-2,decisive_missing,2,ALLOW,INSUFFICIENT,True,1,False
N0,maxprob_0.99,reversal_exception-2-flip,reversal_exception-2,flip,0,INSUFFICIENT,INSUFFICIENT,False,1,False
N0,maxprob_0.99,reversal_exception-2-flip,reversal_exception-2,flip,1,ALLOW,INSUFFICIENT,True,1,False
N0,maxprob_0.99,reversal_exception-2-flip,reversal_exception-2,flip,2,ALLOW,INSUFFICIENT,True,1,False
N0,maxprob_0.99,reversal_exception-2-full,reversal_exception-2,full,0,DENY,INSUFFICIENT,True,1,False
N0,maxprob_0.99,reversal_exception-2-full,reversal_exception-2,full,1,ALLOW,INSUFFICIENT,True,1,False
N0,maxprob_0.99,reversal_exception-2-full,reversal_exception-2,full,2,ALLOW,INSUFFICIENT,True,1,False
N0,maxprob_0.99,reversal_exception-2-hold,reversal_exception-2,hold,0,ALLOW,INSUFFICIENT,True,1,False
N0,maxprob_0.99,reversal_exception-2-hold,reversal_exception-2,hold,1,ALLOW,INSUFFICIENT,True,1,False
N0,maxprob_0.99,reversal_exception-2-hold,reversal_exception-2,hold,2,ALLOW,INSUFFICIENT,True,1,False
N0,maxprob_0.99,reversal_exception-2-nondecisive_missing,reversal_exception-2,nondecisive_missing,0,DENY,INSUFFICIENT,True,1,False
N0,maxprob_0.99,reversal_exception-2-nondecisive_missing,reversal_exception-2,nondecisive_missing,1,ALLOW,INSUFFICIENT,True,1,False
N0,maxprob_0.99,reversal_exception-2-nondecisive_missing,reversal_exception-2,nondecisive_missing,2,ALLOW,INSUFFICIENT,True,1,False
N0,maxprob_0.99,reversal_exception-3-conflict,reversal_exception-3,conflict,0,DENY,INSUFFICIENT,True,1,False
N0,maxprob_0.99,reversal_exception-3-conflict,reversal_exception-3,conflict,1,DENY,INSUFFICIENT,True,1,False
N0,maxprob_0.99,reversal_exception-3-conflict,reversal_exception-3,conflict,2,ALLOW,INSUFFICIENT,True,1,False
N0,maxprob_0.99,reversal_exception-3-decisive_missing,reversal_exception-3,decisive_missing,0,DENY,INSUFFICIENT,True,1,False
N0,maxprob_0.99,reversal_exception-3-decisive_missing,reversal_exception-3,decisive_missing,1,INSUFFICIENT,INSUFFICIENT,False,1,False
N0,maxprob_0.99,reversal_exception-3-decisive_missing,reversal_exception-3,decisive_missing,2,ALLOW,INSUFFICIENT,True,1,False
N0,maxprob_0.99,reversal_exception-3-flip,reversal_exception-3,flip,0,DENY,INSUFFICIENT,True,1,False
N0,maxprob_0.99,reversal_exception-3-flip,reversal_exception-3,flip,1,INSUFFICIENT,INSUFFICIENT,False,1,False
N0,maxprob_0.99,reversal_exception-3-flip,reversal_exception-3,flip,2,ALLOW,INSUFFICIENT,True,1,False
N0,maxprob_0.99,reversal_exception-3-full,reversal_exception-3,full,0,DENY,INSUFFICIENT,True,1,False
N0,maxprob_0.99,reversal_exception-3-full,reversal_exception-3,full,1,DENY,INSUFFICIENT,True,1,False
N0,maxprob_0.99,reversal_exception-3-full,reversal_exception-3,full,2,ALLOW,INSUFFICIENT,True,1,False
N0,maxprob_0.99,reversal_exception-3-hold,reversal_exception-3,hold,0,DENY,INSUFFICIENT,True,1,False
N0,maxprob_0.99,reversal_exception-3-hold,reversal_exception-3,hold,1,INSUFFICIENT,INSUFFICIENT,False,1,False
N0,maxprob_0.99,reversal_exception-3-hold,reversal_exception-3,hold,2,DENY,INSUFFICIENT,True,1,False
N0,maxprob_0.99,reversal_exception-3-nondecisive_missing,reversal_exception-3,nondecisive_missing,0,DENY,INSUFFICIENT,True,1,False
N0,maxprob_0.99,reversal_exception-3-nondecisive_missing,reversal_exception-3,nondecisive_missing,1,DENY,INSUFFICIENT,True,1,False
N0,maxprob_0.99,reversal_exception-3-nondecisive_missing,reversal_exception-3,nondecisive_missing,2,ALLOW,INSUFFICIENT,True,1,False
N0,maxprob_0.99,reversal_exception-4-conflict,reversal_exception-4,conflict,0,DENY,INSUFFICIENT,True,1,False
N0,maxprob_0.99,reversal_exception-4-conflict,reversal_exception-4,conflict,1,DENY,INSUFFICIENT,True,1,False
N0,maxprob_0.99,reversal_exception-4-conflict,reversal_exception-4,conflict,2,DENY,INSUFFICIENT,True,1,False
N0,maxprob_0.99,reversal_exception-4-decisive_missing,reversal_exception-4,decisive_missing,0,DENY,INSUFFICIENT,True,1,False
N0,maxprob_0.99,reversal_exception-4-decisive_missing,reversal_exception-4,decisive_missing,1,DENY,INSUFFICIENT,True,1,False
N0,maxprob_0.99,reversal_exception-4-decisive_missing,reversal_exception-4,decisive_missing,2,ALLOW,INSUFFICIENT,True,1,False
N0,maxprob_0.99,reversal_exception-4-flip,reversal_exception-4,flip,0,DENY,INSUFFICIENT,True,1,False
N0,maxprob_0.99,reversal_exception-4-flip,reversal_exception-4,flip,1,DENY,INSUFFICIENT,True,1,False
N0,maxprob_0.99,reversal_exception-4-flip,reversal_exception-4,flip,2,ALLOW,INSUFFICIENT,True,1,False
N0,maxprob_0.99,reversal_exception-4-full,reversal_exception-4,full,0,DENY,INSUFFICIENT,True,1,False
N0,maxprob_0.99,reversal_exception-4-full,reversal_exception-4,full,1,DENY,INSUFFICIENT,True,1,False
N0,maxprob_0.99,reversal_exception-4-full,reversal_exception-4,full,2,DENY,INSUFFICIENT,True,1,False
N0,maxprob_0.99,reversal_exception-4-hold,reversal_exception-4,hold,0,DENY,INSUFFICIENT,True,1,False
N0,maxprob_0.99,reversal_exception-4-hold,reversal_exception-4,hold,1,DENY,INSUFFICIENT,True,1,False
N0,maxprob_0.99,reversal_exception-4-hold,reversal_exception-4,hold,2,DENY,INSUFFICIENT,True,1,False
N0,maxprob_0.99,reversal_exception-4-nondecisive_missing,reversal_exception-4,nondecisive_missing,0,DENY,INSUFFICIENT,True,1,False
N0,maxprob_0.99,reversal_exception-4-nondecisive_missing,reversal_exception-4,nondecisive_missing,1,DENY,INSUFFICIENT,True,1,False
N0,maxprob_0.99,reversal_exception-4-nondecisive_missing,reversal_exception-4,nondecisive_missing,2,DENY,INSUFFICIENT,True,1,False
N0,maxprob_0.99,route_lookup-1-conflict,route_lookup-1,conflict,0,ALLOW,INSUFFICIENT,True,1,False
N0,maxprob_0.99,route_lookup-1-conflict,route_lookup-1,conflict,1,DENY,INSUFFICIENT,True,1,False
N0,maxprob_0.99,route_lookup-1-conflict,route_lookup-1,conflict,2,ALLOW,INSUFFICIENT,True,1,False
N0,maxprob_0.99,route_lookup-1-decisive_missing,route_lookup-1,decisive_missing,0,DENY,INSUFFICIENT,True,1,False
N0,maxprob_0.99,route_lookup-1-decisive_missing,route_lookup-1,decisive_missing,1,ALLOW,INSUFFICIENT,True,1,False
N0,maxprob_0.99,route_lookup-1-decisive_missing,route_lookup-1,decisive_missing,2,ALLOW,INSUFFICIENT,True,1,False
N0,maxprob_0.99,route_lookup-1-flip,route_lookup-1,flip,0,DENY,INSUFFICIENT,True,1,False
N0,maxprob_0.99,route_lookup-1-flip,route_lookup-1,flip,1,DENY,INSUFFICIENT,True,1,False
N0,maxprob_0.99,route_lookup-1-flip,route_lookup-1,flip,2,ALLOW,INSUFFICIENT,True,1,False
N0,maxprob_0.99,route_lookup-1-full,route_lookup-1,full,0,ALLOW,INSUFFICIENT,True,1,False
N0,maxprob_0.99,route_lookup-1-full,route_lookup-1,full,1,ALLOW,INSUFFICIENT,True,1,False
N0,maxprob_0.99,route_lookup-1-full,route_lookup-1,full,2,ALLOW,INSUFFICIENT,True,1,False
N0,maxprob_0.99,route_lookup-1-hold,route_lookup-1,hold,0,DENY,INSUFFICIENT,True,1,False
N0,maxprob_0.99,route_lookup-1-hold,route_lookup-1,hold,1,DENY,INSUFFICIENT,True,1,False
N0,maxprob_0.99,route_lookup-1-hold,route_lookup-1,hold,2,INSUFFICIENT,INSUFFICIENT,False,1,False
N0,maxprob_0.99,route_lookup-1-nondecisive_missing,route_lookup-1,nondecisive_missing,0,ALLOW,INSUFFICIENT,True,1,False
N0,maxprob_0.99,route_lookup-1-nondecisive_missing,route_lookup-1,nondecisive_missing,1,ALLOW,INSUFFICIENT,True,1,False
N0,maxprob_0.99,route_lookup-1-nondecisive_missing,route_lookup-1,nondecisive_missing,2,ALLOW,INSUFFICIENT,True,1,False
N0,maxprob_0.99,route_lookup-2-conflict,route_lookup-2,conflict,0,DENY,INSUFFICIENT,True,1,False
N0,maxprob_0.99,route_lookup-2-conflict,route_lookup-2,conflict,1,DENY,INSUFFICIENT,True,1,False
N0,maxprob_0.99,route_lookup-2-conflict,route_lookup-2,conflict,2,INSUFFICIENT,INSUFFICIENT,False,1,False
N0,maxprob_0.99,route_lookup-2-decisive_missing,route_lookup-2,decisive_missing,0,DENY,INSUFFICIENT,True,1,False
N0,maxprob_0.99,route_lookup-2-decisive_missing,route_lookup-2,decisive_missing,1,ALLOW,INSUFFICIENT,True,1,False
N0,maxprob_0.99,route_lookup-2-decisive_missing,route_lookup-2,decisive_missing,2,ALLOW,INSUFFICIENT,True,1,False
N0,maxprob_0.99,route_lookup-2-flip,route_lookup-2,flip,0,DENY,INSUFFICIENT,True,1,False
N0,maxprob_0.99,route_lookup-2-flip,route_lookup-2,flip,1,DENY,INSUFFICIENT,True,1,False
N0,maxprob_0.99,route_lookup-2-flip,route_lookup-2,flip,2,INSUFFICIENT,INSUFFICIENT,False,1,False
N0,maxprob_0.99,route_lookup-2-full,route_lookup-2,full,0,DENY,INSUFFICIENT,True,1,False
N0,maxprob_0.99,route_lookup-2-full,route_lookup-2,full,1,DENY,INSUFFICIENT,True,1,False
N0,maxprob_0.99,route_lookup-2-full,route_lookup-2,full,2,DENY,INSUFFICIENT,True,1,False
N0,maxprob_0.99,route_lookup-2-hold,route_lookup-2,hold,0,ALLOW,INSUFFICIENT,True,1,False
N0,maxprob_0.99,route_lookup-2-hold,route_lookup-2,hold,1,ALLOW,INSUFFICIENT,True,1,False
N0,maxprob_0.99,route_lookup-2-hold,route_lookup-2,hold,2,ALLOW,INSUFFICIENT,True,1,False
N0,maxprob_0.99,route_lookup-2-nondecisive_missing,route_lookup-2,nondecisive_missing,0,DENY,INSUFFICIENT,True,1,False
N0,maxprob_0.99,route_lookup-2-nondecisive_missing,route_lookup-2,nondecisive_missing,1,DENY,INSUFFICIENT,True,1,False
N0,maxprob_0.99,route_lookup-2-nondecisive_missing,route_lookup-2,nondecisive_missing,2,INSUFFICIENT,INSUFFICIENT,False,1,False
N0,maxprob_0.99,route_lookup-3-conflict,route_lookup-3,conflict,0,INSUFFICIENT,INSUFFICIENT,False,1,False
N0,maxprob_0.99,route_lookup-3-conflict,route_lookup-3,conflict,1,INSUFFICIENT,INSUFFICIENT,False,1,False
N0,maxprob_0.99,route_lookup-3-conflict,route_lookup-3,conflict,2,ALLOW,INSUFFICIENT,True,1,False
N0,maxprob_0.99,route_lookup-3-decisive_missing,route_lookup-3,decisive_missing,0,DENY,INSUFFICIENT,True,1,False
N0,maxprob_0.99,route_lookup-3-decisive_missing,route_lookup-3,decisive_missing,1,INSUFFICIENT,INSUFFICIENT,False,1,False
N0,maxprob_0.99,route_lookup-3-decisive_missing,route_lookup-3,decisive_missing,2,DENY,INSUFFICIENT,True,1,False
N0,maxprob_0.99,route_lookup-3-flip,route_lookup-3,flip,0,INSUFFICIENT,INSUFFICIENT,False,1,False
N0,maxprob_0.99,route_lookup-3-flip,route_lookup-3,flip,1,INSUFFICIENT,INSUFFICIENT,False,1,False
N0,maxprob_0.99,route_lookup-3-flip,route_lookup-3,flip,2,INSUFFICIENT,INSUFFICIENT,False,1,False
N0,maxprob_0.99,route_lookup-3-full,route_lookup-3,full,0,DENY,INSUFFICIENT,True,1,False
N0,maxprob_0.99,route_lookup-3-full,route_lookup-3,full,1,ALLOW,INSUFFICIENT,True,1,False
N0,maxprob_0.99,route_lookup-3-full,route_lookup-3,full,2,ALLOW,INSUFFICIENT,True,1,False
N0,maxprob_0.99,route_lookup-3-hold,route_lookup-3,hold,0,INSUFFICIENT,INSUFFICIENT,False,1,False
N0,maxprob_0.99,route_lookup-3-hold,route_lookup-3,hold,1,INSUFFICIENT,INSUFFICIENT,False,1,False
N0,maxprob_0.99,route_lookup-3-hold,route_lookup-3,hold,2,INSUFFICIENT,INSUFFICIENT,False,1,False
N0,maxprob_0.99,route_lookup-3-nondecisive_missing,route_lookup-3,nondecisive_missing,0,ALLOW,INSUFFICIENT,True,1,False
N0,maxprob_0.99,route_lookup-3-nondecisive_missing,route_lookup-3,nondecisive_missing,1,ALLOW,INSUFFICIENT,True,1,False
N0,maxprob_0.99,route_lookup-3-nondecisive_missing,route_lookup-3,nondecisive_missing,2,ALLOW,INSUFFICIENT,True,1,False
N0,maxprob_0.99,route_lookup-4-conflict,route_lookup-4,conflict,0,DENY,INSUFFICIENT,True,1,False
N0,maxprob_0.99,route_lookup-4-conflict,route_lookup-4,conflict,1,DENY,INSUFFICIENT,True,1,False
N0,maxprob_0.99,route_lookup-4-conflict,route_lookup-4,conflict,2,INSUFFICIENT,INSUFFICIENT,False,1,False
N0,maxprob_0.99,route_lookup-4-decisive_missing,route_lookup-4,decisive_missing,0,DENY,INSUFFICIENT,True,1,False
N0,maxprob_0.99,route_lookup-4-decisive_missing,route_lookup-4,decisive_missing,1,ALLOW,INSUFFICIENT,True,1,False
N0,maxprob_0.99,route_lookup-4-decisive_missing,route_lookup-4,decisive_missing,2,ALLOW,INSUFFICIENT,True,1,False
N0,maxprob_0.99,route_lookup-4-flip,route_lookup-4,flip,0,ALLOW,INSUFFICIENT,True,1,False
N0,maxprob_0.99,route_lookup-4-flip,route_lookup-4,flip,1,ALLOW,INSUFFICIENT,True,1,False
N0,maxprob_0.99,route_lookup-4-flip,route_lookup-4,flip,2,ALLOW,INSUFFICIENT,True,1,False
N0,maxprob_0.99,route_lookup-4-full,route_lookup-4,full,0,DENY,INSUFFICIENT,True,1,False
N0,maxprob_0.99,route_lookup-4-full,route_lookup-4,full,1,DENY,INSUFFICIENT,True,1,False
N0,maxprob_0.99,route_lookup-4-full,route_lookup-4,full,2,INSUFFICIENT,INSUFFICIENT,False,1,False
N0,maxprob_0.99,route_lookup-4-hold,route_lookup-4,hold,0,DENY,INSUFFICIENT,True,1,False
N0,maxprob_0.99,route_lookup-4-hold,route_lookup-4,hold,1,DENY,INSUFFICIENT,True,1,False
N0,maxprob_0.99,route_lookup-4-hold,route_lookup-4,hold,2,INSUFFICIENT,INSUFFICIENT,False,1,False
N0,maxprob_0.99,route_lookup-4-nondecisive_missing,route_lookup-4,nondecisive_missing,0,DENY,INSUFFICIENT,True,1,False
N0,maxprob_0.99,route_lookup-4-nondecisive_missing,route_lookup-4,nondecisive_missing,1,DENY,INSUFFICIENT,True,1,False
N0,maxprob_0.99,route_lookup-4-nondecisive_missing,route_lookup-4,nondecisive_missing,2,INSUFFICIENT,INSUFFICIENT,False,1,False
N0,margin_0.2,joint_approval-1-conflict,joint_approval-1,conflict,0,INSUFFICIENT,INSUFFICIENT,False,1,False
N0,margin_0.2,joint_approval-1-conflict,joint_approval-1,conflict,1,DENY,INSUFFICIENT,True,1,False
N0,margin_0.2,joint_approval-1-conflict,joint_approval-1,conflict,2,ALLOW,INSUFFICIENT,True,1,False
N0,margin_0.2,joint_approval-1-decisive_missing,joint_approval-1,decisive_missing,0,INSUFFICIENT,INSUFFICIENT,False,1,False
N0,margin_0.2,joint_approval-1-decisive_missing,joint_approval-1,decisive_missing,1,INSUFFICIENT,INSUFFICIENT,False,1,False
N0,margin_0.2,joint_approval-1-decisive_missing,joint_approval-1,decisive_missing,2,INSUFFICIENT,INSUFFICIENT,False,1,False
N0,margin_0.2,joint_approval-1-flip,joint_approval-1,flip,0,INSUFFICIENT,INSUFFICIENT,False,1,False
N0,margin_0.2,joint_approval-1-flip,joint_approval-1,flip,1,INSUFFICIENT,INSUFFICIENT,False,1,False
N0,margin_0.2,joint_approval-1-flip,joint_approval-1,flip,2,DENY,INSUFFICIENT,True,1,False
N0,margin_0.2,joint_approval-1-full,joint_approval-1,full,0,ALLOW,INSUFFICIENT,True,1,False
N0,margin_0.2,joint_approval-1-full,joint_approval-1,full,1,ALLOW,INSUFFICIENT,True,1,False
N0,margin_0.2,joint_approval-1-full,joint_approval-1,full,2,ALLOW,INSUFFICIENT,True,1,False
N0,margin_0.2,joint_approval-1-hold,joint_approval-1,hold,0,ALLOW,INSUFFICIENT,True,1,False
N0,margin_0.2,joint_approval-1-hold,joint_approval-1,hold,1,ALLOW,INSUFFICIENT,True,1,False
N0,margin_0.2,joint_approval-1-hold,joint_approval-1,hold,2,ALLOW,ALLOW,False,1,False
N0,margin_0.2,joint_approval-1-nondecisive_missing,joint_approval-1,nondecisive_missing,0,ALLOW,ALLOW,False,1,False
N0,margin_0.2,joint_approval-1-nondecisive_missing,joint_approval-1,nondecisive_missing,1,ALLOW,ALLOW,False,1,False
N0,margin_0.2,joint_approval-1-nondecisive_missing,joint_approval-1,nondecisive_missing,2,ALLOW,ALLOW,False,1,False
N0,margin_0.2,joint_approval-2-conflict,joint_approval-2,conflict,0,DENY,INSUFFICIENT,True,1,False
N0,margin_0.2,joint_approval-2-conflict,joint_approval-2,conflict,1,ALLOW,INSUFFICIENT,True,1,False
N0,margin_0.2,joint_approval-2-conflict,joint_approval-2,conflict,2,INSUFFICIENT,INSUFFICIENT,False,1,False
N0,margin_0.2,joint_approval-2-decisive_missing,joint_approval-2,decisive_missing,0,INSUFFICIENT,INSUFFICIENT,False,1,False
N0,margin_0.2,joint_approval-2-decisive_missing,joint_approval-2,decisive_missing,1,ALLOW,ALLOW,False,1,False
N0,margin_0.2,joint_approval-2-decisive_missing,joint_approval-2,decisive_missing,2,ALLOW,INSUFFICIENT,True,1,False
N0,margin_0.2,joint_approval-2-flip,joint_approval-2,flip,0,INSUFFICIENT,INSUFFICIENT,False,1,False
N0,margin_0.2,joint_approval-2-flip,joint_approval-2,flip,1,ALLOW,ALLOW,False,1,False
N0,margin_0.2,joint_approval-2-flip,joint_approval-2,flip,2,ALLOW,INSUFFICIENT,True,1,False
N0,margin_0.2,joint_approval-2-full,joint_approval-2,full,0,DENY,INSUFFICIENT,True,1,False
N0,margin_0.2,joint_approval-2-full,joint_approval-2,full,1,INSUFFICIENT,INSUFFICIENT,False,1,False
N0,margin_0.2,joint_approval-2-full,joint_approval-2,full,2,DENY,INSUFFICIENT,True,1,False
N0,margin_0.2,joint_approval-2-hold,joint_approval-2,hold,0,ALLOW,INSUFFICIENT,True,1,False
N0,margin_0.2,joint_approval-2-hold,joint_approval-2,hold,1,ALLOW,INSUFFICIENT,True,1,False
N0,margin_0.2,joint_approval-2-hold,joint_approval-2,hold,2,ALLOW,INSUFFICIENT,True,1,False
N0,margin_0.2,joint_approval-2-nondecisive_missing,joint_approval-2,nondecisive_missing,0,DENY,INSUFFICIENT,True,1,False
N0,margin_0.2,joint_approval-2-nondecisive_missing,joint_approval-2,nondecisive_missing,1,INSUFFICIENT,INSUFFICIENT,False,1,False
N0,margin_0.2,joint_approval-2-nondecisive_missing,joint_approval-2,nondecisive_missing,2,DENY,INSUFFICIENT,True,1,False
N0,margin_0.2,joint_approval-3-conflict,joint_approval-3,conflict,0,DENY,INSUFFICIENT,True,1,False
N0,margin_0.2,joint_approval-3-conflict,joint_approval-3,conflict,1,INSUFFICIENT,INSUFFICIENT,False,1,False
N0,margin_0.2,joint_approval-3-conflict,joint_approval-3,conflict,2,INSUFFICIENT,INSUFFICIENT,False,1,False
N0,margin_0.2,joint_approval-3-decisive_missing,joint_approval-3,decisive_missing,0,DENY,INSUFFICIENT,True,1,False
N0,margin_0.2,joint_approval-3-decisive_missing,joint_approval-3,decisive_missing,1,INSUFFICIENT,INSUFFICIENT,False,1,False
N0,margin_0.2,joint_approval-3-decisive_missing,joint_approval-3,decisive_missing,2,DENY,INSUFFICIENT,True,1,False
N0,margin_0.2,joint_approval-3-flip,joint_approval-3,flip,0,DENY,INSUFFICIENT,True,1,False
N0,margin_0.2,joint_approval-3-flip,joint_approval-3,flip,1,INSUFFICIENT,INSUFFICIENT,False,1,False
N0,margin_0.2,joint_approval-3-flip,joint_approval-3,flip,2,DENY,INSUFFICIENT,True,1,False
N0,margin_0.2,joint_approval-3-full,joint_approval-3,full,0,INSUFFICIENT,INSUFFICIENT,False,1,False
N0,margin_0.2,joint_approval-3-full,joint_approval-3,full,1,ALLOW,INSUFFICIENT,True,1,False
N0,margin_0.2,joint_approval-3-full,joint_approval-3,full,2,ALLOW,ALLOW,False,1,False
N0,margin_0.2,joint_approval-3-hold,joint_approval-3,hold,0,ALLOW,INSUFFICIENT,True,1,False
N0,margin_0.2,joint_approval-3-hold,joint_approval-3,hold,1,ALLOW,ALLOW,False,1,False
N0,margin_0.2,joint_approval-3-hold,joint_approval-3,hold,2,ALLOW,ALLOW,False,1,False
N0,margin_0.2,joint_approval-3-nondecisive_missing,joint_approval-3,nondecisive_missing,0,ALLOW,ALLOW,False,1,False
N0,margin_0.2,joint_approval-3-nondecisive_missing,joint_approval-3,nondecisive_missing,1,ALLOW,ALLOW,False,1,False
N0,margin_0.2,joint_approval-3-nondecisive_missing,joint_approval-3,nondecisive_missing,2,ALLOW,ALLOW,False,1,False
N0,margin_0.2,joint_approval-4-conflict,joint_approval-4,conflict,0,INSUFFICIENT,INSUFFICIENT,False,1,False
N0,margin_0.2,joint_approval-4-conflict,joint_approval-4,conflict,1,DENY,INSUFFICIENT,True,1,False
N0,margin_0.2,joint_approval-4-conflict,joint_approval-4,conflict,2,DENY,INSUFFICIENT,True,1,False
N0,margin_0.2,joint_approval-4-decisive_missing,joint_approval-4,decisive_missing,0,INSUFFICIENT,INSUFFICIENT,False,1,False
N0,margin_0.2,joint_approval-4-decisive_missing,joint_approval-4,decisive_missing,1,ALLOW,INSUFFICIENT,True,1,False
N0,margin_0.2,joint_approval-4-decisive_missing,joint_approval-4,decisive_missing,2,ALLOW,INSUFFICIENT,True,1,False
N0,margin_0.2,joint_approval-4-flip,joint_approval-4,flip,0,INSUFFICIENT,INSUFFICIENT,False,1,False
N0,margin_0.2,joint_approval-4-flip,joint_approval-4,flip,1,ALLOW,ALLOW,False,1,False
N0,margin_0.2,joint_approval-4-flip,joint_approval-4,flip,2,ALLOW,ALLOW,False,1,False
N0,margin_0.2,joint_approval-4-full,joint_approval-4,full,0,DENY,INSUFFICIENT,True,1,False
N0,margin_0.2,joint_approval-4-full,joint_approval-4,full,1,INSUFFICIENT,INSUFFICIENT,False,1,False
N0,margin_0.2,joint_approval-4-full,joint_approval-4,full,2,DENY,INSUFFICIENT,True,1,False
N0,margin_0.2,joint_approval-4-hold,joint_approval-4,hold,0,DENY,INSUFFICIENT,True,1,False
N0,margin_0.2,joint_approval-4-hold,joint_approval-4,hold,1,DENY,INSUFFICIENT,True,1,False
N0,margin_0.2,joint_approval-4-hold,joint_approval-4,hold,2,DENY,INSUFFICIENT,True,1,False
N0,margin_0.2,joint_approval-4-nondecisive_missing,joint_approval-4,nondecisive_missing,0,DENY,INSUFFICIENT,True,1,False
N0,margin_0.2,joint_approval-4-nondecisive_missing,joint_approval-4,nondecisive_missing,1,INSUFFICIENT,INSUFFICIENT,False,1,False
N0,margin_0.2,joint_approval-4-nondecisive_missing,joint_approval-4,nondecisive_missing,2,DENY,INSUFFICIENT,True,1,False
N0,margin_0.2,reversal_exception-1-conflict,reversal_exception-1,conflict,0,DENY,INSUFFICIENT,True,1,False
N0,margin_0.2,reversal_exception-1-conflict,reversal_exception-1,conflict,1,ALLOW,INSUFFICIENT,True,1,False
N0,margin_0.2,reversal_exception-1-conflict,reversal_exception-1,conflict,2,ALLOW,ALLOW,False,1,False
N0,margin_0.2,reversal_exception-1-decisive_missing,reversal_exception-1,decisive_missing,0,ALLOW,INSUFFICIENT,True,1,False
N0,margin_0.2,reversal_exception-1-decisive_missing,reversal_exception-1,decisive_missing,1,ALLOW,INSUFFICIENT,True,1,False
N0,margin_0.2,reversal_exception-1-decisive_missing,reversal_exception-1,decisive_missing,2,ALLOW,ALLOW,False,1,False
N0,margin_0.2,reversal_exception-1-flip,reversal_exception-1,flip,0,DENY,INSUFFICIENT,True,1,False
N0,margin_0.2,reversal_exception-1-flip,reversal_exception-1,flip,1,ALLOW,INSUFFICIENT,True,1,False
N0,margin_0.2,reversal_exception-1-flip,reversal_exception-1,flip,2,ALLOW,ALLOW,False,1,False
N0,margin_0.2,reversal_exception-1-full,reversal_exception-1,full,0,DENY,INSUFFICIENT,True,1,False
N0,margin_0.2,reversal_exception-1-full,reversal_exception-1,full,1,ALLOW,INSUFFICIENT,True,1,False
N0,margin_0.2,reversal_exception-1-full,reversal_exception-1,full,2,ALLOW,ALLOW,False,1,False
N0,margin_0.2,reversal_exception-1-hold,reversal_exception-1,hold,0,DENY,INSUFFICIENT,True,1,False
N0,margin_0.2,reversal_exception-1-hold,reversal_exception-1,hold,1,INSUFFICIENT,INSUFFICIENT,False,1,False
N0,margin_0.2,reversal_exception-1-hold,reversal_exception-1,hold,2,ALLOW,INSUFFICIENT,True,1,False
N0,margin_0.2,reversal_exception-1-nondecisive_missing,reversal_exception-1,nondecisive_missing,0,DENY,INSUFFICIENT,True,1,False
N0,margin_0.2,reversal_exception-1-nondecisive_missing,reversal_exception-1,nondecisive_missing,1,ALLOW,INSUFFICIENT,True,1,False
N0,margin_0.2,reversal_exception-1-nondecisive_missing,reversal_exception-1,nondecisive_missing,2,ALLOW,ALLOW,False,1,False
N0,margin_0.2,reversal_exception-2-conflict,reversal_exception-2,conflict,0,DENY,INSUFFICIENT,True,1,False
N0,margin_0.2,reversal_exception-2-conflict,reversal_exception-2,conflict,1,ALLOW,INSUFFICIENT,True,1,False
N0,margin_0.2,reversal_exception-2-conflict,reversal_exception-2,conflict,2,ALLOW,INSUFFICIENT,True,1,False
N0,margin_0.2,reversal_exception-2-decisive_missing,reversal_exception-2,decisive_missing,0,ALLOW,INSUFFICIENT,True,1,False
N0,margin_0.2,reversal_exception-2-decisive_missing,reversal_exception-2,decisive_missing,1,ALLOW,INSUFFICIENT,True,1,False
N0,margin_0.2,reversal_exception-2-decisive_missing,reversal_exception-2,decisive_missing,2,ALLOW,ALLOW,False,1,False
N0,margin_0.2,reversal_exception-2-flip,reversal_exception-2,flip,0,INSUFFICIENT,INSUFFICIENT,False,1,False
N0,margin_0.2,reversal_exception-2-flip,reversal_exception-2,flip,1,ALLOW,INSUFFICIENT,True,1,False
N0,margin_0.2,reversal_exception-2-flip,reversal_exception-2,flip,2,ALLOW,ALLOW,False,1,False
N0,margin_0.2,reversal_exception-2-full,reversal_exception-2,full,0,DENY,INSUFFICIENT,True,1,False
N0,margin_0.2,reversal_exception-2-full,reversal_exception-2,full,1,ALLOW,INSUFFICIENT,True,1,False
N0,margin_0.2,reversal_exception-2-full,reversal_exception-2,full,2,ALLOW,ALLOW,False,1,False
N0,margin_0.2,reversal_exception-2-hold,reversal_exception-2,hold,0,ALLOW,INSUFFICIENT,True,1,False
N0,margin_0.2,reversal_exception-2-hold,reversal_exception-2,hold,1,ALLOW,INSUFFICIENT,True,1,False
N0,margin_0.2,reversal_exception-2-hold,reversal_exception-2,hold,2,ALLOW,ALLOW,False,1,False
N0,margin_0.2,reversal_exception-2-nondecisive_missing,reversal_exception-2,nondecisive_missing,0,DENY,INSUFFICIENT,True,1,False
N0,margin_0.2,reversal_exception-2-nondecisive_missing,reversal_exception-2,nondecisive_missing,1,ALLOW,INSUFFICIENT,True,1,False
N0,margin_0.2,reversal_exception-2-nondecisive_missing,reversal_exception-2,nondecisive_missing,2,ALLOW,ALLOW,False,1,False
N0,margin_0.2,reversal_exception-3-conflict,reversal_exception-3,conflict,0,DENY,INSUFFICIENT,True,1,False
N0,margin_0.2,reversal_exception-3-conflict,reversal_exception-3,conflict,1,DENY,INSUFFICIENT,True,1,False
N0,margin_0.2,reversal_exception-3-conflict,reversal_exception-3,conflict,2,ALLOW,INSUFFICIENT,True,1,False
N0,margin_0.2,reversal_exception-3-decisive_missing,reversal_exception-3,decisive_missing,0,DENY,INSUFFICIENT,True,1,False
N0,margin_0.2,reversal_exception-3-decisive_missing,reversal_exception-3,decisive_missing,1,INSUFFICIENT,INSUFFICIENT,False,1,False
N0,margin_0.2,reversal_exception-3-decisive_missing,reversal_exception-3,decisive_missing,2,ALLOW,INSUFFICIENT,True,1,False
N0,margin_0.2,reversal_exception-3-flip,reversal_exception-3,flip,0,DENY,INSUFFICIENT,True,1,False
N0,margin_0.2,reversal_exception-3-flip,reversal_exception-3,flip,1,INSUFFICIENT,INSUFFICIENT,False,1,False
N0,margin_0.2,reversal_exception-3-flip,reversal_exception-3,flip,2,ALLOW,INSUFFICIENT,True,1,False
N0,margin_0.2,reversal_exception-3-full,reversal_exception-3,full,0,DENY,INSUFFICIENT,True,1,False
N0,margin_0.2,reversal_exception-3-full,reversal_exception-3,full,1,DENY,INSUFFICIENT,True,1,False
N0,margin_0.2,reversal_exception-3-full,reversal_exception-3,full,2,ALLOW,ALLOW,False,1,False
N0,margin_0.2,reversal_exception-3-hold,reversal_exception-3,hold,0,DENY,INSUFFICIENT,True,1,False
N0,margin_0.2,reversal_exception-3-hold,reversal_exception-3,hold,1,INSUFFICIENT,INSUFFICIENT,False,1,False
N0,margin_0.2,reversal_exception-3-hold,reversal_exception-3,hold,2,DENY,INSUFFICIENT,True,1,False
N0,margin_0.2,reversal_exception-3-nondecisive_missing,reversal_exception-3,nondecisive_missing,0,DENY,INSUFFICIENT,True,1,False
N0,margin_0.2,reversal_exception-3-nondecisive_missing,reversal_exception-3,nondecisive_missing,1,DENY,INSUFFICIENT,True,1,False
N0,margin_0.2,reversal_exception-3-nondecisive_missing,reversal_exception-3,nondecisive_missing,2,ALLOW,ALLOW,False,1,False
N0,margin_0.2,reversal_exception-4-conflict,reversal_exception-4,conflict,0,DENY,DENY,False,1,False
N0,margin_0.2,reversal_exception-4-conflict,reversal_exception-4,conflict,1,DENY,INSUFFICIENT,True,1,False
N0,margin_0.2,reversal_exception-4-conflict,reversal_exception-4,conflict,2,DENY,INSUFFICIENT,True,1,False
N0,margin_0.2,reversal_exception-4-decisive_missing,reversal_exception-4,decisive_missing,0,DENY,DENY,False,1,False
N0,margin_0.2,reversal_exception-4-decisive_missing,reversal_exception-4,decisive_missing,1,DENY,INSUFFICIENT,True,1,False
N0,margin_0.2,reversal_exception-4-decisive_missing,reversal_exception-4,decisive_missing,2,ALLOW,INSUFFICIENT,True,1,False
N0,margin_0.2,reversal_exception-4-flip,reversal_exception-4,flip,0,DENY,DENY,False,1,False
N0,margin_0.2,reversal_exception-4-flip,reversal_exception-4,flip,1,DENY,INSUFFICIENT,True,1,False
N0,margin_0.2,reversal_exception-4-flip,reversal_exception-4,flip,2,ALLOW,ALLOW,False,1,False
N0,margin_0.2,reversal_exception-4-full,reversal_exception-4,full,0,DENY,DENY,False,1,False
N0,margin_0.2,reversal_exception-4-full,reversal_exception-4,full,1,DENY,INSUFFICIENT,True,1,False
N0,margin_0.2,reversal_exception-4-full,reversal_exception-4,full,2,DENY,INSUFFICIENT,True,1,False
N0,margin_0.2,reversal_exception-4-hold,reversal_exception-4,hold,0,DENY,DENY,False,1,False
N0,margin_0.2,reversal_exception-4-hold,reversal_exception-4,hold,1,DENY,INSUFFICIENT,True,1,False
N0,margin_0.2,reversal_exception-4-hold,reversal_exception-4,hold,2,DENY,INSUFFICIENT,True,1,False
N0,margin_0.2,reversal_exception-4-nondecisive_missing,reversal_exception-4,nondecisive_missing,0,DENY,DENY,False,1,False
N0,margin_0.2,reversal_exception-4-nondecisive_missing,reversal_exception-4,nondecisive_missing,1,DENY,INSUFFICIENT,True,1,False
N0,margin_0.2,reversal_exception-4-nondecisive_missing,reversal_exception-4,nondecisive_missing,2,DENY,INSUFFICIENT,True,1,False
N0,margin_0.2,route_lookup-1-conflict,route_lookup-1,conflict,0,ALLOW,INSUFFICIENT,True,1,False
N0,margin_0.2,route_lookup-1-conflict,route_lookup-1,conflict,1,DENY,INSUFFICIENT,True,1,False
N0,margin_0.2,route_lookup-1-conflict,route_lookup-1,conflict,2,ALLOW,INSUFFICIENT,True,1,False
N0,margin_0.2,route_lookup-1-decisive_missing,route_lookup-1,decisive_missing,0,DENY,INSUFFICIENT,True,1,False
N0,margin_0.2,route_lookup-1-decisive_missing,route_lookup-1,decisive_missing,1,ALLOW,INSUFFICIENT,True,1,False
N0,margin_0.2,route_lookup-1-decisive_missing,route_lookup-1,decisive_missing,2,ALLOW,INSUFFICIENT,True,1,False
N0,margin_0.2,route_lookup-1-flip,route_lookup-1,flip,0,DENY,INSUFFICIENT,True,1,False
N0,margin_0.2,route_lookup-1-flip,route_lookup-1,flip,1,DENY,INSUFFICIENT,True,1,False
N0,margin_0.2,route_lookup-1-flip,route_lookup-1,flip,2,ALLOW,INSUFFICIENT,True,1,False
N0,margin_0.2,route_lookup-1-full,route_lookup-1,full,0,ALLOW,INSUFFICIENT,True,1,False
N0,margin_0.2,route_lookup-1-full,route_lookup-1,full,1,ALLOW,INSUFFICIENT,True,1,False
N0,margin_0.2,route_lookup-1-full,route_lookup-1,full,2,ALLOW,ALLOW,False,1,False
N0,margin_0.2,route_lookup-1-hold,route_lookup-1,hold,0,DENY,INSUFFICIENT,True,1,False
N0,margin_0.2,route_lookup-1-hold,route_lookup-1,hold,1,DENY,INSUFFICIENT,True,1,False
N0,margin_0.2,route_lookup-1-hold,route_lookup-1,hold,2,INSUFFICIENT,INSUFFICIENT,False,1,False
N0,margin_0.2,route_lookup-1-nondecisive_missing,route_lookup-1,nondecisive_missing,0,ALLOW,INSUFFICIENT,True,1,False
N0,margin_0.2,route_lookup-1-nondecisive_missing,route_lookup-1,nondecisive_missing,1,ALLOW,ALLOW,False,1,False
N0,margin_0.2,route_lookup-1-nondecisive_missing,route_lookup-1,nondecisive_missing,2,ALLOW,ALLOW,False,1,False
N0,margin_0.2,route_lookup-2-conflict,route_lookup-2,conflict,0,DENY,INSUFFICIENT,True,1,False
N0,margin_0.2,route_lookup-2-conflict,route_lookup-2,conflict,1,DENY,INSUFFICIENT,True,1,False
N0,margin_0.2,route_lookup-2-conflict,route_lookup-2,conflict,2,INSUFFICIENT,INSUFFICIENT,False,1,False
N0,margin_0.2,route_lookup-2-decisive_missing,route_lookup-2,decisive_missing,0,DENY,INSUFFICIENT,True,1,False
N0,margin_0.2,route_lookup-2-decisive_missing,route_lookup-2,decisive_missing,1,ALLOW,INSUFFICIENT,True,1,False
N0,margin_0.2,route_lookup-2-decisive_missing,route_lookup-2,decisive_missing,2,ALLOW,INSUFFICIENT,True,1,False
N0,margin_0.2,route_lookup-2-flip,route_lookup-2,flip,0,DENY,INSUFFICIENT,True,1,False
N0,margin_0.2,route_lookup-2-flip,route_lookup-2,flip,1,DENY,INSUFFICIENT,True,1,False
N0,margin_0.2,route_lookup-2-flip,route_lookup-2,flip,2,INSUFFICIENT,INSUFFICIENT,False,1,False
N0,margin_0.2,route_lookup-2-full,route_lookup-2,full,0,DENY,INSUFFICIENT,True,1,False
N0,margin_0.2,route_lookup-2-full,route_lookup-2,full,1,DENY,INSUFFICIENT,True,1,False
N0,margin_0.2,route_lookup-2-full,route_lookup-2,full,2,DENY,INSUFFICIENT,True,1,False
N0,margin_0.2,route_lookup-2-hold,route_lookup-2,hold,0,ALLOW,INSUFFICIENT,True,1,False
N0,margin_0.2,route_lookup-2-hold,route_lookup-2,hold,1,ALLOW,INSUFFICIENT,True,1,False
N0,margin_0.2,route_lookup-2-hold,route_lookup-2,hold,2,ALLOW,ALLOW,False,1,False
N0,margin_0.2,route_lookup-2-nondecisive_missing,route_lookup-2,nondecisive_missing,0,DENY,INSUFFICIENT,True,1,False
N0,margin_0.2,route_lookup-2-nondecisive_missing,route_lookup-2,nondecisive_missing,1,DENY,INSUFFICIENT,True,1,False
N0,margin_0.2,route_lookup-2-nondecisive_missing,route_lookup-2,nondecisive_missing,2,INSUFFICIENT,INSUFFICIENT,False,1,False
N0,margin_0.2,route_lookup-3-conflict,route_lookup-3,conflict,0,INSUFFICIENT,INSUFFICIENT,False,1,False
N0,margin_0.2,route_lookup-3-conflict,route_lookup-3,conflict,1,INSUFFICIENT,INSUFFICIENT,False,1,False
N0,margin_0.2,route_lookup-3-conflict,route_lookup-3,conflict,2,ALLOW,INSUFFICIENT,True,1,False
N0,margin_0.2,route_lookup-3-decisive_missing,route_lookup-3,decisive_missing,0,DENY,INSUFFICIENT,True,1,False
N0,margin_0.2,route_lookup-3-decisive_missing,route_lookup-3,decisive_missing,1,INSUFFICIENT,INSUFFICIENT,False,1,False
N0,margin_0.2,route_lookup-3-decisive_missing,route_lookup-3,decisive_missing,2,DENY,INSUFFICIENT,True,1,False
N0,margin_0.2,route_lookup-3-flip,route_lookup-3,flip,0,INSUFFICIENT,INSUFFICIENT,False,1,False
N0,margin_0.2,route_lookup-3-flip,route_lookup-3,flip,1,INSUFFICIENT,INSUFFICIENT,False,1,False
N0,margin_0.2,route_lookup-3-flip,route_lookup-3,flip,2,INSUFFICIENT,INSUFFICIENT,False,1,False
N0,margin_0.2,route_lookup-3-full,route_lookup-3,full,0,DENY,INSUFFICIENT,True,1,False
N0,margin_0.2,route_lookup-3-full,route_lookup-3,full,1,ALLOW,INSUFFICIENT,True,1,False
N0,margin_0.2,route_lookup-3-full,route_lookup-3,full,2,ALLOW,INSUFFICIENT,True,1,False
N0,margin_0.2,route_lookup-3-hold,route_lookup-3,hold,0,INSUFFICIENT,INSUFFICIENT,False,1,False
N0,margin_0.2,route_lookup-3-hold,route_lookup-3,hold,1,INSUFFICIENT,INSUFFICIENT,False,1,False
N0,margin_0.2,route_lookup-3-hold,route_lookup-3,hold,2,INSUFFICIENT,INSUFFICIENT,False,1,False
N0,margin_0.2,route_lookup-3-nondecisive_missing,route_lookup-3,nondecisive_missing,0,ALLOW,INSUFFICIENT,True,1,False
N0,margin_0.2,route_lookup-3-nondecisive_missing,route_lookup-3,nondecisive_missing,1,ALLOW,ALLOW,False,1,False
N0,margin_0.2,route_lookup-3-nondecisive_missing,route_lookup-3,nondecisive_missing,2,ALLOW,ALLOW,False,1,False
N0,margin_0.2,route_lookup-4-conflict,route_lookup-4,conflict,0,DENY,INSUFFICIENT,True,1,False
N0,margin_0.2,route_lookup-4-conflict,route_lookup-4,conflict,1,DENY,INSUFFICIENT,True,1,False
N0,margin_0.2,route_lookup-4-conflict,route_lookup-4,conflict,2,INSUFFICIENT,INSUFFICIENT,False,1,False
N0,margin_0.2,route_lookup-4-decisive_missing,route_lookup-4,decisive_missing,0,DENY,INSUFFICIENT,True,1,False
N0,margin_0.2,route_lookup-4-decisive_missing,route_lookup-4,decisive_missing,1,ALLOW,INSUFFICIENT,True,1,False
N0,margin_0.2,route_lookup-4-decisive_missing,route_lookup-4,decisive_missing,2,ALLOW,INSUFFICIENT,True,1,False
N0,margin_0.2,route_lookup-4-flip,route_lookup-4,flip,0,ALLOW,INSUFFICIENT,True,1,False
N0,margin_0.2,route_lookup-4-flip,route_lookup-4,flip,1,ALLOW,INSUFFICIENT,True,1,False
N0,margin_0.2,route_lookup-4-flip,route_lookup-4,flip,2,ALLOW,ALLOW,False,1,False
N0,margin_0.2,route_lookup-4-full,route_lookup-4,full,0,DENY,INSUFFICIENT,True,1,False
N0,margin_0.2,route_lookup-4-full,route_lookup-4,full,1,DENY,INSUFFICIENT,True,1,False
N0,margin_0.2,route_lookup-4-full,route_lookup-4,full,2,INSUFFICIENT,INSUFFICIENT,False,1,False
N0,margin_0.2,route_lookup-4-hold,route_lookup-4,hold,0,DENY,INSUFFICIENT,True,1,False
N0,margin_0.2,route_lookup-4-hold,route_lookup-4,hold,1,DENY,INSUFFICIENT,True,1,False
N0,margin_0.2,route_lookup-4-hold,route_lookup-4,hold,2,INSUFFICIENT,INSUFFICIENT,False,1,False
N0,margin_0.2,route_lookup-4-nondecisive_missing,route_lookup-4,nondecisive_missing,0,DENY,DENY,False,1,False
N0,margin_0.2,route_lookup-4-nondecisive_missing,route_lookup-4,nondecisive_missing,1,DENY,INSUFFICIENT,True,1,False
N0,margin_0.2,route_lookup-4-nondecisive_missing,route_lookup-4,nondecisive_missing,2,INSUFFICIENT,INSUFFICIENT,False,1,False
N0,margin_0.5,joint_approval-1-conflict,joint_approval-1,conflict,0,INSUFFICIENT,INSUFFICIENT,False,1,False
N0,margin_0.5,joint_approval-1-conflict,joint_approval-1,conflict,1,DENY,INSUFFICIENT,True,1,False
N0,margin_0.5,joint_approval-1-conflict,joint_approval-1,conflict,2,ALLOW,INSUFFICIENT,True,1,False
N0,margin_0.5,joint_approval-1-decisive_missing,joint_approval-1,decisive_missing,0,INSUFFICIENT,INSUFFICIENT,False,1,False
N0,margin_0.5,joint_approval-1-decisive_missing,joint_approval-1,decisive_missing,1,INSUFFICIENT,INSUFFICIENT,False,1,False
N0,margin_0.5,joint_approval-1-decisive_missing,joint_approval-1,decisive_missing,2,INSUFFICIENT,INSUFFICIENT,False,1,False
N0,margin_0.5,joint_approval-1-flip,joint_approval-1,flip,0,INSUFFICIENT,INSUFFICIENT,False,1,False
N0,margin_0.5,joint_approval-1-flip,joint_approval-1,flip,1,INSUFFICIENT,INSUFFICIENT,False,1,False
N0,margin_0.5,joint_approval-1-flip,joint_approval-1,flip,2,DENY,INSUFFICIENT,True,1,False
N0,margin_0.5,joint_approval-1-full,joint_approval-1,full,0,ALLOW,INSUFFICIENT,True,1,False
N0,margin_0.5,joint_approval-1-full,joint_approval-1,full,1,ALLOW,INSUFFICIENT,True,1,False
N0,margin_0.5,joint_approval-1-full,joint_approval-1,full,2,ALLOW,INSUFFICIENT,True,1,False
N0,margin_0.5,joint_approval-1-hold,joint_approval-1,hold,0,ALLOW,INSUFFICIENT,True,1,False
N0,margin_0.5,joint_approval-1-hold,joint_approval-1,hold,1,ALLOW,INSUFFICIENT,True,1,False
N0,margin_0.5,joint_approval-1-hold,joint_approval-1,hold,2,ALLOW,INSUFFICIENT,True,1,False
N0,margin_0.5,joint_approval-1-nondecisive_missing,joint_approval-1,nondecisive_missing,0,ALLOW,INSUFFICIENT,True,1,False
N0,margin_0.5,joint_approval-1-nondecisive_missing,joint_approval-1,nondecisive_missing,1,ALLOW,INSUFFICIENT,True,1,False
N0,margin_0.5,joint_approval-1-nondecisive_missing,joint_approval-1,nondecisive_missing,2,ALLOW,INSUFFICIENT,True,1,False
N0,margin_0.5,joint_approval-2-conflict,joint_approval-2,conflict,0,DENY,INSUFFICIENT,True,1,False
N0,margin_0.5,joint_approval-2-conflict,joint_approval-2,conflict,1,ALLOW,INSUFFICIENT,True,1,False
N0,margin_0.5,joint_approval-2-conflict,joint_approval-2,conflict,2,INSUFFICIENT,INSUFFICIENT,False,1,False
N0,margin_0.5,joint_approval-2-decisive_missing,joint_approval-2,decisive_missing,0,INSUFFICIENT,INSUFFICIENT,False,1,False
N0,margin_0.5,joint_approval-2-decisive_missing,joint_approval-2,decisive_missing,1,ALLOW,INSUFFICIENT,True,1,False
N0,margin_0.5,joint_approval-2-decisive_missing,joint_approval-2,decisive_missing,2,ALLOW,INSUFFICIENT,True,1,False
N0,margin_0.5,joint_approval-2-flip,joint_approval-2,flip,0,INSUFFICIENT,INSUFFICIENT,False,1,False
N0,margin_0.5,joint_approval-2-flip,joint_approval-2,flip,1,ALLOW,INSUFFICIENT,True,1,False
N0,margin_0.5,joint_approval-2-flip,joint_approval-2,flip,2,ALLOW,INSUFFICIENT,True,1,False
N0,margin_0.5,joint_approval-2-full,joint_approval-2,full,0,DENY,INSUFFICIENT,True,1,False
N0,margin_0.5,joint_approval-2-full,joint_approval-2,full,1,INSUFFICIENT,INSUFFICIENT,False,1,False
N0,margin_0.5,joint_approval-2-full,joint_approval-2,full,2,DENY,INSUFFICIENT,True,1,False
N0,margin_0.5,joint_approval-2-hold,joint_approval-2,hold,0,ALLOW,INSUFFICIENT,True,1,False
N0,margin_0.5,joint_approval-2-hold,joint_approval-2,hold,1,ALLOW,INSUFFICIENT,True,1,False
N0,margin_0.5,joint_approval-2-hold,joint_approval-2,hold,2,ALLOW,INSUFFICIENT,True,1,False
N0,margin_0.5,joint_approval-2-nondecisive_missing,joint_approval-2,nondecisive_missing,0,DENY,INSUFFICIENT,True,1,False
N0,margin_0.5,joint_approval-2-nondecisive_missing,joint_approval-2,nondecisive_missing,1,INSUFFICIENT,INSUFFICIENT,False,1,False
N0,margin_0.5,joint_approval-2-nondecisive_missing,joint_approval-2,nondecisive_missing,2,DENY,INSUFFICIENT,True,1,False
N0,margin_0.5,joint_approval-3-conflict,joint_approval-3,conflict,0,DENY,INSUFFICIENT,True,1,False
N0,margin_0.5,joint_approval-3-conflict,joint_approval-3,conflict,1,INSUFFICIENT,INSUFFICIENT,False,1,False
N0,margin_0.5,joint_approval-3-conflict,joint_approval-3,conflict,2,INSUFFICIENT,INSUFFICIENT,False,1,False
N0,margin_0.5,joint_approval-3-decisive_missing,joint_approval-3,decisive_missing,0,DENY,INSUFFICIENT,True,1,False
N0,margin_0.5,joint_approval-3-decisive_missing,joint_approval-3,decisive_missing,1,INSUFFICIENT,INSUFFICIENT,False,1,False
N0,margin_0.5,joint_approval-3-decisive_missing,joint_approval-3,decisive_missing,2,DENY,INSUFFICIENT,True,1,False
N0,margin_0.5,joint_approval-3-flip,joint_approval-3,flip,0,DENY,INSUFFICIENT,True,1,False
N0,margin_0.5,joint_approval-3-flip,joint_approval-3,flip,1,INSUFFICIENT,INSUFFICIENT,False,1,False
N0,margin_0.5,joint_approval-3-flip,joint_approval-3,flip,2,DENY,INSUFFICIENT,True,1,False
N0,margin_0.5,joint_approval-3-full,joint_approval-3,full,0,INSUFFICIENT,INSUFFICIENT,False,1,False
N0,margin_0.5,joint_approval-3-full,joint_approval-3,full,1,ALLOW,INSUFFICIENT,True,1,False
N0,margin_0.5,joint_approval-3-full,joint_approval-3,full,2,ALLOW,INSUFFICIENT,True,1,False
N0,margin_0.5,joint_approval-3-hold,joint_approval-3,hold,0,ALLOW,INSUFFICIENT,True,1,False
N0,margin_0.5,joint_approval-3-hold,joint_approval-3,hold,1,ALLOW,INSUFFICIENT,True,1,False
N0,margin_0.5,joint_approval-3-hold,joint_approval-3,hold,2,ALLOW,INSUFFICIENT,True,1,False
N0,margin_0.5,joint_approval-3-nondecisive_missing,joint_approval-3,nondecisive_missing,0,ALLOW,INSUFFICIENT,True,1,False
N0,margin_0.5,joint_approval-3-nondecisive_missing,joint_approval-3,nondecisive_missing,1,ALLOW,INSUFFICIENT,True,1,False
N0,margin_0.5,joint_approval-3-nondecisive_missing,joint_approval-3,nondecisive_missing,2,ALLOW,ALLOW,False,1,False
N0,margin_0.5,joint_approval-4-conflict,joint_approval-4,conflict,0,INSUFFICIENT,INSUFFICIENT,False,1,False
N0,margin_0.5,joint_approval-4-conflict,joint_approval-4,conflict,1,DENY,INSUFFICIENT,True,1,False
N0,margin_0.5,joint_approval-4-conflict,joint_approval-4,conflict,2,DENY,INSUFFICIENT,True,1,False
N0,margin_0.5,joint_approval-4-decisive_missing,joint_approval-4,decisive_missing,0,INSUFFICIENT,INSUFFICIENT,False,1,False
N0,margin_0.5,joint_approval-4-decisive_missing,joint_approval-4,decisive_missing,1,ALLOW,INSUFFICIENT,True,1,False
N0,margin_0.5,joint_approval-4-decisive_missing,joint_approval-4,decisive_missing,2,ALLOW,INSUFFICIENT,True,1,False
N0,margin_0.5,joint_approval-4-flip,joint_approval-4,flip,0,INSUFFICIENT,INSUFFICIENT,False,1,False
N0,margin_0.5,joint_approval-4-flip,joint_approval-4,flip,1,ALLOW,INSUFFICIENT,True,1,False
N0,margin_0.5,joint_approval-4-flip,joint_approval-4,flip,2,ALLOW,INSUFFICIENT,True,1,False
N0,margin_0.5,joint_approval-4-full,joint_approval-4,full,0,DENY,INSUFFICIENT,True,1,False
N0,margin_0.5,joint_approval-4-full,joint_approval-4,full,1,INSUFFICIENT,INSUFFICIENT,False,1,False
N0,margin_0.5,joint_approval-4-full,joint_approval-4,full,2,DENY,INSUFFICIENT,True,1,False
N0,margin_0.5,joint_approval-4-hold,joint_approval-4,hold,0,DENY,INSUFFICIENT,True,1,False
N0,margin_0.5,joint_approval-4-hold,joint_approval-4,hold,1,DENY,INSUFFICIENT,True,1,False
N0,margin_0.5,joint_approval-4-hold,joint_approval-4,hold,2,DENY,INSUFFICIENT,True,1,False
N0,margin_0.5,joint_approval-4-nondecisive_missing,joint_approval-4,nondecisive_missing,0,DENY,INSUFFICIENT,True,1,False
N0,margin_0.5,joint_approval-4-nondecisive_missing,joint_approval-4,nondecisive_missing,1,INSUFFICIENT,INSUFFICIENT,False,1,False
N0,margin_0.5,joint_approval-4-nondecisive_missing,joint_approval-4,nondecisive_missing,2,DENY,INSUFFICIENT,True,1,False
N0,margin_0.5,reversal_exception-1-conflict,reversal_exception-1,conflict,0,DENY,INSUFFICIENT,True,1,False
N0,margin_0.5,reversal_exception-1-conflict,reversal_exception-1,conflict,1,ALLOW,INSUFFICIENT,True,1,False
N0,margin_0.5,reversal_exception-1-conflict,reversal_exception-1,conflict,2,ALLOW,INSUFFICIENT,True,1,False
N0,margin_0.5,reversal_exception-1-decisive_missing,reversal_exception-1,decisive_missing,0,ALLOW,INSUFFICIENT,True,1,False
N0,margin_0.5,reversal_exception-1-decisive_missing,reversal_exception-1,decisive_missing,1,ALLOW,INSUFFICIENT,True,1,False
N0,margin_0.5,reversal_exception-1-decisive_missing,reversal_exception-1,decisive_missing,2,ALLOW,ALLOW,False,1,False
N0,margin_0.5,reversal_exception-1-flip,reversal_exception-1,flip,0,DENY,INSUFFICIENT,True,1,False
N0,margin_0.5,reversal_exception-1-flip,reversal_exception-1,flip,1,ALLOW,INSUFFICIENT,True,1,False
N0,margin_0.5,reversal_exception-1-flip,reversal_exception-1,flip,2,ALLOW,INSUFFICIENT,True,1,False
N0,margin_0.5,reversal_exception-1-full,reversal_exception-1,full,0,DENY,INSUFFICIENT,True,1,False
N0,margin_0.5,reversal_exception-1-full,reversal_exception-1,full,1,ALLOW,INSUFFICIENT,True,1,False
N0,margin_0.5,reversal_exception-1-full,reversal_exception-1,full,2,ALLOW,INSUFFICIENT,True,1,False
N0,margin_0.5,reversal_exception-1-hold,reversal_exception-1,hold,0,DENY,INSUFFICIENT,True,1,False
N0,margin_0.5,reversal_exception-1-hold,reversal_exception-1,hold,1,INSUFFICIENT,INSUFFICIENT,False,1,False
N0,margin_0.5,reversal_exception-1-hold,reversal_exception-1,hold,2,ALLOW,INSUFFICIENT,True,1,False
N0,margin_0.5,reversal_exception-1-nondecisive_missing,reversal_exception-1,nondecisive_missing,0,DENY,INSUFFICIENT,True,1,False
N0,margin_0.5,reversal_exception-1-nondecisive_missing,reversal_exception-1,nondecisive_missing,1,ALLOW,INSUFFICIENT,True,1,False
N0,margin_0.5,reversal_exception-1-nondecisive_missing,reversal_exception-1,nondecisive_missing,2,ALLOW,ALLOW,False,1,False
N0,margin_0.5,reversal_exception-2-conflict,reversal_exception-2,conflict,0,DENY,INSUFFICIENT,True,1,False
N0,margin_0.5,reversal_exception-2-conflict,reversal_exception-2,conflict,1,ALLOW,INSUFFICIENT,True,1,False
N0,margin_0.5,reversal_exception-2-conflict,reversal_exception-2,conflict,2,ALLOW,INSUFFICIENT,True,1,False
N0,margin_0.5,reversal_exception-2-decisive_missing,reversal_exception-2,decisive_missing,0,ALLOW,INSUFFICIENT,True,1,False
N0,margin_0.5,reversal_exception-2-decisive_missing,reversal_exception-2,decisive_missing,1,ALLOW,INSUFFICIENT,True,1,False
N0,margin_0.5,reversal_exception-2-decisive_missing,reversal_exception-2,decisive_missing,2,ALLOW,INSUFFICIENT,True,1,False
N0,margin_0.5,reversal_exception-2-flip,reversal_exception-2,flip,0,INSUFFICIENT,INSUFFICIENT,False,1,False
N0,margin_0.5,reversal_exception-2-flip,reversal_exception-2,flip,1,ALLOW,INSUFFICIENT,True,1,False
N0,margin_0.5,reversal_exception-2-flip,reversal_exception-2,flip,2,ALLOW,INSUFFICIENT,True,1,False
N0,margin_0.5,reversal_exception-2-full,reversal_exception-2,full,0,DENY,INSUFFICIENT,True,1,False
N0,margin_0.5,reversal_exception-2-full,reversal_exception-2,full,1,ALLOW,INSUFFICIENT,True,1,False
N0,margin_0.5,reversal_exception-2-full,reversal_exception-2,full,2,ALLOW,INSUFFICIENT,True,1,False
N0,margin_0.5,reversal_exception-2-hold,reversal_exception-2,hold,0,ALLOW,INSUFFICIENT,True,1,False
N0,margin_0.5,reversal_exception-2-hold,reversal_exception-2,hold,1,ALLOW,INSUFFICIENT,True,1,False
N0,margin_0.5,reversal_exception-2-hold,reversal_exception-2,hold,2,ALLOW,INSUFFICIENT,True,1,False
N0,margin_0.5,reversal_exception-2-nondecisive_missing,reversal_exception-2,nondecisive_missing,0,DENY,INSUFFICIENT,True,1,False
N0,margin_0.5,reversal_exception-2-nondecisive_missing,reversal_exception-2,nondecisive_missing,1,ALLOW,INSUFFICIENT,True,1,False
N0,margin_0.5,reversal_exception-2-nondecisive_missing,reversal_exception-2,nondecisive_missing,2,ALLOW,INSUFFICIENT,True,1,False
N0,margin_0.5,reversal_exception-3-conflict,reversal_exception-3,conflict,0,DENY,INSUFFICIENT,True,1,False
N0,margin_0.5,reversal_exception-3-conflict,reversal_exception-3,conflict,1,DENY,INSUFFICIENT,True,1,False
N0,margin_0.5,reversal_exception-3-conflict,reversal_exception-3,conflict,2,ALLOW,INSUFFICIENT,True,1,False
N0,margin_0.5,reversal_exception-3-decisive_missing,reversal_exception-3,decisive_missing,0,DENY,INSUFFICIENT,True,1,False
N0,margin_0.5,reversal_exception-3-decisive_missing,reversal_exception-3,decisive_missing,1,INSUFFICIENT,INSUFFICIENT,False,1,False
N0,margin_0.5,reversal_exception-3-decisive_missing,reversal_exception-3,decisive_missing,2,ALLOW,INSUFFICIENT,True,1,False
N0,margin_0.5,reversal_exception-3-flip,reversal_exception-3,flip,0,DENY,INSUFFICIENT,True,1,False
N0,margin_0.5,reversal_exception-3-flip,reversal_exception-3,flip,1,INSUFFICIENT,INSUFFICIENT,False,1,False
N0,margin_0.5,reversal_exception-3-flip,reversal_exception-3,flip,2,ALLOW,INSUFFICIENT,True,1,False
N0,margin_0.5,reversal_exception-3-full,reversal_exception-3,full,0,DENY,INSUFFICIENT,True,1,False
N0,margin_0.5,reversal_exception-3-full,reversal_exception-3,full,1,DENY,INSUFFICIENT,True,1,False
N0,margin_0.5,reversal_exception-3-full,reversal_exception-3,full,2,ALLOW,INSUFFICIENT,True,1,False
N0,margin_0.5,reversal_exception-3-hold,reversal_exception-3,hold,0,DENY,INSUFFICIENT,True,1,False
N0,margin_0.5,reversal_exception-3-hold,reversal_exception-3,hold,1,INSUFFICIENT,INSUFFICIENT,False,1,False
N0,margin_0.5,reversal_exception-3-hold,reversal_exception-3,hold,2,DENY,INSUFFICIENT,True,1,False
N0,margin_0.5,reversal_exception-3-nondecisive_missing,reversal_exception-3,nondecisive_missing,0,DENY,INSUFFICIENT,True,1,False
N0,margin_0.5,reversal_exception-3-nondecisive_missing,reversal_exception-3,nondecisive_missing,1,DENY,INSUFFICIENT,True,1,False
N0,margin_0.5,reversal_exception-3-nondecisive_missing,reversal_exception-3,nondecisive_missing,2,ALLOW,INSUFFICIENT,True,1,False
N0,margin_0.5,reversal_exception-4-conflict,reversal_exception-4,conflict,0,DENY,INSUFFICIENT,True,1,False
N0,margin_0.5,reversal_exception-4-conflict,reversal_exception-4,conflict,1,DENY,INSUFFICIENT,True,1,False
N0,margin_0.5,reversal_exception-4-conflict,reversal_exception-4,conflict,2,DENY,INSUFFICIENT,True,1,False
N0,margin_0.5,reversal_exception-4-decisive_missing,reversal_exception-4,decisive_missing,0,DENY,INSUFFICIENT,True,1,False
N0,margin_0.5,reversal_exception-4-decisive_missing,reversal_exception-4,decisive_missing,1,DENY,INSUFFICIENT,True,1,False
N0,margin_0.5,reversal_exception-4-decisive_missing,reversal_exception-4,decisive_missing,2,ALLOW,INSUFFICIENT,True,1,False
N0,margin_0.5,reversal_exception-4-flip,reversal_exception-4,flip,0,DENY,INSUFFICIENT,True,1,False
N0,margin_0.5,reversal_exception-4-flip,reversal_exception-4,flip,1,DENY,INSUFFICIENT,True,1,False
N0,margin_0.5,reversal_exception-4-flip,reversal_exception-4,flip,2,ALLOW,INSUFFICIENT,True,1,False
N0,margin_0.5,reversal_exception-4-full,reversal_exception-4,full,0,DENY,INSUFFICIENT,True,1,False
N0,margin_0.5,reversal_exception-4-full,reversal_exception-4,full,1,DENY,INSUFFICIENT,True,1,False
N0,margin_0.5,reversal_exception-4-full,reversal_exception-4,full,2,DENY,INSUFFICIENT,True,1,False
N0,margin_0.5,reversal_exception-4-hold,reversal_exception-4,hold,0,DENY,INSUFFICIENT,True,1,False
N0,margin_0.5,reversal_exception-4-hold,reversal_exception-4,hold,1,DENY,INSUFFICIENT,True,1,False
N0,margin_0.5,reversal_exception-4-hold,reversal_exception-4,hold,2,DENY,INSUFFICIENT,True,1,False
N0,margin_0.5,reversal_exception-4-nondecisive_missing,reversal_exception-4,nondecisive_missing,0,DENY,INSUFFICIENT,True,1,False
N0,margin_0.5,reversal_exception-4-nondecisive_missing,reversal_exception-4,nondecisive_missing,1,DENY,INSUFFICIENT,True,1,False
N0,margin_0.5,reversal_exception-4-nondecisive_missing,reversal_exception-4,nondecisive_missing,2,DENY,INSUFFICIENT,True,1,False
N0,margin_0.5,route_lookup-1-conflict,route_lookup-1,conflict,0,ALLOW,INSUFFICIENT,True,1,False
N0,margin_0.5,route_lookup-1-conflict,route_lookup-1,conflict,1,DENY,INSUFFICIENT,True,1,False
N0,margin_0.5,route_lookup-1-conflict,route_lookup-1,conflict,2,ALLOW,INSUFFICIENT,True,1,False
N0,margin_0.5,route_lookup-1-decisive_missing,route_lookup-1,decisive_missing,0,DENY,INSUFFICIENT,True,1,False
N0,margin_0.5,route_lookup-1-decisive_missing,route_lookup-1,decisive_missing,1,ALLOW,INSUFFICIENT,True,1,False
N0,margin_0.5,route_lookup-1-decisive_missing,route_lookup-1,decisive_missing,2,ALLOW,INSUFFICIENT,True,1,False
N0,margin_0.5,route_lookup-1-flip,route_lookup-1,flip,0,DENY,INSUFFICIENT,True,1,False
N0,margin_0.5,route_lookup-1-flip,route_lookup-1,flip,1,DENY,INSUFFICIENT,True,1,False
N0,margin_0.5,route_lookup-1-flip,route_lookup-1,flip,2,ALLOW,INSUFFICIENT,True,1,False
N0,margin_0.5,route_lookup-1-full,route_lookup-1,full,0,ALLOW,INSUFFICIENT,True,1,False
N0,margin_0.5,route_lookup-1-full,route_lookup-1,full,1,ALLOW,INSUFFICIENT,True,1,False
N0,margin_0.5,route_lookup-1-full,route_lookup-1,full,2,ALLOW,INSUFFICIENT,True,1,False
N0,margin_0.5,route_lookup-1-hold,route_lookup-1,hold,0,DENY,INSUFFICIENT,True,1,False
N0,margin_0.5,route_lookup-1-hold,route_lookup-1,hold,1,DENY,INSUFFICIENT,True,1,False
N0,margin_0.5,route_lookup-1-hold,route_lookup-1,hold,2,INSUFFICIENT,INSUFFICIENT,False,1,False
N0,margin_0.5,route_lookup-1-nondecisive_missing,route_lookup-1,nondecisive_missing,0,ALLOW,INSUFFICIENT,True,1,False
N0,margin_0.5,route_lookup-1-nondecisive_missing,route_lookup-1,nondecisive_missing,1,ALLOW,INSUFFICIENT,True,1,False
N0,margin_0.5,route_lookup-1-nondecisive_missing,route_lookup-1,nondecisive_missing,2,ALLOW,INSUFFICIENT,True,1,False
N0,margin_0.5,route_lookup-2-conflict,route_lookup-2,conflict,0,DENY,INSUFFICIENT,True,1,False
N0,margin_0.5,route_lookup-2-conflict,route_lookup-2,conflict,1,DENY,INSUFFICIENT,True,1,False
N0,margin_0.5,route_lookup-2-conflict,route_lookup-2,conflict,2,INSUFFICIENT,INSUFFICIENT,False,1,False
N0,margin_0.5,route_lookup-2-decisive_missing,route_lookup-2,decisive_missing,0,DENY,INSUFFICIENT,True,1,False
N0,margin_0.5,route_lookup-2-decisive_missing,route_lookup-2,decisive_missing,1,ALLOW,INSUFFICIENT,True,1,False
N0,margin_0.5,route_lookup-2-decisive_missing,route_lookup-2,decisive_missing,2,ALLOW,INSUFFICIENT,True,1,False
N0,margin_0.5,route_lookup-2-flip,route_lookup-2,flip,0,DENY,INSUFFICIENT,True,1,False
N0,margin_0.5,route_lookup-2-flip,route_lookup-2,flip,1,DENY,INSUFFICIENT,True,1,False
N0,margin_0.5,route_lookup-2-flip,route_lookup-2,flip,2,INSUFFICIENT,INSUFFICIENT,False,1,False
N0,margin_0.5,route_lookup-2-full,route_lookup-2,full,0,DENY,INSUFFICIENT,True,1,False
N0,margin_0.5,route_lookup-2-full,route_lookup-2,full,1,DENY,INSUFFICIENT,True,1,False
N0,margin_0.5,route_lookup-2-full,route_lookup-2,full,2,DENY,INSUFFICIENT,True,1,False
N0,margin_0.5,route_lookup-2-hold,route_lookup-2,hold,0,ALLOW,INSUFFICIENT,True,1,False
N0,margin_0.5,route_lookup-2-hold,route_lookup-2,hold,1,ALLOW,INSUFFICIENT,True,1,False
N0,margin_0.5,route_lookup-2-hold,route_lookup-2,hold,2,ALLOW,INSUFFICIENT,True,1,False
N0,margin_0.5,route_lookup-2-nondecisive_missing,route_lookup-2,nondecisive_missing,0,DENY,INSUFFICIENT,True,1,False
N0,margin_0.5,route_lookup-2-nondecisive_missing,route_lookup-2,nondecisive_missing,1,DENY,INSUFFICIENT,True,1,False
N0,margin_0.5,route_lookup-2-nondecisive_missing,route_lookup-2,nondecisive_missing,2,INSUFFICIENT,INSUFFICIENT,False,1,False
N0,margin_0.5,route_lookup-3-conflict,route_lookup-3,conflict,0,INSUFFICIENT,INSUFFICIENT,False,1,False
N0,margin_0.5,route_lookup-3-conflict,route_lookup-3,conflict,1,INSUFFICIENT,INSUFFICIENT,False,1,False
N0,margin_0.5,route_lookup-3-conflict,route_lookup-3,conflict,2,ALLOW,INSUFFICIENT,True,1,False
N0,margin_0.5,route_lookup-3-decisive_missing,route_lookup-3,decisive_missing,0,DENY,INSUFFICIENT,True,1,False
N0,margin_0.5,route_lookup-3-decisive_missing,route_lookup-3,decisive_missing,1,INSUFFICIENT,INSUFFICIENT,False,1,False
N0,margin_0.5,route_lookup-3-decisive_missing,route_lookup-3,decisive_missing,2,DENY,INSUFFICIENT,True,1,False
N0,margin_0.5,route_lookup-3-flip,route_lookup-3,flip,0,INSUFFICIENT,INSUFFICIENT,False,1,False
N0,margin_0.5,route_lookup-3-flip,route_lookup-3,flip,1,INSUFFICIENT,INSUFFICIENT,False,1,False
N0,margin_0.5,route_lookup-3-flip,route_lookup-3,flip,2,INSUFFICIENT,INSUFFICIENT,False,1,False
N0,margin_0.5,route_lookup-3-full,route_lookup-3,full,0,DENY,INSUFFICIENT,True,1,False
N0,margin_0.5,route_lookup-3-full,route_lookup-3,full,1,ALLOW,INSUFFICIENT,True,1,False
N0,margin_0.5,route_lookup-3-full,route_lookup-3,full,2,ALLOW,INSUFFICIENT,True,1,False
N0,margin_0.5,route_lookup-3-hold,route_lookup-3,hold,0,INSUFFICIENT,INSUFFICIENT,False,1,False
N0,margin_0.5,route_lookup-3-hold,route_lookup-3,hold,1,INSUFFICIENT,INSUFFICIENT,False,1,False
N0,margin_0.5,route_lookup-3-hold,route_lookup-3,hold,2,INSUFFICIENT,INSUFFICIENT,False,1,False
N0,margin_0.5,route_lookup-3-nondecisive_missing,route_lookup-3,nondecisive_missing,0,ALLOW,INSUFFICIENT,True,1,False
N0,margin_0.5,route_lookup-3-nondecisive_missing,route_lookup-3,nondecisive_missing,1,ALLOW,INSUFFICIENT,True,1,False
N0,margin_0.5,route_lookup-3-nondecisive_missing,route_lookup-3,nondecisive_missing,2,ALLOW,INSUFFICIENT,True,1,False
N0,margin_0.5,route_lookup-4-conflict,route_lookup-4,conflict,0,DENY,INSUFFICIENT,True,1,False
N0,margin_0.5,route_lookup-4-conflict,route_lookup-4,conflict,1,DENY,INSUFFICIENT,True,1,False
N0,margin_0.5,route_lookup-4-conflict,route_lookup-4,conflict,2,INSUFFICIENT,INSUFFICIENT,False,1,False
N0,margin_0.5,route_lookup-4-decisive_missing,route_lookup-4,decisive_missing,0,DENY,INSUFFICIENT,True,1,False
N0,margin_0.5,route_lookup-4-decisive_missing,route_lookup-4,decisive_missing,1,ALLOW,INSUFFICIENT,True,1,False
N0,margin_0.5,route_lookup-4-decisive_missing,route_lookup-4,decisive_missing,2,ALLOW,INSUFFICIENT,True,1,False
N0,margin_0.5,route_lookup-4-flip,route_lookup-4,flip,0,ALLOW,INSUFFICIENT,True,1,False
N0,margin_0.5,route_lookup-4-flip,route_lookup-4,flip,1,ALLOW,INSUFFICIENT,True,1,False
N0,margin_0.5,route_lookup-4-flip,route_lookup-4,flip,2,ALLOW,INSUFFICIENT,True,1,False
N0,margin_0.5,route_lookup-4-full,route_lookup-4,full,0,DENY,INSUFFICIENT,True,1,False
N0,margin_0.5,route_lookup-4-full,route_lookup-4,full,1,DENY,INSUFFICIENT,True,1,False
N0,margin_0.5,route_lookup-4-full,route_lookup-4,full,2,INSUFFICIENT,INSUFFICIENT,False,1,False
N0,margin_0.5,route_lookup-4-hold,route_lookup-4,hold,0,DENY,INSUFFICIENT,True,1,False
N0,margin_0.5,route_lookup-4-hold,route_lookup-4,hold,1,DENY,INSUFFICIENT,True,1,False
N0,margin_0.5,route_lookup-4-hold,route_lookup-4,hold,2,INSUFFICIENT,INSUFFICIENT,False,1,False
N0,margin_0.5,route_lookup-4-nondecisive_missing,route_lookup-4,nondecisive_missing,0,DENY,INSUFFICIENT,True,1,False
N0,margin_0.5,route_lookup-4-nondecisive_missing,route_lookup-4,nondecisive_missing,1,DENY,INSUFFICIENT,True,1,False
N0,margin_0.5,route_lookup-4-nondecisive_missing,route_lookup-4,nondecisive_missing,2,INSUFFICIENT,INSUFFICIENT,False,1,False
N0,margin_0.8,joint_approval-1-conflict,joint_approval-1,conflict,0,INSUFFICIENT,INSUFFICIENT,False,1,False
N0,margin_0.8,joint_approval-1-conflict,joint_approval-1,conflict,1,DENY,INSUFFICIENT,True,1,False
N0,margin_0.8,joint_approval-1-conflict,joint_approval-1,conflict,2,ALLOW,INSUFFICIENT,True,1,False
N0,margin_0.8,joint_approval-1-decisive_missing,joint_approval-1,decisive_missing,0,INSUFFICIENT,INSUFFICIENT,False,1,False
N0,margin_0.8,joint_approval-1-decisive_missing,joint_approval-1,decisive_missing,1,INSUFFICIENT,INSUFFICIENT,False,1,False
N0,margin_0.8,joint_approval-1-decisive_missing,joint_approval-1,decisive_missing,2,INSUFFICIENT,INSUFFICIENT,False,1,False
N0,margin_0.8,joint_approval-1-flip,joint_approval-1,flip,0,INSUFFICIENT,INSUFFICIENT,False,1,False
N0,margin_0.8,joint_approval-1-flip,joint_approval-1,flip,1,INSUFFICIENT,INSUFFICIENT,False,1,False
N0,margin_0.8,joint_approval-1-flip,joint_approval-1,flip,2,DENY,INSUFFICIENT,True,1,False
N0,margin_0.8,joint_approval-1-full,joint_approval-1,full,0,ALLOW,INSUFFICIENT,True,1,False
N0,margin_0.8,joint_approval-1-full,joint_approval-1,full,1,ALLOW,INSUFFICIENT,True,1,False
N0,margin_0.8,joint_approval-1-full,joint_approval-1,full,2,ALLOW,INSUFFICIENT,True,1,False
N0,margin_0.8,joint_approval-1-hold,joint_approval-1,hold,0,ALLOW,INSUFFICIENT,True,1,False
N0,margin_0.8,joint_approval-1-hold,joint_approval-1,hold,1,ALLOW,INSUFFICIENT,True,1,False
N0,margin_0.8,joint_approval-1-hold,joint_approval-1,hold,2,ALLOW,INSUFFICIENT,True,1,False
N0,margin_0.8,joint_approval-1-nondecisive_missing,joint_approval-1,nondecisive_missing,0,ALLOW,INSUFFICIENT,True,1,False
N0,margin_0.8,joint_approval-1-nondecisive_missing,joint_approval-1,nondecisive_missing,1,ALLOW,INSUFFICIENT,True,1,False
N0,margin_0.8,joint_approval-1-nondecisive_missing,joint_approval-1,nondecisive_missing,2,ALLOW,INSUFFICIENT,True,1,False
N0,margin_0.8,joint_approval-2-conflict,joint_approval-2,conflict,0,DENY,INSUFFICIENT,True,1,False
N0,margin_0.8,joint_approval-2-conflict,joint_approval-2,conflict,1,ALLOW,INSUFFICIENT,True,1,False
N0,margin_0.8,joint_approval-2-conflict,joint_approval-2,conflict,2,INSUFFICIENT,INSUFFICIENT,False,1,False
N0,margin_0.8,joint_approval-2-decisive_missing,joint_approval-2,decisive_missing,0,INSUFFICIENT,INSUFFICIENT,False,1,False
N0,margin_0.8,joint_approval-2-decisive_missing,joint_approval-2,decisive_missing,1,ALLOW,INSUFFICIENT,True,1,False
N0,margin_0.8,joint_approval-2-decisive_missing,joint_approval-2,decisive_missing,2,ALLOW,INSUFFICIENT,True,1,False
N0,margin_0.8,joint_approval-2-flip,joint_approval-2,flip,0,INSUFFICIENT,INSUFFICIENT,False,1,False
N0,margin_0.8,joint_approval-2-flip,joint_approval-2,flip,1,ALLOW,INSUFFICIENT,True,1,False
N0,margin_0.8,joint_approval-2-flip,joint_approval-2,flip,2,ALLOW,INSUFFICIENT,True,1,False
N0,margin_0.8,joint_approval-2-full,joint_approval-2,full,0,DENY,INSUFFICIENT,True,1,False
N0,margin_0.8,joint_approval-2-full,joint_approval-2,full,1,INSUFFICIENT,INSUFFICIENT,False,1,False
N0,margin_0.8,joint_approval-2-full,joint_approval-2,full,2,DENY,INSUFFICIENT,True,1,False
N0,margin_0.8,joint_approval-2-hold,joint_approval-2,hold,0,ALLOW,INSUFFICIENT,True,1,False
N0,margin_0.8,joint_approval-2-hold,joint_approval-2,hold,1,ALLOW,INSUFFICIENT,True,1,False
N0,margin_0.8,joint_approval-2-hold,joint_approval-2,hold,2,ALLOW,INSUFFICIENT,True,1,False
N0,margin_0.8,joint_approval-2-nondecisive_missing,joint_approval-2,nondecisive_missing,0,DENY,INSUFFICIENT,True,1,False
N0,margin_0.8,joint_approval-2-nondecisive_missing,joint_approval-2,nondecisive_missing,1,INSUFFICIENT,INSUFFICIENT,False,1,False
N0,margin_0.8,joint_approval-2-nondecisive_missing,joint_approval-2,nondecisive_missing,2,DENY,INSUFFICIENT,True,1,False
N0,margin_0.8,joint_approval-3-conflict,joint_approval-3,conflict,0,DENY,INSUFFICIENT,True,1,False
N0,margin_0.8,joint_approval-3-conflict,joint_approval-3,conflict,1,INSUFFICIENT,INSUFFICIENT,False,1,False
N0,margin_0.8,joint_approval-3-conflict,joint_approval-3,conflict,2,INSUFFICIENT,INSUFFICIENT,False,1,False
N0,margin_0.8,joint_approval-3-decisive_missing,joint_approval-3,decisive_missing,0,DENY,INSUFFICIENT,True,1,False
N0,margin_0.8,joint_approval-3-decisive_missing,joint_approval-3,decisive_missing,1,INSUFFICIENT,INSUFFICIENT,False,1,False
N0,margin_0.8,joint_approval-3-decisive_missing,joint_approval-3,decisive_missing,2,DENY,INSUFFICIENT,True,1,False
N0,margin_0.8,joint_approval-3-flip,joint_approval-3,flip,0,DENY,INSUFFICIENT,True,1,False
N0,margin_0.8,joint_approval-3-flip,joint_approval-3,flip,1,INSUFFICIENT,INSUFFICIENT,False,1,False
N0,margin_0.8,joint_approval-3-flip,joint_approval-3,flip,2,DENY,INSUFFICIENT,True,1,False
N0,margin_0.8,joint_approval-3-full,joint_approval-3,full,0,INSUFFICIENT,INSUFFICIENT,False,1,False
N0,margin_0.8,joint_approval-3-full,joint_approval-3,full,1,ALLOW,INSUFFICIENT,True,1,False
N0,margin_0.8,joint_approval-3-full,joint_approval-3,full,2,ALLOW,INSUFFICIENT,True,1,False
N0,margin_0.8,joint_approval-3-hold,joint_approval-3,hold,0,ALLOW,INSUFFICIENT,True,1,False
N0,margin_0.8,joint_approval-3-hold,joint_approval-3,hold,1,ALLOW,INSUFFICIENT,True,1,False
N0,margin_0.8,joint_approval-3-hold,joint_approval-3,hold,2,ALLOW,INSUFFICIENT,True,1,False
N0,margin_0.8,joint_approval-3-nondecisive_missing,joint_approval-3,nondecisive_missing,0,ALLOW,INSUFFICIENT,True,1,False
N0,margin_0.8,joint_approval-3-nondecisive_missing,joint_approval-3,nondecisive_missing,1,ALLOW,INSUFFICIENT,True,1,False
N0,margin_0.8,joint_approval-3-nondecisive_missing,joint_approval-3,nondecisive_missing,2,ALLOW,INSUFFICIENT,True,1,False
N0,margin_0.8,joint_approval-4-conflict,joint_approval-4,conflict,0,INSUFFICIENT,INSUFFICIENT,False,1,False
N0,margin_0.8,joint_approval-4-conflict,joint_approval-4,conflict,1,DENY,INSUFFICIENT,True,1,False
N0,margin_0.8,joint_approval-4-conflict,joint_approval-4,conflict,2,DENY,INSUFFICIENT,True,1,False
N0,margin_0.8,joint_approval-4-decisive_missing,joint_approval-4,decisive_missing,0,INSUFFICIENT,INSUFFICIENT,False,1,False
N0,margin_0.8,joint_approval-4-decisive_missing,joint_approval-4,decisive_missing,1,ALLOW,INSUFFICIENT,True,1,False
N0,margin_0.8,joint_approval-4-decisive_missing,joint_approval-4,decisive_missing,2,ALLOW,INSUFFICIENT,True,1,False
N0,margin_0.8,joint_approval-4-flip,joint_approval-4,flip,0,INSUFFICIENT,INSUFFICIENT,False,1,False
N0,margin_0.8,joint_approval-4-flip,joint_approval-4,flip,1,ALLOW,INSUFFICIENT,True,1,False
N0,margin_0.8,joint_approval-4-flip,joint_approval-4,flip,2,ALLOW,INSUFFICIENT,True,1,False
N0,margin_0.8,joint_approval-4-full,joint_approval-4,full,0,DENY,INSUFFICIENT,True,1,False
N0,margin_0.8,joint_approval-4-full,joint_approval-4,full,1,INSUFFICIENT,INSUFFICIENT,False,1,False
N0,margin_0.8,joint_approval-4-full,joint_approval-4,full,2,DENY,INSUFFICIENT,True,1,False
N0,margin_0.8,joint_approval-4-hold,joint_approval-4,hold,0,DENY,INSUFFICIENT,True,1,False
N0,margin_0.8,joint_approval-4-hold,joint_approval-4,hold,1,DENY,INSUFFICIENT,True,1,False
N0,margin_0.8,joint_approval-4-hold,joint_approval-4,hold,2,DENY,INSUFFICIENT,True,1,False
N0,margin_0.8,joint_approval-4-nondecisive_missing,joint_approval-4,nondecisive_missing,0,DENY,INSUFFICIENT,True,1,False
N0,margin_0.8,joint_approval-4-nondecisive_missing,joint_approval-4,nondecisive_missing,1,INSUFFICIENT,INSUFFICIENT,False,1,False
N0,margin_0.8,joint_approval-4-nondecisive_missing,joint_approval-4,nondecisive_missing,2,DENY,INSUFFICIENT,True,1,False
N0,margin_0.8,reversal_exception-1-conflict,reversal_exception-1,conflict,0,DENY,INSUFFICIENT,True,1,False
N0,margin_0.8,reversal_exception-1-conflict,reversal_exception-1,conflict,1,ALLOW,INSUFFICIENT,True,1,False
N0,margin_0.8,reversal_exception-1-conflict,reversal_exception-1,conflict,2,ALLOW,INSUFFICIENT,True,1,False
N0,margin_0.8,reversal_exception-1-decisive_missing,reversal_exception-1,decisive_missing,0,ALLOW,INSUFFICIENT,True,1,False
N0,margin_0.8,reversal_exception-1-decisive_missing,reversal_exception-1,decisive_missing,1,ALLOW,INSUFFICIENT,True,1,False
N0,margin_0.8,reversal_exception-1-decisive_missing,reversal_exception-1,decisive_missing,2,ALLOW,INSUFFICIENT,True,1,False
N0,margin_0.8,reversal_exception-1-flip,reversal_exception-1,flip,0,DENY,INSUFFICIENT,True,1,False
N0,margin_0.8,reversal_exception-1-flip,reversal_exception-1,flip,1,ALLOW,INSUFFICIENT,True,1,False
N0,margin_0.8,reversal_exception-1-flip,reversal_exception-1,flip,2,ALLOW,INSUFFICIENT,True,1,False
N0,margin_0.8,reversal_exception-1-full,reversal_exception-1,full,0,DENY,INSUFFICIENT,True,1,False
N0,margin_0.8,reversal_exception-1-full,reversal_exception-1,full,1,ALLOW,INSUFFICIENT,True,1,False
N0,margin_0.8,reversal_exception-1-full,reversal_exception-1,full,2,ALLOW,INSUFFICIENT,True,1,False
N0,margin_0.8,reversal_exception-1-hold,reversal_exception-1,hold,0,DENY,INSUFFICIENT,True,1,False
N0,margin_0.8,reversal_exception-1-hold,reversal_exception-1,hold,1,INSUFFICIENT,INSUFFICIENT,False,1,False
N0,margin_0.8,reversal_exception-1-hold,reversal_exception-1,hold,2,ALLOW,INSUFFICIENT,True,1,False
N0,margin_0.8,reversal_exception-1-nondecisive_missing,reversal_exception-1,nondecisive_missing,0,DENY,INSUFFICIENT,True,1,False
N0,margin_0.8,reversal_exception-1-nondecisive_missing,reversal_exception-1,nondecisive_missing,1,ALLOW,INSUFFICIENT,True,1,False
N0,margin_0.8,reversal_exception-1-nondecisive_missing,reversal_exception-1,nondecisive_missing,2,ALLOW,INSUFFICIENT,True,1,False
N0,margin_0.8,reversal_exception-2-conflict,reversal_exception-2,conflict,0,DENY,INSUFFICIENT,True,1,False
N0,margin_0.8,reversal_exception-2-conflict,reversal_exception-2,conflict,1,ALLOW,INSUFFICIENT,True,1,False
N0,margin_0.8,reversal_exception-2-conflict,reversal_exception-2,conflict,2,ALLOW,INSUFFICIENT,True,1,False
N0,margin_0.8,reversal_exception-2-decisive_missing,reversal_exception-2,decisive_missing,0,ALLOW,INSUFFICIENT,True,1,False
N0,margin_0.8,reversal_exception-2-decisive_missing,reversal_exception-2,decisive_missing,1,ALLOW,INSUFFICIENT,True,1,False
N0,margin_0.8,reversal_exception-2-decisive_missing,reversal_exception-2,decisive_missing,2,ALLOW,INSUFFICIENT,True,1,False
N0,margin_0.8,reversal_exception-2-flip,reversal_exception-2,flip,0,INSUFFICIENT,INSUFFICIENT,False,1,False
N0,margin_0.8,reversal_exception-2-flip,reversal_exception-2,flip,1,ALLOW,INSUFFICIENT,True,1,False
N0,margin_0.8,reversal_exception-2-flip,reversal_exception-2,flip,2,ALLOW,INSUFFICIENT,True,1,False
N0,margin_0.8,reversal_exception-2-full,reversal_exception-2,full,0,DENY,INSUFFICIENT,True,1,False
N0,margin_0.8,reversal_exception-2-full,reversal_exception-2,full,1,ALLOW,INSUFFICIENT,True,1,False
N0,margin_0.8,reversal_exception-2-full,reversal_exception-2,full,2,ALLOW,INSUFFICIENT,True,1,False
N0,margin_0.8,reversal_exception-2-hold,reversal_exception-2,hold,0,ALLOW,INSUFFICIENT,True,1,False
N0,margin_0.8,reversal_exception-2-hold,reversal_exception-2,hold,1,ALLOW,INSUFFICIENT,True,1,False
N0,margin_0.8,reversal_exception-2-hold,reversal_exception-2,hold,2,ALLOW,INSUFFICIENT,True,1,False
N0,margin_0.8,reversal_exception-2-nondecisive_missing,reversal_exception-2,nondecisive_missing,0,DENY,INSUFFICIENT,True,1,False
N0,margin_0.8,reversal_exception-2-nondecisive_missing,reversal_exception-2,nondecisive_missing,1,ALLOW,INSUFFICIENT,True,1,False
N0,margin_0.8,reversal_exception-2-nondecisive_missing,reversal_exception-2,nondecisive_missing,2,ALLOW,INSUFFICIENT,True,1,False
N0,margin_0.8,reversal_exception-3-conflict,reversal_exception-3,conflict,0,DENY,INSUFFICIENT,True,1,False
N0,margin_0.8,reversal_exception-3-conflict,reversal_exception-3,conflict,1,DENY,INSUFFICIENT,True,1,False
N0,margin_0.8,reversal_exception-3-conflict,reversal_exception-3,conflict,2,ALLOW,INSUFFICIENT,True,1,False
N0,margin_0.8,reversal_exception-3-decisive_missing,reversal_exception-3,decisive_missing,0,DENY,INSUFFICIENT,True,1,False
N0,margin_0.8,reversal_exception-3-decisive_missing,reversal_exception-3,decisive_missing,1,INSUFFICIENT,INSUFFICIENT,False,1,False
N0,margin_0.8,reversal_exception-3-decisive_missing,reversal_exception-3,decisive_missing,2,ALLOW,INSUFFICIENT,True,1,False
N0,margin_0.8,reversal_exception-3-flip,reversal_exception-3,flip,0,DENY,INSUFFICIENT,True,1,False
N0,margin_0.8,reversal_exception-3-flip,reversal_exception-3,flip,1,INSUFFICIENT,INSUFFICIENT,False,1,False
N0,margin_0.8,reversal_exception-3-flip,reversal_exception-3,flip,2,ALLOW,INSUFFICIENT,True,1,False
N0,margin_0.8,reversal_exception-3-full,reversal_exception-3,full,0,DENY,INSUFFICIENT,True,1,False
N0,margin_0.8,reversal_exception-3-full,reversal_exception-3,full,1,DENY,INSUFFICIENT,True,1,False
N0,margin_0.8,reversal_exception-3-full,reversal_exception-3,full,2,ALLOW,INSUFFICIENT,True,1,False
N0,margin_0.8,reversal_exception-3-hold,reversal_exception-3,hold,0,DENY,INSUFFICIENT,True,1,False
N0,margin_0.8,reversal_exception-3-hold,reversal_exception-3,hold,1,INSUFFICIENT,INSUFFICIENT,False,1,False
N0,margin_0.8,reversal_exception-3-hold,reversal_exception-3,hold,2,DENY,INSUFFICIENT,True,1,False
N0,margin_0.8,reversal_exception-3-nondecisive_missing,reversal_exception-3,nondecisive_missing,0,DENY,INSUFFICIENT,True,1,False
N0,margin_0.8,reversal_exception-3-nondecisive_missing,reversal_exception-3,nondecisive_missing,1,DENY,INSUFFICIENT,True,1,False
N0,margin_0.8,reversal_exception-3-nondecisive_missing,reversal_exception-3,nondecisive_missing,2,ALLOW,INSUFFICIENT,True,1,False
N0,margin_0.8,reversal_exception-4-conflict,reversal_exception-4,conflict,0,DENY,INSUFFICIENT,True,1,False
N0,margin_0.8,reversal_exception-4-conflict,reversal_exception-4,conflict,1,DENY,INSUFFICIENT,True,1,False
N0,margin_0.8,reversal_exception-4-conflict,reversal_exception-4,conflict,2,DENY,INSUFFICIENT,True,1,False
N0,margin_0.8,reversal_exception-4-decisive_missing,reversal_exception-4,decisive_missing,0,DENY,INSUFFICIENT,True,1,False
N0,margin_0.8,reversal_exception-4-decisive_missing,reversal_exception-4,decisive_missing,1,DENY,INSUFFICIENT,True,1,False
N0,margin_0.8,reversal_exception-4-decisive_missing,reversal_exception-4,decisive_missing,2,ALLOW,INSUFFICIENT,True,1,False
N0,margin_0.8,reversal_exception-4-flip,reversal_exception-4,flip,0,DENY,INSUFFICIENT,True,1,False
N0,margin_0.8,reversal_exception-4-flip,reversal_exception-4,flip,1,DENY,INSUFFICIENT,True,1,False
N0,margin_0.8,reversal_exception-4-flip,reversal_exception-4,flip,2,ALLOW,INSUFFICIENT,True,1,False
N0,margin_0.8,reversal_exception-4-full,reversal_exception-4,full,0,DENY,INSUFFICIENT,True,1,False
N0,margin_0.8,reversal_exception-4-full,reversal_exception-4,full,1,DENY,INSUFFICIENT,True,1,False
N0,margin_0.8,reversal_exception-4-full,reversal_exception-4,full,2,DENY,INSUFFICIENT,True,1,False
N0,margin_0.8,reversal_exception-4-hold,reversal_exception-4,hold,0,DENY,INSUFFICIENT,True,1,False
N0,margin_0.8,reversal_exception-4-hold,reversal_exception-4,hold,1,DENY,INSUFFICIENT,True,1,False
N0,margin_0.8,reversal_exception-4-hold,reversal_exception-4,hold,2,DENY,INSUFFICIENT,True,1,False
N0,margin_0.8,reversal_exception-4-nondecisive_missing,reversal_exception-4,nondecisive_missing,0,DENY,INSUFFICIENT,True,1,False
N0,margin_0.8,reversal_exception-4-nondecisive_missing,reversal_exception-4,nondecisive_missing,1,DENY,INSUFFICIENT,True,1,False
N0,margin_0.8,reversal_exception-4-nondecisive_missing,reversal_exception-4,nondecisive_missing,2,DENY,INSUFFICIENT,True,1,False
N0,margin_0.8,route_lookup-1-conflict,route_lookup-1,conflict,0,ALLOW,INSUFFICIENT,True,1,False
N0,margin_0.8,route_lookup-1-conflict,route_lookup-1,conflict,1,DENY,INSUFFICIENT,True,1,False
N0,margin_0.8,route_lookup-1-conflict,route_lookup-1,conflict,2,ALLOW,INSUFFICIENT,True,1,False
N0,margin_0.8,route_lookup-1-decisive_missing,route_lookup-1,decisive_missing,0,DENY,INSUFFICIENT,True,1,False
N0,margin_0.8,route_lookup-1-decisive_missing,route_lookup-1,decisive_missing,1,ALLOW,INSUFFICIENT,True,1,False
N0,margin_0.8,route_lookup-1-decisive_missing,route_lookup-1,decisive_missing,2,ALLOW,INSUFFICIENT,True,1,False
N0,margin_0.8,route_lookup-1-flip,route_lookup-1,flip,0,DENY,INSUFFICIENT,True,1,False
N0,margin_0.8,route_lookup-1-flip,route_lookup-1,flip,1,DENY,INSUFFICIENT,True,1,False
N0,margin_0.8,route_lookup-1-flip,route_lookup-1,flip,2,ALLOW,INSUFFICIENT,True,1,False
N0,margin_0.8,route_lookup-1-full,route_lookup-1,full,0,ALLOW,INSUFFICIENT,True,1,False
N0,margin_0.8,route_lookup-1-full,route_lookup-1,full,1,ALLOW,INSUFFICIENT,True,1,False
N0,margin_0.8,route_lookup-1-full,route_lookup-1,full,2,ALLOW,INSUFFICIENT,True,1,False
N0,margin_0.8,route_lookup-1-hold,route_lookup-1,hold,0,DENY,INSUFFICIENT,True,1,False
N0,margin_0.8,route_lookup-1-hold,route_lookup-1,hold,1,DENY,INSUFFICIENT,True,1,False
N0,margin_0.8,route_lookup-1-hold,route_lookup-1,hold,2,INSUFFICIENT,INSUFFICIENT,False,1,False
N0,margin_0.8,route_lookup-1-nondecisive_missing,route_lookup-1,nondecisive_missing,0,ALLOW,INSUFFICIENT,True,1,False
N0,margin_0.8,route_lookup-1-nondecisive_missing,route_lookup-1,nondecisive_missing,1,ALLOW,INSUFFICIENT,True,1,False
N0,margin_0.8,route_lookup-1-nondecisive_missing,route_lookup-1,nondecisive_missing,2,ALLOW,INSUFFICIENT,True,1,False
N0,margin_0.8,route_lookup-2-conflict,route_lookup-2,conflict,0,DENY,INSUFFICIENT,True,1,False
N0,margin_0.8,route_lookup-2-conflict,route_lookup-2,conflict,1,DENY,INSUFFICIENT,True,1,False
N0,margin_0.8,route_lookup-2-conflict,route_lookup-2,conflict,2,INSUFFICIENT,INSUFFICIENT,False,1,False
N0,margin_0.8,route_lookup-2-decisive_missing,route_lookup-2,decisive_missing,0,DENY,INSUFFICIENT,True,1,False
N0,margin_0.8,route_lookup-2-decisive_missing,route_lookup-2,decisive_missing,1,ALLOW,INSUFFICIENT,True,1,False
N0,margin_0.8,route_lookup-2-decisive_missing,route_lookup-2,decisive_missing,2,ALLOW,INSUFFICIENT,True,1,False
N0,margin_0.8,route_lookup-2-flip,route_lookup-2,flip,0,DENY,INSUFFICIENT,True,1,False
N0,margin_0.8,route_lookup-2-flip,route_lookup-2,flip,1,DENY,INSUFFICIENT,True,1,False
N0,margin_0.8,route_lookup-2-flip,route_lookup-2,flip,2,INSUFFICIENT,INSUFFICIENT,False,1,False
N0,margin_0.8,route_lookup-2-full,route_lookup-2,full,0,DENY,INSUFFICIENT,True,1,False
N0,margin_0.8,route_lookup-2-full,route_lookup-2,full,1,DENY,INSUFFICIENT,True,1,False
N0,margin_0.8,route_lookup-2-full,route_lookup-2,full,2,DENY,INSUFFICIENT,True,1,False
N0,margin_0.8,route_lookup-2-hold,route_lookup-2,hold,0,ALLOW,INSUFFICIENT,True,1,False
N0,margin_0.8,route_lookup-2-hold,route_lookup-2,hold,1,ALLOW,INSUFFICIENT,True,1,False
N0,margin_0.8,route_lookup-2-hold,route_lookup-2,hold,2,ALLOW,INSUFFICIENT,True,1,False
N0,margin_0.8,route_lookup-2-nondecisive_missing,route_lookup-2,nondecisive_missing,0,DENY,INSUFFICIENT,True,1,False
N0,margin_0.8,route_lookup-2-nondecisive_missing,route_lookup-2,nondecisive_missing,1,DENY,INSUFFICIENT,True,1,False
N0,margin_0.8,route_lookup-2-nondecisive_missing,route_lookup-2,nondecisive_missing,2,INSUFFICIENT,INSUFFICIENT,False,1,False
N0,margin_0.8,route_lookup-3-conflict,route_lookup-3,conflict,0,INSUFFICIENT,INSUFFICIENT,False,1,False
N0,margin_0.8,route_lookup-3-conflict,route_lookup-3,conflict,1,INSUFFICIENT,INSUFFICIENT,False,1,False
N0,margin_0.8,route_lookup-3-conflict,route_lookup-3,conflict,2,ALLOW,INSUFFICIENT,True,1,False
N0,margin_0.8,route_lookup-3-decisive_missing,route_lookup-3,decisive_missing,0,DENY,INSUFFICIENT,True,1,False
N0,margin_0.8,route_lookup-3-decisive_missing,route_lookup-3,decisive_missing,1,INSUFFICIENT,INSUFFICIENT,False,1,False
N0,margin_0.8,route_lookup-3-decisive_missing,route_lookup-3,decisive_missing,2,DENY,INSUFFICIENT,True,1,False
N0,margin_0.8,route_lookup-3-flip,route_lookup-3,flip,0,INSUFFICIENT,INSUFFICIENT,False,1,False
N0,margin_0.8,route_lookup-3-flip,route_lookup-3,flip,1,INSUFFICIENT,INSUFFICIENT,False,1,False
N0,margin_0.8,route_lookup-3-flip,route_lookup-3,flip,2,INSUFFICIENT,INSUFFICIENT,False,1,False
N0,margin_0.8,route_lookup-3-full,route_lookup-3,full,0,DENY,INSUFFICIENT,True,1,False
N0,margin_0.8,route_lookup-3-full,route_lookup-3,full,1,ALLOW,INSUFFICIENT,True,1,False
N0,margin_0.8,route_lookup-3-full,route_lookup-3,full,2,ALLOW,INSUFFICIENT,True,1,False
N0,margin_0.8,route_lookup-3-hold,route_lookup-3,hold,0,INSUFFICIENT,INSUFFICIENT,False,1,False
N0,margin_0.8,route_lookup-3-hold,route_lookup-3,hold,1,INSUFFICIENT,INSUFFICIENT,False,1,False
N0,margin_0.8,route_lookup-3-hold,route_lookup-3,hold,2,INSUFFICIENT,INSUFFICIENT,False,1,False
N0,margin_0.8,route_lookup-3-nondecisive_missing,route_lookup-3,nondecisive_missing,0,ALLOW,INSUFFICIENT,True,1,False
N0,margin_0.8,route_lookup-3-nondecisive_missing,route_lookup-3,nondecisive_missing,1,ALLOW,INSUFFICIENT,True,1,False
N0,margin_0.8,route_lookup-3-nondecisive_missing,route_lookup-3,nondecisive_missing,2,ALLOW,INSUFFICIENT,True,1,False
N0,margin_0.8,route_lookup-4-conflict,route_lookup-4,conflict,0,DENY,INSUFFICIENT,True,1,False
N0,margin_0.8,route_lookup-4-conflict,route_lookup-4,conflict,1,DENY,INSUFFICIENT,True,1,False
N0,margin_0.8,route_lookup-4-conflict,route_lookup-4,conflict,2,INSUFFICIENT,INSUFFICIENT,False,1,False
N0,margin_0.8,route_lookup-4-decisive_missing,route_lookup-4,decisive_missing,0,DENY,INSUFFICIENT,True,1,False
N0,margin_0.8,route_lookup-4-decisive_missing,route_lookup-4,decisive_missing,1,ALLOW,INSUFFICIENT,True,1,False
N0,margin_0.8,route_lookup-4-decisive_missing,route_lookup-4,decisive_missing,2,ALLOW,INSUFFICIENT,True,1,False
N0,margin_0.8,route_lookup-4-flip,route_lookup-4,flip,0,ALLOW,INSUFFICIENT,True,1,False
N0,margin_0.8,route_lookup-4-flip,route_lookup-4,flip,1,ALLOW,INSUFFICIENT,True,1,False
N0,margin_0.8,route_lookup-4-flip,route_lookup-4,flip,2,ALLOW,INSUFFICIENT,True,1,False
N0,margin_0.8,route_lookup-4-full,route_lookup-4,full,0,DENY,INSUFFICIENT,True,1,False
N0,margin_0.8,route_lookup-4-full,route_lookup-4,full,1,DENY,INSUFFICIENT,True,1,False
N0,margin_0.8,route_lookup-4-full,route_lookup-4,full,2,INSUFFICIENT,INSUFFICIENT,False,1,False
N0,margin_0.8,route_lookup-4-hold,route_lookup-4,hold,0,DENY,INSUFFICIENT,True,1,False
N0,margin_0.8,route_lookup-4-hold,route_lookup-4,hold,1,DENY,INSUFFICIENT,True,1,False
N0,margin_0.8,route_lookup-4-hold,route_lookup-4,hold,2,INSUFFICIENT,INSUFFICIENT,False,1,False
N0,margin_0.8,route_lookup-4-nondecisive_missing,route_lookup-4,nondecisive_missing,0,DENY,INSUFFICIENT,True,1,False
N0,margin_0.8,route_lookup-4-nondecisive_missing,route_lookup-4,nondecisive_missing,1,DENY,INSUFFICIENT,True,1,False
N0,margin_0.8,route_lookup-4-nondecisive_missing,route_lookup-4,nondecisive_missing,2,INSUFFICIENT,INSUFFICIENT,False,1,False
N0,margin_0.95,joint_approval-1-conflict,joint_approval-1,conflict,0,INSUFFICIENT,INSUFFICIENT,False,1,False
N0,margin_0.95,joint_approval-1-conflict,joint_approval-1,conflict,1,DENY,INSUFFICIENT,True,1,False
N0,margin_0.95,joint_approval-1-conflict,joint_approval-1,conflict,2,ALLOW,INSUFFICIENT,True,1,False
N0,margin_0.95,joint_approval-1-decisive_missing,joint_approval-1,decisive_missing,0,INSUFFICIENT,INSUFFICIENT,False,1,False
N0,margin_0.95,joint_approval-1-decisive_missing,joint_approval-1,decisive_missing,1,INSUFFICIENT,INSUFFICIENT,False,1,False
N0,margin_0.95,joint_approval-1-decisive_missing,joint_approval-1,decisive_missing,2,INSUFFICIENT,INSUFFICIENT,False,1,False
N0,margin_0.95,joint_approval-1-flip,joint_approval-1,flip,0,INSUFFICIENT,INSUFFICIENT,False,1,False
N0,margin_0.95,joint_approval-1-flip,joint_approval-1,flip,1,INSUFFICIENT,INSUFFICIENT,False,1,False
N0,margin_0.95,joint_approval-1-flip,joint_approval-1,flip,2,DENY,INSUFFICIENT,True,1,False
N0,margin_0.95,joint_approval-1-full,joint_approval-1,full,0,ALLOW,INSUFFICIENT,True,1,False
N0,margin_0.95,joint_approval-1-full,joint_approval-1,full,1,ALLOW,INSUFFICIENT,True,1,False
N0,margin_0.95,joint_approval-1-full,joint_approval-1,full,2,ALLOW,INSUFFICIENT,True,1,False
N0,margin_0.95,joint_approval-1-hold,joint_approval-1,hold,0,ALLOW,INSUFFICIENT,True,1,False
N0,margin_0.95,joint_approval-1-hold,joint_approval-1,hold,1,ALLOW,INSUFFICIENT,True,1,False
N0,margin_0.95,joint_approval-1-hold,joint_approval-1,hold,2,ALLOW,INSUFFICIENT,True,1,False
N0,margin_0.95,joint_approval-1-nondecisive_missing,joint_approval-1,nondecisive_missing,0,ALLOW,INSUFFICIENT,True,1,False
N0,margin_0.95,joint_approval-1-nondecisive_missing,joint_approval-1,nondecisive_missing,1,ALLOW,INSUFFICIENT,True,1,False
N0,margin_0.95,joint_approval-1-nondecisive_missing,joint_approval-1,nondecisive_missing,2,ALLOW,INSUFFICIENT,True,1,False
N0,margin_0.95,joint_approval-2-conflict,joint_approval-2,conflict,0,DENY,INSUFFICIENT,True,1,False
N0,margin_0.95,joint_approval-2-conflict,joint_approval-2,conflict,1,ALLOW,INSUFFICIENT,True,1,False
N0,margin_0.95,joint_approval-2-conflict,joint_approval-2,conflict,2,INSUFFICIENT,INSUFFICIENT,False,1,False
N0,margin_0.95,joint_approval-2-decisive_missing,joint_approval-2,decisive_missing,0,INSUFFICIENT,INSUFFICIENT,False,1,False
N0,margin_0.95,joint_approval-2-decisive_missing,joint_approval-2,decisive_missing,1,ALLOW,INSUFFICIENT,True,1,False
N0,margin_0.95,joint_approval-2-decisive_missing,joint_approval-2,decisive_missing,2,ALLOW,INSUFFICIENT,True,1,False
N0,margin_0.95,joint_approval-2-flip,joint_approval-2,flip,0,INSUFFICIENT,INSUFFICIENT,False,1,False
N0,margin_0.95,joint_approval-2-flip,joint_approval-2,flip,1,ALLOW,INSUFFICIENT,True,1,False
N0,margin_0.95,joint_approval-2-flip,joint_approval-2,flip,2,ALLOW,INSUFFICIENT,True,1,False
N0,margin_0.95,joint_approval-2-full,joint_approval-2,full,0,DENY,INSUFFICIENT,True,1,False
N0,margin_0.95,joint_approval-2-full,joint_approval-2,full,1,INSUFFICIENT,INSUFFICIENT,False,1,False
N0,margin_0.95,joint_approval-2-full,joint_approval-2,full,2,DENY,INSUFFICIENT,True,1,False
N0,margin_0.95,joint_approval-2-hold,joint_approval-2,hold,0,ALLOW,INSUFFICIENT,True,1,False
N0,margin_0.95,joint_approval-2-hold,joint_approval-2,hold,1,ALLOW,INSUFFICIENT,True,1,False
N0,margin_0.95,joint_approval-2-hold,joint_approval-2,hold,2,ALLOW,INSUFFICIENT,True,1,False
N0,margin_0.95,joint_approval-2-nondecisive_missing,joint_approval-2,nondecisive_missing,0,DENY,INSUFFICIENT,True,1,False
N0,margin_0.95,joint_approval-2-nondecisive_missing,joint_approval-2,nondecisive_missing,1,INSUFFICIENT,INSUFFICIENT,False,1,False
N0,margin_0.95,joint_approval-2-nondecisive_missing,joint_approval-2,nondecisive_missing,2,DENY,INSUFFICIENT,True,1,False
N0,margin_0.95,joint_approval-3-conflict,joint_approval-3,conflict,0,DENY,INSUFFICIENT,True,1,False
N0,margin_0.95,joint_approval-3-conflict,joint_approval-3,conflict,1,INSUFFICIENT,INSUFFICIENT,False,1,False
N0,margin_0.95,joint_approval-3-conflict,joint_approval-3,conflict,2,INSUFFICIENT,INSUFFICIENT,False,1,False
N0,margin_0.95,joint_approval-3-decisive_missing,joint_approval-3,decisive_missing,0,DENY,INSUFFICIENT,True,1,False
N0,margin_0.95,joint_approval-3-decisive_missing,joint_approval-3,decisive_missing,1,INSUFFICIENT,INSUFFICIENT,False,1,False
N0,margin_0.95,joint_approval-3-decisive_missing,joint_approval-3,decisive_missing,2,DENY,INSUFFICIENT,True,1,False
N0,margin_0.95,joint_approval-3-flip,joint_approval-3,flip,0,DENY,INSUFFICIENT,True,1,False
N0,margin_0.95,joint_approval-3-flip,joint_approval-3,flip,1,INSUFFICIENT,INSUFFICIENT,False,1,False
N0,margin_0.95,joint_approval-3-flip,joint_approval-3,flip,2,DENY,INSUFFICIENT,True,1,False
N0,margin_0.95,joint_approval-3-full,joint_approval-3,full,0,INSUFFICIENT,INSUFFICIENT,False,1,False
N0,margin_0.95,joint_approval-3-full,joint_approval-3,full,1,ALLOW,INSUFFICIENT,True,1,False
N0,margin_0.95,joint_approval-3-full,joint_approval-3,full,2,ALLOW,INSUFFICIENT,True,1,False
N0,margin_0.95,joint_approval-3-hold,joint_approval-3,hold,0,ALLOW,INSUFFICIENT,True,1,False
N0,margin_0.95,joint_approval-3-hold,joint_approval-3,hold,1,ALLOW,INSUFFICIENT,True,1,False
N0,margin_0.95,joint_approval-3-hold,joint_approval-3,hold,2,ALLOW,INSUFFICIENT,True,1,False
N0,margin_0.95,joint_approval-3-nondecisive_missing,joint_approval-3,nondecisive_missing,0,ALLOW,INSUFFICIENT,True,1,False
N0,margin_0.95,joint_approval-3-nondecisive_missing,joint_approval-3,nondecisive_missing,1,ALLOW,INSUFFICIENT,True,1,False
N0,margin_0.95,joint_approval-3-nondecisive_missing,joint_approval-3,nondecisive_missing,2,ALLOW,INSUFFICIENT,True,1,False
N0,margin_0.95,joint_approval-4-conflict,joint_approval-4,conflict,0,INSUFFICIENT,INSUFFICIENT,False,1,False
N0,margin_0.95,joint_approval-4-conflict,joint_approval-4,conflict,1,DENY,INSUFFICIENT,True,1,False
N0,margin_0.95,joint_approval-4-conflict,joint_approval-4,conflict,2,DENY,INSUFFICIENT,True,1,False
N0,margin_0.95,joint_approval-4-decisive_missing,joint_approval-4,decisive_missing,0,INSUFFICIENT,INSUFFICIENT,False,1,False
N0,margin_0.95,joint_approval-4-decisive_missing,joint_approval-4,decisive_missing,1,ALLOW,INSUFFICIENT,True,1,False
N0,margin_0.95,joint_approval-4-decisive_missing,joint_approval-4,decisive_missing,2,ALLOW,INSUFFICIENT,True,1,False
N0,margin_0.95,joint_approval-4-flip,joint_approval-4,flip,0,INSUFFICIENT,INSUFFICIENT,False,1,False
N0,margin_0.95,joint_approval-4-flip,joint_approval-4,flip,1,ALLOW,INSUFFICIENT,True,1,False
N0,margin_0.95,joint_approval-4-flip,joint_approval-4,flip,2,ALLOW,INSUFFICIENT,True,1,False
N0,margin_0.95,joint_approval-4-full,joint_approval-4,full,0,DENY,INSUFFICIENT,True,1,False
N0,margin_0.95,joint_approval-4-full,joint_approval-4,full,1,INSUFFICIENT,INSUFFICIENT,False,1,False
N0,margin_0.95,joint_approval-4-full,joint_approval-4,full,2,DENY,INSUFFICIENT,True,1,False
N0,margin_0.95,joint_approval-4-hold,joint_approval-4,hold,0,DENY,INSUFFICIENT,True,1,False
N0,margin_0.95,joint_approval-4-hold,joint_approval-4,hold,1,DENY,INSUFFICIENT,True,1,False
N0,margin_0.95,joint_approval-4-hold,joint_approval-4,hold,2,DENY,INSUFFICIENT,True,1,False
N0,margin_0.95,joint_approval-4-nondecisive_missing,joint_approval-4,nondecisive_missing,0,DENY,INSUFFICIENT,True,1,False
N0,margin_0.95,joint_approval-4-nondecisive_missing,joint_approval-4,nondecisive_missing,1,INSUFFICIENT,INSUFFICIENT,False,1,False
N0,margin_0.95,joint_approval-4-nondecisive_missing,joint_approval-4,nondecisive_missing,2,DENY,INSUFFICIENT,True,1,False
N0,margin_0.95,reversal_exception-1-conflict,reversal_exception-1,conflict,0,DENY,INSUFFICIENT,True,1,False
N0,margin_0.95,reversal_exception-1-conflict,reversal_exception-1,conflict,1,ALLOW,INSUFFICIENT,True,1,False
N0,margin_0.95,reversal_exception-1-conflict,reversal_exception-1,conflict,2,ALLOW,INSUFFICIENT,True,1,False
N0,margin_0.95,reversal_exception-1-decisive_missing,reversal_exception-1,decisive_missing,0,ALLOW,INSUFFICIENT,True,1,False
N0,margin_0.95,reversal_exception-1-decisive_missing,reversal_exception-1,decisive_missing,1,ALLOW,INSUFFICIENT,True,1,False
N0,margin_0.95,reversal_exception-1-decisive_missing,reversal_exception-1,decisive_missing,2,ALLOW,INSUFFICIENT,True,1,False
N0,margin_0.95,reversal_exception-1-flip,reversal_exception-1,flip,0,DENY,INSUFFICIENT,True,1,False
N0,margin_0.95,reversal_exception-1-flip,reversal_exception-1,flip,1,ALLOW,INSUFFICIENT,True,1,False
N0,margin_0.95,reversal_exception-1-flip,reversal_exception-1,flip,2,ALLOW,INSUFFICIENT,True,1,False
N0,margin_0.95,reversal_exception-1-full,reversal_exception-1,full,0,DENY,INSUFFICIENT,True,1,False
N0,margin_0.95,reversal_exception-1-full,reversal_exception-1,full,1,ALLOW,INSUFFICIENT,True,1,False
N0,margin_0.95,reversal_exception-1-full,reversal_exception-1,full,2,ALLOW,INSUFFICIENT,True,1,False
N0,margin_0.95,reversal_exception-1-hold,reversal_exception-1,hold,0,DENY,INSUFFICIENT,True,1,False
N0,margin_0.95,reversal_exception-1-hold,reversal_exception-1,hold,1,INSUFFICIENT,INSUFFICIENT,False,1,False
N0,margin_0.95,reversal_exception-1-hold,reversal_exception-1,hold,2,ALLOW,INSUFFICIENT,True,1,False
N0,margin_0.95,reversal_exception-1-nondecisive_missing,reversal_exception-1,nondecisive_missing,0,DENY,INSUFFICIENT,True,1,False
N0,margin_0.95,reversal_exception-1-nondecisive_missing,reversal_exception-1,nondecisive_missing,1,ALLOW,INSUFFICIENT,True,1,False
N0,margin_0.95,reversal_exception-1-nondecisive_missing,reversal_exception-1,nondecisive_missing,2,ALLOW,INSUFFICIENT,True,1,False
N0,margin_0.95,reversal_exception-2-conflict,reversal_exception-2,conflict,0,DENY,INSUFFICIENT,True,1,False
N0,margin_0.95,reversal_exception-2-conflict,reversal_exception-2,conflict,1,ALLOW,INSUFFICIENT,True,1,False
N0,margin_0.95,reversal_exception-2-conflict,reversal_exception-2,conflict,2,ALLOW,INSUFFICIENT,True,1,False
N0,margin_0.95,reversal_exception-2-decisive_missing,reversal_exception-2,decisive_missing,0,ALLOW,INSUFFICIENT,True,1,False
N0,margin_0.95,reversal_exception-2-decisive_missing,reversal_exception-2,decisive_missing,1,ALLOW,INSUFFICIENT,True,1,False
N0,margin_0.95,reversal_exception-2-decisive_missing,reversal_exception-2,decisive_missing,2,ALLOW,INSUFFICIENT,True,1,False
N0,margin_0.95,reversal_exception-2-flip,reversal_exception-2,flip,0,INSUFFICIENT,INSUFFICIENT,False,1,False
N0,margin_0.95,reversal_exception-2-flip,reversal_exception-2,flip,1,ALLOW,INSUFFICIENT,True,1,False
N0,margin_0.95,reversal_exception-2-flip,reversal_exception-2,flip,2,ALLOW,INSUFFICIENT,True,1,False
N0,margin_0.95,reversal_exception-2-full,reversal_exception-2,full,0,DENY,INSUFFICIENT,True,1,False
N0,margin_0.95,reversal_exception-2-full,reversal_exception-2,full,1,ALLOW,INSUFFICIENT,True,1,False
N0,margin_0.95,reversal_exception-2-full,reversal_exception-2,full,2,ALLOW,INSUFFICIENT,True,1,False
N0,margin_0.95,reversal_exception-2-hold,reversal_exception-2,hold,0,ALLOW,INSUFFICIENT,True,1,False
N0,margin_0.95,reversal_exception-2-hold,reversal_exception-2,hold,1,ALLOW,INSUFFICIENT,True,1,False
N0,margin_0.95,reversal_exception-2-hold,reversal_exception-2,hold,2,ALLOW,INSUFFICIENT,True,1,False
N0,margin_0.95,reversal_exception-2-nondecisive_missing,reversal_exception-2,nondecisive_missing,0,DENY,INSUFFICIENT,True,1,False
N0,margin_0.95,reversal_exception-2-nondecisive_missing,reversal_exception-2,nondecisive_missing,1,ALLOW,INSUFFICIENT,True,1,False
N0,margin_0.95,reversal_exception-2-nondecisive_missing,reversal_exception-2,nondecisive_missing,2,ALLOW,INSUFFICIENT,True,1,False
N0,margin_0.95,reversal_exception-3-conflict,reversal_exception-3,conflict,0,DENY,INSUFFICIENT,True,1,False
N0,margin_0.95,reversal_exception-3-conflict,reversal_exception-3,conflict,1,DENY,INSUFFICIENT,True,1,False
N0,margin_0.95,reversal_exception-3-conflict,reversal_exception-3,conflict,2,ALLOW,INSUFFICIENT,True,1,False
N0,margin_0.95,reversal_exception-3-decisive_missing,reversal_exception-3,decisive_missing,0,DENY,INSUFFICIENT,True,1,False
N0,margin_0.95,reversal_exception-3-decisive_missing,reversal_exception-3,decisive_missing,1,INSUFFICIENT,INSUFFICIENT,False,1,False
N0,margin_0.95,reversal_exception-3-decisive_missing,reversal_exception-3,decisive_missing,2,ALLOW,INSUFFICIENT,True,1,False
N0,margin_0.95,reversal_exception-3-flip,reversal_exception-3,flip,0,DENY,INSUFFICIENT,True,1,False
N0,margin_0.95,reversal_exception-3-flip,reversal_exception-3,flip,1,INSUFFICIENT,INSUFFICIENT,False,1,False
N0,margin_0.95,reversal_exception-3-flip,reversal_exception-3,flip,2,ALLOW,INSUFFICIENT,True,1,False
N0,margin_0.95,reversal_exception-3-full,reversal_exception-3,full,0,DENY,INSUFFICIENT,True,1,False
N0,margin_0.95,reversal_exception-3-full,reversal_exception-3,full,1,DENY,INSUFFICIENT,True,1,False
N0,margin_0.95,reversal_exception-3-full,reversal_exception-3,full,2,ALLOW,INSUFFICIENT,True,1,False
N0,margin_0.95,reversal_exception-3-hold,reversal_exception-3,hold,0,DENY,INSUFFICIENT,True,1,False
N0,margin_0.95,reversal_exception-3-hold,reversal_exception-3,hold,1,INSUFFICIENT,INSUFFICIENT,False,1,False
N0,margin_0.95,reversal_exception-3-hold,reversal_exception-3,hold,2,DENY,INSUFFICIENT,True,1,False
N0,margin_0.95,reversal_exception-3-nondecisive_missing,reversal_exception-3,nondecisive_missing,0,DENY,INSUFFICIENT,True,1,False
N0,margin_0.95,reversal_exception-3-nondecisive_missing,reversal_exception-3,nondecisive_missing,1,DENY,INSUFFICIENT,True,1,False
N0,margin_0.95,reversal_exception-3-nondecisive_missing,reversal_exception-3,nondecisive_missing,2,ALLOW,INSUFFICIENT,True,1,False
N0,margin_0.95,reversal_exception-4-conflict,reversal_exception-4,conflict,0,DENY,INSUFFICIENT,True,1,False
N0,margin_0.95,reversal_exception-4-conflict,reversal_exception-4,conflict,1,DENY,INSUFFICIENT,True,1,False
N0,margin_0.95,reversal_exception-4-conflict,reversal_exception-4,conflict,2,DENY,INSUFFICIENT,True,1,False
N0,margin_0.95,reversal_exception-4-decisive_missing,reversal_exception-4,decisive_missing,0,DENY,INSUFFICIENT,True,1,False
N0,margin_0.95,reversal_exception-4-decisive_missing,reversal_exception-4,decisive_missing,1,DENY,INSUFFICIENT,True,1,False
N0,margin_0.95,reversal_exception-4-decisive_missing,reversal_exception-4,decisive_missing,2,ALLOW,INSUFFICIENT,True,1,False
N0,margin_0.95,reversal_exception-4-flip,reversal_exception-4,flip,0,DENY,INSUFFICIENT,True,1,False
N0,margin_0.95,reversal_exception-4-flip,reversal_exception-4,flip,1,DENY,INSUFFICIENT,True,1,False
N0,margin_0.95,reversal_exception-4-flip,reversal_exception-4,flip,2,ALLOW,INSUFFICIENT,True,1,False
N0,margin_0.95,reversal_exception-4-full,reversal_exception-4,full,0,DENY,INSUFFICIENT,True,1,False
N0,margin_0.95,reversal_exception-4-full,reversal_exception-4,full,1,DENY,INSUFFICIENT,True,1,False
N0,margin_0.95,reversal_exception-4-full,reversal_exception-4,full,2,DENY,INSUFFICIENT,True,1,False
N0,margin_0.95,reversal_exception-4-hold,reversal_exception-4,hold,0,DENY,INSUFFICIENT,True,1,False
N0,margin_0.95,reversal_exception-4-hold,reversal_exception-4,hold,1,DENY,INSUFFICIENT,True,1,False
N0,margin_0.95,reversal_exception-4-hold,reversal_exception-4,hold,2,DENY,INSUFFICIENT,True,1,False
N0,margin_0.95,reversal_exception-4-nondecisive_missing,reversal_exception-4,nondecisive_missing,0,DENY,INSUFFICIENT,True,1,False
N0,margin_0.95,reversal_exception-4-nondecisive_missing,reversal_exception-4,nondecisive_missing,1,DENY,INSUFFICIENT,True,1,False
N0,margin_0.95,reversal_exception-4-nondecisive_missing,reversal_exception-4,nondecisive_missing,2,DENY,INSUFFICIENT,True,1,False
N0,margin_0.95,route_lookup-1-conflict,route_lookup-1,conflict,0,ALLOW,INSUFFICIENT,True,1,False
N0,margin_0.95,route_lookup-1-conflict,route_lookup-1,conflict,1,DENY,INSUFFICIENT,True,1,False
N0,margin_0.95,route_lookup-1-conflict,route_lookup-1,conflict,2,ALLOW,INSUFFICIENT,True,1,False
N0,margin_0.95,route_lookup-1-decisive_missing,route_lookup-1,decisive_missing,0,DENY,INSUFFICIENT,True,1,False
N0,margin_0.95,route_lookup-1-decisive_missing,route_lookup-1,decisive_missing,1,ALLOW,INSUFFICIENT,True,1,False
N0,margin_0.95,route_lookup-1-decisive_missing,route_lookup-1,decisive_missing,2,ALLOW,INSUFFICIENT,True,1,False
N0,margin_0.95,route_lookup-1-flip,route_lookup-1,flip,0,DENY,INSUFFICIENT,True,1,False
N0,margin_0.95,route_lookup-1-flip,route_lookup-1,flip,1,DENY,INSUFFICIENT,True,1,False
N0,margin_0.95,route_lookup-1-flip,route_lookup-1,flip,2,ALLOW,INSUFFICIENT,True,1,False
N0,margin_0.95,route_lookup-1-full,route_lookup-1,full,0,ALLOW,INSUFFICIENT,True,1,False
N0,margin_0.95,route_lookup-1-full,route_lookup-1,full,1,ALLOW,INSUFFICIENT,True,1,False
N0,margin_0.95,route_lookup-1-full,route_lookup-1,full,2,ALLOW,INSUFFICIENT,True,1,False
N0,margin_0.95,route_lookup-1-hold,route_lookup-1,hold,0,DENY,INSUFFICIENT,True,1,False
N0,margin_0.95,route_lookup-1-hold,route_lookup-1,hold,1,DENY,INSUFFICIENT,True,1,False
N0,margin_0.95,route_lookup-1-hold,route_lookup-1,hold,2,INSUFFICIENT,INSUFFICIENT,False,1,False
N0,margin_0.95,route_lookup-1-nondecisive_missing,route_lookup-1,nondecisive_missing,0,ALLOW,INSUFFICIENT,True,1,False
N0,margin_0.95,route_lookup-1-nondecisive_missing,route_lookup-1,nondecisive_missing,1,ALLOW,INSUFFICIENT,True,1,False
N0,margin_0.95,route_lookup-1-nondecisive_missing,route_lookup-1,nondecisive_missing,2,ALLOW,INSUFFICIENT,True,1,False
N0,margin_0.95,route_lookup-2-conflict,route_lookup-2,conflict,0,DENY,INSUFFICIENT,True,1,False
N0,margin_0.95,route_lookup-2-conflict,route_lookup-2,conflict,1,DENY,INSUFFICIENT,True,1,False
N0,margin_0.95,route_lookup-2-conflict,route_lookup-2,conflict,2,INSUFFICIENT,INSUFFICIENT,False,1,False
N0,margin_0.95,route_lookup-2-decisive_missing,route_lookup-2,decisive_missing,0,DENY,INSUFFICIENT,True,1,False
N0,margin_0.95,route_lookup-2-decisive_missing,route_lookup-2,decisive_missing,1,ALLOW,INSUFFICIENT,True,1,False
N0,margin_0.95,route_lookup-2-decisive_missing,route_lookup-2,decisive_missing,2,ALLOW,INSUFFICIENT,True,1,False
N0,margin_0.95,route_lookup-2-flip,route_lookup-2,flip,0,DENY,INSUFFICIENT,True,1,False
N0,margin_0.95,route_lookup-2-flip,route_lookup-2,flip,1,DENY,INSUFFICIENT,True,1,False
N0,margin_0.95,route_lookup-2-flip,route_lookup-2,flip,2,INSUFFICIENT,INSUFFICIENT,False,1,False
N0,margin_0.95,route_lookup-2-full,route_lookup-2,full,0,DENY,INSUFFICIENT,True,1,False
N0,margin_0.95,route_lookup-2-full,route_lookup-2,full,1,DENY,INSUFFICIENT,True,1,False
N0,margin_0.95,route_lookup-2-full,route_lookup-2,full,2,DENY,INSUFFICIENT,True,1,False
N0,margin_0.95,route_lookup-2-hold,route_lookup-2,hold,0,ALLOW,INSUFFICIENT,True,1,False
N0,margin_0.95,route_lookup-2-hold,route_lookup-2,hold,1,ALLOW,INSUFFICIENT,True,1,False
N0,margin_0.95,route_lookup-2-hold,route_lookup-2,hold,2,ALLOW,INSUFFICIENT,True,1,False
N0,margin_0.95,route_lookup-2-nondecisive_missing,route_lookup-2,nondecisive_missing,0,DENY,INSUFFICIENT,True,1,False
N0,margin_0.95,route_lookup-2-nondecisive_missing,route_lookup-2,nondecisive_missing,1,DENY,INSUFFICIENT,True,1,False
N0,margin_0.95,route_lookup-2-nondecisive_missing,route_lookup-2,nondecisive_missing,2,INSUFFICIENT,INSUFFICIENT,False,1,False
N0,margin_0.95,route_lookup-3-conflict,route_lookup-3,conflict,0,INSUFFICIENT,INSUFFICIENT,False,1,False
N0,margin_0.95,route_lookup-3-conflict,route_lookup-3,conflict,1,INSUFFICIENT,INSUFFICIENT,False,1,False
N0,margin_0.95,route_lookup-3-conflict,route_lookup-3,conflict,2,ALLOW,INSUFFICIENT,True,1,False
N0,margin_0.95,route_lookup-3-decisive_missing,route_lookup-3,decisive_missing,0,DENY,INSUFFICIENT,True,1,False
N0,margin_0.95,route_lookup-3-decisive_missing,route_lookup-3,decisive_missing,1,INSUFFICIENT,INSUFFICIENT,False,1,False
N0,margin_0.95,route_lookup-3-decisive_missing,route_lookup-3,decisive_missing,2,DENY,INSUFFICIENT,True,1,False
N0,margin_0.95,route_lookup-3-flip,route_lookup-3,flip,0,INSUFFICIENT,INSUFFICIENT,False,1,False
N0,margin_0.95,route_lookup-3-flip,route_lookup-3,flip,1,INSUFFICIENT,INSUFFICIENT,False,1,False
N0,margin_0.95,route_lookup-3-flip,route_lookup-3,flip,2,INSUFFICIENT,INSUFFICIENT,False,1,False
N0,margin_0.95,route_lookup-3-full,route_lookup-3,full,0,DENY,INSUFFICIENT,True,1,False
N0,margin_0.95,route_lookup-3-full,route_lookup-3,full,1,ALLOW,INSUFFICIENT,True,1,False
N0,margin_0.95,route_lookup-3-full,route_lookup-3,full,2,ALLOW,INSUFFICIENT,True,1,False
N0,margin_0.95,route_lookup-3-hold,route_lookup-3,hold,0,INSUFFICIENT,INSUFFICIENT,False,1,False
N0,margin_0.95,route_lookup-3-hold,route_lookup-3,hold,1,INSUFFICIENT,INSUFFICIENT,False,1,False
N0,margin_0.95,route_lookup-3-hold,route_lookup-3,hold,2,INSUFFICIENT,INSUFFICIENT,False,1,False
N0,margin_0.95,route_lookup-3-nondecisive_missing,route_lookup-3,nondecisive_missing,0,ALLOW,INSUFFICIENT,True,1,False
N0,margin_0.95,route_lookup-3-nondecisive_missing,route_lookup-3,nondecisive_missing,1,ALLOW,INSUFFICIENT,True,1,False
N0,margin_0.95,route_lookup-3-nondecisive_missing,route_lookup-3,nondecisive_missing,2,ALLOW,INSUFFICIENT,True,1,False
N0,margin_0.95,route_lookup-4-conflict,route_lookup-4,conflict,0,DENY,INSUFFICIENT,True,1,False
N0,margin_0.95,route_lookup-4-conflict,route_lookup-4,conflict,1,DENY,INSUFFICIENT,True,1,False
N0,margin_0.95,route_lookup-4-conflict,route_lookup-4,conflict,2,INSUFFICIENT,INSUFFICIENT,False,1,False
N0,margin_0.95,route_lookup-4-decisive_missing,route_lookup-4,decisive_missing,0,DENY,INSUFFICIENT,True,1,False
N0,margin_0.95,route_lookup-4-decisive_missing,route_lookup-4,decisive_missing,1,ALLOW,INSUFFICIENT,True,1,False
N0,margin_0.95,route_lookup-4-decisive_missing,route_lookup-4,decisive_missing,2,ALLOW,INSUFFICIENT,True,1,False
N0,margin_0.95,route_lookup-4-flip,route_lookup-4,flip,0,ALLOW,INSUFFICIENT,True,1,False
N0,margin_0.95,route_lookup-4-flip,route_lookup-4,flip,1,ALLOW,INSUFFICIENT,True,1,False
N0,margin_0.95,route_lookup-4-flip,route_lookup-4,flip,2,ALLOW,INSUFFICIENT,True,1,False
N0,margin_0.95,route_lookup-4-full,route_lookup-4,full,0,DENY,INSUFFICIENT,True,1,False
N0,margin_0.95,route_lookup-4-full,route_lookup-4,full,1,DENY,INSUFFICIENT,True,1,False
N0,margin_0.95,route_lookup-4-full,route_lookup-4,full,2,INSUFFICIENT,INSUFFICIENT,False,1,False
N0,margin_0.95,route_lookup-4-hold,route_lookup-4,hold,0,DENY,INSUFFICIENT,True,1,False
N0,margin_0.95,route_lookup-4-hold,route_lookup-4,hold,1,DENY,INSUFFICIENT,True,1,False
N0,margin_0.95,route_lookup-4-hold,route_lookup-4,hold,2,INSUFFICIENT,INSUFFICIENT,False,1,False
N0,margin_0.95,route_lookup-4-nondecisive_missing,route_lookup-4,nondecisive_missing,0,DENY,INSUFFICIENT,True,1,False
N0,margin_0.95,route_lookup-4-nondecisive_missing,route_lookup-4,nondecisive_missing,1,DENY,INSUFFICIENT,True,1,False
N0,margin_0.95,route_lookup-4-nondecisive_missing,route_lookup-4,nondecisive_missing,2,INSUFFICIENT,INSUFFICIENT,False,1,False
N0,schema_presence,joint_approval-1-conflict,joint_approval-1,conflict,0,INSUFFICIENT,INSUFFICIENT,False,1,True
N0,schema_presence,joint_approval-1-conflict,joint_approval-1,conflict,1,DENY,INSUFFICIENT,True,1,True
N0,schema_presence,joint_approval-1-conflict,joint_approval-1,conflict,2,ALLOW,INSUFFICIENT,True,1,True
N0,schema_presence,joint_approval-1-decisive_missing,joint_approval-1,decisive_missing,0,INSUFFICIENT,INSUFFICIENT,False,1,True
N0,schema_presence,joint_approval-1-decisive_missing,joint_approval-1,decisive_missing,1,INSUFFICIENT,INSUFFICIENT,False,1,True
N0,schema_presence,joint_approval-1-decisive_missing,joint_approval-1,decisive_missing,2,INSUFFICIENT,INSUFFICIENT,False,1,True
N0,schema_presence,joint_approval-1-flip,joint_approval-1,flip,0,INSUFFICIENT,INSUFFICIENT,False,1,True
N0,schema_presence,joint_approval-1-flip,joint_approval-1,flip,1,INSUFFICIENT,INSUFFICIENT,False,1,True
N0,schema_presence,joint_approval-1-flip,joint_approval-1,flip,2,DENY,DENY,False,1,True
N0,schema_presence,joint_approval-1-full,joint_approval-1,full,0,ALLOW,ALLOW,False,1,True
N0,schema_presence,joint_approval-1-full,joint_approval-1,full,1,ALLOW,ALLOW,False,1,True
N0,schema_presence,joint_approval-1-full,joint_approval-1,full,2,ALLOW,ALLOW,False,1,True
N0,schema_presence,joint_approval-1-hold,joint_approval-1,hold,0,ALLOW,ALLOW,False,1,True
N0,schema_presence,joint_approval-1-hold,joint_approval-1,hold,1,ALLOW,ALLOW,False,1,True
N0,schema_presence,joint_approval-1-hold,joint_approval-1,hold,2,ALLOW,ALLOW,False,1,True
N0,schema_presence,joint_approval-1-nondecisive_missing,joint_approval-1,nondecisive_missing,0,ALLOW,ALLOW,False,1,True
N0,schema_presence,joint_approval-1-nondecisive_missing,joint_approval-1,nondecisive_missing,1,ALLOW,ALLOW,False,1,True
N0,schema_presence,joint_approval-1-nondecisive_missing,joint_approval-1,nondecisive_missing,2,ALLOW,ALLOW,False,1,True
N0,schema_presence,joint_approval-2-conflict,joint_approval-2,conflict,0,DENY,INSUFFICIENT,True,1,True
N0,schema_presence,joint_approval-2-conflict,joint_approval-2,conflict,1,ALLOW,INSUFFICIENT,True,1,True
N0,schema_presence,joint_approval-2-conflict,joint_approval-2,conflict,2,INSUFFICIENT,INSUFFICIENT,False,1,True
N0,schema_presence,joint_approval-2-decisive_missing,joint_approval-2,decisive_missing,0,INSUFFICIENT,INSUFFICIENT,False,1,True
N0,schema_presence,joint_approval-2-decisive_missing,joint_approval-2,decisive_missing,1,ALLOW,INSUFFICIENT,True,1,True
N0,schema_presence,joint_approval-2-decisive_missing,joint_approval-2,decisive_missing,2,ALLOW,INSUFFICIENT,True,1,True
N0,schema_presence,joint_approval-2-flip,joint_approval-2,flip,0,INSUFFICIENT,INSUFFICIENT,False,1,True
N0,schema_presence,joint_approval-2-flip,joint_approval-2,flip,1,ALLOW,ALLOW,False,1,True
N0,schema_presence,joint_approval-2-flip,joint_approval-2,flip,2,ALLOW,ALLOW,False,1,True
N0,schema_presence,joint_approval-2-full,joint_approval-2,full,0,DENY,DENY,False,1,True
N0,schema_presence,joint_approval-2-full,joint_approval-2,full,1,INSUFFICIENT,INSUFFICIENT,False,1,True
N0,schema_presence,joint_approval-2-full,joint_approval-2,full,2,DENY,DENY,False,1,True
N0,schema_presence,joint_approval-2-hold,joint_approval-2,hold,0,ALLOW,ALLOW,False,1,True
N0,schema_presence,joint_approval-2-hold,joint_approval-2,hold,1,ALLOW,ALLOW,False,1,True
N0,schema_presence,joint_approval-2-hold,joint_approval-2,hold,2,ALLOW,ALLOW,False,1,True
N0,schema_presence,joint_approval-2-nondecisive_missing,joint_approval-2,nondecisive_missing,0,DENY,INSUFFICIENT,True,1,True
N0,schema_presence,joint_approval-2-nondecisive_missing,joint_approval-2,nondecisive_missing,1,INSUFFICIENT,INSUFFICIENT,False,1,True
N0,schema_presence,joint_approval-2-nondecisive_missing,joint_approval-2,nondecisive_missing,2,DENY,INSUFFICIENT,True,1,True
N0,schema_presence,joint_approval-3-conflict,joint_approval-3,conflict,0,DENY,INSUFFICIENT,True,1,True
N0,schema_presence,joint_approval-3-conflict,joint_approval-3,conflict,1,INSUFFICIENT,INSUFFICIENT,False,1,True
N0,schema_presence,joint_approval-3-conflict,joint_approval-3,conflict,2,INSUFFICIENT,INSUFFICIENT,False,1,True
N0,schema_presence,joint_approval-3-decisive_missing,joint_approval-3,decisive_missing,0,DENY,INSUFFICIENT,True,1,True
N0,schema_presence,joint_approval-3-decisive_missing,joint_approval-3,decisive_missing,1,INSUFFICIENT,INSUFFICIENT,False,1,True
N0,schema_presence,joint_approval-3-decisive_missing,joint_approval-3,decisive_missing,2,DENY,INSUFFICIENT,True,1,True
N0,schema_presence,joint_approval-3-flip,joint_approval-3,flip,0,DENY,DENY,False,1,True
N0,schema_presence,joint_approval-3-flip,joint_approval-3,flip,1,INSUFFICIENT,INSUFFICIENT,False,1,True
N0,schema_presence,joint_approval-3-flip,joint_approval-3,flip,2,DENY,DENY,False,1,True
N0,schema_presence,joint_approval-3-full,joint_approval-3,full,0,INSUFFICIENT,INSUFFICIENT,False,1,True
N0,schema_presence,joint_approval-3-full,joint_approval-3,full,1,ALLOW,ALLOW,False,1,True
N0,schema_presence,joint_approval-3-full,joint_approval-3,full,2,ALLOW,ALLOW,False,1,True
N0,schema_presence,joint_approval-3-hold,joint_approval-3,hold,0,ALLOW,ALLOW,False,1,True
N0,schema_presence,joint_approval-3-hold,joint_approval-3,hold,1,ALLOW,ALLOW,False,1,True
N0,schema_presence,joint_approval-3-hold,joint_approval-3,hold,2,ALLOW,ALLOW,False,1,True
N0,schema_presence,joint_approval-3-nondecisive_missing,joint_approval-3,nondecisive_missing,0,ALLOW,ALLOW,False,1,True
N0,schema_presence,joint_approval-3-nondecisive_missing,joint_approval-3,nondecisive_missing,1,ALLOW,ALLOW,False,1,True
N0,schema_presence,joint_approval-3-nondecisive_missing,joint_approval-3,nondecisive_missing,2,ALLOW,ALLOW,False,1,True
N0,schema_presence,joint_approval-4-conflict,joint_approval-4,conflict,0,INSUFFICIENT,INSUFFICIENT,False,1,True
N0,schema_presence,joint_approval-4-conflict,joint_approval-4,conflict,1,DENY,INSUFFICIENT,True,1,True
N0,schema_presence,joint_approval-4-conflict,joint_approval-4,conflict,2,DENY,INSUFFICIENT,True,1,True
N0,schema_presence,joint_approval-4-decisive_missing,joint_approval-4,decisive_missing,0,INSUFFICIENT,INSUFFICIENT,False,1,True
N0,schema_presence,joint_approval-4-decisive_missing,joint_approval-4,decisive_missing,1,ALLOW,INSUFFICIENT,True,1,True
N0,schema_presence,joint_approval-4-decisive_missing,joint_approval-4,decisive_missing,2,ALLOW,INSUFFICIENT,True,1,True
N0,schema_presence,joint_approval-4-flip,joint_approval-4,flip,0,INSUFFICIENT,INSUFFICIENT,False,1,True
N0,schema_presence,joint_approval-4-flip,joint_approval-4,flip,1,ALLOW,ALLOW,False,1,True
N0,schema_presence,joint_approval-4-flip,joint_approval-4,flip,2,ALLOW,ALLOW,False,1,True
N0,schema_presence,joint_approval-4-full,joint_approval-4,full,0,DENY,DENY,False,1,True
N0,schema_presence,joint_approval-4-full,joint_approval-4,full,1,INSUFFICIENT,INSUFFICIENT,False,1,True
N0,schema_presence,joint_approval-4-full,joint_approval-4,full,2,DENY,DENY,False,1,True
N0,schema_presence,joint_approval-4-hold,joint_approval-4,hold,0,DENY,DENY,False,1,True
N0,schema_presence,joint_approval-4-hold,joint_approval-4,hold,1,DENY,DENY,False,1,True
N0,schema_presence,joint_approval-4-hold,joint_approval-4,hold,2,DENY,DENY,False,1,True
N0,schema_presence,joint_approval-4-nondecisive_missing,joint_approval-4,nondecisive_missing,0,DENY,INSUFFICIENT,True,1,True
N0,schema_presence,joint_approval-4-nondecisive_missing,joint_approval-4,nondecisive_missing,1,INSUFFICIENT,INSUFFICIENT,False,1,True
N0,schema_presence,joint_approval-4-nondecisive_missing,joint_approval-4,nondecisive_missing,2,DENY,INSUFFICIENT,True,1,True
N0,schema_presence,reversal_exception-1-conflict,reversal_exception-1,conflict,0,DENY,INSUFFICIENT,True,1,True
N0,schema_presence,reversal_exception-1-conflict,reversal_exception-1,conflict,1,ALLOW,INSUFFICIENT,True,1,True
N0,schema_presence,reversal_exception-1-conflict,reversal_exception-1,conflict,2,ALLOW,INSUFFICIENT,True,1,True
N0,schema_presence,reversal_exception-1-decisive_missing,reversal_exception-1,decisive_missing,0,ALLOW,INSUFFICIENT,True,1,True
N0,schema_presence,reversal_exception-1-decisive_missing,reversal_exception-1,decisive_missing,1,ALLOW,INSUFFICIENT,True,1,True
N0,schema_presence,reversal_exception-1-decisive_missing,reversal_exception-1,decisive_missing,2,ALLOW,INSUFFICIENT,True,1,True
N0,schema_presence,reversal_exception-1-flip,reversal_exception-1,flip,0,DENY,DENY,False,1,True
N0,schema_presence,reversal_exception-1-flip,reversal_exception-1,flip,1,ALLOW,ALLOW,False,1,True
N0,schema_presence,reversal_exception-1-flip,reversal_exception-1,flip,2,ALLOW,ALLOW,False,1,True
N0,schema_presence,reversal_exception-1-full,reversal_exception-1,full,0,DENY,DENY,False,1,True
N0,schema_presence,reversal_exception-1-full,reversal_exception-1,full,1,ALLOW,ALLOW,False,1,True
N0,schema_presence,reversal_exception-1-full,reversal_exception-1,full,2,ALLOW,ALLOW,False,1,True
N0,schema_presence,reversal_exception-1-hold,reversal_exception-1,hold,0,DENY,DENY,False,1,True
N0,schema_presence,reversal_exception-1-hold,reversal_exception-1,hold,1,INSUFFICIENT,INSUFFICIENT,False,1,True
N0,schema_presence,reversal_exception-1-hold,reversal_exception-1,hold,2,ALLOW,ALLOW,False,1,True
N0,schema_presence,reversal_exception-1-nondecisive_missing,reversal_exception-1,nondecisive_missing,0,DENY,DENY,False,1,True
N0,schema_presence,reversal_exception-1-nondecisive_missing,reversal_exception-1,nondecisive_missing,1,ALLOW,ALLOW,False,1,True
N0,schema_presence,reversal_exception-1-nondecisive_missing,reversal_exception-1,nondecisive_missing,2,ALLOW,ALLOW,False,1,True
N0,schema_presence,reversal_exception-2-conflict,reversal_exception-2,conflict,0,DENY,INSUFFICIENT,True,1,True
N0,schema_presence,reversal_exception-2-conflict,reversal_exception-2,conflict,1,ALLOW,INSUFFICIENT,True,1,True
N0,schema_presence,reversal_exception-2-conflict,reversal_exception-2,conflict,2,ALLOW,INSUFFICIENT,True,1,True
N0,schema_presence,reversal_exception-2-decisive_missing,reversal_exception-2,decisive_missing,0,ALLOW,INSUFFICIENT,True,1,True
N0,schema_presence,reversal_exception-2-decisive_missing,reversal_exception-2,decisive_missing,1,ALLOW,INSUFFICIENT,True,1,True
N0,schema_presence,reversal_exception-2-decisive_missing,reversal_exception-2,decisive_missing,2,ALLOW,INSUFFICIENT,True,1,True
N0,schema_presence,reversal_exception-2-flip,reversal_exception-2,flip,0,INSUFFICIENT,INSUFFICIENT,False,1,True
N0,schema_presence,reversal_exception-2-flip,reversal_exception-2,flip,1,ALLOW,ALLOW,False,1,True
N0,schema_presence,reversal_exception-2-flip,reversal_exception-2,flip,2,ALLOW,ALLOW,False,1,True
N0,schema_presence,reversal_exception-2-full,reversal_exception-2,full,0,DENY,DENY,False,1,True
N0,schema_presence,reversal_exception-2-full,reversal_exception-2,full,1,ALLOW,ALLOW,False,1,True
N0,schema_presence,reversal_exception-2-full,reversal_exception-2,full,2,ALLOW,ALLOW,False,1,True
N0,schema_presence,reversal_exception-2-hold,reversal_exception-2,hold,0,ALLOW,ALLOW,False,1,True
N0,schema_presence,reversal_exception-2-hold,reversal_exception-2,hold,1,ALLOW,ALLOW,False,1,True
N0,schema_presence,reversal_exception-2-hold,reversal_exception-2,hold,2,ALLOW,ALLOW,False,1,True
N0,schema_presence,reversal_exception-2-nondecisive_missing,reversal_exception-2,nondecisive_missing,0,DENY,DENY,False,1,True
N0,schema_presence,reversal_exception-2-nondecisive_missing,reversal_exception-2,nondecisive_missing,1,ALLOW,ALLOW,False,1,True
N0,schema_presence,reversal_exception-2-nondecisive_missing,reversal_exception-2,nondecisive_missing,2,ALLOW,ALLOW,False,1,True
N0,schema_presence,reversal_exception-3-conflict,reversal_exception-3,conflict,0,DENY,INSUFFICIENT,True,1,True
N0,schema_presence,reversal_exception-3-conflict,reversal_exception-3,conflict,1,DENY,INSUFFICIENT,True,1,True
N0,schema_presence,reversal_exception-3-conflict,reversal_exception-3,conflict,2,ALLOW,INSUFFICIENT,True,1,True
N0,schema_presence,reversal_exception-3-decisive_missing,reversal_exception-3,decisive_missing,0,DENY,INSUFFICIENT,True,1,True
N0,schema_presence,reversal_exception-3-decisive_missing,reversal_exception-3,decisive_missing,1,INSUFFICIENT,INSUFFICIENT,False,1,True
N0,schema_presence,reversal_exception-3-decisive_missing,reversal_exception-3,decisive_missing,2,ALLOW,INSUFFICIENT,True,1,True
N0,schema_presence,reversal_exception-3-flip,reversal_exception-3,flip,0,DENY,DENY,False,1,True
N0,schema_presence,reversal_exception-3-flip,reversal_exception-3,flip,1,INSUFFICIENT,INSUFFICIENT,False,1,True
N0,schema_presence,reversal_exception-3-flip,reversal_exception-3,flip,2,ALLOW,ALLOW,False,1,True
N0,schema_presence,reversal_exception-3-full,reversal_exception-3,full,0,DENY,DENY,False,1,True
N0,schema_presence,reversal_exception-3-full,reversal_exception-3,full,1,DENY,DENY,False,1,True
N0,schema_presence,reversal_exception-3-full,reversal_exception-3,full,2,ALLOW,ALLOW,False,1,True
N0,schema_presence,reversal_exception-3-hold,reversal_exception-3,hold,0,DENY,DENY,False,1,True
N0,schema_presence,reversal_exception-3-hold,reversal_exception-3,hold,1,INSUFFICIENT,INSUFFICIENT,False,1,True
N0,schema_presence,reversal_exception-3-hold,reversal_exception-3,hold,2,DENY,DENY,False,1,True
N0,schema_presence,reversal_exception-3-nondecisive_missing,reversal_exception-3,nondecisive_missing,0,DENY,DENY,False,1,True
N0,schema_presence,reversal_exception-3-nondecisive_missing,reversal_exception-3,nondecisive_missing,1,DENY,DENY,False,1,True
N0,schema_presence,reversal_exception-3-nondecisive_missing,reversal_exception-3,nondecisive_missing,2,ALLOW,ALLOW,False,1,True
N0,schema_presence,reversal_exception-4-conflict,reversal_exception-4,conflict,0,DENY,INSUFFICIENT,True,1,True
N0,schema_presence,reversal_exception-4-conflict,reversal_exception-4,conflict,1,DENY,INSUFFICIENT,True,1,True
N0,schema_presence,reversal_exception-4-conflict,reversal_exception-4,conflict,2,DENY,INSUFFICIENT,True,1,True
N0,schema_presence,reversal_exception-4-decisive_missing,reversal_exception-4,decisive_missing,0,DENY,INSUFFICIENT,True,1,True
N0,schema_presence,reversal_exception-4-decisive_missing,reversal_exception-4,decisive_missing,1,DENY,INSUFFICIENT,True,1,True
N0,schema_presence,reversal_exception-4-decisive_missing,reversal_exception-4,decisive_missing,2,ALLOW,INSUFFICIENT,True,1,True
N0,schema_presence,reversal_exception-4-flip,reversal_exception-4,flip,0,DENY,DENY,False,1,True
N0,schema_presence,reversal_exception-4-flip,reversal_exception-4,flip,1,DENY,DENY,False,1,True
N0,schema_presence,reversal_exception-4-flip,reversal_exception-4,flip,2,ALLOW,ALLOW,False,1,True
N0,schema_presence,reversal_exception-4-full,reversal_exception-4,full,0,DENY,DENY,False,1,True
N0,schema_presence,reversal_exception-4-full,reversal_exception-4,full,1,DENY,DENY,False,1,True
N0,schema_presence,reversal_exception-4-full,reversal_exception-4,full,2,DENY,DENY,False,1,True
N0,schema_presence,reversal_exception-4-hold,reversal_exception-4,hold,0,DENY,DENY,False,1,True
N0,schema_presence,reversal_exception-4-hold,reversal_exception-4,hold,1,DENY,DENY,False,1,True
N0,schema_presence,reversal_exception-4-hold,reversal_exception-4,hold,2,DENY,DENY,False,1,True
N0,schema_presence,reversal_exception-4-nondecisive_missing,reversal_exception-4,nondecisive_missing,0,DENY,DENY,False,1,True
N0,schema_presence,reversal_exception-4-nondecisive_missing,reversal_exception-4,nondecisive_missing,1,DENY,DENY,False,1,True
N0,schema_presence,reversal_exception-4-nondecisive_missing,reversal_exception-4,nondecisive_missing,2,DENY,DENY,False,1,True
N0,schema_presence,route_lookup-1-conflict,route_lookup-1,conflict,0,ALLOW,INSUFFICIENT,True,1,True
N0,schema_presence,route_lookup-1-conflict,route_lookup-1,conflict,1,DENY,INSUFFICIENT,True,1,True
N0,schema_presence,route_lookup-1-conflict,route_lookup-1,conflict,2,ALLOW,INSUFFICIENT,True,1,True
N0,schema_presence,route_lookup-1-decisive_missing,route_lookup-1,decisive_missing,0,DENY,INSUFFICIENT,True,1,True
N0,schema_presence,route_lookup-1-decisive_missing,route_lookup-1,decisive_missing,1,ALLOW,INSUFFICIENT,True,1,True
N0,schema_presence,route_lookup-1-decisive_missing,route_lookup-1,decisive_missing,2,ALLOW,INSUFFICIENT,True,1,True
N0,schema_presence,route_lookup-1-flip,route_lookup-1,flip,0,DENY,DENY,False,1,True
N0,schema_presence,route_lookup-1-flip,route_lookup-1,flip,1,DENY,DENY,False,1,True
N0,schema_presence,route_lookup-1-flip,route_lookup-1,flip,2,ALLOW,ALLOW,False,1,True
N0,schema_presence,route_lookup-1-full,route_lookup-1,full,0,ALLOW,ALLOW,False,1,True
N0,schema_presence,route_lookup-1-full,route_lookup-1,full,1,ALLOW,ALLOW,False,1,True
N0,schema_presence,route_lookup-1-full,route_lookup-1,full,2,ALLOW,ALLOW,False,1,True
N0,schema_presence,route_lookup-1-hold,route_lookup-1,hold,0,DENY,DENY,False,1,True
N0,schema_presence,route_lookup-1-hold,route_lookup-1,hold,1,DENY,DENY,False,1,True
N0,schema_presence,route_lookup-1-hold,route_lookup-1,hold,2,INSUFFICIENT,INSUFFICIENT,False,1,True
N0,schema_presence,route_lookup-1-nondecisive_missing,route_lookup-1,nondecisive_missing,0,ALLOW,INSUFFICIENT,True,1,True
N0,schema_presence,route_lookup-1-nondecisive_missing,route_lookup-1,nondecisive_missing,1,ALLOW,INSUFFICIENT,True,1,True
N0,schema_presence,route_lookup-1-nondecisive_missing,route_lookup-1,nondecisive_missing,2,ALLOW,INSUFFICIENT,True,1,True
N0,schema_presence,route_lookup-2-conflict,route_lookup-2,conflict,0,DENY,INSUFFICIENT,True,1,True
N0,schema_presence,route_lookup-2-conflict,route_lookup-2,conflict,1,DENY,INSUFFICIENT,True,1,True
N0,schema_presence,route_lookup-2-conflict,route_lookup-2,conflict,2,INSUFFICIENT,INSUFFICIENT,False,1,True
N0,schema_presence,route_lookup-2-decisive_missing,route_lookup-2,decisive_missing,0,DENY,INSUFFICIENT,True,1,True
N0,schema_presence,route_lookup-2-decisive_missing,route_lookup-2,decisive_missing,1,ALLOW,INSUFFICIENT,True,1,True
N0,schema_presence,route_lookup-2-decisive_missing,route_lookup-2,decisive_missing,2,ALLOW,INSUFFICIENT,True,1,True
N0,schema_presence,route_lookup-2-flip,route_lookup-2,flip,0,DENY,DENY,False,1,True
N0,schema_presence,route_lookup-2-flip,route_lookup-2,flip,1,DENY,DENY,False,1,True
N0,schema_presence,route_lookup-2-flip,route_lookup-2,flip,2,INSUFFICIENT,INSUFFICIENT,False,1,True
N0,schema_presence,route_lookup-2-full,route_lookup-2,full,0,DENY,DENY,False,1,True
N0,schema_presence,route_lookup-2-full,route_lookup-2,full,1,DENY,DENY,False,1,True
N0,schema_presence,route_lookup-2-full,route_lookup-2,full,2,DENY,DENY,False,1,True
N0,schema_presence,route_lookup-2-hold,route_lookup-2,hold,0,ALLOW,ALLOW,False,1,True
N0,schema_presence,route_lookup-2-hold,route_lookup-2,hold,1,ALLOW,ALLOW,False,1,True
N0,schema_presence,route_lookup-2-hold,route_lookup-2,hold,2,ALLOW,ALLOW,False,1,True
N0,schema_presence,route_lookup-2-nondecisive_missing,route_lookup-2,nondecisive_missing,0,DENY,INSUFFICIENT,True,1,True
N0,schema_presence,route_lookup-2-nondecisive_missing,route_lookup-2,nondecisive_missing,1,DENY,INSUFFICIENT,True,1,True
N0,schema_presence,route_lookup-2-nondecisive_missing,route_lookup-2,nondecisive_missing,2,INSUFFICIENT,INSUFFICIENT,False,1,True
N0,schema_presence,route_lookup-3-conflict,route_lookup-3,conflict,0,INSUFFICIENT,INSUFFICIENT,False,1,True
N0,schema_presence,route_lookup-3-conflict,route_lookup-3,conflict,1,INSUFFICIENT,INSUFFICIENT,False,1,True
N0,schema_presence,route_lookup-3-conflict,route_lookup-3,conflict,2,ALLOW,INSUFFICIENT,True,1,True
N0,schema_presence,route_lookup-3-decisive_missing,route_lookup-3,decisive_missing,0,DENY,INSUFFICIENT,True,1,True
N0,schema_presence,route_lookup-3-decisive_missing,route_lookup-3,decisive_missing,1,INSUFFICIENT,INSUFFICIENT,False,1,True
N0,schema_presence,route_lookup-3-decisive_missing,route_lookup-3,decisive_missing,2,DENY,INSUFFICIENT,True,1,True
N0,schema_presence,route_lookup-3-flip,route_lookup-3,flip,0,INSUFFICIENT,INSUFFICIENT,False,1,True
N0,schema_presence,route_lookup-3-flip,route_lookup-3,flip,1,INSUFFICIENT,INSUFFICIENT,False,1,True
N0,schema_presence,route_lookup-3-flip,route_lookup-3,flip,2,INSUFFICIENT,INSUFFICIENT,False,1,True
N0,schema_presence,route_lookup-3-full,route_lookup-3,full,0,DENY,DENY,False,1,True
N0,schema_presence,route_lookup-3-full,route_lookup-3,full,1,ALLOW,ALLOW,False,1,True
N0,schema_presence,route_lookup-3-full,route_lookup-3,full,2,ALLOW,ALLOW,False,1,True
N0,schema_presence,route_lookup-3-hold,route_lookup-3,hold,0,INSUFFICIENT,INSUFFICIENT,False,1,True
N0,schema_presence,route_lookup-3-hold,route_lookup-3,hold,1,INSUFFICIENT,INSUFFICIENT,False,1,True
N0,schema_presence,route_lookup-3-hold,route_lookup-3,hold,2,INSUFFICIENT,INSUFFICIENT,False,1,True
N0,schema_presence,route_lookup-3-nondecisive_missing,route_lookup-3,nondecisive_missing,0,ALLOW,INSUFFICIENT,True,1,True
N0,schema_presence,route_lookup-3-nondecisive_missing,route_lookup-3,nondecisive_missing,1,ALLOW,INSUFFICIENT,True,1,True
N0,schema_presence,route_lookup-3-nondecisive_missing,route_lookup-3,nondecisive_missing,2,ALLOW,INSUFFICIENT,True,1,True
N0,schema_presence,route_lookup-4-conflict,route_lookup-4,conflict,0,DENY,INSUFFICIENT,True,1,True
N0,schema_presence,route_lookup-4-conflict,route_lookup-4,conflict,1,DENY,INSUFFICIENT,True,1,True
N0,schema_presence,route_lookup-4-conflict,route_lookup-4,conflict,2,INSUFFICIENT,INSUFFICIENT,False,1,True
N0,schema_presence,route_lookup-4-decisive_missing,route_lookup-4,decisive_missing,0,DENY,INSUFFICIENT,True,1,True
N0,schema_presence,route_lookup-4-decisive_missing,route_lookup-4,decisive_missing,1,ALLOW,INSUFFICIENT,True,1,True
N0,schema_presence,route_lookup-4-decisive_missing,route_lookup-4,decisive_missing,2,ALLOW,INSUFFICIENT,True,1,True
N0,schema_presence,route_lookup-4-flip,route_lookup-4,flip,0,ALLOW,ALLOW,False,1,True
N0,schema_presence,route_lookup-4-flip,route_lookup-4,flip,1,ALLOW,ALLOW,False,1,True
N0,schema_presence,route_lookup-4-flip,route_lookup-4,flip,2,ALLOW,ALLOW,False,1,True
N0,schema_presence,route_lookup-4-full,route_lookup-4,full,0,DENY,DENY,False,1,True
N0,schema_presence,route_lookup-4-full,route_lookup-4,full,1,DENY,DENY,False,1,True
N0,schema_presence,route_lookup-4-full,route_lookup-4,full,2,INSUFFICIENT,INSUFFICIENT,False,1,True
N0,schema_presence,route_lookup-4-hold,route_lookup-4,hold,0,DENY,DENY,False,1,True
N0,schema_presence,route_lookup-4-hold,route_lookup-4,hold,1,DENY,DENY,False,1,True
N0,schema_presence,route_lookup-4-hold,route_lookup-4,hold,2,INSUFFICIENT,INSUFFICIENT,False,1,True
N0,schema_presence,route_lookup-4-nondecisive_missing,route_lookup-4,nondecisive_missing,0,DENY,INSUFFICIENT,True,1,True
N0,schema_presence,route_lookup-4-nondecisive_missing,route_lookup-4,nondecisive_missing,1,DENY,INSUFFICIENT,True,1,True
N0,schema_presence,route_lookup-4-nondecisive_missing,route_lookup-4,nondecisive_missing,2,INSUFFICIENT,INSUFFICIENT,False,1,True
N0,policy_determinacy,joint_approval-1-conflict,joint_approval-1,conflict,0,INSUFFICIENT,INSUFFICIENT,False,1,True
N0,policy_determinacy,joint_approval-1-conflict,joint_approval-1,conflict,1,DENY,INSUFFICIENT,True,1,True
N0,policy_determinacy,joint_approval-1-conflict,joint_approval-1,conflict,2,ALLOW,INSUFFICIENT,True,1,True
N0,policy_determinacy,joint_approval-1-decisive_missing,joint_approval-1,decisive_missing,0,INSUFFICIENT,INSUFFICIENT,False,1,True
N0,policy_determinacy,joint_approval-1-decisive_missing,joint_approval-1,decisive_missing,1,INSUFFICIENT,INSUFFICIENT,False,1,True
N0,policy_determinacy,joint_approval-1-decisive_missing,joint_approval-1,decisive_missing,2,INSUFFICIENT,INSUFFICIENT,False,1,True
N0,policy_determinacy,joint_approval-1-flip,joint_approval-1,flip,0,INSUFFICIENT,INSUFFICIENT,False,1,True
N0,policy_determinacy,joint_approval-1-flip,joint_approval-1,flip,1,INSUFFICIENT,INSUFFICIENT,False,1,True
N0,policy_determinacy,joint_approval-1-flip,joint_approval-1,flip,2,DENY,DENY,False,1,True
N0,policy_determinacy,joint_approval-1-full,joint_approval-1,full,0,ALLOW,ALLOW,False,1,True
N0,policy_determinacy,joint_approval-1-full,joint_approval-1,full,1,ALLOW,ALLOW,False,1,True
N0,policy_determinacy,joint_approval-1-full,joint_approval-1,full,2,ALLOW,ALLOW,False,1,True
N0,policy_determinacy,joint_approval-1-hold,joint_approval-1,hold,0,ALLOW,ALLOW,False,1,True
N0,policy_determinacy,joint_approval-1-hold,joint_approval-1,hold,1,ALLOW,ALLOW,False,1,True
N0,policy_determinacy,joint_approval-1-hold,joint_approval-1,hold,2,ALLOW,ALLOW,False,1,True
N0,policy_determinacy,joint_approval-1-nondecisive_missing,joint_approval-1,nondecisive_missing,0,ALLOW,ALLOW,False,1,True
N0,policy_determinacy,joint_approval-1-nondecisive_missing,joint_approval-1,nondecisive_missing,1,ALLOW,ALLOW,False,1,True
N0,policy_determinacy,joint_approval-1-nondecisive_missing,joint_approval-1,nondecisive_missing,2,ALLOW,ALLOW,False,1,True
N0,policy_determinacy,joint_approval-2-conflict,joint_approval-2,conflict,0,DENY,INSUFFICIENT,True,1,True
N0,policy_determinacy,joint_approval-2-conflict,joint_approval-2,conflict,1,ALLOW,INSUFFICIENT,True,1,True
N0,policy_determinacy,joint_approval-2-conflict,joint_approval-2,conflict,2,INSUFFICIENT,INSUFFICIENT,False,1,True
N0,policy_determinacy,joint_approval-2-decisive_missing,joint_approval-2,decisive_missing,0,INSUFFICIENT,INSUFFICIENT,False,1,True
N0,policy_determinacy,joint_approval-2-decisive_missing,joint_approval-2,decisive_missing,1,ALLOW,INSUFFICIENT,True,1,True
N0,policy_determinacy,joint_approval-2-decisive_missing,joint_approval-2,decisive_missing,2,ALLOW,INSUFFICIENT,True,1,True
N0,policy_determinacy,joint_approval-2-flip,joint_approval-2,flip,0,INSUFFICIENT,INSUFFICIENT,False,1,True
N0,policy_determinacy,joint_approval-2-flip,joint_approval-2,flip,1,ALLOW,ALLOW,False,1,True
N0,policy_determinacy,joint_approval-2-flip,joint_approval-2,flip,2,ALLOW,ALLOW,False,1,True
N0,policy_determinacy,joint_approval-2-full,joint_approval-2,full,0,DENY,DENY,False,1,True
N0,policy_determinacy,joint_approval-2-full,joint_approval-2,full,1,INSUFFICIENT,INSUFFICIENT,False,1,True
N0,policy_determinacy,joint_approval-2-full,joint_approval-2,full,2,DENY,DENY,False,1,True
N0,policy_determinacy,joint_approval-2-hold,joint_approval-2,hold,0,ALLOW,ALLOW,False,1,True
N0,policy_determinacy,joint_approval-2-hold,joint_approval-2,hold,1,ALLOW,ALLOW,False,1,True
N0,policy_determinacy,joint_approval-2-hold,joint_approval-2,hold,2,ALLOW,ALLOW,False,1,True
N0,policy_determinacy,joint_approval-2-nondecisive_missing,joint_approval-2,nondecisive_missing,0,DENY,DENY,False,1,True
N0,policy_determinacy,joint_approval-2-nondecisive_missing,joint_approval-2,nondecisive_missing,1,INSUFFICIENT,INSUFFICIENT,False,1,True
N0,policy_determinacy,joint_approval-2-nondecisive_missing,joint_approval-2,nondecisive_missing,2,DENY,DENY,False,1,True
N0,policy_determinacy,joint_approval-3-conflict,joint_approval-3,conflict,0,DENY,INSUFFICIENT,True,1,True
N0,policy_determinacy,joint_approval-3-conflict,joint_approval-3,conflict,1,INSUFFICIENT,INSUFFICIENT,False,1,True
N0,policy_determinacy,joint_approval-3-conflict,joint_approval-3,conflict,2,INSUFFICIENT,INSUFFICIENT,False,1,True
N0,policy_determinacy,joint_approval-3-decisive_missing,joint_approval-3,decisive_missing,0,DENY,INSUFFICIENT,True,1,True
N0,policy_determinacy,joint_approval-3-decisive_missing,joint_approval-3,decisive_missing,1,INSUFFICIENT,INSUFFICIENT,False,1,True
N0,policy_determinacy,joint_approval-3-decisive_missing,joint_approval-3,decisive_missing,2,DENY,INSUFFICIENT,True,1,True
N0,policy_determinacy,joint_approval-3-flip,joint_approval-3,flip,0,DENY,DENY,False,1,True
N0,policy_determinacy,joint_approval-3-flip,joint_approval-3,flip,1,INSUFFICIENT,INSUFFICIENT,False,1,True
N0,policy_determinacy,joint_approval-3-flip,joint_approval-3,flip,2,DENY,DENY,False,1,True
N0,policy_determinacy,joint_approval-3-full,joint_approval-3,full,0,INSUFFICIENT,INSUFFICIENT,False,1,True
N0,policy_determinacy,joint_approval-3-full,joint_approval-3,full,1,ALLOW,ALLOW,False,1,True
N0,policy_determinacy,joint_approval-3-full,joint_approval-3,full,2,ALLOW,ALLOW,False,1,True
N0,policy_determinacy,joint_approval-3-hold,joint_approval-3,hold,0,ALLOW,ALLOW,False,1,True
N0,policy_determinacy,joint_approval-3-hold,joint_approval-3,hold,1,ALLOW,ALLOW,False,1,True
N0,policy_determinacy,joint_approval-3-hold,joint_approval-3,hold,2,ALLOW,ALLOW,False,1,True
N0,policy_determinacy,joint_approval-3-nondecisive_missing,joint_approval-3,nondecisive_missing,0,ALLOW,ALLOW,False,1,True
N0,policy_determinacy,joint_approval-3-nondecisive_missing,joint_approval-3,nondecisive_missing,1,ALLOW,ALLOW,False,1,True
N0,policy_determinacy,joint_approval-3-nondecisive_missing,joint_approval-3,nondecisive_missing,2,ALLOW,ALLOW,False,1,True
N0,policy_determinacy,joint_approval-4-conflict,joint_approval-4,conflict,0,INSUFFICIENT,INSUFFICIENT,False,1,True
N0,policy_determinacy,joint_approval-4-conflict,joint_approval-4,conflict,1,DENY,INSUFFICIENT,True,1,True
N0,policy_determinacy,joint_approval-4-conflict,joint_approval-4,conflict,2,DENY,INSUFFICIENT,True,1,True
N0,policy_determinacy,joint_approval-4-decisive_missing,joint_approval-4,decisive_missing,0,INSUFFICIENT,INSUFFICIENT,False,1,True
N0,policy_determinacy,joint_approval-4-decisive_missing,joint_approval-4,decisive_missing,1,ALLOW,INSUFFICIENT,True,1,True
N0,policy_determinacy,joint_approval-4-decisive_missing,joint_approval-4,decisive_missing,2,ALLOW,INSUFFICIENT,True,1,True
N0,policy_determinacy,joint_approval-4-flip,joint_approval-4,flip,0,INSUFFICIENT,INSUFFICIENT,False,1,True
N0,policy_determinacy,joint_approval-4-flip,joint_approval-4,flip,1,ALLOW,ALLOW,False,1,True
N0,policy_determinacy,joint_approval-4-flip,joint_approval-4,flip,2,ALLOW,ALLOW,False,1,True
N0,policy_determinacy,joint_approval-4-full,joint_approval-4,full,0,DENY,DENY,False,1,True
N0,policy_determinacy,joint_approval-4-full,joint_approval-4,full,1,INSUFFICIENT,INSUFFICIENT,False,1,True
N0,policy_determinacy,joint_approval-4-full,joint_approval-4,full,2,DENY,DENY,False,1,True
N0,policy_determinacy,joint_approval-4-hold,joint_approval-4,hold,0,DENY,DENY,False,1,True
N0,policy_determinacy,joint_approval-4-hold,joint_approval-4,hold,1,DENY,DENY,False,1,True
N0,policy_determinacy,joint_approval-4-hold,joint_approval-4,hold,2,DENY,DENY,False,1,True
N0,policy_determinacy,joint_approval-4-nondecisive_missing,joint_approval-4,nondecisive_missing,0,DENY,DENY,False,1,True
N0,policy_determinacy,joint_approval-4-nondecisive_missing,joint_approval-4,nondecisive_missing,1,INSUFFICIENT,INSUFFICIENT,False,1,True
N0,policy_determinacy,joint_approval-4-nondecisive_missing,joint_approval-4,nondecisive_missing,2,DENY,DENY,False,1,True
N0,policy_determinacy,reversal_exception-1-conflict,reversal_exception-1,conflict,0,DENY,INSUFFICIENT,True,1,True
N0,policy_determinacy,reversal_exception-1-conflict,reversal_exception-1,conflict,1,ALLOW,INSUFFICIENT,True,1,True
N0,policy_determinacy,reversal_exception-1-conflict,reversal_exception-1,conflict,2,ALLOW,INSUFFICIENT,True,1,True
N0,policy_determinacy,reversal_exception-1-decisive_missing,reversal_exception-1,decisive_missing,0,ALLOW,INSUFFICIENT,True,1,True
N0,policy_determinacy,reversal_exception-1-decisive_missing,reversal_exception-1,decisive_missing,1,ALLOW,INSUFFICIENT,True,1,True
N0,policy_determinacy,reversal_exception-1-decisive_missing,reversal_exception-1,decisive_missing,2,ALLOW,INSUFFICIENT,True,1,True
N0,policy_determinacy,reversal_exception-1-flip,reversal_exception-1,flip,0,DENY,DENY,False,1,True
N0,policy_determinacy,reversal_exception-1-flip,reversal_exception-1,flip,1,ALLOW,ALLOW,False,1,True
N0,policy_determinacy,reversal_exception-1-flip,reversal_exception-1,flip,2,ALLOW,ALLOW,False,1,True
N0,policy_determinacy,reversal_exception-1-full,reversal_exception-1,full,0,DENY,DENY,False,1,True
N0,policy_determinacy,reversal_exception-1-full,reversal_exception-1,full,1,ALLOW,ALLOW,False,1,True
N0,policy_determinacy,reversal_exception-1-full,reversal_exception-1,full,2,ALLOW,ALLOW,False,1,True
N0,policy_determinacy,reversal_exception-1-hold,reversal_exception-1,hold,0,DENY,DENY,False,1,True
N0,policy_determinacy,reversal_exception-1-hold,reversal_exception-1,hold,1,INSUFFICIENT,INSUFFICIENT,False,1,True
N0,policy_determinacy,reversal_exception-1-hold,reversal_exception-1,hold,2,ALLOW,ALLOW,False,1,True
N0,policy_determinacy,reversal_exception-1-nondecisive_missing,reversal_exception-1,nondecisive_missing,0,DENY,DENY,False,1,True
N0,policy_determinacy,reversal_exception-1-nondecisive_missing,reversal_exception-1,nondecisive_missing,1,ALLOW,ALLOW,False,1,True
N0,policy_determinacy,reversal_exception-1-nondecisive_missing,reversal_exception-1,nondecisive_missing,2,ALLOW,ALLOW,False,1,True
N0,policy_determinacy,reversal_exception-2-conflict,reversal_exception-2,conflict,0,DENY,INSUFFICIENT,True,1,True
N0,policy_determinacy,reversal_exception-2-conflict,reversal_exception-2,conflict,1,ALLOW,INSUFFICIENT,True,1,True
N0,policy_determinacy,reversal_exception-2-conflict,reversal_exception-2,conflict,2,ALLOW,INSUFFICIENT,True,1,True
N0,policy_determinacy,reversal_exception-2-decisive_missing,reversal_exception-2,decisive_missing,0,ALLOW,INSUFFICIENT,True,1,True
N0,policy_determinacy,reversal_exception-2-decisive_missing,reversal_exception-2,decisive_missing,1,ALLOW,INSUFFICIENT,True,1,True
N0,policy_determinacy,reversal_exception-2-decisive_missing,reversal_exception-2,decisive_missing,2,ALLOW,INSUFFICIENT,True,1,True
N0,policy_determinacy,reversal_exception-2-flip,reversal_exception-2,flip,0,INSUFFICIENT,INSUFFICIENT,False,1,True
N0,policy_determinacy,reversal_exception-2-flip,reversal_exception-2,flip,1,ALLOW,ALLOW,False,1,True
N0,policy_determinacy,reversal_exception-2-flip,reversal_exception-2,flip,2,ALLOW,ALLOW,False,1,True
N0,policy_determinacy,reversal_exception-2-full,reversal_exception-2,full,0,DENY,DENY,False,1,True
N0,policy_determinacy,reversal_exception-2-full,reversal_exception-2,full,1,ALLOW,ALLOW,False,1,True
N0,policy_determinacy,reversal_exception-2-full,reversal_exception-2,full,2,ALLOW,ALLOW,False,1,True
N0,policy_determinacy,reversal_exception-2-hold,reversal_exception-2,hold,0,ALLOW,ALLOW,False,1,True
N0,policy_determinacy,reversal_exception-2-hold,reversal_exception-2,hold,1,ALLOW,ALLOW,False,1,True
N0,policy_determinacy,reversal_exception-2-hold,reversal_exception-2,hold,2,ALLOW,ALLOW,False,1,True
N0,policy_determinacy,reversal_exception-2-nondecisive_missing,reversal_exception-2,nondecisive_missing,0,DENY,DENY,False,1,True
N0,policy_determinacy,reversal_exception-2-nondecisive_missing,reversal_exception-2,nondecisive_missing,1,ALLOW,ALLOW,False,1,True
N0,policy_determinacy,reversal_exception-2-nondecisive_missing,reversal_exception-2,nondecisive_missing,2,ALLOW,ALLOW,False,1,True
N0,policy_determinacy,reversal_exception-3-conflict,reversal_exception-3,conflict,0,DENY,INSUFFICIENT,True,1,True
N0,policy_determinacy,reversal_exception-3-conflict,reversal_exception-3,conflict,1,DENY,INSUFFICIENT,True,1,True
N0,policy_determinacy,reversal_exception-3-conflict,reversal_exception-3,conflict,2,ALLOW,INSUFFICIENT,True,1,True
N0,policy_determinacy,reversal_exception-3-decisive_missing,reversal_exception-3,decisive_missing,0,DENY,INSUFFICIENT,True,1,True
N0,policy_determinacy,reversal_exception-3-decisive_missing,reversal_exception-3,decisive_missing,1,INSUFFICIENT,INSUFFICIENT,False,1,True
N0,policy_determinacy,reversal_exception-3-decisive_missing,reversal_exception-3,decisive_missing,2,ALLOW,INSUFFICIENT,True,1,True
N0,policy_determinacy,reversal_exception-3-flip,reversal_exception-3,flip,0,DENY,DENY,False,1,True
N0,policy_determinacy,reversal_exception-3-flip,reversal_exception-3,flip,1,INSUFFICIENT,INSUFFICIENT,False,1,True
N0,policy_determinacy,reversal_exception-3-flip,reversal_exception-3,flip,2,ALLOW,ALLOW,False,1,True
N0,policy_determinacy,reversal_exception-3-full,reversal_exception-3,full,0,DENY,DENY,False,1,True
N0,policy_determinacy,reversal_exception-3-full,reversal_exception-3,full,1,DENY,DENY,False,1,True
N0,policy_determinacy,reversal_exception-3-full,reversal_exception-3,full,2,ALLOW,ALLOW,False,1,True
N0,policy_determinacy,reversal_exception-3-hold,reversal_exception-3,hold,0,DENY,DENY,False,1,True
N0,policy_determinacy,reversal_exception-3-hold,reversal_exception-3,hold,1,INSUFFICIENT,INSUFFICIENT,False,1,True
N0,policy_determinacy,reversal_exception-3-hold,reversal_exception-3,hold,2,DENY,DENY,False,1,True
N0,policy_determinacy,reversal_exception-3-nondecisive_missing,reversal_exception-3,nondecisive_missing,0,DENY,DENY,False,1,True
N0,policy_determinacy,reversal_exception-3-nondecisive_missing,reversal_exception-3,nondecisive_missing,1,DENY,DENY,False,1,True
N0,policy_determinacy,reversal_exception-3-nondecisive_missing,reversal_exception-3,nondecisive_missing,2,ALLOW,ALLOW,False,1,True
N0,policy_determinacy,reversal_exception-4-conflict,reversal_exception-4,conflict,0,DENY,INSUFFICIENT,True,1,True
N0,policy_determinacy,reversal_exception-4-conflict,reversal_exception-4,conflict,1,DENY,INSUFFICIENT,True,1,True
N0,policy_determinacy,reversal_exception-4-conflict,reversal_exception-4,conflict,2,DENY,INSUFFICIENT,True,1,True
N0,policy_determinacy,reversal_exception-4-decisive_missing,reversal_exception-4,decisive_missing,0,DENY,INSUFFICIENT,True,1,True
N0,policy_determinacy,reversal_exception-4-decisive_missing,reversal_exception-4,decisive_missing,1,DENY,INSUFFICIENT,True,1,True
N0,policy_determinacy,reversal_exception-4-decisive_missing,reversal_exception-4,decisive_missing,2,ALLOW,INSUFFICIENT,True,1,True
N0,policy_determinacy,reversal_exception-4-flip,reversal_exception-4,flip,0,DENY,DENY,False,1,True
N0,policy_determinacy,reversal_exception-4-flip,reversal_exception-4,flip,1,DENY,DENY,False,1,True
N0,policy_determinacy,reversal_exception-4-flip,reversal_exception-4,flip,2,ALLOW,ALLOW,False,1,True
N0,policy_determinacy,reversal_exception-4-full,reversal_exception-4,full,0,DENY,DENY,False,1,True
N0,policy_determinacy,reversal_exception-4-full,reversal_exception-4,full,1,DENY,DENY,False,1,True
N0,policy_determinacy,reversal_exception-4-full,reversal_exception-4,full,2,DENY,DENY,False,1,True
N0,policy_determinacy,reversal_exception-4-hold,reversal_exception-4,hold,0,DENY,DENY,False,1,True
N0,policy_determinacy,reversal_exception-4-hold,reversal_exception-4,hold,1,DENY,DENY,False,1,True
N0,policy_determinacy,reversal_exception-4-hold,reversal_exception-4,hold,2,DENY,DENY,False,1,True
N0,policy_determinacy,reversal_exception-4-nondecisive_missing,reversal_exception-4,nondecisive_missing,0,DENY,DENY,False,1,True
N0,policy_determinacy,reversal_exception-4-nondecisive_missing,reversal_exception-4,nondecisive_missing,1,DENY,DENY,False,1,True
N0,policy_determinacy,reversal_exception-4-nondecisive_missing,reversal_exception-4,nondecisive_missing,2,DENY,DENY,False,1,True
N0,policy_determinacy,route_lookup-1-conflict,route_lookup-1,conflict,0,ALLOW,INSUFFICIENT,True,1,True
N0,policy_determinacy,route_lookup-1-conflict,route_lookup-1,conflict,1,DENY,INSUFFICIENT,True,1,True
N0,policy_determinacy,route_lookup-1-conflict,route_lookup-1,conflict,2,ALLOW,INSUFFICIENT,True,1,True
N0,policy_determinacy,route_lookup-1-decisive_missing,route_lookup-1,decisive_missing,0,DENY,INSUFFICIENT,True,1,True
N0,policy_determinacy,route_lookup-1-decisive_missing,route_lookup-1,decisive_missing,1,ALLOW,INSUFFICIENT,True,1,True
N0,policy_determinacy,route_lookup-1-decisive_missing,route_lookup-1,decisive_missing,2,ALLOW,INSUFFICIENT,True,1,True
N0,policy_determinacy,route_lookup-1-flip,route_lookup-1,flip,0,DENY,DENY,False,1,True
N0,policy_determinacy,route_lookup-1-flip,route_lookup-1,flip,1,DENY,DENY,False,1,True
N0,policy_determinacy,route_lookup-1-flip,route_lookup-1,flip,2,ALLOW,ALLOW,False,1,True
N0,policy_determinacy,route_lookup-1-full,route_lookup-1,full,0,ALLOW,ALLOW,False,1,True
N0,policy_determinacy,route_lookup-1-full,route_lookup-1,full,1,ALLOW,ALLOW,False,1,True
N0,policy_determinacy,route_lookup-1-full,route_lookup-1,full,2,ALLOW,ALLOW,False,1,True
N0,policy_determinacy,route_lookup-1-hold,route_lookup-1,hold,0,DENY,DENY,False,1,True
N0,policy_determinacy,route_lookup-1-hold,route_lookup-1,hold,1,DENY,DENY,False,1,True
N0,policy_determinacy,route_lookup-1-hold,route_lookup-1,hold,2,INSUFFICIENT,INSUFFICIENT,False,1,True
N0,policy_determinacy,route_lookup-1-nondecisive_missing,route_lookup-1,nondecisive_missing,0,ALLOW,ALLOW,False,1,True
N0,policy_determinacy,route_lookup-1-nondecisive_missing,route_lookup-1,nondecisive_missing,1,ALLOW,ALLOW,False,1,True
N0,policy_determinacy,route_lookup-1-nondecisive_missing,route_lookup-1,nondecisive_missing,2,ALLOW,ALLOW,False,1,True
N0,policy_determinacy,route_lookup-2-conflict,route_lookup-2,conflict,0,DENY,INSUFFICIENT,True,1,True
N0,policy_determinacy,route_lookup-2-conflict,route_lookup-2,conflict,1,DENY,INSUFFICIENT,True,1,True
N0,policy_determinacy,route_lookup-2-conflict,route_lookup-2,conflict,2,INSUFFICIENT,INSUFFICIENT,False,1,True
N0,policy_determinacy,route_lookup-2-decisive_missing,route_lookup-2,decisive_missing,0,DENY,INSUFFICIENT,True,1,True
N0,policy_determinacy,route_lookup-2-decisive_missing,route_lookup-2,decisive_missing,1,ALLOW,INSUFFICIENT,True,1,True
N0,policy_determinacy,route_lookup-2-decisive_missing,route_lookup-2,decisive_missing,2,ALLOW,INSUFFICIENT,True,1,True
N0,policy_determinacy,route_lookup-2-flip,route_lookup-2,flip,0,DENY,DENY,False,1,True
N0,policy_determinacy,route_lookup-2-flip,route_lookup-2,flip,1,DENY,DENY,False,1,True
N0,policy_determinacy,route_lookup-2-flip,route_lookup-2,flip,2,INSUFFICIENT,INSUFFICIENT,False,1,True
N0,policy_determinacy,route_lookup-2-full,route_lookup-2,full,0,DENY,DENY,False,1,True
N0,policy_determinacy,route_lookup-2-full,route_lookup-2,full,1,DENY,DENY,False,1,True
N0,policy_determinacy,route_lookup-2-full,route_lookup-2,full,2,DENY,DENY,False,1,True
N0,policy_determinacy,route_lookup-2-hold,route_lookup-2,hold,0,ALLOW,ALLOW,False,1,True
N0,policy_determinacy,route_lookup-2-hold,route_lookup-2,hold,1,ALLOW,ALLOW,False,1,True
N0,policy_determinacy,route_lookup-2-hold,route_lookup-2,hold,2,ALLOW,ALLOW,False,1,True
N0,policy_determinacy,route_lookup-2-nondecisive_missing,route_lookup-2,nondecisive_missing,0,DENY,DENY,False,1,True
N0,policy_determinacy,route_lookup-2-nondecisive_missing,route_lookup-2,nondecisive_missing,1,DENY,DENY,False,1,True
N0,policy_determinacy,route_lookup-2-nondecisive_missing,route_lookup-2,nondecisive_missing,2,INSUFFICIENT,INSUFFICIENT,False,1,True
N0,policy_determinacy,route_lookup-3-conflict,route_lookup-3,conflict,0,INSUFFICIENT,INSUFFICIENT,False,1,True
N0,policy_determinacy,route_lookup-3-conflict,route_lookup-3,conflict,1,INSUFFICIENT,INSUFFICIENT,False,1,True
N0,policy_determinacy,route_lookup-3-conflict,route_lookup-3,conflict,2,ALLOW,INSUFFICIENT,True,1,True
N0,policy_determinacy,route_lookup-3-decisive_missing,route_lookup-3,decisive_missing,0,DENY,INSUFFICIENT,True,1,True
N0,policy_determinacy,route_lookup-3-decisive_missing,route_lookup-3,decisive_missing,1,INSUFFICIENT,INSUFFICIENT,False,1,True
N0,policy_determinacy,route_lookup-3-decisive_missing,route_lookup-3,decisive_missing,2,DENY,INSUFFICIENT,True,1,True
N0,policy_determinacy,route_lookup-3-flip,route_lookup-3,flip,0,INSUFFICIENT,INSUFFICIENT,False,1,True
N0,policy_determinacy,route_lookup-3-flip,route_lookup-3,flip,1,INSUFFICIENT,INSUFFICIENT,False,1,True
N0,policy_determinacy,route_lookup-3-flip,route_lookup-3,flip,2,INSUFFICIENT,INSUFFICIENT,False,1,True
N0,policy_determinacy,route_lookup-3-full,route_lookup-3,full,0,DENY,DENY,False,1,True
N0,policy_determinacy,route_lookup-3-full,route_lookup-3,full,1,ALLOW,ALLOW,False,1,True
N0,policy_determinacy,route_lookup-3-full,route_lookup-3,full,2,ALLOW,ALLOW,False,1,True
N0,policy_determinacy,route_lookup-3-hold,route_lookup-3,hold,0,INSUFFICIENT,INSUFFICIENT,False,1,True
N0,policy_determinacy,route_lookup-3-hold,route_lookup-3,hold,1,INSUFFICIENT,INSUFFICIENT,False,1,True
N0,policy_determinacy,route_lookup-3-hold,route_lookup-3,hold,2,INSUFFICIENT,INSUFFICIENT,False,1,True
N0,policy_determinacy,route_lookup-3-nondecisive_missing,route_lookup-3,nondecisive_missing,0,ALLOW,ALLOW,False,1,True
N0,policy_determinacy,route_lookup-3-nondecisive_missing,route_lookup-3,nondecisive_missing,1,ALLOW,ALLOW,False,1,True
N0,policy_determinacy,route_lookup-3-nondecisive_missing,route_lookup-3,nondecisive_missing,2,ALLOW,ALLOW,False,1,True
N0,policy_determinacy,route_lookup-4-conflict,route_lookup-4,conflict,0,DENY,INSUFFICIENT,True,1,True
N0,policy_determinacy,route_lookup-4-conflict,route_lookup-4,conflict,1,DENY,INSUFFICIENT,True,1,True
N0,policy_determinacy,route_lookup-4-conflict,route_lookup-4,conflict,2,INSUFFICIENT,INSUFFICIENT,False,1,True
N0,policy_determinacy,route_lookup-4-decisive_missing,route_lookup-4,decisive_missing,0,DENY,INSUFFICIENT,True,1,True
N0,policy_determinacy,route_lookup-4-decisive_missing,route_lookup-4,decisive_missing,1,ALLOW,INSUFFICIENT,True,1,True
N0,policy_determinacy,route_lookup-4-decisive_missing,route_lookup-4,decisive_missing,2,ALLOW,INSUFFICIENT,True,1,True
N0,policy_determinacy,route_lookup-4-flip,route_lookup-4,flip,0,ALLOW,ALLOW,False,1,True
N0,policy_determinacy,route_lookup-4-flip,route_lookup-4,flip,1,ALLOW,ALLOW,False,1,True
N0,policy_determinacy,route_lookup-4-flip,route_lookup-4,flip,2,ALLOW,ALLOW,False,1,True
N0,policy_determinacy,route_lookup-4-full,route_lookup-4,full,0,DENY,DENY,False,1,True
N0,policy_determinacy,route_lookup-4-full,route_lookup-4,full,1,DENY,DENY,False,1,True
N0,policy_determinacy,route_lookup-4-full,route_lookup-4,full,2,INSUFFICIENT,INSUFFICIENT,False,1,True
N0,policy_determinacy,route_lookup-4-hold,route_lookup-4,hold,0,DENY,DENY,False,1,True
N0,policy_determinacy,route_lookup-4-hold,route_lookup-4,hold,1,DENY,DENY,False,1,True
N0,policy_determinacy,route_lookup-4-hold,route_lookup-4,hold,2,INSUFFICIENT,INSUFFICIENT,False,1,True
N0,policy_determinacy,route_lookup-4-nondecisive_missing,route_lookup-4,nondecisive_missing,0,DENY,DENY,False,1,True
N0,policy_determinacy,route_lookup-4-nondecisive_missing,route_lookup-4,nondecisive_missing,1,DENY,DENY,False,1,True
N0,policy_determinacy,route_lookup-4-nondecisive_missing,route_lookup-4,nondecisive_missing,2,INSUFFICIENT,INSUFFICIENT,False,1,True
N0,always_insufficient,joint_approval-1-conflict,joint_approval-1,conflict,0,INSUFFICIENT,INSUFFICIENT,False,0,False
N0,always_insufficient,joint_approval-1-conflict,joint_approval-1,conflict,1,DENY,INSUFFICIENT,True,0,False
N0,always_insufficient,joint_approval-1-conflict,joint_approval-1,conflict,2,ALLOW,INSUFFICIENT,True,0,False
N0,always_insufficient,joint_approval-1-decisive_missing,joint_approval-1,decisive_missing,0,INSUFFICIENT,INSUFFICIENT,False,0,False
N0,always_insufficient,joint_approval-1-decisive_missing,joint_approval-1,decisive_missing,1,INSUFFICIENT,INSUFFICIENT,False,0,False
N0,always_insufficient,joint_approval-1-decisive_missing,joint_approval-1,decisive_missing,2,INSUFFICIENT,INSUFFICIENT,False,0,False
N0,always_insufficient,joint_approval-1-flip,joint_approval-1,flip,0,INSUFFICIENT,INSUFFICIENT,False,0,False
N0,always_insufficient,joint_approval-1-flip,joint_approval-1,flip,1,INSUFFICIENT,INSUFFICIENT,False,0,False
N0,always_insufficient,joint_approval-1-flip,joint_approval-1,flip,2,DENY,INSUFFICIENT,True,0,False
N0,always_insufficient,joint_approval-1-full,joint_approval-1,full,0,ALLOW,INSUFFICIENT,True,0,False
N0,always_insufficient,joint_approval-1-full,joint_approval-1,full,1,ALLOW,INSUFFICIENT,True,0,False
N0,always_insufficient,joint_approval-1-full,joint_approval-1,full,2,ALLOW,INSUFFICIENT,True,0,False
N0,always_insufficient,joint_approval-1-hold,joint_approval-1,hold,0,ALLOW,INSUFFICIENT,True,0,False
N0,always_insufficient,joint_approval-1-hold,joint_approval-1,hold,1,ALLOW,INSUFFICIENT,True,0,False
N0,always_insufficient,joint_approval-1-hold,joint_approval-1,hold,2,ALLOW,INSUFFICIENT,True,0,False
N0,always_insufficient,joint_approval-1-nondecisive_missing,joint_approval-1,nondecisive_missing,0,ALLOW,INSUFFICIENT,True,0,False
N0,always_insufficient,joint_approval-1-nondecisive_missing,joint_approval-1,nondecisive_missing,1,ALLOW,INSUFFICIENT,True,0,False
N0,always_insufficient,joint_approval-1-nondecisive_missing,joint_approval-1,nondecisive_missing,2,ALLOW,INSUFFICIENT,True,0,False
N0,always_insufficient,joint_approval-2-conflict,joint_approval-2,conflict,0,DENY,INSUFFICIENT,True,0,False
N0,always_insufficient,joint_approval-2-conflict,joint_approval-2,conflict,1,ALLOW,INSUFFICIENT,True,0,False
N0,always_insufficient,joint_approval-2-conflict,joint_approval-2,conflict,2,INSUFFICIENT,INSUFFICIENT,False,0,False
N0,always_insufficient,joint_approval-2-decisive_missing,joint_approval-2,decisive_missing,0,INSUFFICIENT,INSUFFICIENT,False,0,False
N0,always_insufficient,joint_approval-2-decisive_missing,joint_approval-2,decisive_missing,1,ALLOW,INSUFFICIENT,True,0,False
N0,always_insufficient,joint_approval-2-decisive_missing,joint_approval-2,decisive_missing,2,ALLOW,INSUFFICIENT,True,0,False
N0,always_insufficient,joint_approval-2-flip,joint_approval-2,flip,0,INSUFFICIENT,INSUFFICIENT,False,0,False
N0,always_insufficient,joint_approval-2-flip,joint_approval-2,flip,1,ALLOW,INSUFFICIENT,True,0,False
N0,always_insufficient,joint_approval-2-flip,joint_approval-2,flip,2,ALLOW,INSUFFICIENT,True,0,False
N0,always_insufficient,joint_approval-2-full,joint_approval-2,full,0,DENY,INSUFFICIENT,True,0,False
N0,always_insufficient,joint_approval-2-full,joint_approval-2,full,1,INSUFFICIENT,INSUFFICIENT,False,0,False
N0,always_insufficient,joint_approval-2-full,joint_approval-2,full,2,DENY,INSUFFICIENT,True,0,False
N0,always_insufficient,joint_approval-2-hold,joint_approval-2,hold,0,ALLOW,INSUFFICIENT,True,0,False
N0,always_insufficient,joint_approval-2-hold,joint_approval-2,hold,1,ALLOW,INSUFFICIENT,True,0,False
N0,always_insufficient,joint_approval-2-hold,joint_approval-2,hold,2,ALLOW,INSUFFICIENT,True,0,False
N0,always_insufficient,joint_approval-2-nondecisive_missing,joint_approval-2,nondecisive_missing,0,DENY,INSUFFICIENT,True,0,False
N0,always_insufficient,joint_approval-2-nondecisive_missing,joint_approval-2,nondecisive_missing,1,INSUFFICIENT,INSUFFICIENT,False,0,False
N0,always_insufficient,joint_approval-2-nondecisive_missing,joint_approval-2,nondecisive_missing,2,DENY,INSUFFICIENT,True,0,False
N0,always_insufficient,joint_approval-3-conflict,joint_approval-3,conflict,0,DENY,INSUFFICIENT,True,0,False
N0,always_insufficient,joint_approval-3-conflict,joint_approval-3,conflict,1,INSUFFICIENT,INSUFFICIENT,False,0,False
N0,always_insufficient,joint_approval-3-conflict,joint_approval-3,conflict,2,INSUFFICIENT,INSUFFICIENT,False,0,False
N0,always_insufficient,joint_approval-3-decisive_missing,joint_approval-3,decisive_missing,0,DENY,INSUFFICIENT,True,0,False
N0,always_insufficient,joint_approval-3-decisive_missing,joint_approval-3,decisive_missing,1,INSUFFICIENT,INSUFFICIENT,False,0,False
N0,always_insufficient,joint_approval-3-decisive_missing,joint_approval-3,decisive_missing,2,DENY,INSUFFICIENT,True,0,False
N0,always_insufficient,joint_approval-3-flip,joint_approval-3,flip,0,DENY,INSUFFICIENT,True,0,False
N0,always_insufficient,joint_approval-3-flip,joint_approval-3,flip,1,INSUFFICIENT,INSUFFICIENT,False,0,False
N0,always_insufficient,joint_approval-3-flip,joint_approval-3,flip,2,DENY,INSUFFICIENT,True,0,False
N0,always_insufficient,joint_approval-3-full,joint_approval-3,full,0,INSUFFICIENT,INSUFFICIENT,False,0,False
N0,always_insufficient,joint_approval-3-full,joint_approval-3,full,1,ALLOW,INSUFFICIENT,True,0,False
N0,always_insufficient,joint_approval-3-full,joint_approval-3,full,2,ALLOW,INSUFFICIENT,True,0,False
N0,always_insufficient,joint_approval-3-hold,joint_approval-3,hold,0,ALLOW,INSUFFICIENT,True,0,False
N0,always_insufficient,joint_approval-3-hold,joint_approval-3,hold,1,ALLOW,INSUFFICIENT,True,0,False
N0,always_insufficient,joint_approval-3-hold,joint_approval-3,hold,2,ALLOW,INSUFFICIENT,True,0,False
N0,always_insufficient,joint_approval-3-nondecisive_missing,joint_approval-3,nondecisive_missing,0,ALLOW,INSUFFICIENT,True,0,False
N0,always_insufficient,joint_approval-3-nondecisive_missing,joint_approval-3,nondecisive_missing,1,ALLOW,INSUFFICIENT,True,0,False
N0,always_insufficient,joint_approval-3-nondecisive_missing,joint_approval-3,nondecisive_missing,2,ALLOW,INSUFFICIENT,True,0,False
N0,always_insufficient,joint_approval-4-conflict,joint_approval-4,conflict,0,INSUFFICIENT,INSUFFICIENT,False,0,False
N0,always_insufficient,joint_approval-4-conflict,joint_approval-4,conflict,1,DENY,INSUFFICIENT,True,0,False
N0,always_insufficient,joint_approval-4-conflict,joint_approval-4,conflict,2,DENY,INSUFFICIENT,True,0,False
N0,always_insufficient,joint_approval-4-decisive_missing,joint_approval-4,decisive_missing,0,INSUFFICIENT,INSUFFICIENT,False,0,False
N0,always_insufficient,joint_approval-4-decisive_missing,joint_approval-4,decisive_missing,1,ALLOW,INSUFFICIENT,True,0,False
N0,always_insufficient,joint_approval-4-decisive_missing,joint_approval-4,decisive_missing,2,ALLOW,INSUFFICIENT,True,0,False
N0,always_insufficient,joint_approval-4-flip,joint_approval-4,flip,0,INSUFFICIENT,INSUFFICIENT,False,0,False
N0,always_insufficient,joint_approval-4-flip,joint_approval-4,flip,1,ALLOW,INSUFFICIENT,True,0,False
N0,always_insufficient,joint_approval-4-flip,joint_approval-4,flip,2,ALLOW,INSUFFICIENT,True,0,False
N0,always_insufficient,joint_approval-4-full,joint_approval-4,full,0,DENY,INSUFFICIENT,True,0,False
N0,always_insufficient,joint_approval-4-full,joint_approval-4,full,1,INSUFFICIENT,INSUFFICIENT,False,0,False
N0,always_insufficient,joint_approval-4-full,joint_approval-4,full,2,DENY,INSUFFICIENT,True,0,False
N0,always_insufficient,joint_approval-4-hold,joint_approval-4,hold,0,DENY,INSUFFICIENT,True,0,False
N0,always_insufficient,joint_approval-4-hold,joint_approval-4,hold,1,DENY,INSUFFICIENT,True,0,False
N0,always_insufficient,joint_approval-4-hold,joint_approval-4,hold,2,DENY,INSUFFICIENT,True,0,False
N0,always_insufficient,joint_approval-4-nondecisive_missing,joint_approval-4,nondecisive_missing,0,DENY,INSUFFICIENT,True,0,False
N0,always_insufficient,joint_approval-4-nondecisive_missing,joint_approval-4,nondecisive_missing,1,INSUFFICIENT,INSUFFICIENT,False,0,False
N0,always_insufficient,joint_approval-4-nondecisive_missing,joint_approval-4,nondecisive_missing,2,DENY,INSUFFICIENT,True,0,False
N0,always_insufficient,reversal_exception-1-conflict,reversal_exception-1,conflict,0,DENY,INSUFFICIENT,True,0,False
N0,always_insufficient,reversal_exception-1-conflict,reversal_exception-1,conflict,1,ALLOW,INSUFFICIENT,True,0,False
N0,always_insufficient,reversal_exception-1-conflict,reversal_exception-1,conflict,2,ALLOW,INSUFFICIENT,True,0,False
N0,always_insufficient,reversal_exception-1-decisive_missing,reversal_exception-1,decisive_missing,0,ALLOW,INSUFFICIENT,True,0,False
N0,always_insufficient,reversal_exception-1-decisive_missing,reversal_exception-1,decisive_missing,1,ALLOW,INSUFFICIENT,True,0,False
N0,always_insufficient,reversal_exception-1-decisive_missing,reversal_exception-1,decisive_missing,2,ALLOW,INSUFFICIENT,True,0,False
N0,always_insufficient,reversal_exception-1-flip,reversal_exception-1,flip,0,DENY,INSUFFICIENT,True,0,False
N0,always_insufficient,reversal_exception-1-flip,reversal_exception-1,flip,1,ALLOW,INSUFFICIENT,True,0,False
N0,always_insufficient,reversal_exception-1-flip,reversal_exception-1,flip,2,ALLOW,INSUFFICIENT,True,0,False
N0,always_insufficient,reversal_exception-1-full,reversal_exception-1,full,0,DENY,INSUFFICIENT,True,0,False
N0,always_insufficient,reversal_exception-1-full,reversal_exception-1,full,1,ALLOW,INSUFFICIENT,True,0,False
N0,always_insufficient,reversal_exception-1-full,reversal_exception-1,full,2,ALLOW,INSUFFICIENT,True,0,False
N0,always_insufficient,reversal_exception-1-hold,reversal_exception-1,hold,0,DENY,INSUFFICIENT,True,0,False
N0,always_insufficient,reversal_exception-1-hold,reversal_exception-1,hold,1,INSUFFICIENT,INSUFFICIENT,False,0,False
N0,always_insufficient,reversal_exception-1-hold,reversal_exception-1,hold,2,ALLOW,INSUFFICIENT,True,0,False
N0,always_insufficient,reversal_exception-1-nondecisive_missing,reversal_exception-1,nondecisive_missing,0,DENY,INSUFFICIENT,True,0,False
N0,always_insufficient,reversal_exception-1-nondecisive_missing,reversal_exception-1,nondecisive_missing,1,ALLOW,INSUFFICIENT,True,0,False
N0,always_insufficient,reversal_exception-1-nondecisive_missing,reversal_exception-1,nondecisive_missing,2,ALLOW,INSUFFICIENT,True,0,False
N0,always_insufficient,reversal_exception-2-conflict,reversal_exception-2,conflict,0,DENY,INSUFFICIENT,True,0,False
N0,always_insufficient,reversal_exception-2-conflict,reversal_exception-2,conflict,1,ALLOW,INSUFFICIENT,True,0,False
N0,always_insufficient,reversal_exception-2-conflict,reversal_exception-2,conflict,2,ALLOW,INSUFFICIENT,True,0,False
N0,always_insufficient,reversal_exception-2-decisive_missing,reversal_exception-2,decisive_missing,0,ALLOW,INSUFFICIENT,True,0,False
N0,always_insufficient,reversal_exception-2-decisive_missing,reversal_exception-2,decisive_missing,1,ALLOW,INSUFFICIENT,True,0,False
N0,always_insufficient,reversal_exception-2-decisive_missing,reversal_exception-2,decisive_missing,2,ALLOW,INSUFFICIENT,True,0,False
N0,always_insufficient,reversal_exception-2-flip,reversal_exception-2,flip,0,INSUFFICIENT,INSUFFICIENT,False,0,False
N0,always_insufficient,reversal_exception-2-flip,reversal_exception-2,flip,1,ALLOW,INSUFFICIENT,True,0,False
N0,always_insufficient,reversal_exception-2-flip,reversal_exception-2,flip,2,ALLOW,INSUFFICIENT,True,0,False
N0,always_insufficient,reversal_exception-2-full,reversal_exception-2,full,0,DENY,INSUFFICIENT,True,0,False
N0,always_insufficient,reversal_exception-2-full,reversal_exception-2,full,1,ALLOW,INSUFFICIENT,True,0,False
N0,always_insufficient,reversal_exception-2-full,reversal_exception-2,full,2,ALLOW,INSUFFICIENT,True,0,False
N0,always_insufficient,reversal_exception-2-hold,reversal_exception-2,hold,0,ALLOW,INSUFFICIENT,True,0,False
N0,always_insufficient,reversal_exception-2-hold,reversal_exception-2,hold,1,ALLOW,INSUFFICIENT,True,0,False
N0,always_insufficient,reversal_exception-2-hold,reversal_exception-2,hold,2,ALLOW,INSUFFICIENT,True,0,False
N0,always_insufficient,reversal_exception-2-nondecisive_missing,reversal_exception-2,nondecisive_missing,0,DENY,INSUFFICIENT,True,0,False
N0,always_insufficient,reversal_exception-2-nondecisive_missing,reversal_exception-2,nondecisive_missing,1,ALLOW,INSUFFICIENT,True,0,False
N0,always_insufficient,reversal_exception-2-nondecisive_missing,reversal_exception-2,nondecisive_missing,2,ALLOW,INSUFFICIENT,True,0,False
N0,always_insufficient,reversal_exception-3-conflict,reversal_exception-3,conflict,0,DENY,INSUFFICIENT,True,0,False
N0,always_insufficient,reversal_exception-3-conflict,reversal_exception-3,conflict,1,DENY,INSUFFICIENT,True,0,False
N0,always_insufficient,reversal_exception-3-conflict,reversal_exception-3,conflict,2,ALLOW,INSUFFICIENT,True,0,False
N0,always_insufficient,reversal_exception-3-decisive_missing,reversal_exception-3,decisive_missing,0,DENY,INSUFFICIENT,True,0,False
N0,always_insufficient,reversal_exception-3-decisive_missing,reversal_exception-3,decisive_missing,1,INSUFFICIENT,INSUFFICIENT,False,0,False
N0,always_insufficient,reversal_exception-3-decisive_missing,reversal_exception-3,decisive_missing,2,ALLOW,INSUFFICIENT,True,0,False
N0,always_insufficient,reversal_exception-3-flip,reversal_exception-3,flip,0,DENY,INSUFFICIENT,True,0,False
N0,always_insufficient,reversal_exception-3-flip,reversal_exception-3,flip,1,INSUFFICIENT,INSUFFICIENT,False,0,False
N0,always_insufficient,reversal_exception-3-flip,reversal_exception-3,flip,2,ALLOW,INSUFFICIENT,True,0,False
N0,always_insufficient,reversal_exception-3-full,reversal_exception-3,full,0,DENY,INSUFFICIENT,True,0,False
N0,always_insufficient,reversal_exception-3-full,reversal_exception-3,full,1,DENY,INSUFFICIENT,True,0,False
N0,always_insufficient,reversal_exception-3-full,reversal_exception-3,full,2,ALLOW,INSUFFICIENT,True,0,False
N0,always_insufficient,reversal_exception-3-hold,reversal_exception-3,hold,0,DENY,INSUFFICIENT,True,0,False
N0,always_insufficient,reversal_exception-3-hold,reversal_exception-3,hold,1,INSUFFICIENT,INSUFFICIENT,False,0,False
N0,always_insufficient,reversal_exception-3-hold,reversal_exception-3,hold,2,DENY,INSUFFICIENT,True,0,False
N0,always_insufficient,reversal_exception-3-nondecisive_missing,reversal_exception-3,nondecisive_missing,0,DENY,INSUFFICIENT,True,0,False
N0,always_insufficient,reversal_exception-3-nondecisive_missing,reversal_exception-3,nondecisive_missing,1,DENY,INSUFFICIENT,True,0,False
N0,always_insufficient,reversal_exception-3-nondecisive_missing,reversal_exception-3,nondecisive_missing,2,ALLOW,INSUFFICIENT,True,0,False
N0,always_insufficient,reversal_exception-4-conflict,reversal_exception-4,conflict,0,DENY,INSUFFICIENT,True,0,False
N0,always_insufficient,reversal_exception-4-conflict,reversal_exception-4,conflict,1,DENY,INSUFFICIENT,True,0,False
N0,always_insufficient,reversal_exception-4-conflict,reversal_exception-4,conflict,2,DENY,INSUFFICIENT,True,0,False
N0,always_insufficient,reversal_exception-4-decisive_missing,reversal_exception-4,decisive_missing,0,DENY,INSUFFICIENT,True,0,False
N0,always_insufficient,reversal_exception-4-decisive_missing,reversal_exception-4,decisive_missing,1,DENY,INSUFFICIENT,True,0,False
N0,always_insufficient,reversal_exception-4-decisive_missing,reversal_exception-4,decisive_missing,2,ALLOW,INSUFFICIENT,True,0,False
N0,always_insufficient,reversal_exception-4-flip,reversal_exception-4,flip,0,DENY,INSUFFICIENT,True,0,False
N0,always_insufficient,reversal_exception-4-flip,reversal_exception-4,flip,1,DENY,INSUFFICIENT,True,0,False
N0,always_insufficient,reversal_exception-4-flip,reversal_exception-4,flip,2,ALLOW,INSUFFICIENT,True,0,False
N0,always_insufficient,reversal_exception-4-full,reversal_exception-4,full,0,DENY,INSUFFICIENT,True,0,False
N0,always_insufficient,reversal_exception-4-full,reversal_exception-4,full,1,DENY,INSUFFICIENT,True,0,False
N0,always_insufficient,reversal_exception-4-full,reversal_exception-4,full,2,DENY,INSUFFICIENT,True,0,False
N0,always_insufficient,reversal_exception-4-hold,reversal_exception-4,hold,0,DENY,INSUFFICIENT,True,0,False
N0,always_insufficient,reversal_exception-4-hold,reversal_exception-4,hold,1,DENY,INSUFFICIENT,True,0,False
N0,always_insufficient,reversal_exception-4-hold,reversal_exception-4,hold,2,DENY,INSUFFICIENT,True,0,False
N0,always_insufficient,reversal_exception-4-nondecisive_missing,reversal_exception-4,nondecisive_missing,0,DENY,INSUFFICIENT,True,0,False
N0,always_insufficient,reversal_exception-4-nondecisive_missing,reversal_exception-4,nondecisive_missing,1,DENY,INSUFFICIENT,True,0,False
N0,always_insufficient,reversal_exception-4-nondecisive_missing,reversal_exception-4,nondecisive_missing,2,DENY,INSUFFICIENT,True,0,False
N0,always_insufficient,route_lookup-1-conflict,route_lookup-1,conflict,0,ALLOW,INSUFFICIENT,True,0,False
N0,always_insufficient,route_lookup-1-conflict,route_lookup-1,conflict,1,DENY,INSUFFICIENT,True,0,False
N0,always_insufficient,route_lookup-1-conflict,route_lookup-1,conflict,2,ALLOW,INSUFFICIENT,True,0,False
N0,always_insufficient,route_lookup-1-decisive_missing,route_lookup-1,decisive_missing,0,DENY,INSUFFICIENT,True,0,False
N0,always_insufficient,route_lookup-1-decisive_missing,route_lookup-1,decisive_missing,1,ALLOW,INSUFFICIENT,True,0,False
N0,always_insufficient,route_lookup-1-decisive_missing,route_lookup-1,decisive_missing,2,ALLOW,INSUFFICIENT,True,0,False
N0,always_insufficient,route_lookup-1-flip,route_lookup-1,flip,0,DENY,INSUFFICIENT,True,0,False
N0,always_insufficient,route_lookup-1-flip,route_lookup-1,flip,1,DENY,INSUFFICIENT,True,0,False
N0,always_insufficient,route_lookup-1-flip,route_lookup-1,flip,2,ALLOW,INSUFFICIENT,True,0,False
N0,always_insufficient,route_lookup-1-full,route_lookup-1,full,0,ALLOW,INSUFFICIENT,True,0,False
N0,always_insufficient,route_lookup-1-full,route_lookup-1,full,1,ALLOW,INSUFFICIENT,True,0,False
N0,always_insufficient,route_lookup-1-full,route_lookup-1,full,2,ALLOW,INSUFFICIENT,True,0,False
N0,always_insufficient,route_lookup-1-hold,route_lookup-1,hold,0,DENY,INSUFFICIENT,True,0,False
N0,always_insufficient,route_lookup-1-hold,route_lookup-1,hold,1,DENY,INSUFFICIENT,True,0,False
N0,always_insufficient,route_lookup-1-hold,route_lookup-1,hold,2,INSUFFICIENT,INSUFFICIENT,False,0,False
N0,always_insufficient,route_lookup-1-nondecisive_missing,route_lookup-1,nondecisive_missing,0,ALLOW,INSUFFICIENT,True,0,False
N0,always_insufficient,route_lookup-1-nondecisive_missing,route_lookup-1,nondecisive_missing,1,ALLOW,INSUFFICIENT,True,0,False
N0,always_insufficient,route_lookup-1-nondecisive_missing,route_lookup-1,nondecisive_missing,2,ALLOW,INSUFFICIENT,True,0,False
N0,always_insufficient,route_lookup-2-conflict,route_lookup-2,conflict,0,DENY,INSUFFICIENT,True,0,False
N0,always_insufficient,route_lookup-2-conflict,route_lookup-2,conflict,1,DENY,INSUFFICIENT,True,0,False
N0,always_insufficient,route_lookup-2-conflict,route_lookup-2,conflict,2,INSUFFICIENT,INSUFFICIENT,False,0,False
N0,always_insufficient,route_lookup-2-decisive_missing,route_lookup-2,decisive_missing,0,DENY,INSUFFICIENT,True,0,False
N0,always_insufficient,route_lookup-2-decisive_missing,route_lookup-2,decisive_missing,1,ALLOW,INSUFFICIENT,True,0,False
N0,always_insufficient,route_lookup-2-decisive_missing,route_lookup-2,decisive_missing,2,ALLOW,INSUFFICIENT,True,0,False
N0,always_insufficient,route_lookup-2-flip,route_lookup-2,flip,0,DENY,INSUFFICIENT,True,0,False
N0,always_insufficient,route_lookup-2-flip,route_lookup-2,flip,1,DENY,INSUFFICIENT,True,0,False
N0,always_insufficient,route_lookup-2-flip,route_lookup-2,flip,2,INSUFFICIENT,INSUFFICIENT,False,0,False
N0,always_insufficient,route_lookup-2-full,route_lookup-2,full,0,DENY,INSUFFICIENT,True,0,False
N0,always_insufficient,route_lookup-2-full,route_lookup-2,full,1,DENY,INSUFFICIENT,True,0,False
N0,always_insufficient,route_lookup-2-full,route_lookup-2,full,2,DENY,INSUFFICIENT,True,0,False
N0,always_insufficient,route_lookup-2-hold,route_lookup-2,hold,0,ALLOW,INSUFFICIENT,True,0,False
N0,always_insufficient,route_lookup-2-hold,route_lookup-2,hold,1,ALLOW,INSUFFICIENT,True,0,False
N0,always_insufficient,route_lookup-2-hold,route_lookup-2,hold,2,ALLOW,INSUFFICIENT,True,0,False
N0,always_insufficient,route_lookup-2-nondecisive_missing,route_lookup-2,nondecisive_missing,0,DENY,INSUFFICIENT,True,0,False
N0,always_insufficient,route_lookup-2-nondecisive_missing,route_lookup-2,nondecisive_missing,1,DENY,INSUFFICIENT,True,0,False
N0,always_insufficient,route_lookup-2-nondecisive_missing,route_lookup-2,nondecisive_missing,2,INSUFFICIENT,INSUFFICIENT,False,0,False
N0,always_insufficient,route_lookup-3-conflict,route_lookup-3,conflict,0,INSUFFICIENT,INSUFFICIENT,False,0,False
N0,always_insufficient,route_lookup-3-conflict,route_lookup-3,conflict,1,INSUFFICIENT,INSUFFICIENT,False,0,False
N0,always_insufficient,route_lookup-3-conflict,route_lookup-3,conflict,2,ALLOW,INSUFFICIENT,True,0,False
N0,always_insufficient,route_lookup-3-decisive_missing,route_lookup-3,decisive_missing,0,DENY,INSUFFICIENT,True,0,False
N0,always_insufficient,route_lookup-3-decisive_missing,route_lookup-3,decisive_missing,1,INSUFFICIENT,INSUFFICIENT,False,0,False
N0,always_insufficient,route_lookup-3-decisive_missing,route_lookup-3,decisive_missing,2,DENY,INSUFFICIENT,True,0,False
N0,always_insufficient,route_lookup-3-flip,route_lookup-3,flip,0,INSUFFICIENT,INSUFFICIENT,False,0,False
N0,always_insufficient,route_lookup-3-flip,route_lookup-3,flip,1,INSUFFICIENT,INSUFFICIENT,False,0,False
N0,always_insufficient,route_lookup-3-flip,route_lookup-3,flip,2,INSUFFICIENT,INSUFFICIENT,False,0,False
N0,always_insufficient,route_lookup-3-full,route_lookup-3,full,0,DENY,INSUFFICIENT,True,0,False
N0,always_insufficient,route_lookup-3-full,route_lookup-3,full,1,ALLOW,INSUFFICIENT,True,0,False
N0,always_insufficient,route_lookup-3-full,route_lookup-3,full,2,ALLOW,INSUFFICIENT,True,0,False
N0,always_insufficient,route_lookup-3-hold,route_lookup-3,hold,0,INSUFFICIENT,INSUFFICIENT,False,0,False
N0,always_insufficient,route_lookup-3-hold,route_lookup-3,hold,1,INSUFFICIENT,INSUFFICIENT,False,0,False
N0,always_insufficient,route_lookup-3-hold,route_lookup-3,hold,2,INSUFFICIENT,INSUFFICIENT,False,0,False
N0,always_insufficient,route_lookup-3-nondecisive_missing,route_lookup-3,nondecisive_missing,0,ALLOW,INSUFFICIENT,True,0,False
N0,always_insufficient,route_lookup-3-nondecisive_missing,route_lookup-3,nondecisive_missing,1,ALLOW,INSUFFICIENT,True,0,False
N0,always_insufficient,route_lookup-3-nondecisive_missing,route_lookup-3,nondecisive_missing,2,ALLOW,INSUFFICIENT,True,0,False
N0,always_insufficient,route_lookup-4-conflict,route_lookup-4,conflict,0,DENY,INSUFFICIENT,True,0,False
N0,always_insufficient,route_lookup-4-conflict,route_lookup-4,conflict,1,DENY,INSUFFICIENT,True,0,False
N0,always_insufficient,route_lookup-4-conflict,route_lookup-4,conflict,2,INSUFFICIENT,INSUFFICIENT,False,0,False
N0,always_insufficient,route_lookup-4-decisive_missing,route_lookup-4,decisive_missing,0,DENY,INSUFFICIENT,True,0,False
N0,always_insufficient,route_lookup-4-decisive_missing,route_lookup-4,decisive_missing,1,ALLOW,INSUFFICIENT,True,0,False
N0,always_insufficient,route_lookup-4-decisive_missing,route_lookup-4,decisive_missing,2,ALLOW,INSUFFICIENT,True,0,False
N0,always_insufficient,route_lookup-4-flip,route_lookup-4,flip,0,ALLOW,INSUFFICIENT,True,0,False
N0,always_insufficient,route_lookup-4-flip,route_lookup-4,flip,1,ALLOW,INSUFFICIENT,True,0,False
N0,always_insufficient,route_lookup-4-flip,route_lookup-4,flip,2,ALLOW,INSUFFICIENT,True,0,False
N0,always_insufficient,route_lookup-4-full,route_lookup-4,full,0,DENY,INSUFFICIENT,True,0,False
N0,always_insufficient,route_lookup-4-full,route_lookup-4,full,1,DENY,INSUFFICIENT,True,0,False
N0,always_insufficient,route_lookup-4-full,route_lookup-4,full,2,INSUFFICIENT,INSUFFICIENT,False,0,False
N0,always_insufficient,route_lookup-4-hold,route_lookup-4,hold,0,DENY,INSUFFICIENT,True,0,False
N0,always_insufficient,route_lookup-4-hold,route_lookup-4,hold,1,DENY,INSUFFICIENT,True,0,False
N0,always_insufficient,route_lookup-4-hold,route_lookup-4,hold,2,INSUFFICIENT,INSUFFICIENT,False,0,False
N0,always_insufficient,route_lookup-4-nondecisive_missing,route_lookup-4,nondecisive_missing,0,DENY,INSUFFICIENT,True,0,False
N0,always_insufficient,route_lookup-4-nondecisive_missing,route_lookup-4,nondecisive_missing,1,DENY,INSUFFICIENT,True,0,False
N0,always_insufficient,route_lookup-4-nondecisive_missing,route_lookup-4,nondecisive_missing,2,INSUFFICIENT,INSUFFICIENT,False,0,False
N1,raw,joint_approval-1-conflict,joint_approval-1,conflict,0,DENY,DENY,False,1,False
N1,raw,joint_approval-1-conflict,joint_approval-1,conflict,1,DENY,DENY,False,1,False
N1,raw,joint_approval-1-conflict,joint_approval-1,conflict,2,INSUFFICIENT,INSUFFICIENT,False,1,False
N1,raw,joint_approval-1-decisive_missing,joint_approval-1,decisive_missing,0,ALLOW,ALLOW,False,1,False
N1,raw,joint_approval-1-decisive_missing,joint_approval-1,decisive_missing,1,ALLOW,ALLOW,False,1,False
N1,raw,joint_approval-1-decisive_missing,joint_approval-1,decisive_missing,2,ALLOW,ALLOW,False,1,False
N1,raw,joint_approval-1-flip,joint_approval-1,flip,0,INSUFFICIENT,INSUFFICIENT,False,1,False
N1,raw,joint_approval-1-flip,joint_approval-1,flip,1,INSUFFICIENT,INSUFFICIENT,False,1,False
N1,raw,joint_approval-1-flip,joint_approval-1,flip,2,INSUFFICIENT,INSUFFICIENT,False,1,False
N1,raw,joint_approval-1-full,joint_approval-1,full,0,ALLOW,ALLOW,False,1,False
N1,raw,joint_approval-1-full,joint_approval-1,full,1,ALLOW,ALLOW,False,1,False
N1,raw,joint_approval-1-full,joint_approval-1,full,2,ALLOW,ALLOW,False,1,False
N1,raw,joint_approval-1-hold,joint_approval-1,hold,0,ALLOW,ALLOW,False,1,False
N1,raw,joint_approval-1-hold,joint_approval-1,hold,1,ALLOW,ALLOW,False,1,False
N1,raw,joint_approval-1-hold,joint_approval-1,hold,2,ALLOW,ALLOW,False,1,False
N1,raw,joint_approval-1-nondecisive_missing,joint_approval-1,nondecisive_missing,0,ALLOW,ALLOW,False,1,False
N1,raw,joint_approval-1-nondecisive_missing,joint_approval-1,nondecisive_missing,1,ALLOW,ALLOW,False,1,False
N1,raw,joint_approval-1-nondecisive_missing,joint_approval-1,nondecisive_missing,2,ALLOW,ALLOW,False,1,False
N1,raw,joint_approval-2-conflict,joint_approval-2,conflict,0,ALLOW,ALLOW,False,1,False
N1,raw,joint_approval-2-conflict,joint_approval-2,conflict,1,ALLOW,ALLOW,False,1,False
N1,raw,joint_approval-2-conflict,joint_approval-2,conflict,2,ALLOW,ALLOW,False,1,False
N1,raw,joint_approval-2-decisive_missing,joint_approval-2,decisive_missing,0,ALLOW,ALLOW,False,1,False
N1,raw,joint_approval-2-decisive_missing,joint_approval-2,decisive_missing,1,ALLOW,ALLOW,False,1,False
N1,raw,joint_approval-2-decisive_missing,joint_approval-2,decisive_missing,2,ALLOW,ALLOW,False,1,False
N1,raw,joint_approval-2-flip,joint_approval-2,flip,0,ALLOW,ALLOW,False,1,False
N1,raw,joint_approval-2-flip,joint_approval-2,flip,1,ALLOW,ALLOW,False,1,False
N1,raw,joint_approval-2-flip,joint_approval-2,flip,2,ALLOW,ALLOW,False,1,False
N1,raw,joint_approval-2-full,joint_approval-2,full,0,INSUFFICIENT,INSUFFICIENT,False,1,False
N1,raw,joint_approval-2-full,joint_approval-2,full,1,INSUFFICIENT,INSUFFICIENT,False,1,False
N1,raw,joint_approval-2-full,joint_approval-2,full,2,INSUFFICIENT,INSUFFICIENT,False,1,False
N1,raw,joint_approval-2-hold,joint_approval-2,hold,0,ALLOW,ALLOW,False,1,False
N1,raw,joint_approval-2-hold,joint_approval-2,hold,1,ALLOW,ALLOW,False,1,False
N1,raw,joint_approval-2-hold,joint_approval-2,hold,2,ALLOW,ALLOW,False,1,False
N1,raw,joint_approval-2-nondecisive_missing,joint_approval-2,nondecisive_missing,0,DENY,DENY,False,1,False
N1,raw,joint_approval-2-nondecisive_missing,joint_approval-2,nondecisive_missing,1,INSUFFICIENT,INSUFFICIENT,False,1,False
N1,raw,joint_approval-2-nondecisive_missing,joint_approval-2,nondecisive_missing,2,DENY,DENY,False,1,False
N1,raw,joint_approval-3-conflict,joint_approval-3,conflict,0,DENY,DENY,False,1,False
N1,raw,joint_approval-3-conflict,joint_approval-3,conflict,1,DENY,DENY,False,1,False
N1,raw,joint_approval-3-conflict,joint_approval-3,conflict,2,DENY,DENY,False,1,False
N1,raw,joint_approval-3-decisive_missing,joint_approval-3,decisive_missing,0,ALLOW,ALLOW,False,1,False
N1,raw,joint_approval-3-decisive_missing,joint_approval-3,decisive_missing,1,ALLOW,ALLOW,False,1,False
N1,raw,joint_approval-3-decisive_missing,joint_approval-3,decisive_missing,2,ALLOW,ALLOW,False,1,False
N1,raw,joint_approval-3-flip,joint_approval-3,flip,0,INSUFFICIENT,INSUFFICIENT,False,1,False
N1,raw,joint_approval-3-flip,joint_approval-3,flip,1,INSUFFICIENT,INSUFFICIENT,False,1,False
N1,raw,joint_approval-3-flip,joint_approval-3,flip,2,DENY,DENY,False,1,False
N1,raw,joint_approval-3-full,joint_approval-3,full,0,ALLOW,ALLOW,False,1,False
N1,raw,joint_approval-3-full,joint_approval-3,full,1,ALLOW,ALLOW,False,1,False
N1,raw,joint_approval-3-full,joint_approval-3,full,2,ALLOW,ALLOW,False,1,False
N1,raw,joint_approval-3-hold,joint_approval-3,hold,0,ALLOW,ALLOW,False,1,False
N1,raw,joint_approval-3-hold,joint_approval-3,hold,1,ALLOW,ALLOW,False,1,False
N1,raw,joint_approval-3-hold,joint_approval-3,hold,2,ALLOW,ALLOW,False,1,False
N1,raw,joint_approval-3-nondecisive_missing,joint_approval-3,nondecisive_missing,0,ALLOW,ALLOW,False,1,False
N1,raw,joint_approval-3-nondecisive_missing,joint_approval-3,nondecisive_missing,1,ALLOW,ALLOW,False,1,False
N1,raw,joint_approval-3-nondecisive_missing,joint_approval-3,nondecisive_missing,2,ALLOW,ALLOW,False,1,False
N1,raw,joint_approval-4-conflict,joint_approval-4,conflict,0,ALLOW,ALLOW,False,1,False
N1,raw,joint_approval-4-conflict,joint_approval-4,conflict,1,ALLOW,ALLOW,False,1,False
N1,raw,joint_approval-4-conflict,joint_approval-4,conflict,2,ALLOW,ALLOW,False,1,False
N1,raw,joint_approval-4-decisive_missing,joint_approval-4,decisive_missing,0,ALLOW,ALLOW,False,1,False
N1,raw,joint_approval-4-decisive_missing,joint_approval-4,decisive_missing,1,ALLOW,ALLOW,False,1,False
N1,raw,joint_approval-4-decisive_missing,joint_approval-4,decisive_missing,2,ALLOW,ALLOW,False,1,False
N1,raw,joint_approval-4-flip,joint_approval-4,flip,0,ALLOW,ALLOW,False,1,False
N1,raw,joint_approval-4-flip,joint_approval-4,flip,1,ALLOW,ALLOW,False,1,False
N1,raw,joint_approval-4-flip,joint_approval-4,flip,2,ALLOW,ALLOW,False,1,False
N1,raw,joint_approval-4-full,joint_approval-4,full,0,INSUFFICIENT,INSUFFICIENT,False,1,False
N1,raw,joint_approval-4-full,joint_approval-4,full,1,ALLOW,ALLOW,False,1,False
N1,raw,joint_approval-4-full,joint_approval-4,full,2,INSUFFICIENT,INSUFFICIENT,False,1,False
N1,raw,joint_approval-4-hold,joint_approval-4,hold,0,DENY,DENY,False,1,False
N1,raw,joint_approval-4-hold,joint_approval-4,hold,1,ALLOW,ALLOW,False,1,False
N1,raw,joint_approval-4-hold,joint_approval-4,hold,2,ALLOW,ALLOW,False,1,False
N1,raw,joint_approval-4-nondecisive_missing,joint_approval-4,nondecisive_missing,0,DENY,DENY,False,1,False
N1,raw,joint_approval-4-nondecisive_missing,joint_approval-4,nondecisive_missing,1,DENY,DENY,False,1,False
N1,raw,joint_approval-4-nondecisive_missing,joint_approval-4,nondecisive_missing,2,DENY,DENY,False,1,False
N1,raw,reversal_exception-1-conflict,reversal_exception-1,conflict,0,ALLOW,ALLOW,False,1,False
N1,raw,reversal_exception-1-conflict,reversal_exception-1,conflict,1,ALLOW,ALLOW,False,1,False
N1,raw,reversal_exception-1-conflict,reversal_exception-1,conflict,2,ALLOW,ALLOW,False,1,False
N1,raw,reversal_exception-1-decisive_missing,reversal_exception-1,decisive_missing,0,ALLOW,ALLOW,False,1,False
N1,raw,reversal_exception-1-decisive_missing,reversal_exception-1,decisive_missing,1,ALLOW,ALLOW,False,1,False
N1,raw,reversal_exception-1-decisive_missing,reversal_exception-1,decisive_missing,2,ALLOW,ALLOW,False,1,False
N1,raw,reversal_exception-1-flip,reversal_exception-1,flip,0,ALLOW,ALLOW,False,1,False
N1,raw,reversal_exception-1-flip,reversal_exception-1,flip,1,ALLOW,ALLOW,False,1,False
N1,raw,reversal_exception-1-flip,reversal_exception-1,flip,2,ALLOW,ALLOW,False,1,False
N1,raw,reversal_exception-1-full,reversal_exception-1,full,0,ALLOW,ALLOW,False,1,False
N1,raw,reversal_exception-1-full,reversal_exception-1,full,1,ALLOW,ALLOW,False,1,False
N1,raw,reversal_exception-1-full,reversal_exception-1,full,2,ALLOW,ALLOW,False,1,False
N1,raw,reversal_exception-1-hold,reversal_exception-1,hold,0,ALLOW,ALLOW,False,1,False
N1,raw,reversal_exception-1-hold,reversal_exception-1,hold,1,ALLOW,ALLOW,False,1,False
N1,raw,reversal_exception-1-hold,reversal_exception-1,hold,2,ALLOW,ALLOW,False,1,False
N1,raw,reversal_exception-1-nondecisive_missing,reversal_exception-1,nondecisive_missing,0,ALLOW,ALLOW,False,1,False
N1,raw,reversal_exception-1-nondecisive_missing,reversal_exception-1,nondecisive_missing,1,ALLOW,ALLOW,False,1,False
N1,raw,reversal_exception-1-nondecisive_missing,reversal_exception-1,nondecisive_missing,2,ALLOW,ALLOW,False,1,False
N1,raw,reversal_exception-2-conflict,reversal_exception-2,conflict,0,ALLOW,ALLOW,False,1,False
N1,raw,reversal_exception-2-conflict,reversal_exception-2,conflict,1,ALLOW,ALLOW,False,1,False
N1,raw,reversal_exception-2-conflict,reversal_exception-2,conflict,2,ALLOW,ALLOW,False,1,False
N1,raw,reversal_exception-2-decisive_missing,reversal_exception-2,decisive_missing,0,ALLOW,ALLOW,False,1,False
N1,raw,reversal_exception-2-decisive_missing,reversal_exception-2,decisive_missing,1,DENY,DENY,False,1,False
N1,raw,reversal_exception-2-decisive_missing,reversal_exception-2,decisive_missing,2,ALLOW,ALLOW,False,1,False
N1,raw,reversal_exception-2-flip,reversal_exception-2,flip,0,ALLOW,ALLOW,False,1,False
N1,raw,reversal_exception-2-flip,reversal_exception-2,flip,1,ALLOW,ALLOW,False,1,False
N1,raw,reversal_exception-2-flip,reversal_exception-2,flip,2,ALLOW,ALLOW,False,1,False
N1,raw,reversal_exception-2-full,reversal_exception-2,full,0,ALLOW,ALLOW,False,1,False
N1,raw,reversal_exception-2-full,reversal_exception-2,full,1,ALLOW,ALLOW,False,1,False
N1,raw,reversal_exception-2-full,reversal_exception-2,full,2,ALLOW,ALLOW,False,1,False
N1,raw,reversal_exception-2-hold,reversal_exception-2,hold,0,ALLOW,ALLOW,False,1,False
N1,raw,reversal_exception-2-hold,reversal_exception-2,hold,1,ALLOW,ALLOW,False,1,False
N1,raw,reversal_exception-2-hold,reversal_exception-2,hold,2,ALLOW,ALLOW,False,1,False
N1,raw,reversal_exception-2-nondecisive_missing,reversal_exception-2,nondecisive_missing,0,ALLOW,ALLOW,False,1,False
N1,raw,reversal_exception-2-nondecisive_missing,reversal_exception-2,nondecisive_missing,1,DENY,DENY,False,1,False
N1,raw,reversal_exception-2-nondecisive_missing,reversal_exception-2,nondecisive_missing,2,ALLOW,ALLOW,False,1,False
N1,raw,reversal_exception-3-conflict,reversal_exception-3,conflict,0,ALLOW,ALLOW,False,1,False
N1,raw,reversal_exception-3-conflict,reversal_exception-3,conflict,1,DENY,DENY,False,1,False
N1,raw,reversal_exception-3-conflict,reversal_exception-3,conflict,2,INSUFFICIENT,INSUFFICIENT,False,1,False
N1,raw,reversal_exception-3-decisive_missing,reversal_exception-3,decisive_missing,0,ALLOW,ALLOW,False,1,False
N1,raw,reversal_exception-3-decisive_missing,reversal_exception-3,decisive_missing,1,DENY,DENY,False,1,False
N1,raw,reversal_exception-3-decisive_missing,reversal_exception-3,decisive_missing,2,INSUFFICIENT,INSUFFICIENT,False,1,False
N1,raw,reversal_exception-3-flip,reversal_exception-3,flip,0,ALLOW,ALLOW,False,1,False
N1,raw,reversal_exception-3-flip,reversal_exception-3,flip,1,DENY,DENY,False,1,False
N1,raw,reversal_exception-3-flip,reversal_exception-3,flip,2,INSUFFICIENT,INSUFFICIENT,False,1,False
N1,raw,reversal_exception-3-full,reversal_exception-3,full,0,ALLOW,ALLOW,False,1,False
N1,raw,reversal_exception-3-full,reversal_exception-3,full,1,DENY,DENY,False,1,False
N1,raw,reversal_exception-3-full,reversal_exception-3,full,2,INSUFFICIENT,INSUFFICIENT,False,1,False
N1,raw,reversal_exception-3-hold,reversal_exception-3,hold,0,DENY,DENY,False,1,False
N1,raw,reversal_exception-3-hold,reversal_exception-3,hold,1,DENY,DENY,False,1,False
N1,raw,reversal_exception-3-hold,reversal_exception-3,hold,2,DENY,DENY,False,1,False
N1,raw,reversal_exception-3-nondecisive_missing,reversal_exception-3,nondecisive_missing,0,ALLOW,ALLOW,False,1,False
N1,raw,reversal_exception-3-nondecisive_missing,reversal_exception-3,nondecisive_missing,1,DENY,DENY,False,1,False
N1,raw,reversal_exception-3-nondecisive_missing,reversal_exception-3,nondecisive_missing,2,INSUFFICIENT,INSUFFICIENT,False,1,False
N1,raw,reversal_exception-4-conflict,reversal_exception-4,conflict,0,ALLOW,ALLOW,False,1,False
N1,raw,reversal_exception-4-conflict,reversal_exception-4,conflict,1,DENY,DENY,False,1,False
N1,raw,reversal_exception-4-conflict,reversal_exception-4,conflict,2,INSUFFICIENT,INSUFFICIENT,False,1,False
N1,raw,reversal_exception-4-decisive_missing,reversal_exception-4,decisive_missing,0,DENY,DENY,False,1,False
N1,raw,reversal_exception-4-decisive_missing,reversal_exception-4,decisive_missing,1,DENY,DENY,False,1,False
N1,raw,reversal_exception-4-decisive_missing,reversal_exception-4,decisive_missing,2,DENY,DENY,False,1,False
N1,raw,reversal_exception-4-flip,reversal_exception-4,flip,0,ALLOW,ALLOW,False,1,False
N1,raw,reversal_exception-4-flip,reversal_exception-4,flip,1,DENY,DENY,False,1,False
N1,raw,reversal_exception-4-flip,reversal_exception-4,flip,2,ALLOW,ALLOW,False,1,False
N1,raw,reversal_exception-4-full,reversal_exception-4,full,0,ALLOW,ALLOW,False,1,False
N1,raw,reversal_exception-4-full,reversal_exception-4,full,1,DENY,DENY,False,1,False
N1,raw,reversal_exception-4-full,reversal_exception-4,full,2,INSUFFICIENT,INSUFFICIENT,False,1,False
N1,raw,reversal_exception-4-hold,reversal_exception-4,hold,0,DENY,DENY,False,1,False
N1,raw,reversal_exception-4-hold,reversal_exception-4,hold,1,DENY,DENY,False,1,False
N1,raw,reversal_exception-4-hold,reversal_exception-4,hold,2,DENY,DENY,False,1,False
N1,raw,reversal_exception-4-nondecisive_missing,reversal_exception-4,nondecisive_missing,0,ALLOW,ALLOW,False,1,False
N1,raw,reversal_exception-4-nondecisive_missing,reversal_exception-4,nondecisive_missing,1,DENY,DENY,False,1,False
N1,raw,reversal_exception-4-nondecisive_missing,reversal_exception-4,nondecisive_missing,2,INSUFFICIENT,INSUFFICIENT,False,1,False
N1,raw,route_lookup-1-conflict,route_lookup-1,conflict,0,ALLOW,ALLOW,False,1,False
N1,raw,route_lookup-1-conflict,route_lookup-1,conflict,1,ALLOW,ALLOW,False,1,False
N1,raw,route_lookup-1-conflict,route_lookup-1,conflict,2,ALLOW,ALLOW,False,1,False
N1,raw,route_lookup-1-decisive_missing,route_lookup-1,decisive_missing,0,ALLOW,ALLOW,False,1,False
N1,raw,route_lookup-1-decisive_missing,route_lookup-1,decisive_missing,1,ALLOW,ALLOW,False,1,False
N1,raw,route_lookup-1-decisive_missing,route_lookup-1,decisive_missing,2,ALLOW,ALLOW,False,1,False
N1,raw,route_lookup-1-flip,route_lookup-1,flip,0,DENY,DENY,False,1,False
N1,raw,route_lookup-1-flip,route_lookup-1,flip,1,INSUFFICIENT,INSUFFICIENT,False,1,False
N1,raw,route_lookup-1-flip,route_lookup-1,flip,2,DENY,DENY,False,1,False
N1,raw,route_lookup-1-full,route_lookup-1,full,0,ALLOW,ALLOW,False,1,False
N1,raw,route_lookup-1-full,route_lookup-1,full,1,ALLOW,ALLOW,False,1,False
N1,raw,route_lookup-1-full,route_lookup-1,full,2,ALLOW,ALLOW,False,1,False
N1,raw,route_lookup-1-hold,route_lookup-1,hold,0,ALLOW,ALLOW,False,1,False
N1,raw,route_lookup-1-hold,route_lookup-1,hold,1,ALLOW,ALLOW,False,1,False
N1,raw,route_lookup-1-hold,route_lookup-1,hold,2,ALLOW,ALLOW,False,1,False
N1,raw,route_lookup-1-nondecisive_missing,route_lookup-1,nondecisive_missing,0,ALLOW,ALLOW,False,1,False
N1,raw,route_lookup-1-nondecisive_missing,route_lookup-1,nondecisive_missing,1,ALLOW,ALLOW,False,1,False
N1,raw,route_lookup-1-nondecisive_missing,route_lookup-1,nondecisive_missing,2,ALLOW,ALLOW,False,1,False
N1,raw,route_lookup-2-conflict,route_lookup-2,conflict,0,ALLOW,ALLOW,False,1,False
N1,raw,route_lookup-2-conflict,route_lookup-2,conflict,1,ALLOW,ALLOW,False,1,False
N1,raw,route_lookup-2-conflict,route_lookup-2,conflict,2,ALLOW,ALLOW,False,1,False
N1,raw,route_lookup-2-decisive_missing,route_lookup-2,decisive_missing,0,ALLOW,ALLOW,False,1,False
N1,raw,route_lookup-2-decisive_missing,route_lookup-2,decisive_missing,1,ALLOW,ALLOW,False,1,False
N1,raw,route_lookup-2-decisive_missing,route_lookup-2,decisive_missing,2,ALLOW,ALLOW,False,1,False
N1,raw,route_lookup-2-flip,route_lookup-2,flip,0,ALLOW,ALLOW,False,1,False
N1,raw,route_lookup-2-flip,route_lookup-2,flip,1,ALLOW,ALLOW,False,1,False
N1,raw,route_lookup-2-flip,route_lookup-2,flip,2,ALLOW,ALLOW,False,1,False
N1,raw,route_lookup-2-full,route_lookup-2,full,0,DENY,DENY,False,1,False
N1,raw,route_lookup-2-full,route_lookup-2,full,1,ALLOW,ALLOW,False,1,False
N1,raw,route_lookup-2-full,route_lookup-2,full,2,ALLOW,ALLOW,False,1,False
N1,raw,route_lookup-2-hold,route_lookup-2,hold,0,ALLOW,ALLOW,False,1,False
N1,raw,route_lookup-2-hold,route_lookup-2,hold,1,ALLOW,ALLOW,False,1,False
N1,raw,route_lookup-2-hold,route_lookup-2,hold,2,ALLOW,ALLOW,False,1,False
N1,raw,route_lookup-2-nondecisive_missing,route_lookup-2,nondecisive_missing,0,DENY,DENY,False,1,False
N1,raw,route_lookup-2-nondecisive_missing,route_lookup-2,nondecisive_missing,1,DENY,DENY,False,1,False
N1,raw,route_lookup-2-nondecisive_missing,route_lookup-2,nondecisive_missing,2,DENY,DENY,False,1,False
N1,raw,route_lookup-3-conflict,route_lookup-3,conflict,0,ALLOW,ALLOW,False,1,False
N1,raw,route_lookup-3-conflict,route_lookup-3,conflict,1,ALLOW,ALLOW,False,1,False
N1,raw,route_lookup-3-conflict,route_lookup-3,conflict,2,ALLOW,ALLOW,False,1,False
N1,raw,route_lookup-3-decisive_missing,route_lookup-3,decisive_missing,0,ALLOW,ALLOW,False,1,False
N1,raw,route_lookup-3-decisive_missing,route_lookup-3,decisive_missing,1,ALLOW,ALLOW,False,1,False
N1,raw,route_lookup-3-decisive_missing,route_lookup-3,decisive_missing,2,ALLOW,ALLOW,False,1,False
N1,raw,route_lookup-3-flip,route_lookup-3,flip,0,DENY,DENY,False,1,False
N1,raw,route_lookup-3-flip,route_lookup-3,flip,1,INSUFFICIENT,INSUFFICIENT,False,1,False
N1,raw,route_lookup-3-flip,route_lookup-3,flip,2,DENY,DENY,False,1,False
N1,raw,route_lookup-3-full,route_lookup-3,full,0,ALLOW,ALLOW,False,1,False
N1,raw,route_lookup-3-full,route_lookup-3,full,1,ALLOW,ALLOW,False,1,False
N1,raw,route_lookup-3-full,route_lookup-3,full,2,ALLOW,ALLOW,False,1,False
N1,raw,route_lookup-3-hold,route_lookup-3,hold,0,ALLOW,ALLOW,False,1,False
N1,raw,route_lookup-3-hold,route_lookup-3,hold,1,ALLOW,ALLOW,False,1,False
N1,raw,route_lookup-3-hold,route_lookup-3,hold,2,ALLOW,ALLOW,False,1,False
N1,raw,route_lookup-3-nondecisive_missing,route_lookup-3,nondecisive_missing,0,ALLOW,ALLOW,False,1,False
N1,raw,route_lookup-3-nondecisive_missing,route_lookup-3,nondecisive_missing,1,ALLOW,ALLOW,False,1,False
N1,raw,route_lookup-3-nondecisive_missing,route_lookup-3,nondecisive_missing,2,ALLOW,ALLOW,False,1,False
N1,raw,route_lookup-4-conflict,route_lookup-4,conflict,0,DENY,DENY,False,1,False
N1,raw,route_lookup-4-conflict,route_lookup-4,conflict,1,DENY,DENY,False,1,False
N1,raw,route_lookup-4-conflict,route_lookup-4,conflict,2,DENY,DENY,False,1,False
N1,raw,route_lookup-4-decisive_missing,route_lookup-4,decisive_missing,0,ALLOW,ALLOW,False,1,False
N1,raw,route_lookup-4-decisive_missing,route_lookup-4,decisive_missing,1,ALLOW,ALLOW,False,1,False
N1,raw,route_lookup-4-decisive_missing,route_lookup-4,decisive_missing,2,ALLOW,ALLOW,False,1,False
N1,raw,route_lookup-4-flip,route_lookup-4,flip,0,ALLOW,ALLOW,False,1,False
N1,raw,route_lookup-4-flip,route_lookup-4,flip,1,ALLOW,ALLOW,False,1,False
N1,raw,route_lookup-4-flip,route_lookup-4,flip,2,ALLOW,ALLOW,False,1,False
N1,raw,route_lookup-4-full,route_lookup-4,full,0,DENY,DENY,False,1,False
N1,raw,route_lookup-4-full,route_lookup-4,full,1,DENY,DENY,False,1,False
N1,raw,route_lookup-4-full,route_lookup-4,full,2,DENY,DENY,False,1,False
N1,raw,route_lookup-4-hold,route_lookup-4,hold,0,ALLOW,ALLOW,False,1,False
N1,raw,route_lookup-4-hold,route_lookup-4,hold,1,ALLOW,ALLOW,False,1,False
N1,raw,route_lookup-4-hold,route_lookup-4,hold,2,ALLOW,ALLOW,False,1,False
N1,raw,route_lookup-4-nondecisive_missing,route_lookup-4,nondecisive_missing,0,DENY,DENY,False,1,False
N1,raw,route_lookup-4-nondecisive_missing,route_lookup-4,nondecisive_missing,1,DENY,DENY,False,1,False
N1,raw,route_lookup-4-nondecisive_missing,route_lookup-4,nondecisive_missing,2,DENY,DENY,False,1,False
N1,maxprob_0.5,joint_approval-1-conflict,joint_approval-1,conflict,0,DENY,INSUFFICIENT,True,1,False
N1,maxprob_0.5,joint_approval-1-conflict,joint_approval-1,conflict,1,DENY,INSUFFICIENT,True,1,False
N1,maxprob_0.5,joint_approval-1-conflict,joint_approval-1,conflict,2,INSUFFICIENT,INSUFFICIENT,False,1,False
N1,maxprob_0.5,joint_approval-1-decisive_missing,joint_approval-1,decisive_missing,0,ALLOW,ALLOW,False,1,False
N1,maxprob_0.5,joint_approval-1-decisive_missing,joint_approval-1,decisive_missing,1,ALLOW,ALLOW,False,1,False
N1,maxprob_0.5,joint_approval-1-decisive_missing,joint_approval-1,decisive_missing,2,ALLOW,INSUFFICIENT,True,1,False
N1,maxprob_0.5,joint_approval-1-flip,joint_approval-1,flip,0,INSUFFICIENT,INSUFFICIENT,False,1,False
N1,maxprob_0.5,joint_approval-1-flip,joint_approval-1,flip,1,INSUFFICIENT,INSUFFICIENT,False,1,False
N1,maxprob_0.5,joint_approval-1-flip,joint_approval-1,flip,2,INSUFFICIENT,INSUFFICIENT,False,1,False
N1,maxprob_0.5,joint_approval-1-full,joint_approval-1,full,0,ALLOW,ALLOW,False,1,False
N1,maxprob_0.5,joint_approval-1-full,joint_approval-1,full,1,ALLOW,ALLOW,False,1,False
N1,maxprob_0.5,joint_approval-1-full,joint_approval-1,full,2,ALLOW,ALLOW,False,1,False
N1,maxprob_0.5,joint_approval-1-hold,joint_approval-1,hold,0,ALLOW,ALLOW,False,1,False
N1,maxprob_0.5,joint_approval-1-hold,joint_approval-1,hold,1,ALLOW,ALLOW,False,1,False
N1,maxprob_0.5,joint_approval-1-hold,joint_approval-1,hold,2,ALLOW,ALLOW,False,1,False
N1,maxprob_0.5,joint_approval-1-nondecisive_missing,joint_approval-1,nondecisive_missing,0,ALLOW,ALLOW,False,1,False
N1,maxprob_0.5,joint_approval-1-nondecisive_missing,joint_approval-1,nondecisive_missing,1,ALLOW,ALLOW,False,1,False
N1,maxprob_0.5,joint_approval-1-nondecisive_missing,joint_approval-1,nondecisive_missing,2,ALLOW,ALLOW,False,1,False
N1,maxprob_0.5,joint_approval-2-conflict,joint_approval-2,conflict,0,ALLOW,ALLOW,False,1,False
N1,maxprob_0.5,joint_approval-2-conflict,joint_approval-2,conflict,1,ALLOW,ALLOW,False,1,False
N1,maxprob_0.5,joint_approval-2-conflict,joint_approval-2,conflict,2,ALLOW,ALLOW,False,1,False
N1,maxprob_0.5,joint_approval-2-decisive_missing,joint_approval-2,decisive_missing,0,ALLOW,ALLOW,False,1,False
N1,maxprob_0.5,joint_approval-2-decisive_missing,joint_approval-2,decisive_missing,1,ALLOW,ALLOW,False,1,False
N1,maxprob_0.5,joint_approval-2-decisive_missing,joint_approval-2,decisive_missing,2,ALLOW,ALLOW,False,1,False
N1,maxprob_0.5,joint_approval-2-flip,joint_approval-2,flip,0,ALLOW,ALLOW,False,1,False
N1,maxprob_0.5,joint_approval-2-flip,joint_approval-2,flip,1,ALLOW,ALLOW,False,1,False
N1,maxprob_0.5,joint_approval-2-flip,joint_approval-2,flip,2,ALLOW,ALLOW,False,1,False
N1,maxprob_0.5,joint_approval-2-full,joint_approval-2,full,0,INSUFFICIENT,INSUFFICIENT,False,1,False
N1,maxprob_0.5,joint_approval-2-full,joint_approval-2,full,1,INSUFFICIENT,INSUFFICIENT,False,1,False
N1,maxprob_0.5,joint_approval-2-full,joint_approval-2,full,2,INSUFFICIENT,INSUFFICIENT,False,1,False
N1,maxprob_0.5,joint_approval-2-hold,joint_approval-2,hold,0,ALLOW,ALLOW,False,1,False
N1,maxprob_0.5,joint_approval-2-hold,joint_approval-2,hold,1,ALLOW,ALLOW,False,1,False
N1,maxprob_0.5,joint_approval-2-hold,joint_approval-2,hold,2,ALLOW,ALLOW,False,1,False
N1,maxprob_0.5,joint_approval-2-nondecisive_missing,joint_approval-2,nondecisive_missing,0,DENY,DENY,False,1,False
N1,maxprob_0.5,joint_approval-2-nondecisive_missing,joint_approval-2,nondecisive_missing,1,INSUFFICIENT,INSUFFICIENT,False,1,False
N1,maxprob_0.5,joint_approval-2-nondecisive_missing,joint_approval-2,nondecisive_missing,2,DENY,DENY,False,1,False
N1,maxprob_0.5,joint_approval-3-conflict,joint_approval-3,conflict,0,DENY,DENY,False,1,False
N1,maxprob_0.5,joint_approval-3-conflict,joint_approval-3,conflict,1,DENY,DENY,False,1,False
N1,maxprob_0.5,joint_approval-3-conflict,joint_approval-3,conflict,2,DENY,DENY,False,1,False
N1,maxprob_0.5,joint_approval-3-decisive_missing,joint_approval-3,decisive_missing,0,ALLOW,ALLOW,False,1,False
N1,maxprob_0.5,joint_approval-3-decisive_missing,joint_approval-3,decisive_missing,1,ALLOW,ALLOW,False,1,False
N1,maxprob_0.5,joint_approval-3-decisive_missing,joint_approval-3,decisive_missing,2,ALLOW,ALLOW,False,1,False
N1,maxprob_0.5,joint_approval-3-flip,joint_approval-3,flip,0,INSUFFICIENT,INSUFFICIENT,False,1,False
N1,maxprob_0.5,joint_approval-3-flip,joint_approval-3,flip,1,INSUFFICIENT,INSUFFICIENT,False,1,False
N1,maxprob_0.5,joint_approval-3-flip,joint_approval-3,flip,2,DENY,INSUFFICIENT,True,1,False
N1,maxprob_0.5,joint_approval-3-full,joint_approval-3,full,0,ALLOW,ALLOW,False,1,False
N1,maxprob_0.5,joint_approval-3-full,joint_approval-3,full,1,ALLOW,ALLOW,False,1,False
N1,maxprob_0.5,joint_approval-3-full,joint_approval-3,full,2,ALLOW,ALLOW,False,1,False
N1,maxprob_0.5,joint_approval-3-hold,joint_approval-3,hold,0,ALLOW,ALLOW,False,1,False
N1,maxprob_0.5,joint_approval-3-hold,joint_approval-3,hold,1,ALLOW,ALLOW,False,1,False
N1,maxprob_0.5,joint_approval-3-hold,joint_approval-3,hold,2,ALLOW,ALLOW,False,1,False
N1,maxprob_0.5,joint_approval-3-nondecisive_missing,joint_approval-3,nondecisive_missing,0,ALLOW,ALLOW,False,1,False
N1,maxprob_0.5,joint_approval-3-nondecisive_missing,joint_approval-3,nondecisive_missing,1,ALLOW,ALLOW,False,1,False
N1,maxprob_0.5,joint_approval-3-nondecisive_missing,joint_approval-3,nondecisive_missing,2,ALLOW,ALLOW,False,1,False
N1,maxprob_0.5,joint_approval-4-conflict,joint_approval-4,conflict,0,ALLOW,ALLOW,False,1,False
N1,maxprob_0.5,joint_approval-4-conflict,joint_approval-4,conflict,1,ALLOW,ALLOW,False,1,False
N1,maxprob_0.5,joint_approval-4-conflict,joint_approval-4,conflict,2,ALLOW,ALLOW,False,1,False
N1,maxprob_0.5,joint_approval-4-decisive_missing,joint_approval-4,decisive_missing,0,ALLOW,ALLOW,False,1,False
N1,maxprob_0.5,joint_approval-4-decisive_missing,joint_approval-4,decisive_missing,1,ALLOW,ALLOW,False,1,False
N1,maxprob_0.5,joint_approval-4-decisive_missing,joint_approval-4,decisive_missing,2,ALLOW,ALLOW,False,1,False
N1,maxprob_0.5,joint_approval-4-flip,joint_approval-4,flip,0,ALLOW,ALLOW,False,1,False
N1,maxprob_0.5,joint_approval-4-flip,joint_approval-4,flip,1,ALLOW,ALLOW,False,1,False
N1,maxprob_0.5,joint_approval-4-flip,joint_approval-4,flip,2,ALLOW,ALLOW,False,1,False
N1,maxprob_0.5,joint_approval-4-full,joint_approval-4,full,0,INSUFFICIENT,INSUFFICIENT,False,1,False
N1,maxprob_0.5,joint_approval-4-full,joint_approval-4,full,1,ALLOW,INSUFFICIENT,True,1,False
N1,maxprob_0.5,joint_approval-4-full,joint_approval-4,full,2,INSUFFICIENT,INSUFFICIENT,False,1,False
N1,maxprob_0.5,joint_approval-4-hold,joint_approval-4,hold,0,DENY,DENY,False,1,False
N1,maxprob_0.5,joint_approval-4-hold,joint_approval-4,hold,1,ALLOW,ALLOW,False,1,False
N1,maxprob_0.5,joint_approval-4-hold,joint_approval-4,hold,2,ALLOW,INSUFFICIENT,True,1,False
N1,maxprob_0.5,joint_approval-4-nondecisive_missing,joint_approval-4,nondecisive_missing,0,DENY,DENY,False,1,False
N1,maxprob_0.5,joint_approval-4-nondecisive_missing,joint_approval-4,nondecisive_missing,1,DENY,DENY,False,1,False
N1,maxprob_0.5,joint_approval-4-nondecisive_missing,joint_approval-4,nondecisive_missing,2,DENY,DENY,False,1,False
N1,maxprob_0.5,reversal_exception-1-conflict,reversal_exception-1,conflict,0,ALLOW,ALLOW,False,1,False
N1,maxprob_0.5,reversal_exception-1-conflict,reversal_exception-1,conflict,1,ALLOW,ALLOW,False,1,False
N1,maxprob_0.5,reversal_exception-1-conflict,reversal_exception-1,conflict,2,ALLOW,ALLOW,False,1,False
N1,maxprob_0.5,reversal_exception-1-decisive_missing,reversal_exception-1,decisive_missing,0,ALLOW,ALLOW,False,1,False
N1,maxprob_0.5,reversal_exception-1-decisive_missing,reversal_exception-1,decisive_missing,1,ALLOW,ALLOW,False,1,False
N1,maxprob_0.5,reversal_exception-1-decisive_missing,reversal_exception-1,decisive_missing,2,ALLOW,ALLOW,False,1,False
N1,maxprob_0.5,reversal_exception-1-flip,reversal_exception-1,flip,0,ALLOW,ALLOW,False,1,False
N1,maxprob_0.5,reversal_exception-1-flip,reversal_exception-1,flip,1,ALLOW,ALLOW,False,1,False
N1,maxprob_0.5,reversal_exception-1-flip,reversal_exception-1,flip,2,ALLOW,ALLOW,False,1,False
N1,maxprob_0.5,reversal_exception-1-full,reversal_exception-1,full,0,ALLOW,ALLOW,False,1,False
N1,maxprob_0.5,reversal_exception-1-full,reversal_exception-1,full,1,ALLOW,ALLOW,False,1,False
N1,maxprob_0.5,reversal_exception-1-full,reversal_exception-1,full,2,ALLOW,ALLOW,False,1,False
N1,maxprob_0.5,reversal_exception-1-hold,reversal_exception-1,hold,0,ALLOW,ALLOW,False,1,False
N1,maxprob_0.5,reversal_exception-1-hold,reversal_exception-1,hold,1,ALLOW,ALLOW,False,1,False
N1,maxprob_0.5,reversal_exception-1-hold,reversal_exception-1,hold,2,ALLOW,ALLOW,False,1,False
N1,maxprob_0.5,reversal_exception-1-nondecisive_missing,reversal_exception-1,nondecisive_missing,0,ALLOW,ALLOW,False,1,False
N1,maxprob_0.5,reversal_exception-1-nondecisive_missing,reversal_exception-1,nondecisive_missing,1,ALLOW,ALLOW,False,1,False
N1,maxprob_0.5,reversal_exception-1-nondecisive_missing,reversal_exception-1,nondecisive_missing,2,ALLOW,ALLOW,False,1,False
N1,maxprob_0.5,reversal_exception-2-conflict,reversal_exception-2,conflict,0,ALLOW,ALLOW,False,1,False
N1,maxprob_0.5,reversal_exception-2-conflict,reversal_exception-2,conflict,1,ALLOW,ALLOW,False,1,False
N1,maxprob_0.5,reversal_exception-2-conflict,reversal_exception-2,conflict,2,ALLOW,ALLOW,False,1,False
N1,maxprob_0.5,reversal_exception-2-decisive_missing,reversal_exception-2,decisive_missing,0,ALLOW,ALLOW,False,1,False
N1,maxprob_0.5,reversal_exception-2-decisive_missing,reversal_exception-2,decisive_missing,1,DENY,INSUFFICIENT,True,1,False
N1,maxprob_0.5,reversal_exception-2-decisive_missing,reversal_exception-2,decisive_missing,2,ALLOW,ALLOW,False,1,False
N1,maxprob_0.5,reversal_exception-2-flip,reversal_exception-2,flip,0,ALLOW,ALLOW,False,1,False
N1,maxprob_0.5,reversal_exception-2-flip,reversal_exception-2,flip,1,ALLOW,ALLOW,False,1,False
N1,maxprob_0.5,reversal_exception-2-flip,reversal_exception-2,flip,2,ALLOW,ALLOW,False,1,False
N1,maxprob_0.5,reversal_exception-2-full,reversal_exception-2,full,0,ALLOW,ALLOW,False,1,False
N1,maxprob_0.5,reversal_exception-2-full,reversal_exception-2,full,1,ALLOW,ALLOW,False,1,False
N1,maxprob_0.5,reversal_exception-2-full,reversal_exception-2,full,2,ALLOW,ALLOW,False,1,False
N1,maxprob_0.5,reversal_exception-2-hold,reversal_exception-2,hold,0,ALLOW,ALLOW,False,1,False
N1,maxprob_0.5,reversal_exception-2-hold,reversal_exception-2,hold,1,ALLOW,ALLOW,False,1,False
N1,maxprob_0.5,reversal_exception-2-hold,reversal_exception-2,hold,2,ALLOW,ALLOW,False,1,False
N1,maxprob_0.5,reversal_exception-2-nondecisive_missing,reversal_exception-2,nondecisive_missing,0,ALLOW,ALLOW,False,1,False
N1,maxprob_0.5,reversal_exception-2-nondecisive_missing,reversal_exception-2,nondecisive_missing,1,DENY,DENY,False,1,False
N1,maxprob_0.5,reversal_exception-2-nondecisive_missing,reversal_exception-2,nondecisive_missing,2,ALLOW,ALLOW,False,1,False
N1,maxprob_0.5,reversal_exception-3-conflict,reversal_exception-3,conflict,0,ALLOW,INSUFFICIENT,True,1,False
N1,maxprob_0.5,reversal_exception-3-conflict,reversal_exception-3,conflict,1,DENY,DENY,False,1,False
N1,maxprob_0.5,reversal_exception-3-conflict,reversal_exception-3,conflict,2,INSUFFICIENT,INSUFFICIENT,False,1,False
N1,maxprob_0.5,reversal_exception-3-decisive_missing,reversal_exception-3,decisive_missing,0,ALLOW,ALLOW,False,1,False
N1,maxprob_0.5,reversal_exception-3-decisive_missing,reversal_exception-3,decisive_missing,1,DENY,DENY,False,1,False
N1,maxprob_0.5,reversal_exception-3-decisive_missing,reversal_exception-3,decisive_missing,2,INSUFFICIENT,INSUFFICIENT,False,1,False
N1,maxprob_0.5,reversal_exception-3-flip,reversal_exception-3,flip,0,ALLOW,ALLOW,False,1,False
N1,maxprob_0.5,reversal_exception-3-flip,reversal_exception-3,flip,1,DENY,DENY,False,1,False
N1,maxprob_0.5,reversal_exception-3-flip,reversal_exception-3,flip,2,INSUFFICIENT,INSUFFICIENT,False,1,False
N1,maxprob_0.5,reversal_exception-3-full,reversal_exception-3,full,0,ALLOW,ALLOW,False,1,False
N1,maxprob_0.5,reversal_exception-3-full,reversal_exception-3,full,1,DENY,DENY,False,1,False
N1,maxprob_0.5,reversal_exception-3-full,reversal_exception-3,full,2,INSUFFICIENT,INSUFFICIENT,False,1,False
N1,maxprob_0.5,reversal_exception-3-hold,reversal_exception-3,hold,0,DENY,DENY,False,1,False
N1,maxprob_0.5,reversal_exception-3-hold,reversal_exception-3,hold,1,DENY,INSUFFICIENT,True,1,False
N1,maxprob_0.5,reversal_exception-3-hold,reversal_exception-3,hold,2,DENY,DENY,False,1,False
N1,maxprob_0.5,reversal_exception-3-nondecisive_missing,reversal_exception-3,nondecisive_missing,0,ALLOW,ALLOW,False,1,False
N1,maxprob_0.5,reversal_exception-3-nondecisive_missing,reversal_exception-3,nondecisive_missing,1,DENY,DENY,False,1,False
N1,maxprob_0.5,reversal_exception-3-nondecisive_missing,reversal_exception-3,nondecisive_missing,2,INSUFFICIENT,INSUFFICIENT,False,1,False
N1,maxprob_0.5,reversal_exception-4-conflict,reversal_exception-4,conflict,0,ALLOW,INSUFFICIENT,True,1,False
N1,maxprob_0.5,reversal_exception-4-conflict,reversal_exception-4,conflict,1,DENY,DENY,False,1,False
N1,maxprob_0.5,reversal_exception-4-conflict,reversal_exception-4,conflict,2,INSUFFICIENT,INSUFFICIENT,False,1,False
N1,maxprob_0.5,reversal_exception-4-decisive_missing,reversal_exception-4,decisive_missing,0,DENY,DENY,False,1,False
N1,maxprob_0.5,reversal_exception-4-decisive_missing,reversal_exception-4,decisive_missing,1,DENY,DENY,False,1,False
N1,maxprob_0.5,reversal_exception-4-decisive_missing,reversal_exception-4,decisive_missing,2,DENY,DENY,False,1,False
N1,maxprob_0.5,reversal_exception-4-flip,reversal_exception-4,flip,0,ALLOW,ALLOW,False,1,False
N1,maxprob_0.5,reversal_exception-4-flip,reversal_exception-4,flip,1,DENY,DENY,False,1,False
N1,maxprob_0.5,reversal_exception-4-flip,reversal_exception-4,flip,2,ALLOW,INSUFFICIENT,True,1,False
N1,maxprob_0.5,reversal_exception-4-full,reversal_exception-4,full,0,ALLOW,ALLOW,False,1,False
N1,maxprob_0.5,reversal_exception-4-full,reversal_exception-4,full,1,DENY,DENY,False,1,False
N1,maxprob_0.5,reversal_exception-4-full,reversal_exception-4,full,2,INSUFFICIENT,INSUFFICIENT,False,1,False
N1,maxprob_0.5,reversal_exception-4-hold,reversal_exception-4,hold,0,DENY,DENY,False,1,False
N1,maxprob_0.5,reversal_exception-4-hold,reversal_exception-4,hold,1,DENY,DENY,False,1,False
N1,maxprob_0.5,reversal_exception-4-hold,reversal_exception-4,hold,2,DENY,DENY,False,1,False
N1,maxprob_0.5,reversal_exception-4-nondecisive_missing,reversal_exception-4,nondecisive_missing,0,ALLOW,INSUFFICIENT,True,1,False
N1,maxprob_0.5,reversal_exception-4-nondecisive_missing,reversal_exception-4,nondecisive_missing,1,DENY,DENY,False,1,False
N1,maxprob_0.5,reversal_exception-4-nondecisive_missing,reversal_exception-4,nondecisive_missing,2,INSUFFICIENT,INSUFFICIENT,False,1,False
N1,maxprob_0.5,route_lookup-1-conflict,route_lookup-1,conflict,0,ALLOW,ALLOW,False,1,False
N1,maxprob_0.5,route_lookup-1-conflict,route_lookup-1,conflict,1,ALLOW,ALLOW,False,1,False
N1,maxprob_0.5,route_lookup-1-conflict,route_lookup-1,conflict,2,ALLOW,ALLOW,False,1,False
N1,maxprob_0.5,route_lookup-1-decisive_missing,route_lookup-1,decisive_missing,0,ALLOW,ALLOW,False,1,False
N1,maxprob_0.5,route_lookup-1-decisive_missing,route_lookup-1,decisive_missing,1,ALLOW,ALLOW,False,1,False
N1,maxprob_0.5,route_lookup-1-decisive_missing,route_lookup-1,decisive_missing,2,ALLOW,ALLOW,False,1,False
N1,maxprob_0.5,route_lookup-1-flip,route_lookup-1,flip,0,DENY,INSUFFICIENT,True,1,False
N1,maxprob_0.5,route_lookup-1-flip,route_lookup-1,flip,1,INSUFFICIENT,INSUFFICIENT,False,1,False
N1,maxprob_0.5,route_lookup-1-flip,route_lookup-1,flip,2,DENY,INSUFFICIENT,True,1,False
N1,maxprob_0.5,route_lookup-1-full,route_lookup-1,full,0,ALLOW,ALLOW,False,1,False
N1,maxprob_0.5,route_lookup-1-full,route_lookup-1,full,1,ALLOW,ALLOW,False,1,False
N1,maxprob_0.5,route_lookup-1-full,route_lookup-1,full,2,ALLOW,ALLOW,False,1,False
N1,maxprob_0.5,route_lookup-1-hold,route_lookup-1,hold,0,ALLOW,ALLOW,False,1,False
N1,maxprob_0.5,route_lookup-1-hold,route_lookup-1,hold,1,ALLOW,ALLOW,False,1,False
N1,maxprob_0.5,route_lookup-1-hold,route_lookup-1,hold,2,ALLOW,ALLOW,False,1,False
N1,maxprob_0.5,route_lookup-1-nondecisive_missing,route_lookup-1,nondecisive_missing,0,ALLOW,ALLOW,False,1,False
N1,maxprob_0.5,route_lookup-1-nondecisive_missing,route_lookup-1,nondecisive_missing,1,ALLOW,ALLOW,False,1,False
N1,maxprob_0.5,route_lookup-1-nondecisive_missing,route_lookup-1,nondecisive_missing,2,ALLOW,ALLOW,False,1,False
N1,maxprob_0.5,route_lookup-2-conflict,route_lookup-2,conflict,0,ALLOW,ALLOW,False,1,False
N1,maxprob_0.5,route_lookup-2-conflict,route_lookup-2,conflict,1,ALLOW,ALLOW,False,1,False
N1,maxprob_0.5,route_lookup-2-conflict,route_lookup-2,conflict,2,ALLOW,ALLOW,False,1,False
N1,maxprob_0.5,route_lookup-2-decisive_missing,route_lookup-2,decisive_missing,0,ALLOW,ALLOW,False,1,False
N1,maxprob_0.5,route_lookup-2-decisive_missing,route_lookup-2,decisive_missing,1,ALLOW,ALLOW,False,1,False
N1,maxprob_0.5,route_lookup-2-decisive_missing,route_lookup-2,decisive_missing,2,ALLOW,ALLOW,False,1,False
N1,maxprob_0.5,route_lookup-2-flip,route_lookup-2,flip,0,ALLOW,ALLOW,False,1,False
N1,maxprob_0.5,route_lookup-2-flip,route_lookup-2,flip,1,ALLOW,ALLOW,False,1,False
N1,maxprob_0.5,route_lookup-2-flip,route_lookup-2,flip,2,ALLOW,ALLOW,False,1,False
N1,maxprob_0.5,route_lookup-2-full,route_lookup-2,full,0,DENY,INSUFFICIENT,True,1,False
N1,maxprob_0.5,route_lookup-2-full,route_lookup-2,full,1,ALLOW,ALLOW,False,1,False
N1,maxprob_0.5,route_lookup-2-full,route_lookup-2,full,2,ALLOW,INSUFFICIENT,True,1,False
N1,maxprob_0.5,route_lookup-2-hold,route_lookup-2,hold,0,ALLOW,ALLOW,False,1,False
N1,maxprob_0.5,route_lookup-2-hold,route_lookup-2,hold,1,ALLOW,ALLOW,False,1,False
N1,maxprob_0.5,route_lookup-2-hold,route_lookup-2,hold,2,ALLOW,ALLOW,False,1,False
N1,maxprob_0.5,route_lookup-2-nondecisive_missing,route_lookup-2,nondecisive_missing,0,DENY,DENY,False,1,False
N1,maxprob_0.5,route_lookup-2-nondecisive_missing,route_lookup-2,nondecisive_missing,1,DENY,INSUFFICIENT,True,1,False
N1,maxprob_0.5,route_lookup-2-nondecisive_missing,route_lookup-2,nondecisive_missing,2,DENY,DENY,False,1,False
N1,maxprob_0.5,route_lookup-3-conflict,route_lookup-3,conflict,0,ALLOW,ALLOW,False,1,False
N1,maxprob_0.5,route_lookup-3-conflict,route_lookup-3,conflict,1,ALLOW,ALLOW,False,1,False
N1,maxprob_0.5,route_lookup-3-conflict,route_lookup-3,conflict,2,ALLOW,ALLOW,False,1,False
N1,maxprob_0.5,route_lookup-3-decisive_missing,route_lookup-3,decisive_missing,0,ALLOW,INSUFFICIENT,True,1,False
N1,maxprob_0.5,route_lookup-3-decisive_missing,route_lookup-3,decisive_missing,1,ALLOW,INSUFFICIENT,True,1,False
N1,maxprob_0.5,route_lookup-3-decisive_missing,route_lookup-3,decisive_missing,2,ALLOW,INSUFFICIENT,True,1,False
N1,maxprob_0.5,route_lookup-3-flip,route_lookup-3,flip,0,DENY,DENY,False,1,False
N1,maxprob_0.5,route_lookup-3-flip,route_lookup-3,flip,1,INSUFFICIENT,INSUFFICIENT,False,1,False
N1,maxprob_0.5,route_lookup-3-flip,route_lookup-3,flip,2,DENY,DENY,False,1,False
N1,maxprob_0.5,route_lookup-3-full,route_lookup-3,full,0,ALLOW,ALLOW,False,1,False
N1,maxprob_0.5,route_lookup-3-full,route_lookup-3,full,1,ALLOW,ALLOW,False,1,False
N1,maxprob_0.5,route_lookup-3-full,route_lookup-3,full,2,ALLOW,ALLOW,False,1,False
N1,maxprob_0.5,route_lookup-3-hold,route_lookup-3,hold,0,ALLOW,ALLOW,False,1,False
N1,maxprob_0.5,route_lookup-3-hold,route_lookup-3,hold,1,ALLOW,ALLOW,False,1,False
N1,maxprob_0.5,route_lookup-3-hold,route_lookup-3,hold,2,ALLOW,ALLOW,False,1,False
N1,maxprob_0.5,route_lookup-3-nondecisive_missing,route_lookup-3,nondecisive_missing,0,ALLOW,ALLOW,False,1,False
N1,maxprob_0.5,route_lookup-3-nondecisive_missing,route_lookup-3,nondecisive_missing,1,ALLOW,ALLOW,False,1,False
N1,maxprob_0.5,route_lookup-3-nondecisive_missing,route_lookup-3,nondecisive_missing,2,ALLOW,ALLOW,False,1,False
N1,maxprob_0.5,route_lookup-4-conflict,route_lookup-4,conflict,0,DENY,DENY,False,1,False
N1,maxprob_0.5,route_lookup-4-conflict,route_lookup-4,conflict,1,DENY,DENY,False,1,False
N1,maxprob_0.5,route_lookup-4-conflict,route_lookup-4,conflict,2,DENY,DENY,False,1,False
N1,maxprob_0.5,route_lookup-4-decisive_missing,route_lookup-4,decisive_missing,0,ALLOW,ALLOW,False,1,False
N1,maxprob_0.5,route_lookup-4-decisive_missing,route_lookup-4,decisive_missing,1,ALLOW,ALLOW,False,1,False
N1,maxprob_0.5,route_lookup-4-decisive_missing,route_lookup-4,decisive_missing,2,ALLOW,ALLOW,False,1,False
N1,maxprob_0.5,route_lookup-4-flip,route_lookup-4,flip,0,ALLOW,ALLOW,False,1,False
N1,maxprob_0.5,route_lookup-4-flip,route_lookup-4,flip,1,ALLOW,ALLOW,False,1,False
N1,maxprob_0.5,route_lookup-4-flip,route_lookup-4,flip,2,ALLOW,ALLOW,False,1,False
N1,maxprob_0.5,route_lookup-4-full,route_lookup-4,full,0,DENY,DENY,False,1,False
N1,maxprob_0.5,route_lookup-4-full,route_lookup-4,full,1,DENY,DENY,False,1,False
N1,maxprob_0.5,route_lookup-4-full,route_lookup-4,full,2,DENY,DENY,False,1,False
N1,maxprob_0.5,route_lookup-4-hold,route_lookup-4,hold,0,ALLOW,INSUFFICIENT,True,1,False
N1,maxprob_0.5,route_lookup-4-hold,route_lookup-4,hold,1,ALLOW,INSUFFICIENT,True,1,False
N1,maxprob_0.5,route_lookup-4-hold,route_lookup-4,hold,2,ALLOW,INSUFFICIENT,True,1,False
N1,maxprob_0.5,route_lookup-4-nondecisive_missing,route_lookup-4,nondecisive_missing,0,DENY,DENY,False,1,False
N1,maxprob_0.5,route_lookup-4-nondecisive_missing,route_lookup-4,nondecisive_missing,1,DENY,DENY,False,1,False
N1,maxprob_0.5,route_lookup-4-nondecisive_missing,route_lookup-4,nondecisive_missing,2,DENY,DENY,False,1,False
N1,maxprob_0.7,joint_approval-1-conflict,joint_approval-1,conflict,0,DENY,INSUFFICIENT,True,1,False
N1,maxprob_0.7,joint_approval-1-conflict,joint_approval-1,conflict,1,DENY,INSUFFICIENT,True,1,False
N1,maxprob_0.7,joint_approval-1-conflict,joint_approval-1,conflict,2,INSUFFICIENT,INSUFFICIENT,False,1,False
N1,maxprob_0.7,joint_approval-1-decisive_missing,joint_approval-1,decisive_missing,0,ALLOW,INSUFFICIENT,True,1,False
N1,maxprob_0.7,joint_approval-1-decisive_missing,joint_approval-1,decisive_missing,1,ALLOW,INSUFFICIENT,True,1,False
N1,maxprob_0.7,joint_approval-1-decisive_missing,joint_approval-1,decisive_missing,2,ALLOW,INSUFFICIENT,True,1,False
N1,maxprob_0.7,joint_approval-1-flip,joint_approval-1,flip,0,INSUFFICIENT,INSUFFICIENT,False,1,False
N1,maxprob_0.7,joint_approval-1-flip,joint_approval-1,flip,1,INSUFFICIENT,INSUFFICIENT,False,1,False
N1,maxprob_0.7,joint_approval-1-flip,joint_approval-1,flip,2,INSUFFICIENT,INSUFFICIENT,False,1,False
N1,maxprob_0.7,joint_approval-1-full,joint_approval-1,full,0,ALLOW,ALLOW,False,1,False
N1,maxprob_0.7,joint_approval-1-full,joint_approval-1,full,1,ALLOW,ALLOW,False,1,False
N1,maxprob_0.7,joint_approval-1-full,joint_approval-1,full,2,ALLOW,ALLOW,False,1,False
N1,maxprob_0.7,joint_approval-1-hold,joint_approval-1,hold,0,ALLOW,ALLOW,False,1,False
N1,maxprob_0.7,joint_approval-1-hold,joint_approval-1,hold,1,ALLOW,ALLOW,False,1,False
N1,maxprob_0.7,joint_approval-1-hold,joint_approval-1,hold,2,ALLOW,ALLOW,False,1,False
N1,maxprob_0.7,joint_approval-1-nondecisive_missing,joint_approval-1,nondecisive_missing,0,ALLOW,ALLOW,False,1,False
N1,maxprob_0.7,joint_approval-1-nondecisive_missing,joint_approval-1,nondecisive_missing,1,ALLOW,ALLOW,False,1,False
N1,maxprob_0.7,joint_approval-1-nondecisive_missing,joint_approval-1,nondecisive_missing,2,ALLOW,ALLOW,False,1,False
N1,maxprob_0.7,joint_approval-2-conflict,joint_approval-2,conflict,0,ALLOW,INSUFFICIENT,True,1,False
N1,maxprob_0.7,joint_approval-2-conflict,joint_approval-2,conflict,1,ALLOW,ALLOW,False,1,False
N1,maxprob_0.7,joint_approval-2-conflict,joint_approval-2,conflict,2,ALLOW,INSUFFICIENT,True,1,False
N1,maxprob_0.7,joint_approval-2-decisive_missing,joint_approval-2,decisive_missing,0,ALLOW,INSUFFICIENT,True,1,False
N1,maxprob_0.7,joint_approval-2-decisive_missing,joint_approval-2,decisive_missing,1,ALLOW,ALLOW,False,1,False
N1,maxprob_0.7,joint_approval-2-decisive_missing,joint_approval-2,decisive_missing,2,ALLOW,INSUFFICIENT,True,1,False
N1,maxprob_0.7,joint_approval-2-flip,joint_approval-2,flip,0,ALLOW,ALLOW,False,1,False
N1,maxprob_0.7,joint_approval-2-flip,joint_approval-2,flip,1,ALLOW,ALLOW,False,1,False
N1,maxprob_0.7,joint_approval-2-flip,joint_approval-2,flip,2,ALLOW,ALLOW,False,1,False
N1,maxprob_0.7,joint_approval-2-full,joint_approval-2,full,0,INSUFFICIENT,INSUFFICIENT,False,1,False
N1,maxprob_0.7,joint_approval-2-full,joint_approval-2,full,1,INSUFFICIENT,INSUFFICIENT,False,1,False
N1,maxprob_0.7,joint_approval-2-full,joint_approval-2,full,2,INSUFFICIENT,INSUFFICIENT,False,1,False
N1,maxprob_0.7,joint_approval-2-hold,joint_approval-2,hold,0,ALLOW,INSUFFICIENT,True,1,False
N1,maxprob_0.7,joint_approval-2-hold,joint_approval-2,hold,1,ALLOW,ALLOW,False,1,False
N1,maxprob_0.7,joint_approval-2-hold,joint_approval-2,hold,2,ALLOW,INSUFFICIENT,True,1,False
N1,maxprob_0.7,joint_approval-2-nondecisive_missing,joint_approval-2,nondecisive_missing,0,DENY,INSUFFICIENT,True,1,False
N1,maxprob_0.7,joint_approval-2-nondecisive_missing,joint_approval-2,nondecisive_missing,1,INSUFFICIENT,INSUFFICIENT,False,1,False
N1,maxprob_0.7,joint_approval-2-nondecisive_missing,joint_approval-2,nondecisive_missing,2,DENY,INSUFFICIENT,True,1,False
N1,maxprob_0.7,joint_approval-3-conflict,joint_approval-3,conflict,0,DENY,INSUFFICIENT,True,1,False
N1,maxprob_0.7,joint_approval-3-conflict,joint_approval-3,conflict,1,DENY,INSUFFICIENT,True,1,False
N1,maxprob_0.7,joint_approval-3-conflict,joint_approval-3,conflict,2,DENY,DENY,False,1,False
N1,maxprob_0.7,joint_approval-3-decisive_missing,joint_approval-3,decisive_missing,0,ALLOW,ALLOW,False,1,False
N1,maxprob_0.7,joint_approval-3-decisive_missing,joint_approval-3,decisive_missing,1,ALLOW,ALLOW,False,1,False
N1,maxprob_0.7,joint_approval-3-decisive_missing,joint_approval-3,decisive_missing,2,ALLOW,INSUFFICIENT,True,1,False
N1,maxprob_0.7,joint_approval-3-flip,joint_approval-3,flip,0,INSUFFICIENT,INSUFFICIENT,False,1,False
N1,maxprob_0.7,joint_approval-3-flip,joint_approval-3,flip,1,INSUFFICIENT,INSUFFICIENT,False,1,False
N1,maxprob_0.7,joint_approval-3-flip,joint_approval-3,flip,2,DENY,INSUFFICIENT,True,1,False
N1,maxprob_0.7,joint_approval-3-full,joint_approval-3,full,0,ALLOW,ALLOW,False,1,False
N1,maxprob_0.7,joint_approval-3-full,joint_approval-3,full,1,ALLOW,ALLOW,False,1,False
N1,maxprob_0.7,joint_approval-3-full,joint_approval-3,full,2,ALLOW,ALLOW,False,1,False
N1,maxprob_0.7,joint_approval-3-hold,joint_approval-3,hold,0,ALLOW,ALLOW,False,1,False
N1,maxprob_0.7,joint_approval-3-hold,joint_approval-3,hold,1,ALLOW,ALLOW,False,1,False
N1,maxprob_0.7,joint_approval-3-hold,joint_approval-3,hold,2,ALLOW,ALLOW,False,1,False
N1,maxprob_0.7,joint_approval-3-nondecisive_missing,joint_approval-3,nondecisive_missing,0,ALLOW,ALLOW,False,1,False
N1,maxprob_0.7,joint_approval-3-nondecisive_missing,joint_approval-3,nondecisive_missing,1,ALLOW,ALLOW,False,1,False
N1,maxprob_0.7,joint_approval-3-nondecisive_missing,joint_approval-3,nondecisive_missing,2,ALLOW,ALLOW,False,1,False
N1,maxprob_0.7,joint_approval-4-conflict,joint_approval-4,conflict,0,ALLOW,ALLOW,False,1,False
N1,maxprob_0.7,joint_approval-4-conflict,joint_approval-4,conflict,1,ALLOW,ALLOW,False,1,False
N1,maxprob_0.7,joint_approval-4-conflict,joint_approval-4,conflict,2,ALLOW,INSUFFICIENT,True,1,False
N1,maxprob_0.7,joint_approval-4-decisive_missing,joint_approval-4,decisive_missing,0,ALLOW,ALLOW,False,1,False
N1,maxprob_0.7,joint_approval-4-decisive_missing,joint_approval-4,decisive_missing,1,ALLOW,ALLOW,False,1,False
N1,maxprob_0.7,joint_approval-4-decisive_missing,joint_approval-4,decisive_missing,2,ALLOW,ALLOW,False,1,False
N1,maxprob_0.7,joint_approval-4-flip,joint_approval-4,flip,0,ALLOW,ALLOW,False,1,False
N1,maxprob_0.7,joint_approval-4-flip,joint_approval-4,flip,1,ALLOW,ALLOW,False,1,False
N1,maxprob_0.7,joint_approval-4-flip,joint_approval-4,flip,2,ALLOW,ALLOW,False,1,False
N1,maxprob_0.7,joint_approval-4-full,joint_approval-4,full,0,INSUFFICIENT,INSUFFICIENT,False,1,False
N1,maxprob_0.7,joint_approval-4-full,joint_approval-4,full,1,ALLOW,INSUFFICIENT,True,1,False
N1,maxprob_0.7,joint_approval-4-full,joint_approval-4,full,2,INSUFFICIENT,INSUFFICIENT,False,1,False
N1,maxprob_0.7,joint_approval-4-hold,joint_approval-4,hold,0,DENY,INSUFFICIENT,True,1,False
N1,maxprob_0.7,joint_approval-4-hold,joint_approval-4,hold,1,ALLOW,INSUFFICIENT,True,1,False
N1,maxprob_0.7,joint_approval-4-hold,joint_approval-4,hold,2,ALLOW,INSUFFICIENT,True,1,False
N1,maxprob_0.7,joint_approval-4-nondecisive_missing,joint_approval-4,nondecisive_missing,0,DENY,DENY,False,1,False
N1,maxprob_0.7,joint_approval-4-nondecisive_missing,joint_approval-4,nondecisive_missing,1,DENY,DENY,False,1,False
N1,maxprob_0.7,joint_approval-4-nondecisive_missing,joint_approval-4,nondecisive_missing,2,DENY,DENY,False,1,False
N1,maxprob_0.7,reversal_exception-1-conflict,reversal_exception-1,conflict,0,ALLOW,ALLOW,False,1,False
N1,maxprob_0.7,reversal_exception-1-conflict,reversal_exception-1,conflict,1,ALLOW,ALLOW,False,1,False
N1,maxprob_0.7,reversal_exception-1-conflict,reversal_exception-1,conflict,2,ALLOW,ALLOW,False,1,False
N1,maxprob_0.7,reversal_exception-1-decisive_missing,reversal_exception-1,decisive_missing,0,ALLOW,ALLOW,False,1,False
N1,maxprob_0.7,reversal_exception-1-decisive_missing,reversal_exception-1,decisive_missing,1,ALLOW,INSUFFICIENT,True,1,False
N1,maxprob_0.7,reversal_exception-1-decisive_missing,reversal_exception-1,decisive_missing,2,ALLOW,ALLOW,False,1,False
N1,maxprob_0.7,reversal_exception-1-flip,reversal_exception-1,flip,0,ALLOW,ALLOW,False,1,False
N1,maxprob_0.7,reversal_exception-1-flip,reversal_exception-1,flip,1,ALLOW,ALLOW,False,1,False
N1,maxprob_0.7,reversal_exception-1-flip,reversal_exception-1,flip,2,ALLOW,ALLOW,False,1,False
N1,maxprob_0.7,reversal_exception-1-full,reversal_exception-1,full,0,ALLOW,ALLOW,False,1,False
N1,maxprob_0.7,reversal_exception-1-full,reversal_exception-1,full,1,ALLOW,ALLOW,False,1,False
N1,maxprob_0.7,reversal_exception-1-full,reversal_exception-1,full,2,ALLOW,ALLOW,False,1,False
N1,maxprob_0.7,reversal_exception-1-hold,reversal_exception-1,hold,0,ALLOW,ALLOW,False,1,False
N1,maxprob_0.7,reversal_exception-1-hold,reversal_exception-1,hold,1,ALLOW,ALLOW,False,1,False
N1,maxprob_0.7,reversal_exception-1-hold,reversal_exception-1,hold,2,ALLOW,ALLOW,False,1,False
N1,maxprob_0.7,reversal_exception-1-nondecisive_missing,reversal_exception-1,nondecisive_missing,0,ALLOW,ALLOW,False,1,False
N1,maxprob_0.7,reversal_exception-1-nondecisive_missing,reversal_exception-1,nondecisive_missing,1,ALLOW,INSUFFICIENT,True,1,False
N1,maxprob_0.7,reversal_exception-1-nondecisive_missing,reversal_exception-1,nondecisive_missing,2,ALLOW,ALLOW,False,1,False
N1,maxprob_0.7,reversal_exception-2-conflict,reversal_exception-2,conflict,0,ALLOW,ALLOW,False,1,False
N1,maxprob_0.7,reversal_exception-2-conflict,reversal_exception-2,conflict,1,ALLOW,INSUFFICIENT,True,1,False
N1,maxprob_0.7,reversal_exception-2-conflict,reversal_exception-2,conflict,2,ALLOW,ALLOW,False,1,False
N1,maxprob_0.7,reversal_exception-2-decisive_missing,reversal_exception-2,decisive_missing,0,ALLOW,ALLOW,False,1,False
N1,maxprob_0.7,reversal_exception-2-decisive_missing,reversal_exception-2,decisive_missing,1,DENY,INSUFFICIENT,True,1,False
N1,maxprob_0.7,reversal_exception-2-decisive_missing,reversal_exception-2,decisive_missing,2,ALLOW,ALLOW,False,1,False
N1,maxprob_0.7,reversal_exception-2-flip,reversal_exception-2,flip,0,ALLOW,ALLOW,False,1,False
N1,maxprob_0.7,reversal_exception-2-flip,reversal_exception-2,flip,1,ALLOW,INSUFFICIENT,True,1,False
N1,maxprob_0.7,reversal_exception-2-flip,reversal_exception-2,flip,2,ALLOW,ALLOW,False,1,False
N1,maxprob_0.7,reversal_exception-2-full,reversal_exception-2,full,0,ALLOW,ALLOW,False,1,False
N1,maxprob_0.7,reversal_exception-2-full,reversal_exception-2,full,1,ALLOW,INSUFFICIENT,True,1,False
N1,maxprob_0.7,reversal_exception-2-full,reversal_exception-2,full,2,ALLOW,ALLOW,False,1,False
N1,maxprob_0.7,reversal_exception-2-hold,reversal_exception-2,hold,0,ALLOW,ALLOW,False,1,False
N1,maxprob_0.7,reversal_exception-2-hold,reversal_exception-2,hold,1,ALLOW,ALLOW,False,1,False
N1,maxprob_0.7,reversal_exception-2-hold,reversal_exception-2,hold,2,ALLOW,ALLOW,False,1,False
N1,maxprob_0.7,reversal_exception-2-nondecisive_missing,reversal_exception-2,nondecisive_missing,0,ALLOW,ALLOW,False,1,False
N1,maxprob_0.7,reversal_exception-2-nondecisive_missing,reversal_exception-2,nondecisive_missing,1,DENY,INSUFFICIENT,True,1,False
N1,maxprob_0.7,reversal_exception-2-nondecisive_missing,reversal_exception-2,nondecisive_missing,2,ALLOW,ALLOW,False,1,False
N1,maxprob_0.7,reversal_exception-3-conflict,reversal_exception-3,conflict,0,ALLOW,INSUFFICIENT,True,1,False
N1,maxprob_0.7,reversal_exception-3-conflict,reversal_exception-3,conflict,1,DENY,DENY,False,1,False
N1,maxprob_0.7,reversal_exception-3-conflict,reversal_exception-3,conflict,2,INSUFFICIENT,INSUFFICIENT,False,1,False
N1,maxprob_0.7,reversal_exception-3-decisive_missing,reversal_exception-3,decisive_missing,0,ALLOW,INSUFFICIENT,True,1,False
N1,maxprob_0.7,reversal_exception-3-decisive_missing,reversal_exception-3,decisive_missing,1,DENY,DENY,False,1,False
N1,maxprob_0.7,reversal_exception-3-decisive_missing,reversal_exception-3,decisive_missing,2,INSUFFICIENT,INSUFFICIENT,False,1,False
N1,maxprob_0.7,reversal_exception-3-flip,reversal_exception-3,flip,0,ALLOW,ALLOW,False,1,False
N1,maxprob_0.7,reversal_exception-3-flip,reversal_exception-3,flip,1,DENY,DENY,False,1,False
N1,maxprob_0.7,reversal_exception-3-flip,reversal_exception-3,flip,2,INSUFFICIENT,INSUFFICIENT,False,1,False
N1,maxprob_0.7,reversal_exception-3-full,reversal_exception-3,full,0,ALLOW,ALLOW,False,1,False
N1,maxprob_0.7,reversal_exception-3-full,reversal_exception-3,full,1,DENY,DENY,False,1,False
N1,maxprob_0.7,reversal_exception-3-full,reversal_exception-3,full,2,INSUFFICIENT,INSUFFICIENT,False,1,False
N1,maxprob_0.7,reversal_exception-3-hold,reversal_exception-3,hold,0,DENY,INSUFFICIENT,True,1,False
N1,maxprob_0.7,reversal_exception-3-hold,reversal_exception-3,hold,1,DENY,INSUFFICIENT,True,1,False
N1,maxprob_0.7,reversal_exception-3-hold,reversal_exception-3,hold,2,DENY,INSUFFICIENT,True,1,False
N1,maxprob_0.7,reversal_exception-3-nondecisive_missing,reversal_exception-3,nondecisive_missing,0,ALLOW,ALLOW,False,1,False
N1,maxprob_0.7,reversal_exception-3-nondecisive_missing,reversal_exception-3,nondecisive_missing,1,DENY,DENY,False,1,False
N1,maxprob_0.7,reversal_exception-3-nondecisive_missing,reversal_exception-3,nondecisive_missing,2,INSUFFICIENT,INSUFFICIENT,False,1,False
N1,maxprob_0.7,reversal_exception-4-conflict,reversal_exception-4,conflict,0,ALLOW,INSUFFICIENT,True,1,False
N1,maxprob_0.7,reversal_exception-4-conflict,reversal_exception-4,conflict,1,DENY,INSUFFICIENT,True,1,False
N1,maxprob_0.7,reversal_exception-4-conflict,reversal_exception-4,conflict,2,INSUFFICIENT,INSUFFICIENT,False,1,False
N1,maxprob_0.7,reversal_exception-4-decisive_missing,reversal_exception-4,decisive_missing,0,DENY,INSUFFICIENT,True,1,False
N1,maxprob_0.7,reversal_exception-4-decisive_missing,reversal_exception-4,decisive_missing,1,DENY,DENY,False,1,False
N1,maxprob_0.7,reversal_exception-4-decisive_missing,reversal_exception-4,decisive_missing,2,DENY,INSUFFICIENT,True,1,False
N1,maxprob_0.7,reversal_exception-4-flip,reversal_exception-4,flip,0,ALLOW,ALLOW,False,1,False
N1,maxprob_0.7,reversal_exception-4-flip,reversal_exception-4,flip,1,DENY,INSUFFICIENT,True,1,False
N1,maxprob_0.7,reversal_exception-4-flip,reversal_exception-4,flip,2,ALLOW,INSUFFICIENT,True,1,False
N1,maxprob_0.7,reversal_exception-4-full,reversal_exception-4,full,0,ALLOW,INSUFFICIENT,True,1,False
N1,maxprob_0.7,reversal_exception-4-full,reversal_exception-4,full,1,DENY,DENY,False,1,False
N1,maxprob_0.7,reversal_exception-4-full,reversal_exception-4,full,2,INSUFFICIENT,INSUFFICIENT,False,1,False
N1,maxprob_0.7,reversal_exception-4-hold,reversal_exception-4,hold,0,DENY,DENY,False,1,False
N1,maxprob_0.7,reversal_exception-4-hold,reversal_exception-4,hold,1,DENY,INSUFFICIENT,True,1,False
N1,maxprob_0.7,reversal_exception-4-hold,reversal_exception-4,hold,2,DENY,DENY,False,1,False
N1,maxprob_0.7,reversal_exception-4-nondecisive_missing,reversal_exception-4,nondecisive_missing,0,ALLOW,INSUFFICIENT,True,1,False
N1,maxprob_0.7,reversal_exception-4-nondecisive_missing,reversal_exception-4,nondecisive_missing,1,DENY,DENY,False,1,False
N1,maxprob_0.7,reversal_exception-4-nondecisive_missing,reversal_exception-4,nondecisive_missing,2,INSUFFICIENT,INSUFFICIENT,False,1,False
N1,maxprob_0.7,route_lookup-1-conflict,route_lookup-1,conflict,0,ALLOW,ALLOW,False,1,False
N1,maxprob_0.7,route_lookup-1-conflict,route_lookup-1,conflict,1,ALLOW,ALLOW,False,1,False
N1,maxprob_0.7,route_lookup-1-conflict,route_lookup-1,conflict,2,ALLOW,ALLOW,False,1,False
N1,maxprob_0.7,route_lookup-1-decisive_missing,route_lookup-1,decisive_missing,0,ALLOW,ALLOW,False,1,False
N1,maxprob_0.7,route_lookup-1-decisive_missing,route_lookup-1,decisive_missing,1,ALLOW,INSUFFICIENT,True,1,False
N1,maxprob_0.7,route_lookup-1-decisive_missing,route_lookup-1,decisive_missing,2,ALLOW,INSUFFICIENT,True,1,False
N1,maxprob_0.7,route_lookup-1-flip,route_lookup-1,flip,0,DENY,INSUFFICIENT,True,1,False
N1,maxprob_0.7,route_lookup-1-flip,route_lookup-1,flip,1,INSUFFICIENT,INSUFFICIENT,False,1,False
N1,maxprob_0.7,route_lookup-1-flip,route_lookup-1,flip,2,DENY,INSUFFICIENT,True,1,False
N1,maxprob_0.7,route_lookup-1-full,route_lookup-1,full,0,ALLOW,ALLOW,False,1,False
N1,maxprob_0.7,route_lookup-1-full,route_lookup-1,full,1,ALLOW,ALLOW,False,1,False
N1,maxprob_0.7,route_lookup-1-full,route_lookup-1,full,2,ALLOW,ALLOW,False,1,False
N1,maxprob_0.7,route_lookup-1-hold,route_lookup-1,hold,0,ALLOW,ALLOW,False,1,False
N1,maxprob_0.7,route_lookup-1-hold,route_lookup-1,hold,1,ALLOW,ALLOW,False,1,False
N1,maxprob_0.7,route_lookup-1-hold,route_lookup-1,hold,2,ALLOW,ALLOW,False,1,False
N1,maxprob_0.7,route_lookup-1-nondecisive_missing,route_lookup-1,nondecisive_missing,0,ALLOW,ALLOW,False,1,False
N1,maxprob_0.7,route_lookup-1-nondecisive_missing,route_lookup-1,nondecisive_missing,1,ALLOW,ALLOW,False,1,False
N1,maxprob_0.7,route_lookup-1-nondecisive_missing,route_lookup-1,nondecisive_missing,2,ALLOW,ALLOW,False,1,False
N1,maxprob_0.7,route_lookup-2-conflict,route_lookup-2,conflict,0,ALLOW,INSUFFICIENT,True,1,False
N1,maxprob_0.7,route_lookup-2-conflict,route_lookup-2,conflict,1,ALLOW,ALLOW,False,1,False
N1,maxprob_0.7,route_lookup-2-conflict,route_lookup-2,conflict,2,ALLOW,INSUFFICIENT,True,1,False
N1,maxprob_0.7,route_lookup-2-decisive_missing,route_lookup-2,decisive_missing,0,ALLOW,ALLOW,False,1,False
N1,maxprob_0.7,route_lookup-2-decisive_missing,route_lookup-2,decisive_missing,1,ALLOW,ALLOW,False,1,False
N1,maxprob_0.7,route_lookup-2-decisive_missing,route_lookup-2,decisive_missing,2,ALLOW,ALLOW,False,1,False
N1,maxprob_0.7,route_lookup-2-flip,route_lookup-2,flip,0,ALLOW,ALLOW,False,1,False
N1,maxprob_0.7,route_lookup-2-flip,route_lookup-2,flip,1,ALLOW,ALLOW,False,1,False
N1,maxprob_0.7,route_lookup-2-flip,route_lookup-2,flip,2,ALLOW,ALLOW,False,1,False
N1,maxprob_0.7,route_lookup-2-full,route_lookup-2,full,0,DENY,INSUFFICIENT,True,1,False
N1,maxprob_0.7,route_lookup-2-full,route_lookup-2,full,1,ALLOW,INSUFFICIENT,True,1,False
N1,maxprob_0.7,route_lookup-2-full,route_lookup-2,full,2,ALLOW,INSUFFICIENT,True,1,False
N1,maxprob_0.7,route_lookup-2-hold,route_lookup-2,hold,0,ALLOW,ALLOW,False,1,False
N1,maxprob_0.7,route_lookup-2-hold,route_lookup-2,hold,1,ALLOW,ALLOW,False,1,False
N1,maxprob_0.7,route_lookup-2-hold,route_lookup-2,hold,2,ALLOW,ALLOW,False,1,False
N1,maxprob_0.7,route_lookup-2-nondecisive_missing,route_lookup-2,nondecisive_missing,0,DENY,DENY,False,1,False
N1,maxprob_0.7,route_lookup-2-nondecisive_missing,route_lookup-2,nondecisive_missing,1,DENY,INSUFFICIENT,True,1,False
N1,maxprob_0.7,route_lookup-2-nondecisive_missing,route_lookup-2,nondecisive_missing,2,DENY,DENY,False,1,False
N1,maxprob_0.7,route_lookup-3-conflict,route_lookup-3,conflict,0,ALLOW,ALLOW,False,1,False
N1,maxprob_0.7,route_lookup-3-conflict,route_lookup-3,conflict,1,ALLOW,INSUFFICIENT,True,1,False
N1,maxprob_0.7,route_lookup-3-conflict,route_lookup-3,conflict,2,ALLOW,INSUFFICIENT,True,1,False
N1,maxprob_0.7,route_lookup-3-decisive_missing,route_lookup-3,decisive_missing,0,ALLOW,INSUFFICIENT,True,1,False
N1,maxprob_0.7,route_lookup-3-decisive_missing,route_lookup-3,decisive_missing,1,ALLOW,INSUFFICIENT,True,1,False
N1,maxprob_0.7,route_lookup-3-decisive_missing,route_lookup-3,decisive_missing,2,ALLOW,INSUFFICIENT,True,1,False
N1,maxprob_0.7,route_lookup-3-flip,route_lookup-3,flip,0,DENY,INSUFFICIENT,True,1,False
N1,maxprob_0.7,route_lookup-3-flip,route_lookup-3,flip,1,INSUFFICIENT,INSUFFICIENT,False,1,False
N1,maxprob_0.7,route_lookup-3-flip,route_lookup-3,flip,2,DENY,DENY,False,1,False
N1,maxprob_0.7,route_lookup-3-full,route_lookup-3,full,0,ALLOW,ALLOW,False,1,False
N1,maxprob_0.7,route_lookup-3-full,route_lookup-3,full,1,ALLOW,ALLOW,False,1,False
N1,maxprob_0.7,route_lookup-3-full,route_lookup-3,full,2,ALLOW,ALLOW,False,1,False
N1,maxprob_0.7,route_lookup-3-hold,route_lookup-3,hold,0,ALLOW,ALLOW,False,1,False
N1,maxprob_0.7,route_lookup-3-hold,route_lookup-3,hold,1,ALLOW,ALLOW,False,1,False
N1,maxprob_0.7,route_lookup-3-hold,route_lookup-3,hold,2,ALLOW,INSUFFICIENT,True,1,False
N1,maxprob_0.7,route_lookup-3-nondecisive_missing,route_lookup-3,nondecisive_missing,0,ALLOW,ALLOW,False,1,False
N1,maxprob_0.7,route_lookup-3-nondecisive_missing,route_lookup-3,nondecisive_missing,1,ALLOW,ALLOW,False,1,False
N1,maxprob_0.7,route_lookup-3-nondecisive_missing,route_lookup-3,nondecisive_missing,2,ALLOW,ALLOW,False,1,False
N1,maxprob_0.7,route_lookup-4-conflict,route_lookup-4,conflict,0,DENY,INSUFFICIENT,True,1,False
N1,maxprob_0.7,route_lookup-4-conflict,route_lookup-4,conflict,1,DENY,INSUFFICIENT,True,1,False
N1,maxprob_0.7,route_lookup-4-conflict,route_lookup-4,conflict,2,DENY,DENY,False,1,False
N1,maxprob_0.7,route_lookup-4-decisive_missing,route_lookup-4,decisive_missing,0,ALLOW,ALLOW,False,1,False
N1,maxprob_0.7,route_lookup-4-decisive_missing,route_lookup-4,decisive_missing,1,ALLOW,INSUFFICIENT,True,1,False
N1,maxprob_0.7,route_lookup-4-decisive_missing,route_lookup-4,decisive_missing,2,ALLOW,ALLOW,False,1,False
N1,maxprob_0.7,route_lookup-4-flip,route_lookup-4,flip,0,ALLOW,ALLOW,False,1,False
N1,maxprob_0.7,route_lookup-4-flip,route_lookup-4,flip,1,ALLOW,ALLOW,False,1,False
N1,maxprob_0.7,route_lookup-4-flip,route_lookup-4,flip,2,ALLOW,ALLOW,False,1,False
N1,maxprob_0.7,route_lookup-4-full,route_lookup-4,full,0,DENY,DENY,False,1,False
N1,maxprob_0.7,route_lookup-4-full,route_lookup-4,full,1,DENY,INSUFFICIENT,True,1,False
N1,maxprob_0.7,route_lookup-4-full,route_lookup-4,full,2,DENY,DENY,False,1,False
N1,maxprob_0.7,route_lookup-4-hold,route_lookup-4,hold,0,ALLOW,INSUFFICIENT,True,1,False
N1,maxprob_0.7,route_lookup-4-hold,route_lookup-4,hold,1,ALLOW,INSUFFICIENT,True,1,False
N1,maxprob_0.7,route_lookup-4-hold,route_lookup-4,hold,2,ALLOW,INSUFFICIENT,True,1,False
N1,maxprob_0.7,route_lookup-4-nondecisive_missing,route_lookup-4,nondecisive_missing,0,DENY,DENY,False,1,False
N1,maxprob_0.7,route_lookup-4-nondecisive_missing,route_lookup-4,nondecisive_missing,1,DENY,DENY,False,1,False
N1,maxprob_0.7,route_lookup-4-nondecisive_missing,route_lookup-4,nondecisive_missing,2,DENY,DENY,False,1,False
N1,maxprob_0.9,joint_approval-1-conflict,joint_approval-1,conflict,0,DENY,INSUFFICIENT,True,1,False
N1,maxprob_0.9,joint_approval-1-conflict,joint_approval-1,conflict,1,DENY,INSUFFICIENT,True,1,False
N1,maxprob_0.9,joint_approval-1-conflict,joint_approval-1,conflict,2,INSUFFICIENT,INSUFFICIENT,False,1,False
N1,maxprob_0.9,joint_approval-1-decisive_missing,joint_approval-1,decisive_missing,0,ALLOW,INSUFFICIENT,True,1,False
N1,maxprob_0.9,joint_approval-1-decisive_missing,joint_approval-1,decisive_missing,1,ALLOW,INSUFFICIENT,True,1,False
N1,maxprob_0.9,joint_approval-1-decisive_missing,joint_approval-1,decisive_missing,2,ALLOW,INSUFFICIENT,True,1,False
N1,maxprob_0.9,joint_approval-1-flip,joint_approval-1,flip,0,INSUFFICIENT,INSUFFICIENT,False,1,False
N1,maxprob_0.9,joint_approval-1-flip,joint_approval-1,flip,1,INSUFFICIENT,INSUFFICIENT,False,1,False
N1,maxprob_0.9,joint_approval-1-flip,joint_approval-1,flip,2,INSUFFICIENT,INSUFFICIENT,False,1,False
N1,maxprob_0.9,joint_approval-1-full,joint_approval-1,full,0,ALLOW,ALLOW,False,1,False
N1,maxprob_0.9,joint_approval-1-full,joint_approval-1,full,1,ALLOW,INSUFFICIENT,True,1,False
N1,maxprob_0.9,joint_approval-1-full,joint_approval-1,full,2,ALLOW,INSUFFICIENT,True,1,False
N1,maxprob_0.9,joint_approval-1-hold,joint_approval-1,hold,0,ALLOW,INSUFFICIENT,True,1,False
N1,maxprob_0.9,joint_approval-1-hold,joint_approval-1,hold,1,ALLOW,INSUFFICIENT,True,1,False
N1,maxprob_0.9,joint_approval-1-hold,joint_approval-1,hold,2,ALLOW,INSUFFICIENT,True,1,False
N1,maxprob_0.9,joint_approval-1-nondecisive_missing,joint_approval-1,nondecisive_missing,0,ALLOW,ALLOW,False,1,False
N1,maxprob_0.9,joint_approval-1-nondecisive_missing,joint_approval-1,nondecisive_missing,1,ALLOW,INSUFFICIENT,True,1,False
N1,maxprob_0.9,joint_approval-1-nondecisive_missing,joint_approval-1,nondecisive_missing,2,ALLOW,INSUFFICIENT,True,1,False
N1,maxprob_0.9,joint_approval-2-conflict,joint_approval-2,conflict,0,ALLOW,INSUFFICIENT,True,1,False
N1,maxprob_0.9,joint_approval-2-conflict,joint_approval-2,conflict,1,ALLOW,INSUFFICIENT,True,1,False
N1,maxprob_0.9,joint_approval-2-conflict,joint_approval-2,conflict,2,ALLOW,INSUFFICIENT,True,1,False
N1,maxprob_0.9,joint_approval-2-decisive_missing,joint_approval-2,decisive_missing,0,ALLOW,INSUFFICIENT,True,1,False
N1,maxprob_0.9,joint_approval-2-decisive_missing,joint_approval-2,decisive_missing,1,ALLOW,INSUFFICIENT,True,1,False
N1,maxprob_0.9,joint_approval-2-decisive_missing,joint_approval-2,decisive_missing,2,ALLOW,INSUFFICIENT,True,1,False
N1,maxprob_0.9,joint_approval-2-flip,joint_approval-2,flip,0,ALLOW,ALLOW,False,1,False
N1,maxprob_0.9,joint_approval-2-flip,joint_approval-2,flip,1,ALLOW,INSUFFICIENT,True,1,False
N1,maxprob_0.9,joint_approval-2-flip,joint_approval-2,flip,2,ALLOW,INSUFFICIENT,True,1,False
N1,maxprob_0.9,joint_approval-2-full,joint_approval-2,full,0,INSUFFICIENT,INSUFFICIENT,False,1,False
N1,maxprob_0.9,joint_approval-2-full,joint_approval-2,full,1,INSUFFICIENT,INSUFFICIENT,False,1,False
N1,maxprob_0.9,joint_approval-2-full,joint_approval-2,full,2,INSUFFICIENT,INSUFFICIENT,False,1,False
N1,maxprob_0.9,joint_approval-2-hold,joint_approval-2,hold,0,ALLOW,INSUFFICIENT,True,1,False
N1,maxprob_0.9,joint_approval-2-hold,joint_approval-2,hold,1,ALLOW,INSUFFICIENT,True,1,False
N1,maxprob_0.9,joint_approval-2-hold,joint_approval-2,hold,2,ALLOW,INSUFFICIENT,True,1,False
N1,maxprob_0.9,joint_approval-2-nondecisive_missing,joint_approval-2,nondecisive_missing,0,DENY,INSUFFICIENT,True,1,False
N1,maxprob_0.9,joint_approval-2-nondecisive_missing,joint_approval-2,nondecisive_missing,1,INSUFFICIENT,INSUFFICIENT,False,1,False
N1,maxprob_0.9,joint_approval-2-nondecisive_missing,joint_approval-2,nondecisive_missing,2,DENY,INSUFFICIENT,True,1,False
N1,maxprob_0.9,joint_approval-3-conflict,joint_approval-3,conflict,0,DENY,INSUFFICIENT,True,1,False
N1,maxprob_0.9,joint_approval-3-conflict,joint_approval-3,conflict,1,DENY,INSUFFICIENT,True,1,False
N1,maxprob_0.9,joint_approval-3-conflict,joint_approval-3,conflict,2,DENY,INSUFFICIENT,True,1,False
N1,maxprob_0.9,joint_approval-3-decisive_missing,joint_approval-3,decisive_missing,0,ALLOW,INSUFFICIENT,True,1,False
N1,maxprob_0.9,joint_approval-3-decisive_missing,joint_approval-3,decisive_missing,1,ALLOW,INSUFFICIENT,True,1,False
N1,maxprob_0.9,joint_approval-3-decisive_missing,joint_approval-3,decisive_missing,2,ALLOW,INSUFFICIENT,True,1,False
N1,maxprob_0.9,joint_approval-3-flip,joint_approval-3,flip,0,INSUFFICIENT,INSUFFICIENT,False,1,False
N1,maxprob_0.9,joint_approval-3-flip,joint_approval-3,flip,1,INSUFFICIENT,INSUFFICIENT,False,1,False
N1,maxprob_0.9,joint_approval-3-flip,joint_approval-3,flip,2,DENY,INSUFFICIENT,True,1,False
N1,maxprob_0.9,joint_approval-3-full,joint_approval-3,full,0,ALLOW,ALLOW,False,1,False
N1,maxprob_0.9,joint_approval-3-full,joint_approval-3,full,1,ALLOW,INSUFFICIENT,True,1,False
N1,maxprob_0.9,joint_approval-3-full,joint_approval-3,full,2,ALLOW,INSUFFICIENT,True,1,False
N1,maxprob_0.9,joint_approval-3-hold,joint_approval-3,hold,0,ALLOW,ALLOW,False,1,False
N1,maxprob_0.9,joint_approval-3-hold,joint_approval-3,hold,1,ALLOW,INSUFFICIENT,True,1,False
N1,maxprob_0.9,joint_approval-3-hold,joint_approval-3,hold,2,ALLOW,INSUFFICIENT,True,1,False
N1,maxprob_0.9,joint_approval-3-nondecisive_missing,joint_approval-3,nondecisive_missing,0,ALLOW,ALLOW,False,1,False
N1,maxprob_0.9,joint_approval-3-nondecisive_missing,joint_approval-3,nondecisive_missing,1,ALLOW,INSUFFICIENT,True,1,False
N1,maxprob_0.9,joint_approval-3-nondecisive_missing,joint_approval-3,nondecisive_missing,2,ALLOW,ALLOW,False,1,False
N1,maxprob_0.9,joint_approval-4-conflict,joint_approval-4,conflict,0,ALLOW,INSUFFICIENT,True,1,False
N1,maxprob_0.9,joint_approval-4-conflict,joint_approval-4,conflict,1,ALLOW,INSUFFICIENT,True,1,False
N1,maxprob_0.9,joint_approval-4-conflict,joint_approval-4,conflict,2,ALLOW,INSUFFICIENT,True,1,False
N1,maxprob_0.9,joint_approval-4-decisive_missing,joint_approval-4,decisive_missing,0,ALLOW,INSUFFICIENT,True,1,False
N1,maxprob_0.9,joint_approval-4-decisive_missing,joint_approval-4,decisive_missing,1,ALLOW,INSUFFICIENT,True,1,False
N1,maxprob_0.9,joint_approval-4-decisive_missing,joint_approval-4,decisive_missing,2,ALLOW,INSUFFICIENT,True,1,False
N1,maxprob_0.9,joint_approval-4-flip,joint_approval-4,flip,0,ALLOW,ALLOW,False,1,False
N1,maxprob_0.9,joint_approval-4-flip,joint_approval-4,flip,1,ALLOW,INSUFFICIENT,True,1,False
N1,maxprob_0.9,joint_approval-4-flip,joint_approval-4,flip,2,ALLOW,INSUFFICIENT,True,1,False
N1,maxprob_0.9,joint_approval-4-full,joint_approval-4,full,0,INSUFFICIENT,INSUFFICIENT,False,1,False
N1,maxprob_0.9,joint_approval-4-full,joint_approval-4,full,1,ALLOW,INSUFFICIENT,True,1,False
N1,maxprob_0.9,joint_approval-4-full,joint_approval-4,full,2,INSUFFICIENT,INSUFFICIENT,False,1,False
N1,maxprob_0.9,joint_approval-4-hold,joint_approval-4,hold,0,DENY,INSUFFICIENT,True,1,False
N1,maxprob_0.9,joint_approval-4-hold,joint_approval-4,hold,1,ALLOW,INSUFFICIENT,True,1,False
N1,maxprob_0.9,joint_approval-4-hold,joint_approval-4,hold,2,ALLOW,INSUFFICIENT,True,1,False
N1,maxprob_0.9,joint_approval-4-nondecisive_missing,joint_approval-4,nondecisive_missing,0,DENY,DENY,False,1,False
N1,maxprob_0.9,joint_approval-4-nondecisive_missing,joint_approval-4,nondecisive_missing,1,DENY,INSUFFICIENT,True,1,False
N1,maxprob_0.9,joint_approval-4-nondecisive_missing,joint_approval-4,nondecisive_missing,2,DENY,INSUFFICIENT,True,1,False
N1,maxprob_0.9,reversal_exception-1-conflict,reversal_exception-1,conflict,0,ALLOW,ALLOW,False,1,False
N1,maxprob_0.9,reversal_exception-1-conflict,reversal_exception-1,conflict,1,ALLOW,INSUFFICIENT,True,1,False
N1,maxprob_0.9,reversal_exception-1-conflict,reversal_exception-1,conflict,2,ALLOW,INSUFFICIENT,True,1,False
N1,maxprob_0.9,reversal_exception-1-decisive_missing,reversal_exception-1,decisive_missing,0,ALLOW,ALLOW,False,1,False
N1,maxprob_0.9,reversal_exception-1-decisive_missing,reversal_exception-1,decisive_missing,1,ALLOW,INSUFFICIENT,True,1,False
N1,maxprob_0.9,reversal_exception-1-decisive_missing,reversal_exception-1,decisive_missing,2,ALLOW,INSUFFICIENT,True,1,False
N1,maxprob_0.9,reversal_exception-1-flip,reversal_exception-1,flip,0,ALLOW,ALLOW,False,1,False
N1,maxprob_0.9,reversal_exception-1-flip,reversal_exception-1,flip,1,ALLOW,INSUFFICIENT,True,1,False
N1,maxprob_0.9,reversal_exception-1-flip,reversal_exception-1,flip,2,ALLOW,INSUFFICIENT,True,1,False
N1,maxprob_0.9,reversal_exception-1-full,reversal_exception-1,full,0,ALLOW,ALLOW,False,1,False
N1,maxprob_0.9,reversal_exception-1-full,reversal_exception-1,full,1,ALLOW,INSUFFICIENT,True,1,False
N1,maxprob_0.9,reversal_exception-1-full,reversal_exception-1,full,2,ALLOW,INSUFFICIENT,True,1,False
N1,maxprob_0.9,reversal_exception-1-hold,reversal_exception-1,hold,0,ALLOW,ALLOW,False,1,False
N1,maxprob_0.9,reversal_exception-1-hold,reversal_exception-1,hold,1,ALLOW,INSUFFICIENT,True,1,False
N1,maxprob_0.9,reversal_exception-1-hold,reversal_exception-1,hold,2,ALLOW,INSUFFICIENT,True,1,False
N1,maxprob_0.9,reversal_exception-1-nondecisive_missing,reversal_exception-1,nondecisive_missing,0,ALLOW,ALLOW,False,1,False
N1,maxprob_0.9,reversal_exception-1-nondecisive_missing,reversal_exception-1,nondecisive_missing,1,ALLOW,INSUFFICIENT,True,1,False
N1,maxprob_0.9,reversal_exception-1-nondecisive_missing,reversal_exception-1,nondecisive_missing,2,ALLOW,INSUFFICIENT,True,1,False
N1,maxprob_0.9,reversal_exception-2-conflict,reversal_exception-2,conflict,0,ALLOW,ALLOW,False,1,False
N1,maxprob_0.9,reversal_exception-2-conflict,reversal_exception-2,conflict,1,ALLOW,INSUFFICIENT,True,1,False
N1,maxprob_0.9,reversal_exception-2-conflict,reversal_exception-2,conflict,2,ALLOW,INSUFFICIENT,True,1,False
N1,maxprob_0.9,reversal_exception-2-decisive_missing,reversal_exception-2,decisive_missing,0,ALLOW,ALLOW,False,1,False
N1,maxprob_0.9,reversal_exception-2-decisive_missing,reversal_exception-2,decisive_missing,1,DENY,INSUFFICIENT,True,1,False
N1,maxprob_0.9,reversal_exception-2-decisive_missing,reversal_exception-2,decisive_missing,2,ALLOW,INSUFFICIENT,True,1,False
N1,maxprob_0.9,reversal_exception-2-flip,reversal_exception-2,flip,0,ALLOW,ALLOW,False,1,False
N1,maxprob_0.9,reversal_exception-2-flip,reversal_exception-2,flip,1,ALLOW,INSUFFICIENT,True,1,False
N1,maxprob_0.9,reversal_exception-2-flip,reversal_exception-2,flip,2,ALLOW,INSUFFICIENT,True,1,False
N1,maxprob_0.9,reversal_exception-2-full,reversal_exception-2,full,0,ALLOW,ALLOW,False,1,False
N1,maxprob_0.9,reversal_exception-2-full,reversal_exception-2,full,1,ALLOW,INSUFFICIENT,True,1,False
N1,maxprob_0.9,reversal_exception-2-full,reversal_exception-2,full,2,ALLOW,INSUFFICIENT,True,1,False
N1,maxprob_0.9,reversal_exception-2-hold,reversal_exception-2,hold,0,ALLOW,ALLOW,False,1,False
N1,maxprob_0.9,reversal_exception-2-hold,reversal_exception-2,hold,1,ALLOW,INSUFFICIENT,True,1,False
N1,maxprob_0.9,reversal_exception-2-hold,reversal_exception-2,hold,2,ALLOW,INSUFFICIENT,True,1,False
N1,maxprob_0.9,reversal_exception-2-nondecisive_missing,reversal_exception-2,nondecisive_missing,0,ALLOW,ALLOW,False,1,False
N1,maxprob_0.9,reversal_exception-2-nondecisive_missing,reversal_exception-2,nondecisive_missing,1,DENY,INSUFFICIENT,True,1,False
N1,maxprob_0.9,reversal_exception-2-nondecisive_missing,reversal_exception-2,nondecisive_missing,2,ALLOW,INSUFFICIENT,True,1,False
N1,maxprob_0.9,reversal_exception-3-conflict,reversal_exception-3,conflict,0,ALLOW,INSUFFICIENT,True,1,False
N1,maxprob_0.9,reversal_exception-3-conflict,reversal_exception-3,conflict,1,DENY,INSUFFICIENT,True,1,False
N1,maxprob_0.9,reversal_exception-3-conflict,reversal_exception-3,conflict,2,INSUFFICIENT,INSUFFICIENT,False,1,False
N1,maxprob_0.9,reversal_exception-3-decisive_missing,reversal_exception-3,decisive_missing,0,ALLOW,INSUFFICIENT,True,1,False
N1,maxprob_0.9,reversal_exception-3-decisive_missing,reversal_exception-3,decisive_missing,1,DENY,INSUFFICIENT,True,1,False
N1,maxprob_0.9,reversal_exception-3-decisive_missing,reversal_exception-3,decisive_missing,2,INSUFFICIENT,INSUFFICIENT,False,1,False
N1,maxprob_0.9,reversal_exception-3-flip,reversal_exception-3,flip,0,ALLOW,INSUFFICIENT,True,1,False
N1,maxprob_0.9,reversal_exception-3-flip,reversal_exception-3,flip,1,DENY,INSUFFICIENT,True,1,False
N1,maxprob_0.9,reversal_exception-3-flip,reversal_exception-3,flip,2,INSUFFICIENT,INSUFFICIENT,False,1,False
N1,maxprob_0.9,reversal_exception-3-full,reversal_exception-3,full,0,ALLOW,INSUFFICIENT,True,1,False
N1,maxprob_0.9,reversal_exception-3-full,reversal_exception-3,full,1,DENY,INSUFFICIENT,True,1,False
N1,maxprob_0.9,reversal_exception-3-full,reversal_exception-3,full,2,INSUFFICIENT,INSUFFICIENT,False,1,False
N1,maxprob_0.9,reversal_exception-3-hold,reversal_exception-3,hold,0,DENY,INSUFFICIENT,True,1,False
N1,maxprob_0.9,reversal_exception-3-hold,reversal_exception-3,hold,1,DENY,INSUFFICIENT,True,1,False
N1,maxprob_0.9,reversal_exception-3-hold,reversal_exception-3,hold,2,DENY,INSUFFICIENT,True,1,False
N1,maxprob_0.9,reversal_exception-3-nondecisive_missing,reversal_exception-3,nondecisive_missing,0,ALLOW,INSUFFICIENT,True,1,False
N1,maxprob_0.9,reversal_exception-3-nondecisive_missing,reversal_exception-3,nondecisive_missing,1,DENY,INSUFFICIENT,True,1,False
N1,maxprob_0.9,reversal_exception-3-nondecisive_missing,reversal_exception-3,nondecisive_missing,2,INSUFFICIENT,INSUFFICIENT,False,1,False
N1,maxprob_0.9,reversal_exception-4-conflict,reversal_exception-4,conflict,0,ALLOW,INSUFFICIENT,True,1,False
N1,maxprob_0.9,reversal_exception-4-conflict,reversal_exception-4,conflict,1,DENY,INSUFFICIENT,True,1,False
N1,maxprob_0.9,reversal_exception-4-conflict,reversal_exception-4,conflict,2,INSUFFICIENT,INSUFFICIENT,False,1,False
N1,maxprob_0.9,reversal_exception-4-decisive_missing,reversal_exception-4,decisive_missing,0,DENY,INSUFFICIENT,True,1,False
N1,maxprob_0.9,reversal_exception-4-decisive_missing,reversal_exception-4,decisive_missing,1,DENY,INSUFFICIENT,True,1,False
N1,maxprob_0.9,reversal_exception-4-decisive_missing,reversal_exception-4,decisive_missing,2,DENY,INSUFFICIENT,True,1,False
N1,maxprob_0.9,reversal_exception-4-flip,reversal_exception-4,flip,0,ALLOW,INSUFFICIENT,True,1,False
N1,maxprob_0.9,reversal_exception-4-flip,reversal_exception-4,flip,1,DENY,INSUFFICIENT,True,1,False
N1,maxprob_0.9,reversal_exception-4-flip,reversal_exception-4,flip,2,ALLOW,INSUFFICIENT,True,1,False
N1,maxprob_0.9,reversal_exception-4-full,reversal_exception-4,full,0,ALLOW,INSUFFICIENT,True,1,False
N1,maxprob_0.9,reversal_exception-4-full,reversal_exception-4,full,1,DENY,INSUFFICIENT,True,1,False
N1,maxprob_0.9,reversal_exception-4-full,reversal_exception-4,full,2,INSUFFICIENT,INSUFFICIENT,False,1,False
N1,maxprob_0.9,reversal_exception-4-hold,reversal_exception-4,hold,0,DENY,INSUFFICIENT,True,1,False
N1,maxprob_0.9,reversal_exception-4-hold,reversal_exception-4,hold,1,DENY,INSUFFICIENT,True,1,False
N1,maxprob_0.9,reversal_exception-4-hold,reversal_exception-4,hold,2,DENY,INSUFFICIENT,True,1,False
N1,maxprob_0.9,reversal_exception-4-nondecisive_missing,reversal_exception-4,nondecisive_missing,0,ALLOW,INSUFFICIENT,True,1,False
N1,maxprob_0.9,reversal_exception-4-nondecisive_missing,reversal_exception-4,nondecisive_missing,1,DENY,INSUFFICIENT,True,1,False
N1,maxprob_0.9,reversal_exception-4-nondecisive_missing,reversal_exception-4,nondecisive_missing,2,INSUFFICIENT,INSUFFICIENT,False,1,False
N1,maxprob_0.9,route_lookup-1-conflict,route_lookup-1,conflict,0,ALLOW,ALLOW,False,1,False
N1,maxprob_0.9,route_lookup-1-conflict,route_lookup-1,conflict,1,ALLOW,INSUFFICIENT,True,1,False
N1,maxprob_0.9,route_lookup-1-conflict,route_lookup-1,conflict,2,ALLOW,INSUFFICIENT,True,1,False
N1,maxprob_0.9,route_lookup-1-decisive_missing,route_lookup-1,decisive_missing,0,ALLOW,INSUFFICIENT,True,1,False
N1,maxprob_0.9,route_lookup-1-decisive_missing,route_lookup-1,decisive_missing,1,ALLOW,INSUFFICIENT,True,1,False
N1,maxprob_0.9,route_lookup-1-decisive_missing,route_lookup-1,decisive_missing,2,ALLOW,INSUFFICIENT,True,1,False
N1,maxprob_0.9,route_lookup-1-flip,route_lookup-1,flip,0,DENY,INSUFFICIENT,True,1,False
N1,maxprob_0.9,route_lookup-1-flip,route_lookup-1,flip,1,INSUFFICIENT,INSUFFICIENT,False,1,False
N1,maxprob_0.9,route_lookup-1-flip,route_lookup-1,flip,2,DENY,INSUFFICIENT,True,1,False
N1,maxprob_0.9,route_lookup-1-full,route_lookup-1,full,0,ALLOW,ALLOW,False,1,False
N1,maxprob_0.9,route_lookup-1-full,route_lookup-1,full,1,ALLOW,INSUFFICIENT,True,1,False
N1,maxprob_0.9,route_lookup-1-full,route_lookup-1,full,2,ALLOW,INSUFFICIENT,True,1,False
N1,maxprob_0.9,route_lookup-1-hold,route_lookup-1,hold,0,ALLOW,INSUFFICIENT,True,1,False
N1,maxprob_0.9,route_lookup-1-hold,route_lookup-1,hold,1,ALLOW,INSUFFICIENT,True,1,False
N1,maxprob_0.9,route_lookup-1-hold,route_lookup-1,hold,2,ALLOW,INSUFFICIENT,True,1,False
N1,maxprob_0.9,route_lookup-1-nondecisive_missing,route_lookup-1,nondecisive_missing,0,ALLOW,ALLOW,False,1,False
N1,maxprob_0.9,route_lookup-1-nondecisive_missing,route_lookup-1,nondecisive_missing,1,ALLOW,ALLOW,False,1,False
N1,maxprob_0.9,route_lookup-1-nondecisive_missing,route_lookup-1,nondecisive_missing,2,ALLOW,ALLOW,False,1,False
N1,maxprob_0.9,route_lookup-2-conflict,route_lookup-2,conflict,0,ALLOW,INSUFFICIENT,True,1,False
N1,maxprob_0.9,route_lookup-2-conflict,route_lookup-2,conflict,1,ALLOW,INSUFFICIENT,True,1,False
N1,maxprob_0.9,route_lookup-2-conflict,route_lookup-2,conflict,2,ALLOW,INSUFFICIENT,True,1,False
N1,maxprob_0.9,route_lookup-2-decisive_missing,route_lookup-2,decisive_missing,0,ALLOW,INSUFFICIENT,True,1,False
N1,maxprob_0.9,route_lookup-2-decisive_missing,route_lookup-2,decisive_missing,1,ALLOW,INSUFFICIENT,True,1,False
N1,maxprob_0.9,route_lookup-2-decisive_missing,route_lookup-2,decisive_missing,2,ALLOW,INSUFFICIENT,True,1,False
N1,maxprob_0.9,route_lookup-2-flip,route_lookup-2,flip,0,ALLOW,ALLOW,False,1,False
N1,maxprob_0.9,route_lookup-2-flip,route_lookup-2,flip,1,ALLOW,INSUFFICIENT,True,1,False
N1,maxprob_0.9,route_lookup-2-flip,route_lookup-2,flip,2,ALLOW,INSUFFICIENT,True,1,False
N1,maxprob_0.9,route_lookup-2-full,route_lookup-2,full,0,DENY,INSUFFICIENT,True,1,False
N1,maxprob_0.9,route_lookup-2-full,route_lookup-2,full,1,ALLOW,INSUFFICIENT,True,1,False
N1,maxprob_0.9,route_lookup-2-full,route_lookup-2,full,2,ALLOW,INSUFFICIENT,True,1,False
N1,maxprob_0.9,route_lookup-2-hold,route_lookup-2,hold,0,ALLOW,ALLOW,False,1,False
N1,maxprob_0.9,route_lookup-2-hold,route_lookup-2,hold,1,ALLOW,INSUFFICIENT,True,1,False
N1,maxprob_0.9,route_lookup-2-hold,route_lookup-2,hold,2,ALLOW,INSUFFICIENT,True,1,False
N1,maxprob_0.9,route_lookup-2-nondecisive_missing,route_lookup-2,nondecisive_missing,0,DENY,INSUFFICIENT,True,1,False
N1,maxprob_0.9,route_lookup-2-nondecisive_missing,route_lookup-2,nondecisive_missing,1,DENY,INSUFFICIENT,True,1,False
N1,maxprob_0.9,route_lookup-2-nondecisive_missing,route_lookup-2,nondecisive_missing,2,DENY,INSUFFICIENT,True,1,False
N1,maxprob_0.9,route_lookup-3-conflict,route_lookup-3,conflict,0,ALLOW,INSUFFICIENT,True,1,False
N1,maxprob_0.9,route_lookup-3-conflict,route_lookup-3,conflict,1,ALLOW,INSUFFICIENT,True,1,False
N1,maxprob_0.9,route_lookup-3-conflict,route_lookup-3,conflict,2,ALLOW,INSUFFICIENT,True,1,False
N1,maxprob_0.9,route_lookup-3-decisive_missing,route_lookup-3,decisive_missing,0,ALLOW,INSUFFICIENT,True,1,False
N1,maxprob_0.9,route_lookup-3-decisive_missing,route_lookup-3,decisive_missing,1,ALLOW,INSUFFICIENT,True,1,False
N1,maxprob_0.9,route_lookup-3-decisive_missing,route_lookup-3,decisive_missing,2,ALLOW,INSUFFICIENT,True,1,False
N1,maxprob_0.9,route_lookup-3-flip,route_lookup-3,flip,0,DENY,INSUFFICIENT,True,1,False
N1,maxprob_0.9,route_lookup-3-flip,route_lookup-3,flip,1,INSUFFICIENT,INSUFFICIENT,False,1,False
N1,maxprob_0.9,route_lookup-3-flip,route_lookup-3,flip,2,DENY,INSUFFICIENT,True,1,False
N1,maxprob_0.9,route_lookup-3-full,route_lookup-3,full,0,ALLOW,ALLOW,False,1,False
N1,maxprob_0.9,route_lookup-3-full,route_lookup-3,full,1,ALLOW,INSUFFICIENT,True,1,False
N1,maxprob_0.9,route_lookup-3-full,route_lookup-3,full,2,ALLOW,INSUFFICIENT,True,1,False
N1,maxprob_0.9,route_lookup-3-hold,route_lookup-3,hold,0,ALLOW,INSUFFICIENT,True,1,False
N1,maxprob_0.9,route_lookup-3-hold,route_lookup-3,hold,1,ALLOW,INSUFFICIENT,True,1,False
N1,maxprob_0.9,route_lookup-3-hold,route_lookup-3,hold,2,ALLOW,INSUFFICIENT,True,1,False
N1,maxprob_0.9,route_lookup-3-nondecisive_missing,route_lookup-3,nondecisive_missing,0,ALLOW,ALLOW,False,1,False
N1,maxprob_0.9,route_lookup-3-nondecisive_missing,route_lookup-3,nondecisive_missing,1,ALLOW,ALLOW,False,1,False
N1,maxprob_0.9,route_lookup-3-nondecisive_missing,route_lookup-3,nondecisive_missing,2,ALLOW,ALLOW,False,1,False
N1,maxprob_0.9,route_lookup-4-conflict,route_lookup-4,conflict,0,DENY,INSUFFICIENT,True,1,False
N1,maxprob_0.9,route_lookup-4-conflict,route_lookup-4,conflict,1,DENY,INSUFFICIENT,True,1,False
N1,maxprob_0.9,route_lookup-4-conflict,route_lookup-4,conflict,2,DENY,INSUFFICIENT,True,1,False
N1,maxprob_0.9,route_lookup-4-decisive_missing,route_lookup-4,decisive_missing,0,ALLOW,INSUFFICIENT,True,1,False
N1,maxprob_0.9,route_lookup-4-decisive_missing,route_lookup-4,decisive_missing,1,ALLOW,INSUFFICIENT,True,1,False
N1,maxprob_0.9,route_lookup-4-decisive_missing,route_lookup-4,decisive_missing,2,ALLOW,INSUFFICIENT,True,1,False
N1,maxprob_0.9,route_lookup-4-flip,route_lookup-4,flip,0,ALLOW,ALLOW,False,1,False
N1,maxprob_0.9,route_lookup-4-flip,route_lookup-4,flip,1,ALLOW,INSUFFICIENT,True,1,False
N1,maxprob_0.9,route_lookup-4-flip,route_lookup-4,flip,2,ALLOW,ALLOW,False,1,False
N1,maxprob_0.9,route_lookup-4-full,route_lookup-4,full,0,DENY,INSUFFICIENT,True,1,False
N1,maxprob_0.9,route_lookup-4-full,route_lookup-4,full,1,DENY,INSUFFICIENT,True,1,False
N1,maxprob_0.9,route_lookup-4-full,route_lookup-4,full,2,DENY,INSUFFICIENT,True,1,False
N1,maxprob_0.9,route_lookup-4-hold,route_lookup-4,hold,0,ALLOW,INSUFFICIENT,True,1,False
N1,maxprob_0.9,route_lookup-4-hold,route_lookup-4,hold,1,ALLOW,INSUFFICIENT,True,1,False
N1,maxprob_0.9,route_lookup-4-hold,route_lookup-4,hold,2,ALLOW,INSUFFICIENT,True,1,False
N1,maxprob_0.9,route_lookup-4-nondecisive_missing,route_lookup-4,nondecisive_missing,0,DENY,DENY,False,1,False
N1,maxprob_0.9,route_lookup-4-nondecisive_missing,route_lookup-4,nondecisive_missing,1,DENY,INSUFFICIENT,True,1,False
N1,maxprob_0.9,route_lookup-4-nondecisive_missing,route_lookup-4,nondecisive_missing,2,DENY,DENY,False,1,False
N1,maxprob_0.95,joint_approval-1-conflict,joint_approval-1,conflict,0,DENY,INSUFFICIENT,True,1,False
N1,maxprob_0.95,joint_approval-1-conflict,joint_approval-1,conflict,1,DENY,INSUFFICIENT,True,1,False
N1,maxprob_0.95,joint_approval-1-conflict,joint_approval-1,conflict,2,INSUFFICIENT,INSUFFICIENT,False,1,False
N1,maxprob_0.95,joint_approval-1-decisive_missing,joint_approval-1,decisive_missing,0,ALLOW,INSUFFICIENT,True,1,False
N1,maxprob_0.95,joint_approval-1-decisive_missing,joint_approval-1,decisive_missing,1,ALLOW,INSUFFICIENT,True,1,False
N1,maxprob_0.95,joint_approval-1-decisive_missing,joint_approval-1,decisive_missing,2,ALLOW,INSUFFICIENT,True,1,False
N1,maxprob_0.95,joint_approval-1-flip,joint_approval-1,flip,0,INSUFFICIENT,INSUFFICIENT,False,1,False
N1,maxprob_0.95,joint_approval-1-flip,joint_approval-1,flip,1,INSUFFICIENT,INSUFFICIENT,False,1,False
N1,maxprob_0.95,joint_approval-1-flip,joint_approval-1,flip,2,INSUFFICIENT,INSUFFICIENT,False,1,False
N1,maxprob_0.95,joint_approval-1-full,joint_approval-1,full,0,ALLOW,INSUFFICIENT,True,1,False
N1,maxprob_0.95,joint_approval-1-full,joint_approval-1,full,1,ALLOW,INSUFFICIENT,True,1,False
N1,maxprob_0.95,joint_approval-1-full,joint_approval-1,full,2,ALLOW,INSUFFICIENT,True,1,False
N1,maxprob_0.95,joint_approval-1-hold,joint_approval-1,hold,0,ALLOW,INSUFFICIENT,True,1,False
N1,maxprob_0.95,joint_approval-1-hold,joint_approval-1,hold,1,ALLOW,INSUFFICIENT,True,1,False
N1,maxprob_0.95,joint_approval-1-hold,joint_approval-1,hold,2,ALLOW,INSUFFICIENT,True,1,False
N1,maxprob_0.95,joint_approval-1-nondecisive_missing,joint_approval-1,nondecisive_missing,0,ALLOW,ALLOW,False,1,False
N1,maxprob_0.95,joint_approval-1-nondecisive_missing,joint_approval-1,nondecisive_missing,1,ALLOW,INSUFFICIENT,True,1,False
N1,maxprob_0.95,joint_approval-1-nondecisive_missing,joint_approval-1,nondecisive_missing,2,ALLOW,INSUFFICIENT,True,1,False
N1,maxprob_0.95,joint_approval-2-conflict,joint_approval-2,conflict,0,ALLOW,INSUFFICIENT,True,1,False
N1,maxprob_0.95,joint_approval-2-conflict,joint_approval-2,conflict,1,ALLOW,INSUFFICIENT,True,1,False
N1,maxprob_0.95,joint_approval-2-conflict,joint_approval-2,conflict,2,ALLOW,INSUFFICIENT,True,1,False
N1,maxprob_0.95,joint_approval-2-decisive_missing,joint_approval-2,decisive_missing,0,ALLOW,INSUFFICIENT,True,1,False
N1,maxprob_0.95,joint_approval-2-decisive_missing,joint_approval-2,decisive_missing,1,ALLOW,INSUFFICIENT,True,1,False
N1,maxprob_0.95,joint_approval-2-decisive_missing,joint_approval-2,decisive_missing,2,ALLOW,INSUFFICIENT,True,1,False
N1,maxprob_0.95,joint_approval-2-flip,joint_approval-2,flip,0,ALLOW,INSUFFICIENT,True,1,False
N1,maxprob_0.95,joint_approval-2-flip,joint_approval-2,flip,1,ALLOW,INSUFFICIENT,True,1,False
N1,maxprob_0.95,joint_approval-2-flip,joint_approval-2,flip,2,ALLOW,INSUFFICIENT,True,1,False
N1,maxprob_0.95,joint_approval-2-full,joint_approval-2,full,0,INSUFFICIENT,INSUFFICIENT,False,1,False
N1,maxprob_0.95,joint_approval-2-full,joint_approval-2,full,1,INSUFFICIENT,INSUFFICIENT,False,1,False
N1,maxprob_0.95,joint_approval-2-full,joint_approval-2,full,2,INSUFFICIENT,INSUFFICIENT,False,1,False
N1,maxprob_0.95,joint_approval-2-hold,joint_approval-2,hold,0,ALLOW,INSUFFICIENT,True,1,False
N1,maxprob_0.95,joint_approval-2-hold,joint_approval-2,hold,1,ALLOW,INSUFFICIENT,True,1,False
N1,maxprob_0.95,joint_approval-2-hold,joint_approval-2,hold,2,ALLOW,INSUFFICIENT,True,1,False
N1,maxprob_0.95,joint_approval-2-nondecisive_missing,joint_approval-2,nondecisive_missing,0,DENY,INSUFFICIENT,True,1,False
N1,maxprob_0.95,joint_approval-2-nondecisive_missing,joint_approval-2,nondecisive_missing,1,INSUFFICIENT,INSUFFICIENT,False,1,False
N1,maxprob_0.95,joint_approval-2-nondecisive_missing,joint_approval-2,nondecisive_missing,2,DENY,INSUFFICIENT,True,1,False
N1,maxprob_0.95,joint_approval-3-conflict,joint_approval-3,conflict,0,DENY,INSUFFICIENT,True,1,False
N1,maxprob_0.95,joint_approval-3-conflict,joint_approval-3,conflict,1,DENY,INSUFFICIENT,True,1,False
N1,maxprob_0.95,joint_approval-3-conflict,joint_approval-3,conflict,2,DENY,INSUFFICIENT,True,1,False
N1,maxprob_0.95,joint_approval-3-decisive_missing,joint_approval-3,decisive_missing,0,ALLOW,INSUFFICIENT,True,1,False
N1,maxprob_0.95,joint_approval-3-decisive_missing,joint_approval-3,decisive_missing,1,ALLOW,INSUFFICIENT,True,1,False
N1,maxprob_0.95,joint_approval-3-decisive_missing,joint_approval-3,decisive_missing,2,ALLOW,INSUFFICIENT,True,1,False
N1,maxprob_0.95,joint_approval-3-flip,joint_approval-3,flip,0,INSUFFICIENT,INSUFFICIENT,False,1,False
N1,maxprob_0.95,joint_approval-3-flip,joint_approval-3,flip,1,INSUFFICIENT,INSUFFICIENT,False,1,False
N1,maxprob_0.95,joint_approval-3-flip,joint_approval-3,flip,2,DENY,INSUFFICIENT,True,1,False
N1,maxprob_0.95,joint_approval-3-full,joint_approval-3,full,0,ALLOW,ALLOW,False,1,False
N1,maxprob_0.95,joint_approval-3-full,joint_approval-3,full,1,ALLOW,INSUFFICIENT,True,1,False
N1,maxprob_0.95,joint_approval-3-full,joint_approval-3,full,2,ALLOW,INSUFFICIENT,True,1,False
N1,maxprob_0.95,joint_approval-3-hold,joint_approval-3,hold,0,ALLOW,INSUFFICIENT,True,1,False
N1,maxprob_0.95,joint_approval-3-hold,joint_approval-3,hold,1,ALLOW,INSUFFICIENT,True,1,False
N1,maxprob_0.95,joint_approval-3-hold,joint_approval-3,hold,2,ALLOW,INSUFFICIENT,True,1,False
N1,maxprob_0.95,joint_approval-3-nondecisive_missing,joint_approval-3,nondecisive_missing,0,ALLOW,ALLOW,False,1,False
N1,maxprob_0.95,joint_approval-3-nondecisive_missing,joint_approval-3,nondecisive_missing,1,ALLOW,INSUFFICIENT,True,1,False
N1,maxprob_0.95,joint_approval-3-nondecisive_missing,joint_approval-3,nondecisive_missing,2,ALLOW,INSUFFICIENT,True,1,False
N1,maxprob_0.95,joint_approval-4-conflict,joint_approval-4,conflict,0,ALLOW,INSUFFICIENT,True,1,False
N1,maxprob_0.95,joint_approval-4-conflict,joint_approval-4,conflict,1,ALLOW,INSUFFICIENT,True,1,False
N1,maxprob_0.95,joint_approval-4-conflict,joint_approval-4,conflict,2,ALLOW,INSUFFICIENT,True,1,False
N1,maxprob_0.95,joint_approval-4-decisive_missing,joint_approval-4,decisive_missing,0,ALLOW,INSUFFICIENT,True,1,False
N1,maxprob_0.95,joint_approval-4-decisive_missing,joint_approval-4,decisive_missing,1,ALLOW,INSUFFICIENT,True,1,False
N1,maxprob_0.95,joint_approval-4-decisive_missing,joint_approval-4,decisive_missing,2,ALLOW,INSUFFICIENT,True,1,False
N1,maxprob_0.95,joint_approval-4-flip,joint_approval-4,flip,0,ALLOW,ALLOW,False,1,False
N1,maxprob_0.95,joint_approval-4-flip,joint_approval-4,flip,1,ALLOW,INSUFFICIENT,True,1,False
N1,maxprob_0.95,joint_approval-4-flip,joint_approval-4,flip,2,ALLOW,INSUFFICIENT,True,1,False
N1,maxprob_0.95,joint_approval-4-full,joint_approval-4,full,0,INSUFFICIENT,INSUFFICIENT,False,1,False
N1,maxprob_0.95,joint_approval-4-full,joint_approval-4,full,1,ALLOW,INSUFFICIENT,True,1,False
N1,maxprob_0.95,joint_approval-4-full,joint_approval-4,full,2,INSUFFICIENT,INSUFFICIENT,False,1,False
N1,maxprob_0.95,joint_approval-4-hold,joint_approval-4,hold,0,DENY,INSUFFICIENT,True,1,False
N1,maxprob_0.95,joint_approval-4-hold,joint_approval-4,hold,1,ALLOW,INSUFFICIENT,True,1,False
N1,maxprob_0.95,joint_approval-4-hold,joint_approval-4,hold,2,ALLOW,INSUFFICIENT,True,1,False
N1,maxprob_0.95,joint_approval-4-nondecisive_missing,joint_approval-4,nondecisive_missing,0,DENY,INSUFFICIENT,True,1,False
N1,maxprob_0.95,joint_approval-4-nondecisive_missing,joint_approval-4,nondecisive_missing,1,DENY,INSUFFICIENT,True,1,False
N1,maxprob_0.95,joint_approval-4-nondecisive_missing,joint_approval-4,nondecisive_missing,2,DENY,INSUFFICIENT,True,1,False
N1,maxprob_0.95,reversal_exception-1-conflict,reversal_exception-1,conflict,0,ALLOW,INSUFFICIENT,True,1,False
N1,maxprob_0.95,reversal_exception-1-conflict,reversal_exception-1,conflict,1,ALLOW,INSUFFICIENT,True,1,False
N1,maxprob_0.95,reversal_exception-1-conflict,reversal_exception-1,conflict,2,ALLOW,INSUFFICIENT,True,1,False
N1,maxprob_0.95,reversal_exception-1-decisive_missing,reversal_exception-1,decisive_missing,0,ALLOW,ALLOW,False,1,False
N1,maxprob_0.95,reversal_exception-1-decisive_missing,reversal_exception-1,decisive_missing,1,ALLOW,INSUFFICIENT,True,1,False
N1,maxprob_0.95,reversal_exception-1-decisive_missing,reversal_exception-1,decisive_missing,2,ALLOW,INSUFFICIENT,True,1,False
N1,maxprob_0.95,reversal_exception-1-flip,reversal_exception-1,flip,0,ALLOW,INSUFFICIENT,True,1,False
N1,maxprob_0.95,reversal_exception-1-flip,reversal_exception-1,flip,1,ALLOW,INSUFFICIENT,True,1,False
N1,maxprob_0.95,reversal_exception-1-flip,reversal_exception-1,flip,2,ALLOW,INSUFFICIENT,True,1,False
N1,maxprob_0.95,reversal_exception-1-full,reversal_exception-1,full,0,ALLOW,INSUFFICIENT,True,1,False
N1,maxprob_0.95,reversal_exception-1-full,reversal_exception-1,full,1,ALLOW,INSUFFICIENT,True,1,False
N1,maxprob_0.95,reversal_exception-1-full,reversal_exception-1,full,2,ALLOW,INSUFFICIENT,True,1,False
N1,maxprob_0.95,reversal_exception-1-hold,reversal_exception-1,hold,0,ALLOW,INSUFFICIENT,True,1,False
N1,maxprob_0.95,reversal_exception-1-hold,reversal_exception-1,hold,1,ALLOW,INSUFFICIENT,True,1,False
N1,maxprob_0.95,reversal_exception-1-hold,reversal_exception-1,hold,2,ALLOW,INSUFFICIENT,True,1,False
N1,maxprob_0.95,reversal_exception-1-nondecisive_missing,reversal_exception-1,nondecisive_missing,0,ALLOW,ALLOW,False,1,False
N1,maxprob_0.95,reversal_exception-1-nondecisive_missing,reversal_exception-1,nondecisive_missing,1,ALLOW,INSUFFICIENT,True,1,False
N1,maxprob_0.95,reversal_exception-1-nondecisive_missing,reversal_exception-1,nondecisive_missing,2,ALLOW,INSUFFICIENT,True,1,False
N1,maxprob_0.95,reversal_exception-2-conflict,reversal_exception-2,conflict,0,ALLOW,ALLOW,False,1,False
N1,maxprob_0.95,reversal_exception-2-conflict,reversal_exception-2,conflict,1,ALLOW,INSUFFICIENT,True,1,False
N1,maxprob_0.95,reversal_exception-2-conflict,reversal_exception-2,conflict,2,ALLOW,INSUFFICIENT,True,1,False
N1,maxprob_0.95,reversal_exception-2-decisive_missing,reversal_exception-2,decisive_missing,0,ALLOW,ALLOW,False,1,False
N1,maxprob_0.95,reversal_exception-2-decisive_missing,reversal_exception-2,decisive_missing,1,DENY,INSUFFICIENT,True,1,False
N1,maxprob_0.95,reversal_exception-2-decisive_missing,reversal_exception-2,decisive_missing,2,ALLOW,INSUFFICIENT,True,1,False
N1,maxprob_0.95,reversal_exception-2-flip,reversal_exception-2,flip,0,ALLOW,ALLOW,False,1,False
N1,maxprob_0.95,reversal_exception-2-flip,reversal_exception-2,flip,1,ALLOW,INSUFFICIENT,True,1,False
N1,maxprob_0.95,reversal_exception-2-flip,reversal_exception-2,flip,2,ALLOW,INSUFFICIENT,True,1,False
N1,maxprob_0.95,reversal_exception-2-full,reversal_exception-2,full,0,ALLOW,INSUFFICIENT,True,1,False
N1,maxprob_0.95,reversal_exception-2-full,reversal_exception-2,full,1,ALLOW,INSUFFICIENT,True,1,False
N1,maxprob_0.95,reversal_exception-2-full,reversal_exception-2,full,2,ALLOW,INSUFFICIENT,True,1,False
N1,maxprob_0.95,reversal_exception-2-hold,reversal_exception-2,hold,0,ALLOW,INSUFFICIENT,True,1,False
N1,maxprob_0.95,reversal_exception-2-hold,reversal_exception-2,hold,1,ALLOW,INSUFFICIENT,True,1,False
N1,maxprob_0.95,reversal_exception-2-hold,reversal_exception-2,hold,2,ALLOW,INSUFFICIENT,True,1,False
N1,maxprob_0.95,reversal_exception-2-nondecisive_missing,reversal_exception-2,nondecisive_missing,0,ALLOW,INSUFFICIENT,True,1,False
N1,maxprob_0.95,reversal_exception-2-nondecisive_missing,reversal_exception-2,nondecisive_missing,1,DENY,INSUFFICIENT,True,1,False
N1,maxprob_0.95,reversal_exception-2-nondecisive_missing,reversal_exception-2,nondecisive_missing,2,ALLOW,INSUFFICIENT,True,1,False
N1,maxprob_0.95,reversal_exception-3-conflict,reversal_exception-3,conflict,0,ALLOW,INSUFFICIENT,True,1,False
N1,maxprob_0.95,reversal_exception-3-conflict,reversal_exception-3,conflict,1,DENY,INSUFFICIENT,True,1,False
N1,maxprob_0.95,reversal_exception-3-conflict,reversal_exception-3,conflict,2,INSUFFICIENT,INSUFFICIENT,False,1,False
N1,maxprob_0.95,reversal_exception-3-decisive_missing,reversal_exception-3,decisive_missing,0,ALLOW,INSUFFICIENT,True,1,False
N1,maxprob_0.95,reversal_exception-3-decisive_missing,reversal_exception-3,decisive_missing,1,DENY,INSUFFICIENT,True,1,False
N1,maxprob_0.95,reversal_exception-3-decisive_missing,reversal_exception-3,decisive_missing,2,INSUFFICIENT,INSUFFICIENT,False,1,False
N1,maxprob_0.95,reversal_exception-3-flip,reversal_exception-3,flip,0,ALLOW,INSUFFICIENT,True,1,False
N1,maxprob_0.95,reversal_exception-3-flip,reversal_exception-3,flip,1,DENY,INSUFFICIENT,True,1,False
N1,maxprob_0.95,reversal_exception-3-flip,reversal_exception-3,flip,2,INSUFFICIENT,INSUFFICIENT,False,1,False
N1,maxprob_0.95,reversal_exception-3-full,reversal_exception-3,full,0,ALLOW,INSUFFICIENT,True,1,False
N1,maxprob_0.95,reversal_exception-3-full,reversal_exception-3,full,1,DENY,INSUFFICIENT,True,1,False
N1,maxprob_0.95,reversal_exception-3-full,reversal_exception-3,full,2,INSUFFICIENT,INSUFFICIENT,False,1,False
N1,maxprob_0.95,reversal_exception-3-hold,reversal_exception-3,hold,0,DENY,INSUFFICIENT,True,1,False
N1,maxprob_0.95,reversal_exception-3-hold,reversal_exception-3,hold,1,DENY,INSUFFICIENT,True,1,False
N1,maxprob_0.95,reversal_exception-3-hold,reversal_exception-3,hold,2,DENY,INSUFFICIENT,True,1,False
N1,maxprob_0.95,reversal_exception-3-nondecisive_missing,reversal_exception-3,nondecisive_missing,0,ALLOW,INSUFFICIENT,True,1,False
N1,maxprob_0.95,reversal_exception-3-nondecisive_missing,reversal_exception-3,nondecisive_missing,1,DENY,INSUFFICIENT,True,1,False
N1,maxprob_0.95,reversal_exception-3-nondecisive_missing,reversal_exception-3,nondecisive_missing,2,INSUFFICIENT,INSUFFICIENT,False,1,False
N1,maxprob_0.95,reversal_exception-4-conflict,reversal_exception-4,conflict,0,ALLOW,INSUFFICIENT,True,1,False
N1,maxprob_0.95,reversal_exception-4-conflict,reversal_exception-4,conflict,1,DENY,INSUFFICIENT,True,1,False
N1,maxprob_0.95,reversal_exception-4-conflict,reversal_exception-4,conflict,2,INSUFFICIENT,INSUFFICIENT,False,1,False
N1,maxprob_0.95,reversal_exception-4-decisive_missing,reversal_exception-4,decisive_missing,0,DENY,INSUFFICIENT,True,1,False
N1,maxprob_0.95,reversal_exception-4-decisive_missing,reversal_exception-4,decisive_missing,1,DENY,INSUFFICIENT,True,1,False
N1,maxprob_0.95,reversal_exception-4-decisive_missing,reversal_exception-4,decisive_missing,2,DENY,INSUFFICIENT,True,1,False
N1,maxprob_0.95,reversal_exception-4-flip,reversal_exception-4,flip,0,ALLOW,INSUFFICIENT,True,1,False
N1,maxprob_0.95,reversal_exception-4-flip,reversal_exception-4,flip,1,DENY,INSUFFICIENT,True,1,False
N1,maxprob_0.95,reversal_exception-4-flip,reversal_exception-4,flip,2,ALLOW,INSUFFICIENT,True,1,False
N1,maxprob_0.95,reversal_exception-4-full,reversal_exception-4,full,0,ALLOW,INSUFFICIENT,True,1,False
N1,maxprob_0.95,reversal_exception-4-full,reversal_exception-4,full,1,DENY,INSUFFICIENT,True,1,False
N1,maxprob_0.95,reversal_exception-4-full,reversal_exception-4,full,2,INSUFFICIENT,INSUFFICIENT,False,1,False
N1,maxprob_0.95,reversal_exception-4-hold,reversal_exception-4,hold,0,DENY,INSUFFICIENT,True,1,False
N1,maxprob_0.95,reversal_exception-4-hold,reversal_exception-4,hold,1,DENY,INSUFFICIENT,True,1,False
N1,maxprob_0.95,reversal_exception-4-hold,reversal_exception-4,hold,2,DENY,INSUFFICIENT,True,1,False
N1,maxprob_0.95,reversal_exception-4-nondecisive_missing,reversal_exception-4,nondecisive_missing,0,ALLOW,INSUFFICIENT,True,1,False
N1,maxprob_0.95,reversal_exception-4-nondecisive_missing,reversal_exception-4,nondecisive_missing,1,DENY,INSUFFICIENT,True,1,False
N1,maxprob_0.95,reversal_exception-4-nondecisive_missing,reversal_exception-4,nondecisive_missing,2,INSUFFICIENT,INSUFFICIENT,False,1,False
N1,maxprob_0.95,route_lookup-1-conflict,route_lookup-1,conflict,0,ALLOW,INSUFFICIENT,True,1,False
N1,maxprob_0.95,route_lookup-1-conflict,route_lookup-1,conflict,1,ALLOW,INSUFFICIENT,True,1,False
N1,maxprob_0.95,route_lookup-1-conflict,route_lookup-1,conflict,2,ALLOW,INSUFFICIENT,True,1,False
N1,maxprob_0.95,route_lookup-1-decisive_missing,route_lookup-1,decisive_missing,0,ALLOW,INSUFFICIENT,True,1,False
N1,maxprob_0.95,route_lookup-1-decisive_missing,route_lookup-1,decisive_missing,1,ALLOW,INSUFFICIENT,True,1,False
N1,maxprob_0.95,route_lookup-1-decisive_missing,route_lookup-1,decisive_missing,2,ALLOW,INSUFFICIENT,True,1,False
N1,maxprob_0.95,route_lookup-1-flip,route_lookup-1,flip,0,DENY,INSUFFICIENT,True,1,False
N1,maxprob_0.95,route_lookup-1-flip,route_lookup-1,flip,1,INSUFFICIENT,INSUFFICIENT,False,1,False
N1,maxprob_0.95,route_lookup-1-flip,route_lookup-1,flip,2,DENY,INSUFFICIENT,True,1,False
N1,maxprob_0.95,route_lookup-1-full,route_lookup-1,full,0,ALLOW,ALLOW,False,1,False
N1,maxprob_0.95,route_lookup-1-full,route_lookup-1,full,1,ALLOW,INSUFFICIENT,True,1,False
N1,maxprob_0.95,route_lookup-1-full,route_lookup-1,full,2,ALLOW,INSUFFICIENT,True,1,False
N1,maxprob_0.95,route_lookup-1-hold,route_lookup-1,hold,0,ALLOW,INSUFFICIENT,True,1,False
N1,maxprob_0.95,route_lookup-1-hold,route_lookup-1,hold,1,ALLOW,INSUFFICIENT,True,1,False
N1,maxprob_0.95,route_lookup-1-hold,route_lookup-1,hold,2,ALLOW,INSUFFICIENT,True,1,False
N1,maxprob_0.95,route_lookup-1-nondecisive_missing,route_lookup-1,nondecisive_missing,0,ALLOW,ALLOW,False,1,False
N1,maxprob_0.95,route_lookup-1-nondecisive_missing,route_lookup-1,nondecisive_missing,1,ALLOW,INSUFFICIENT,True,1,False
N1,maxprob_0.95,route_lookup-1-nondecisive_missing,route_lookup-1,nondecisive_missing,2,ALLOW,INSUFFICIENT,True,1,False
N1,maxprob_0.95,route_lookup-2-conflict,route_lookup-2,conflict,0,ALLOW,INSUFFICIENT,True,1,False
N1,maxprob_0.95,route_lookup-2-conflict,route_lookup-2,conflict,1,ALLOW,INSUFFICIENT,True,1,False
N1,maxprob_0.95,route_lookup-2-conflict,route_lookup-2,conflict,2,ALLOW,INSUFFICIENT,True,1,False
N1,maxprob_0.95,route_lookup-2-decisive_missing,route_lookup-2,decisive_missing,0,ALLOW,INSUFFICIENT,True,1,False
N1,maxprob_0.95,route_lookup-2-decisive_missing,route_lookup-2,decisive_missing,1,ALLOW,INSUFFICIENT,True,1,False
N1,maxprob_0.95,route_lookup-2-decisive_missing,route_lookup-2,decisive_missing,2,ALLOW,INSUFFICIENT,True,1,False
N1,maxprob_0.95,route_lookup-2-flip,route_lookup-2,flip,0,ALLOW,INSUFFICIENT,True,1,False
N1,maxprob_0.95,route_lookup-2-flip,route_lookup-2,flip,1,ALLOW,INSUFFICIENT,True,1,False
N1,maxprob_0.95,route_lookup-2-flip,route_lookup-2,flip,2,ALLOW,INSUFFICIENT,True,1,False
N1,maxprob_0.95,route_lookup-2-full,route_lookup-2,full,0,DENY,INSUFFICIENT,True,1,False
N1,maxprob_0.95,route_lookup-2-full,route_lookup-2,full,1,ALLOW,INSUFFICIENT,True,1,False
N1,maxprob_0.95,route_lookup-2-full,route_lookup-2,full,2,ALLOW,INSUFFICIENT,True,1,False
N1,maxprob_0.95,route_lookup-2-hold,route_lookup-2,hold,0,ALLOW,INSUFFICIENT,True,1,False
N1,maxprob_0.95,route_lookup-2-hold,route_lookup-2,hold,1,ALLOW,INSUFFICIENT,True,1,False
N1,maxprob_0.95,route_lookup-2-hold,route_lookup-2,hold,2,ALLOW,INSUFFICIENT,True,1,False
N1,maxprob_0.95,route_lookup-2-nondecisive_missing,route_lookup-2,nondecisive_missing,0,DENY,INSUFFICIENT,True,1,False
N1,maxprob_0.95,route_lookup-2-nondecisive_missing,route_lookup-2,nondecisive_missing,1,DENY,INSUFFICIENT,True,1,False
N1,maxprob_0.95,route_lookup-2-nondecisive_missing,route_lookup-2,nondecisive_missing,2,DENY,INSUFFICIENT,True,1,False
N1,maxprob_0.95,route_lookup-3-conflict,route_lookup-3,conflict,0,ALLOW,INSUFFICIENT,True,1,False
N1,maxprob_0.95,route_lookup-3-conflict,route_lookup-3,conflict,1,ALLOW,INSUFFICIENT,True,1,False
N1,maxprob_0.95,route_lookup-3-conflict,route_lookup-3,conflict,2,ALLOW,INSUFFICIENT,True,1,False
N1,maxprob_0.95,route_lookup-3-decisive_missing,route_lookup-3,decisive_missing,0,ALLOW,INSUFFICIENT,True,1,False
N1,maxprob_0.95,route_lookup-3-decisive_missing,route_lookup-3,decisive_missing,1,ALLOW,INSUFFICIENT,True,1,False
N1,maxprob_0.95,route_lookup-3-decisive_missing,route_lookup-3,decisive_missing,2,ALLOW,INSUFFICIENT,True,1,False
N1,maxprob_0.95,route_lookup-3-flip,route_lookup-3,flip,0,DENY,INSUFFICIENT,True,1,False
N1,maxprob_0.95,route_lookup-3-flip,route_lookup-3,flip,1,INSUFFICIENT,INSUFFICIENT,False,1,False
N1,maxprob_0.95,route_lookup-3-flip,route_lookup-3,flip,2,DENY,INSUFFICIENT,True,1,False
N1,maxprob_0.95,route_lookup-3-full,route_lookup-3,full,0,ALLOW,INSUFFICIENT,True,1,False
N1,maxprob_0.95,route_lookup-3-full,route_lookup-3,full,1,ALLOW,INSUFFICIENT,True,1,False
N1,maxprob_0.95,route_lookup-3-full,route_lookup-3,full,2,ALLOW,INSUFFICIENT,True,1,False
N1,maxprob_0.95,route_lookup-3-hold,route_lookup-3,hold,0,ALLOW,INSUFFICIENT,True,1,False
N1,maxprob_0.95,route_lookup-3-hold,route_lookup-3,hold,1,ALLOW,INSUFFICIENT,True,1,False
N1,maxprob_0.95,route_lookup-3-hold,route_lookup-3,hold,2,ALLOW,INSUFFICIENT,True,1,False
N1,maxprob_0.95,route_lookup-3-nondecisive_missing,route_lookup-3,nondecisive_missing,0,ALLOW,ALLOW,False,1,False
N1,maxprob_0.95,route_lookup-3-nondecisive_missing,route_lookup-3,nondecisive_missing,1,ALLOW,INSUFFICIENT,True,1,False
N1,maxprob_0.95,route_lookup-3-nondecisive_missing,route_lookup-3,nondecisive_missing,2,ALLOW,INSUFFICIENT,True,1,False
N1,maxprob_0.95,route_lookup-4-conflict,route_lookup-4,conflict,0,DENY,INSUFFICIENT,True,1,False
N1,maxprob_0.95,route_lookup-4-conflict,route_lookup-4,conflict,1,DENY,INSUFFICIENT,True,1,False
N1,maxprob_0.95,route_lookup-4-conflict,route_lookup-4,conflict,2,DENY,INSUFFICIENT,True,1,False
N1,maxprob_0.95,route_lookup-4-decisive_missing,route_lookup-4,decisive_missing,0,ALLOW,INSUFFICIENT,True,1,False
N1,maxprob_0.95,route_lookup-4-decisive_missing,route_lookup-4,decisive_missing,1,ALLOW,INSUFFICIENT,True,1,False
N1,maxprob_0.95,route_lookup-4-decisive_missing,route_lookup-4,decisive_missing,2,ALLOW,INSUFFICIENT,True,1,False
N1,maxprob_0.95,route_lookup-4-flip,route_lookup-4,flip,0,ALLOW,ALLOW,False,1,False
N1,maxprob_0.95,route_lookup-4-flip,route_lookup-4,flip,1,ALLOW,INSUFFICIENT,True,1,False
N1,maxprob_0.95,route_lookup-4-flip,route_lookup-4,flip,2,ALLOW,INSUFFICIENT,True,1,False
N1,maxprob_0.95,route_lookup-4-full,route_lookup-4,full,0,DENY,INSUFFICIENT,True,1,False
N1,maxprob_0.95,route_lookup-4-full,route_lookup-4,full,1,DENY,INSUFFICIENT,True,1,False
N1,maxprob_0.95,route_lookup-4-full,route_lookup-4,full,2,DENY,INSUFFICIENT,True,1,False
N1,maxprob_0.95,route_lookup-4-hold,route_lookup-4,hold,0,ALLOW,INSUFFICIENT,True,1,False
N1,maxprob_0.95,route_lookup-4-hold,route_lookup-4,hold,1,ALLOW,INSUFFICIENT,True,1,False
N1,maxprob_0.95,route_lookup-4-hold,route_lookup-4,hold,2,ALLOW,INSUFFICIENT,True,1,False
N1,maxprob_0.95,route_lookup-4-nondecisive_missing,route_lookup-4,nondecisive_missing,0,DENY,INSUFFICIENT,True,1,False
N1,maxprob_0.95,route_lookup-4-nondecisive_missing,route_lookup-4,nondecisive_missing,1,DENY,INSUFFICIENT,True,1,False
N1,maxprob_0.95,route_lookup-4-nondecisive_missing,route_lookup-4,nondecisive_missing,2,DENY,INSUFFICIENT,True,1,False
N1,maxprob_0.99,joint_approval-1-conflict,joint_approval-1,conflict,0,DENY,INSUFFICIENT,True,1,False
N1,maxprob_0.99,joint_approval-1-conflict,joint_approval-1,conflict,1,DENY,INSUFFICIENT,True,1,False
N1,maxprob_0.99,joint_approval-1-conflict,joint_approval-1,conflict,2,INSUFFICIENT,INSUFFICIENT,False,1,False
N1,maxprob_0.99,joint_approval-1-decisive_missing,joint_approval-1,decisive_missing,0,ALLOW,INSUFFICIENT,True,1,False
N1,maxprob_0.99,joint_approval-1-decisive_missing,joint_approval-1,decisive_missing,1,ALLOW,INSUFFICIENT,True,1,False
N1,maxprob_0.99,joint_approval-1-decisive_missing,joint_approval-1,decisive_missing,2,ALLOW,INSUFFICIENT,True,1,False
N1,maxprob_0.99,joint_approval-1-flip,joint_approval-1,flip,0,INSUFFICIENT,INSUFFICIENT,False,1,False
N1,maxprob_0.99,joint_approval-1-flip,joint_approval-1,flip,1,INSUFFICIENT,INSUFFICIENT,False,1,False
N1,maxprob_0.99,joint_approval-1-flip,joint_approval-1,flip,2,INSUFFICIENT,INSUFFICIENT,False,1,False
N1,maxprob_0.99,joint_approval-1-full,joint_approval-1,full,0,ALLOW,INSUFFICIENT,True,1,False
N1,maxprob_0.99,joint_approval-1-full,joint_approval-1,full,1,ALLOW,INSUFFICIENT,True,1,False
N1,maxprob_0.99,joint_approval-1-full,joint_approval-1,full,2,ALLOW,INSUFFICIENT,True,1,False
N1,maxprob_0.99,joint_approval-1-hold,joint_approval-1,hold,0,ALLOW,INSUFFICIENT,True,1,False
N1,maxprob_0.99,joint_approval-1-hold,joint_approval-1,hold,1,ALLOW,INSUFFICIENT,True,1,False
N1,maxprob_0.99,joint_approval-1-hold,joint_approval-1,hold,2,ALLOW,INSUFFICIENT,True,1,False
N1,maxprob_0.99,joint_approval-1-nondecisive_missing,joint_approval-1,nondecisive_missing,0,ALLOW,INSUFFICIENT,True,1,False
N1,maxprob_0.99,joint_approval-1-nondecisive_missing,joint_approval-1,nondecisive_missing,1,ALLOW,INSUFFICIENT,True,1,False
N1,maxprob_0.99,joint_approval-1-nondecisive_missing,joint_approval-1,nondecisive_missing,2,ALLOW,INSUFFICIENT,True,1,False
N1,maxprob_0.99,joint_approval-2-conflict,joint_approval-2,conflict,0,ALLOW,INSUFFICIENT,True,1,False
N1,maxprob_0.99,joint_approval-2-conflict,joint_approval-2,conflict,1,ALLOW,INSUFFICIENT,True,1,False
N1,maxprob_0.99,joint_approval-2-conflict,joint_approval-2,conflict,2,ALLOW,INSUFFICIENT,True,1,False
N1,maxprob_0.99,joint_approval-2-decisive_missing,joint_approval-2,decisive_missing,0,ALLOW,INSUFFICIENT,True,1,False
N1,maxprob_0.99,joint_approval-2-decisive_missing,joint_approval-2,decisive_missing,1,ALLOW,INSUFFICIENT,True,1,False
N1,maxprob_0.99,joint_approval-2-decisive_missing,joint_approval-2,decisive_missing,2,ALLOW,INSUFFICIENT,True,1,False
N1,maxprob_0.99,joint_approval-2-flip,joint_approval-2,flip,0,ALLOW,INSUFFICIENT,True,1,False
N1,maxprob_0.99,joint_approval-2-flip,joint_approval-2,flip,1,ALLOW,INSUFFICIENT,True,1,False
N1,maxprob_0.99,joint_approval-2-flip,joint_approval-2,flip,2,ALLOW,INSUFFICIENT,True,1,False
N1,maxprob_0.99,joint_approval-2-full,joint_approval-2,full,0,INSUFFICIENT,INSUFFICIENT,False,1,False
N1,maxprob_0.99,joint_approval-2-full,joint_approval-2,full,1,INSUFFICIENT,INSUFFICIENT,False,1,False
N1,maxprob_0.99,joint_approval-2-full,joint_approval-2,full,2,INSUFFICIENT,INSUFFICIENT,False,1,False
N1,maxprob_0.99,joint_approval-2-hold,joint_approval-2,hold,0,ALLOW,INSUFFICIENT,True,1,False
N1,maxprob_0.99,joint_approval-2-hold,joint_approval-2,hold,1,ALLOW,INSUFFICIENT,True,1,False
N1,maxprob_0.99,joint_approval-2-hold,joint_approval-2,hold,2,ALLOW,INSUFFICIENT,True,1,False
N1,maxprob_0.99,joint_approval-2-nondecisive_missing,joint_approval-2,nondecisive_missing,0,DENY,INSUFFICIENT,True,1,False
N1,maxprob_0.99,joint_approval-2-nondecisive_missing,joint_approval-2,nondecisive_missing,1,INSUFFICIENT,INSUFFICIENT,False,1,False
N1,maxprob_0.99,joint_approval-2-nondecisive_missing,joint_approval-2,nondecisive_missing,2,DENY,INSUFFICIENT,True,1,False
N1,maxprob_0.99,joint_approval-3-conflict,joint_approval-3,conflict,0,DENY,INSUFFICIENT,True,1,False
N1,maxprob_0.99,joint_approval-3-conflict,joint_approval-3,conflict,1,DENY,INSUFFICIENT,True,1,False
N1,maxprob_0.99,joint_approval-3-conflict,joint_approval-3,conflict,2,DENY,INSUFFICIENT,True,1,False
N1,maxprob_0.99,joint_approval-3-decisive_missing,joint_approval-3,decisive_missing,0,ALLOW,INSUFFICIENT,True,1,False
N1,maxprob_0.99,joint_approval-3-decisive_missing,joint_approval-3,decisive_missing,1,ALLOW,INSUFFICIENT,True,1,False
N1,maxprob_0.99,joint_approval-3-decisive_missing,joint_approval-3,decisive_missing,2,ALLOW,INSUFFICIENT,True,1,False
N1,maxprob_0.99,joint_approval-3-flip,joint_approval-3,flip,0,INSUFFICIENT,INSUFFICIENT,False,1,False
N1,maxprob_0.99,joint_approval-3-flip,joint_approval-3,flip,1,INSUFFICIENT,INSUFFICIENT,False,1,False
N1,maxprob_0.99,joint_approval-3-flip,joint_approval-3,flip,2,DENY,INSUFFICIENT,True,1,False
N1,maxprob_0.99,joint_approval-3-full,joint_approval-3,full,0,ALLOW,INSUFFICIENT,True,1,False
N1,maxprob_0.99,joint_approval-3-full,joint_approval-3,full,1,ALLOW,INSUFFICIENT,True,1,False
N1,maxprob_0.99,joint_approval-3-full,joint_approval-3,full,2,ALLOW,INSUFFICIENT,True,1,False
N1,maxprob_0.99,joint_approval-3-hold,joint_approval-3,hold,0,ALLOW,INSUFFICIENT,True,1,False
N1,maxprob_0.99,joint_approval-3-hold,joint_approval-3,hold,1,ALLOW,INSUFFICIENT,True,1,False
N1,maxprob_0.99,joint_approval-3-hold,joint_approval-3,hold,2,ALLOW,INSUFFICIENT,True,1,False
N1,maxprob_0.99,joint_approval-3-nondecisive_missing,joint_approval-3,nondecisive_missing,0,ALLOW,INSUFFICIENT,True,1,False
N1,maxprob_0.99,joint_approval-3-nondecisive_missing,joint_approval-3,nondecisive_missing,1,ALLOW,INSUFFICIENT,True,1,False
N1,maxprob_0.99,joint_approval-3-nondecisive_missing,joint_approval-3,nondecisive_missing,2,ALLOW,INSUFFICIENT,True,1,False
N1,maxprob_0.99,joint_approval-4-conflict,joint_approval-4,conflict,0,ALLOW,INSUFFICIENT,True,1,False
N1,maxprob_0.99,joint_approval-4-conflict,joint_approval-4,conflict,1,ALLOW,INSUFFICIENT,True,1,False
N1,maxprob_0.99,joint_approval-4-conflict,joint_approval-4,conflict,2,ALLOW,INSUFFICIENT,True,1,False
N1,maxprob_0.99,joint_approval-4-decisive_missing,joint_approval-4,decisive_missing,0,ALLOW,INSUFFICIENT,True,1,False
N1,maxprob_0.99,joint_approval-4-decisive_missing,joint_approval-4,decisive_missing,1,ALLOW,INSUFFICIENT,True,1,False
N1,maxprob_0.99,joint_approval-4-decisive_missing,joint_approval-4,decisive_missing,2,ALLOW,INSUFFICIENT,True,1,False
N1,maxprob_0.99,joint_approval-4-flip,joint_approval-4,flip,0,ALLOW,INSUFFICIENT,True,1,False
N1,maxprob_0.99,joint_approval-4-flip,joint_approval-4,flip,1,ALLOW,INSUFFICIENT,True,1,False
N1,maxprob_0.99,joint_approval-4-flip,joint_approval-4,flip,2,ALLOW,INSUFFICIENT,True,1,False
N1,maxprob_0.99,joint_approval-4-full,joint_approval-4,full,0,INSUFFICIENT,INSUFFICIENT,False,1,False
N1,maxprob_0.99,joint_approval-4-full,joint_approval-4,full,1,ALLOW,INSUFFICIENT,True,1,False
N1,maxprob_0.99,joint_approval-4-full,joint_approval-4,full,2,INSUFFICIENT,INSUFFICIENT,False,1,False
N1,maxprob_0.99,joint_approval-4-hold,joint_approval-4,hold,0,DENY,INSUFFICIENT,True,1,False
N1,maxprob_0.99,joint_approval-4-hold,joint_approval-4,hold,1,ALLOW,INSUFFICIENT,True,1,False
N1,maxprob_0.99,joint_approval-4-hold,joint_approval-4,hold,2,ALLOW,INSUFFICIENT,True,1,False
N1,maxprob_0.99,joint_approval-4-nondecisive_missing,joint_approval-4,nondecisive_missing,0,DENY,INSUFFICIENT,True,1,False
N1,maxprob_0.99,joint_approval-4-nondecisive_missing,joint_approval-4,nondecisive_missing,1,DENY,INSUFFICIENT,True,1,False
N1,maxprob_0.99,joint_approval-4-nondecisive_missing,joint_approval-4,nondecisive_missing,2,DENY,INSUFFICIENT,True,1,False
N1,maxprob_0.99,reversal_exception-1-conflict,reversal_exception-1,conflict,0,ALLOW,INSUFFICIENT,True,1,False
N1,maxprob_0.99,reversal_exception-1-conflict,reversal_exception-1,conflict,1,ALLOW,INSUFFICIENT,True,1,False
N1,maxprob_0.99,reversal_exception-1-conflict,reversal_exception-1,conflict,2,ALLOW,INSUFFICIENT,True,1,False
N1,maxprob_0.99,reversal_exception-1-decisive_missing,reversal_exception-1,decisive_missing,0,ALLOW,INSUFFICIENT,True,1,False
N1,maxprob_0.99,reversal_exception-1-decisive_missing,reversal_exception-1,decisive_missing,1,ALLOW,INSUFFICIENT,True,1,False
N1,maxprob_0.99,reversal_exception-1-decisive_missing,reversal_exception-1,decisive_missing,2,ALLOW,INSUFFICIENT,True,1,False
N1,maxprob_0.99,reversal_exception-1-flip,reversal_exception-1,flip,0,ALLOW,INSUFFICIENT,True,1,False
N1,maxprob_0.99,reversal_exception-1-flip,reversal_exception-1,flip,1,ALLOW,INSUFFICIENT,True,1,False
N1,maxprob_0.99,reversal_exception-1-flip,reversal_exception-1,flip,2,ALLOW,INSUFFICIENT,True,1,False
N1,maxprob_0.99,reversal_exception-1-full,reversal_exception-1,full,0,ALLOW,INSUFFICIENT,True,1,False
N1,maxprob_0.99,reversal_exception-1-full,reversal_exception-1,full,1,ALLOW,INSUFFICIENT,True,1,False
N1,maxprob_0.99,reversal_exception-1-full,reversal_exception-1,full,2,ALLOW,INSUFFICIENT,True,1,False
N1,maxprob_0.99,reversal_exception-1-hold,reversal_exception-1,hold,0,ALLOW,INSUFFICIENT,True,1,False
N1,maxprob_0.99,reversal_exception-1-hold,reversal_exception-1,hold,1,ALLOW,INSUFFICIENT,True,1,False
N1,maxprob_0.99,reversal_exception-1-hold,reversal_exception-1,hold,2,ALLOW,INSUFFICIENT,True,1,False
N1,maxprob_0.99,reversal_exception-1-nondecisive_missing,reversal_exception-1,nondecisive_missing,0,ALLOW,INSUFFICIENT,True,1,False
N1,maxprob_0.99,reversal_exception-1-nondecisive_missing,reversal_exception-1,nondecisive_missing,1,ALLOW,INSUFFICIENT,True,1,False
N1,maxprob_0.99,reversal_exception-1-nondecisive_missing,reversal_exception-1,nondecisive_missing,2,ALLOW,INSUFFICIENT,True,1,False
N1,maxprob_0.99,reversal_exception-2-conflict,reversal_exception-2,conflict,0,ALLOW,INSUFFICIENT,True,1,False
N1,maxprob_0.99,reversal_exception-2-conflict,reversal_exception-2,conflict,1,ALLOW,INSUFFICIENT,True,1,False
N1,maxprob_0.99,reversal_exception-2-conflict,reversal_exception-2,conflict,2,ALLOW,INSUFFICIENT,True,1,False
N1,maxprob_0.99,reversal_exception-2-decisive_missing,reversal_exception-2,decisive_missing,0,ALLOW,INSUFFICIENT,True,1,False
N1,maxprob_0.99,reversal_exception-2-decisive_missing,reversal_exception-2,decisive_missing,1,DENY,INSUFFICIENT,True,1,False
N1,maxprob_0.99,reversal_exception-2-decisive_missing,reversal_exception-2,decisive_missing,2,ALLOW,INSUFFICIENT,True,1,False
N1,maxprob_0.99,reversal_exception-2-flip,reversal_exception-2,flip,0,ALLOW,INSUFFICIENT,True,1,False
N1,maxprob_0.99,reversal_exception-2-flip,reversal_exception-2,flip,1,ALLOW,INSUFFICIENT,True,1,False
N1,maxprob_0.99,reversal_exception-2-flip,reversal_exception-2,flip,2,ALLOW,INSUFFICIENT,True,1,False
N1,maxprob_0.99,reversal_exception-2-full,reversal_exception-2,full,0,ALLOW,INSUFFICIENT,True,1,False
N1,maxprob_0.99,reversal_exception-2-full,reversal_exception-2,full,1,ALLOW,INSUFFICIENT,True,1,False
N1,maxprob_0.99,reversal_exception-2-full,reversal_exception-2,full,2,ALLOW,INSUFFICIENT,True,1,False
N1,maxprob_0.99,reversal_exception-2-hold,reversal_exception-2,hold,0,ALLOW,INSUFFICIENT,True,1,False
N1,maxprob_0.99,reversal_exception-2-hold,reversal_exception-2,hold,1,ALLOW,INSUFFICIENT,True,1,False
N1,maxprob_0.99,reversal_exception-2-hold,reversal_exception-2,hold,2,ALLOW,INSUFFICIENT,True,1,False
N1,maxprob_0.99,reversal_exception-2-nondecisive_missing,reversal_exception-2,nondecisive_missing,0,ALLOW,INSUFFICIENT,True,1,False
N1,maxprob_0.99,reversal_exception-2-nondecisive_missing,reversal_exception-2,nondecisive_missing,1,DENY,INSUFFICIENT,True,1,False
N1,maxprob_0.99,reversal_exception-2-nondecisive_missing,reversal_exception-2,nondecisive_missing,2,ALLOW,INSUFFICIENT,True,1,False
N1,maxprob_0.99,reversal_exception-3-conflict,reversal_exception-3,conflict,0,ALLOW,INSUFFICIENT,True,1,False
N1,maxprob_0.99,reversal_exception-3-conflict,reversal_exception-3,conflict,1,DENY,INSUFFICIENT,True,1,False
N1,maxprob_0.99,reversal_exception-3-conflict,reversal_exception-3,conflict,2,INSUFFICIENT,INSUFFICIENT,False,1,False
N1,maxprob_0.99,reversal_exception-3-decisive_missing,reversal_exception-3,decisive_missing,0,ALLOW,INSUFFICIENT,True,1,False
N1,maxprob_0.99,reversal_exception-3-decisive_missing,reversal_exception-3,decisive_missing,1,DENY,INSUFFICIENT,True,1,False
N1,maxprob_0.99,reversal_exception-3-decisive_missing,reversal_exception-3,decisive_missing,2,INSUFFICIENT,INSUFFICIENT,False,1,False
N1,maxprob_0.99,reversal_exception-3-flip,reversal_exception-3,flip,0,ALLOW,INSUFFICIENT,True,1,False
N1,maxprob_0.99,reversal_exception-3-flip,reversal_exception-3,flip,1,DENY,INSUFFICIENT,True,1,False
N1,maxprob_0.99,reversal_exception-3-flip,reversal_exception-3,flip,2,INSUFFICIENT,INSUFFICIENT,False,1,False
N1,maxprob_0.99,reversal_exception-3-full,reversal_exception-3,full,0,ALLOW,INSUFFICIENT,True,1,False
N1,maxprob_0.99,reversal_exception-3-full,reversal_exception-3,full,1,DENY,INSUFFICIENT,True,1,False
N1,maxprob_0.99,reversal_exception-3-full,reversal_exception-3,full,2,INSUFFICIENT,INSUFFICIENT,False,1,False
N1,maxprob_0.99,reversal_exception-3-hold,reversal_exception-3,hold,0,DENY,INSUFFICIENT,True,1,False
N1,maxprob_0.99,reversal_exception-3-hold,reversal_exception-3,hold,1,DENY,INSUFFICIENT,True,1,False
N1,maxprob_0.99,reversal_exception-3-hold,reversal_exception-3,hold,2,DENY,INSUFFICIENT,True,1,False
N1,maxprob_0.99,reversal_exception-3-nondecisive_missing,reversal_exception-3,nondecisive_missing,0,ALLOW,INSUFFICIENT,True,1,False
N1,maxprob_0.99,reversal_exception-3-nondecisive_missing,reversal_exception-3,nondecisive_missing,1,DENY,INSUFFICIENT,True,1,False
N1,maxprob_0.99,reversal_exception-3-nondecisive_missing,reversal_exception-3,nondecisive_missing,2,INSUFFICIENT,INSUFFICIENT,False,1,False
N1,maxprob_0.99,reversal_exception-4-conflict,reversal_exception-4,conflict,0,ALLOW,INSUFFICIENT,True,1,False
N1,maxprob_0.99,reversal_exception-4-conflict,reversal_exception-4,conflict,1,DENY,INSUFFICIENT,True,1,False
N1,maxprob_0.99,reversal_exception-4-conflict,reversal_exception-4,conflict,2,INSUFFICIENT,INSUFFICIENT,False,1,False
N1,maxprob_0.99,reversal_exception-4-decisive_missing,reversal_exception-4,decisive_missing,0,DENY,INSUFFICIENT,True,1,False
N1,maxprob_0.99,reversal_exception-4-decisive_missing,reversal_exception-4,decisive_missing,1,DENY,INSUFFICIENT,True,1,False
N1,maxprob_0.99,reversal_exception-4-decisive_missing,reversal_exception-4,decisive_missing,2,DENY,INSUFFICIENT,True,1,False
N1,maxprob_0.99,reversal_exception-4-flip,reversal_exception-4,flip,0,ALLOW,INSUFFICIENT,True,1,False
N1,maxprob_0.99,reversal_exception-4-flip,reversal_exception-4,flip,1,DENY,INSUFFICIENT,True,1,False
N1,maxprob_0.99,reversal_exception-4-flip,reversal_exception-4,flip,2,ALLOW,INSUFFICIENT,True,1,False
N1,maxprob_0.99,reversal_exception-4-full,reversal_exception-4,full,0,ALLOW,INSUFFICIENT,True,1,False
N1,maxprob_0.99,reversal_exception-4-full,reversal_exception-4,full,1,DENY,INSUFFICIENT,True,1,False
N1,maxprob_0.99,reversal_exception-4-full,reversal_exception-4,full,2,INSUFFICIENT,INSUFFICIENT,False,1,False
N1,maxprob_0.99,reversal_exception-4-hold,reversal_exception-4,hold,0,DENY,INSUFFICIENT,True,1,False
N1,maxprob_0.99,reversal_exception-4-hold,reversal_exception-4,hold,1,DENY,INSUFFICIENT,True,1,False
N1,maxprob_0.99,reversal_exception-4-hold,reversal_exception-4,hold,2,DENY,INSUFFICIENT,True,1,False
N1,maxprob_0.99,reversal_exception-4-nondecisive_missing,reversal_exception-4,nondecisive_missing,0,ALLOW,INSUFFICIENT,True,1,False
N1,maxprob_0.99,reversal_exception-4-nondecisive_missing,reversal_exception-4,nondecisive_missing,1,DENY,INSUFFICIENT,True,1,False
N1,maxprob_0.99,reversal_exception-4-nondecisive_missing,reversal_exception-4,nondecisive_missing,2,INSUFFICIENT,INSUFFICIENT,False,1,False
N1,maxprob_0.99,route_lookup-1-conflict,route_lookup-1,conflict,0,ALLOW,INSUFFICIENT,True,1,False
N1,maxprob_0.99,route_lookup-1-conflict,route_lookup-1,conflict,1,ALLOW,INSUFFICIENT,True,1,False
N1,maxprob_0.99,route_lookup-1-conflict,route_lookup-1,conflict,2,ALLOW,INSUFFICIENT,True,1,False
N1,maxprob_0.99,route_lookup-1-decisive_missing,route_lookup-1,decisive_missing,0,ALLOW,INSUFFICIENT,True,1,False
N1,maxprob_0.99,route_lookup-1-decisive_missing,route_lookup-1,decisive_missing,1,ALLOW,INSUFFICIENT,True,1,False
N1,maxprob_0.99,route_lookup-1-decisive_missing,route_lookup-1,decisive_missing,2,ALLOW,INSUFFICIENT,True,1,False
N1,maxprob_0.99,route_lookup-1-flip,route_lookup-1,flip,0,DENY,INSUFFICIENT,True,1,False
N1,maxprob_0.99,route_lookup-1-flip,route_lookup-1,flip,1,INSUFFICIENT,INSUFFICIENT,False,1,False
N1,maxprob_0.99,route_lookup-1-flip,route_lookup-1,flip,2,DENY,INSUFFICIENT,True,1,False
N1,maxprob_0.99,route_lookup-1-full,route_lookup-1,full,0,ALLOW,INSUFFICIENT,True,1,False
N1,maxprob_0.99,route_lookup-1-full,route_lookup-1,full,1,ALLOW,INSUFFICIENT,True,1,False
N1,maxprob_0.99,route_lookup-1-full,route_lookup-1,full,2,ALLOW,INSUFFICIENT,True,1,False
N1,maxprob_0.99,route_lookup-1-hold,route_lookup-1,hold,0,ALLOW,INSUFFICIENT,True,1,False
N1,maxprob_0.99,route_lookup-1-hold,route_lookup-1,hold,1,ALLOW,INSUFFICIENT,True,1,False
N1,maxprob_0.99,route_lookup-1-hold,route_lookup-1,hold,2,ALLOW,INSUFFICIENT,True,1,False
N1,maxprob_0.99,route_lookup-1-nondecisive_missing,route_lookup-1,nondecisive_missing,0,ALLOW,INSUFFICIENT,True,1,False
N1,maxprob_0.99,route_lookup-1-nondecisive_missing,route_lookup-1,nondecisive_missing,1,ALLOW,INSUFFICIENT,True,1,False
N1,maxprob_0.99,route_lookup-1-nondecisive_missing,route_lookup-1,nondecisive_missing,2,ALLOW,INSUFFICIENT,True,1,False
N1,maxprob_0.99,route_lookup-2-conflict,route_lookup-2,conflict,0,ALLOW,INSUFFICIENT,True,1,False
N1,maxprob_0.99,route_lookup-2-conflict,route_lookup-2,conflict,1,ALLOW,INSUFFICIENT,True,1,False
N1,maxprob_0.99,route_lookup-2-conflict,route_lookup-2,conflict,2,ALLOW,INSUFFICIENT,True,1,False
N1,maxprob_0.99,route_lookup-2-decisive_missing,route_lookup-2,decisive_missing,0,ALLOW,INSUFFICIENT,True,1,False
N1,maxprob_0.99,route_lookup-2-decisive_missing,route_lookup-2,decisive_missing,1,ALLOW,INSUFFICIENT,True,1,False
N1,maxprob_0.99,route_lookup-2-decisive_missing,route_lookup-2,decisive_missing,2,ALLOW,INSUFFICIENT,True,1,False
N1,maxprob_0.99,route_lookup-2-flip,route_lookup-2,flip,0,ALLOW,INSUFFICIENT,True,1,False
N1,maxprob_0.99,route_lookup-2-flip,route_lookup-2,flip,1,ALLOW,INSUFFICIENT,True,1,False
N1,maxprob_0.99,route_lookup-2-flip,route_lookup-2,flip,2,ALLOW,INSUFFICIENT,True,1,False
N1,maxprob_0.99,route_lookup-2-full,route_lookup-2,full,0,DENY,INSUFFICIENT,True,1,False
N1,maxprob_0.99,route_lookup-2-full,route_lookup-2,full,1,ALLOW,INSUFFICIENT,True,1,False
N1,maxprob_0.99,route_lookup-2-full,route_lookup-2,full,2,ALLOW,INSUFFICIENT,True,1,False
N1,maxprob_0.99,route_lookup-2-hold,route_lookup-2,hold,0,ALLOW,INSUFFICIENT,True,1,False
N1,maxprob_0.99,route_lookup-2-hold,route_lookup-2,hold,1,ALLOW,INSUFFICIENT,True,1,False
N1,maxprob_0.99,route_lookup-2-hold,route_lookup-2,hold,2,ALLOW,INSUFFICIENT,True,1,False
N1,maxprob_0.99,route_lookup-2-nondecisive_missing,route_lookup-2,nondecisive_missing,0,DENY,INSUFFICIENT,True,1,False
N1,maxprob_0.99,route_lookup-2-nondecisive_missing,route_lookup-2,nondecisive_missing,1,DENY,INSUFFICIENT,True,1,False
N1,maxprob_0.99,route_lookup-2-nondecisive_missing,route_lookup-2,nondecisive_missing,2,DENY,INSUFFICIENT,True,1,False
N1,maxprob_0.99,route_lookup-3-conflict,route_lookup-3,conflict,0,ALLOW,INSUFFICIENT,True,1,False
N1,maxprob_0.99,route_lookup-3-conflict,route_lookup-3,conflict,1,ALLOW,INSUFFICIENT,True,1,False
N1,maxprob_0.99,route_lookup-3-conflict,route_lookup-3,conflict,2,ALLOW,INSUFFICIENT,True,1,False
N1,maxprob_0.99,route_lookup-3-decisive_missing,route_lookup-3,decisive_missing,0,ALLOW,INSUFFICIENT,True,1,False
N1,maxprob_0.99,route_lookup-3-decisive_missing,route_lookup-3,decisive_missing,1,ALLOW,INSUFFICIENT,True,1,False
N1,maxprob_0.99,route_lookup-3-decisive_missing,route_lookup-3,decisive_missing,2,ALLOW,INSUFFICIENT,True,1,False
N1,maxprob_0.99,route_lookup-3-flip,route_lookup-3,flip,0,DENY,INSUFFICIENT,True,1,False
N1,maxprob_0.99,route_lookup-3-flip,route_lookup-3,flip,1,INSUFFICIENT,INSUFFICIENT,False,1,False
N1,maxprob_0.99,route_lookup-3-flip,route_lookup-3,flip,2,DENY,INSUFFICIENT,True,1,False
N1,maxprob_0.99,route_lookup-3-full,route_lookup-3,full,0,ALLOW,INSUFFICIENT,True,1,False
N1,maxprob_0.99,route_lookup-3-full,route_lookup-3,full,1,ALLOW,INSUFFICIENT,True,1,False
N1,maxprob_0.99,route_lookup-3-full,route_lookup-3,full,2,ALLOW,INSUFFICIENT,True,1,False
N1,maxprob_0.99,route_lookup-3-hold,route_lookup-3,hold,0,ALLOW,INSUFFICIENT,True,1,False
N1,maxprob_0.99,route_lookup-3-hold,route_lookup-3,hold,1,ALLOW,INSUFFICIENT,True,1,False
N1,maxprob_0.99,route_lookup-3-hold,route_lookup-3,hold,2,ALLOW,INSUFFICIENT,True,1,False
N1,maxprob_0.99,route_lookup-3-nondecisive_missing,route_lookup-3,nondecisive_missing,0,ALLOW,INSUFFICIENT,True,1,False
N1,maxprob_0.99,route_lookup-3-nondecisive_missing,route_lookup-3,nondecisive_missing,1,ALLOW,INSUFFICIENT,True,1,False
N1,maxprob_0.99,route_lookup-3-nondecisive_missing,route_lookup-3,nondecisive_missing,2,ALLOW,INSUFFICIENT,True,1,False
N1,maxprob_0.99,route_lookup-4-conflict,route_lookup-4,conflict,0,DENY,INSUFFICIENT,True,1,False
N1,maxprob_0.99,route_lookup-4-conflict,route_lookup-4,conflict,1,DENY,INSUFFICIENT,True,1,False
N1,maxprob_0.99,route_lookup-4-conflict,route_lookup-4,conflict,2,DENY,INSUFFICIENT,True,1,False
N1,maxprob_0.99,route_lookup-4-decisive_missing,route_lookup-4,decisive_missing,0,ALLOW,INSUFFICIENT,True,1,False
N1,maxprob_0.99,route_lookup-4-decisive_missing,route_lookup-4,decisive_missing,1,ALLOW,INSUFFICIENT,True,1,False
N1,maxprob_0.99,route_lookup-4-decisive_missing,route_lookup-4,decisive_missing,2,ALLOW,INSUFFICIENT,True,1,False
N1,maxprob_0.99,route_lookup-4-flip,route_lookup-4,flip,0,ALLOW,INSUFFICIENT,True,1,False
N1,maxprob_0.99,route_lookup-4-flip,route_lookup-4,flip,1,ALLOW,INSUFFICIENT,True,1,False
N1,maxprob_0.99,route_lookup-4-flip,route_lookup-4,flip,2,ALLOW,INSUFFICIENT,True,1,False
N1,maxprob_0.99,route_lookup-4-full,route_lookup-4,full,0,DENY,INSUFFICIENT,True,1,False
N1,maxprob_0.99,route_lookup-4-full,route_lookup-4,full,1,DENY,INSUFFICIENT,True,1,False
N1,maxprob_0.99,route_lookup-4-full,route_lookup-4,full,2,DENY,INSUFFICIENT,True,1,False
N1,maxprob_0.99,route_lookup-4-hold,route_lookup-4,hold,0,ALLOW,INSUFFICIENT,True,1,False
N1,maxprob_0.99,route_lookup-4-hold,route_lookup-4,hold,1,ALLOW,INSUFFICIENT,True,1,False
N1,maxprob_0.99,route_lookup-4-hold,route_lookup-4,hold,2,ALLOW,INSUFFICIENT,True,1,False
N1,maxprob_0.99,route_lookup-4-nondecisive_missing,route_lookup-4,nondecisive_missing,0,DENY,INSUFFICIENT,True,1,False
N1,maxprob_0.99,route_lookup-4-nondecisive_missing,route_lookup-4,nondecisive_missing,1,DENY,INSUFFICIENT,True,1,False
N1,maxprob_0.99,route_lookup-4-nondecisive_missing,route_lookup-4,nondecisive_missing,2,DENY,INSUFFICIENT,True,1,False
N1,margin_0.2,joint_approval-1-conflict,joint_approval-1,conflict,0,DENY,INSUFFICIENT,True,1,False
N1,margin_0.2,joint_approval-1-conflict,joint_approval-1,conflict,1,DENY,INSUFFICIENT,True,1,False
N1,margin_0.2,joint_approval-1-conflict,joint_approval-1,conflict,2,INSUFFICIENT,INSUFFICIENT,False,1,False
N1,margin_0.2,joint_approval-1-decisive_missing,joint_approval-1,decisive_missing,0,ALLOW,ALLOW,False,1,False
N1,margin_0.2,joint_approval-1-decisive_missing,joint_approval-1,decisive_missing,1,ALLOW,ALLOW,False,1,False
N1,margin_0.2,joint_approval-1-decisive_missing,joint_approval-1,decisive_missing,2,ALLOW,INSUFFICIENT,True,1,False
N1,margin_0.2,joint_approval-1-flip,joint_approval-1,flip,0,INSUFFICIENT,INSUFFICIENT,False,1,False
N1,margin_0.2,joint_approval-1-flip,joint_approval-1,flip,1,INSUFFICIENT,INSUFFICIENT,False,1,False
N1,margin_0.2,joint_approval-1-flip,joint_approval-1,flip,2,INSUFFICIENT,INSUFFICIENT,False,1,False
N1,margin_0.2,joint_approval-1-full,joint_approval-1,full,0,ALLOW,ALLOW,False,1,False
N1,margin_0.2,joint_approval-1-full,joint_approval-1,full,1,ALLOW,ALLOW,False,1,False
N1,margin_0.2,joint_approval-1-full,joint_approval-1,full,2,ALLOW,ALLOW,False,1,False
N1,margin_0.2,joint_approval-1-hold,joint_approval-1,hold,0,ALLOW,ALLOW,False,1,False
N1,margin_0.2,joint_approval-1-hold,joint_approval-1,hold,1,ALLOW,ALLOW,False,1,False
N1,margin_0.2,joint_approval-1-hold,joint_approval-1,hold,2,ALLOW,ALLOW,False,1,False
N1,margin_0.2,joint_approval-1-nondecisive_missing,joint_approval-1,nondecisive_missing,0,ALLOW,ALLOW,False,1,False
N1,margin_0.2,joint_approval-1-nondecisive_missing,joint_approval-1,nondecisive_missing,1,ALLOW,ALLOW,False,1,False
N1,margin_0.2,joint_approval-1-nondecisive_missing,joint_approval-1,nondecisive_missing,2,ALLOW,ALLOW,False,1,False
N1,margin_0.2,joint_approval-2-conflict,joint_approval-2,conflict,0,ALLOW,ALLOW,False,1,False
N1,margin_0.2,joint_approval-2-conflict,joint_approval-2,conflict,1,ALLOW,ALLOW,False,1,False
N1,margin_0.2,joint_approval-2-conflict,joint_approval-2,conflict,2,ALLOW,ALLOW,False,1,False
N1,margin_0.2,joint_approval-2-decisive_missing,joint_approval-2,decisive_missing,0,ALLOW,ALLOW,False,1,False
N1,margin_0.2,joint_approval-2-decisive_missing,joint_approval-2,decisive_missing,1,ALLOW,ALLOW,False,1,False
N1,margin_0.2,joint_approval-2-decisive_missing,joint_approval-2,decisive_missing,2,ALLOW,ALLOW,False,1,False
N1,margin_0.2,joint_approval-2-flip,joint_approval-2,flip,0,ALLOW,ALLOW,False,1,False
N1,margin_0.2,joint_approval-2-flip,joint_approval-2,flip,1,ALLOW,ALLOW,False,1,False
N1,margin_0.2,joint_approval-2-flip,joint_approval-2,flip,2,ALLOW,ALLOW,False,1,False
N1,margin_0.2,joint_approval-2-full,joint_approval-2,full,0,INSUFFICIENT,INSUFFICIENT,False,1,False
N1,margin_0.2,joint_approval-2-full,joint_approval-2,full,1,INSUFFICIENT,INSUFFICIENT,False,1,False
N1,margin_0.2,joint_approval-2-full,joint_approval-2,full,2,INSUFFICIENT,INSUFFICIENT,False,1,False
N1,margin_0.2,joint_approval-2-hold,joint_approval-2,hold,0,ALLOW,ALLOW,False,1,False
N1,margin_0.2,joint_approval-2-hold,joint_approval-2,hold,1,ALLOW,ALLOW,False,1,False
N1,margin_0.2,joint_approval-2-hold,joint_approval-2,hold,2,ALLOW,ALLOW,False,1,False
N1,margin_0.2,joint_approval-2-nondecisive_missing,joint_approval-2,nondecisive_missing,0,DENY,DENY,False,1,False
N1,margin_0.2,joint_approval-2-nondecisive_missing,joint_approval-2,nondecisive_missing,1,INSUFFICIENT,INSUFFICIENT,False,1,False
N1,margin_0.2,joint_approval-2-nondecisive_missing,joint_approval-2,nondecisive_missing,2,DENY,DENY,False,1,False
N1,margin_0.2,joint_approval-3-conflict,joint_approval-3,conflict,0,DENY,DENY,False,1,False
N1,margin_0.2,joint_approval-3-conflict,joint_approval-3,conflict,1,DENY,DENY,False,1,False
N1,margin_0.2,joint_approval-3-conflict,joint_approval-3,conflict,2,DENY,DENY,False,1,False
N1,margin_0.2,joint_approval-3-decisive_missing,joint_approval-3,decisive_missing,0,ALLOW,ALLOW,False,1,False
N1,margin_0.2,joint_approval-3-decisive_missing,joint_approval-3,decisive_missing,1,ALLOW,ALLOW,False,1,False
N1,margin_0.2,joint_approval-3-decisive_missing,joint_approval-3,decisive_missing,2,ALLOW,ALLOW,False,1,False
N1,margin_0.2,joint_approval-3-flip,joint_approval-3,flip,0,INSUFFICIENT,INSUFFICIENT,False,1,False
N1,margin_0.2,joint_approval-3-flip,joint_approval-3,flip,1,INSUFFICIENT,INSUFFICIENT,False,1,False
N1,margin_0.2,joint_approval-3-flip,joint_approval-3,flip,2,DENY,INSUFFICIENT,True,1,False
N1,margin_0.2,joint_approval-3-full,joint_approval-3,full,0,ALLOW,ALLOW,False,1,False
N1,margin_0.2,joint_approval-3-full,joint_approval-3,full,1,ALLOW,ALLOW,False,1,False
N1,margin_0.2,joint_approval-3-full,joint_approval-3,full,2,ALLOW,ALLOW,False,1,False
N1,margin_0.2,joint_approval-3-hold,joint_approval-3,hold,0,ALLOW,ALLOW,False,1,False
N1,margin_0.2,joint_approval-3-hold,joint_approval-3,hold,1,ALLOW,ALLOW,False,1,False
N1,margin_0.2,joint_approval-3-hold,joint_approval-3,hold,2,ALLOW,ALLOW,False,1,False
N1,margin_0.2,joint_approval-3-nondecisive_missing,joint_approval-3,nondecisive_missing,0,ALLOW,ALLOW,False,1,False
N1,margin_0.2,joint_approval-3-nondecisive_missing,joint_approval-3,nondecisive_missing,1,ALLOW,ALLOW,False,1,False
N1,margin_0.2,joint_approval-3-nondecisive_missing,joint_approval-3,nondecisive_missing,2,ALLOW,ALLOW,False,1,False
N1,margin_0.2,joint_approval-4-conflict,joint_approval-4,conflict,0,ALLOW,ALLOW,False,1,False
N1,margin_0.2,joint_approval-4-conflict,joint_approval-4,conflict,1,ALLOW,ALLOW,False,1,False
N1,margin_0.2,joint_approval-4-conflict,joint_approval-4,conflict,2,ALLOW,ALLOW,False,1,False
N1,margin_0.2,joint_approval-4-decisive_missing,joint_approval-4,decisive_missing,0,ALLOW,ALLOW,False,1,False
N1,margin_0.2,joint_approval-4-decisive_missing,joint_approval-4,decisive_missing,1,ALLOW,ALLOW,False,1,False
N1,margin_0.2,joint_approval-4-decisive_missing,joint_approval-4,decisive_missing,2,ALLOW,ALLOW,False,1,False
N1,margin_0.2,joint_approval-4-flip,joint_approval-4,flip,0,ALLOW,ALLOW,False,1,False
N1,margin_0.2,joint_approval-4-flip,joint_approval-4,flip,1,ALLOW,ALLOW,False,1,False
N1,margin_0.2,joint_approval-4-flip,joint_approval-4,flip,2,ALLOW,ALLOW,False,1,False
N1,margin_0.2,joint_approval-4-full,joint_approval-4,full,0,INSUFFICIENT,INSUFFICIENT,False,1,False
N1,margin_0.2,joint_approval-4-full,joint_approval-4,full,1,ALLOW,INSUFFICIENT,True,1,False
N1,margin_0.2,joint_approval-4-full,joint_approval-4,full,2,INSUFFICIENT,INSUFFICIENT,False,1,False
N1,margin_0.2,joint_approval-4-hold,joint_approval-4,hold,0,DENY,DENY,False,1,False
N1,margin_0.2,joint_approval-4-hold,joint_approval-4,hold,1,ALLOW,ALLOW,False,1,False
N1,margin_0.2,joint_approval-4-hold,joint_approval-4,hold,2,ALLOW,INSUFFICIENT,True,1,False
N1,margin_0.2,joint_approval-4-nondecisive_missing,joint_approval-4,nondecisive_missing,0,DENY,DENY,False,1,False
N1,margin_0.2,joint_approval-4-nondecisive_missing,joint_approval-4,nondecisive_missing,1,DENY,DENY,False,1,False
N1,margin_0.2,joint_approval-4-nondecisive_missing,joint_approval-4,nondecisive_missing,2,DENY,DENY,False,1,False
N1,margin_0.2,reversal_exception-1-conflict,reversal_exception-1,conflict,0,ALLOW,ALLOW,False,1,False
N1,margin_0.2,reversal_exception-1-conflict,reversal_exception-1,conflict,1,ALLOW,ALLOW,False,1,False
N1,margin_0.2,reversal_exception-1-conflict,reversal_exception-1,conflict,2,ALLOW,ALLOW,False,1,False
N1,margin_0.2,reversal_exception-1-decisive_missing,reversal_exception-1,decisive_missing,0,ALLOW,ALLOW,False,1,False
N1,margin_0.2,reversal_exception-1-decisive_missing,reversal_exception-1,decisive_missing,1,ALLOW,ALLOW,False,1,False
N1,margin_0.2,reversal_exception-1-decisive_missing,reversal_exception-1,decisive_missing,2,ALLOW,ALLOW,False,1,False
N1,margin_0.2,reversal_exception-1-flip,reversal_exception-1,flip,0,ALLOW,ALLOW,False,1,False
N1,margin_0.2,reversal_exception-1-flip,reversal_exception-1,flip,1,ALLOW,ALLOW,False,1,False
N1,margin_0.2,reversal_exception-1-flip,reversal_exception-1,flip,2,ALLOW,ALLOW,False,1,False
N1,margin_0.2,reversal_exception-1-full,reversal_exception-1,full,0,ALLOW,ALLOW,False,1,False
N1,margin_0.2,reversal_exception-1-full,reversal_exception-1,full,1,ALLOW,ALLOW,False,1,False
N1,margin_0.2,reversal_exception-1-full,reversal_exception-1,full,2,ALLOW,ALLOW,False,1,False
N1,margin_0.2,reversal_exception-1-hold,reversal_exception-1,hold,0,ALLOW,ALLOW,False,1,False
N1,margin_0.2,reversal_exception-1-hold,reversal_exception-1,hold,1,ALLOW,ALLOW,False,1,False
N1,margin_0.2,reversal_exception-1-hold,reversal_exception-1,hold,2,ALLOW,ALLOW,False,1,False
N1,margin_0.2,reversal_exception-1-nondecisive_missing,reversal_exception-1,nondecisive_missing,0,ALLOW,ALLOW,False,1,False
N1,margin_0.2,reversal_exception-1-nondecisive_missing,reversal_exception-1,nondecisive_missing,1,ALLOW,ALLOW,False,1,False
N1,margin_0.2,reversal_exception-1-nondecisive_missing,reversal_exception-1,nondecisive_missing,2,ALLOW,ALLOW,False,1,False
N1,margin_0.2,reversal_exception-2-conflict,reversal_exception-2,conflict,0,ALLOW,ALLOW,False,1,False
N1,margin_0.2,reversal_exception-2-conflict,reversal_exception-2,conflict,1,ALLOW,ALLOW,False,1,False
N1,margin_0.2,reversal_exception-2-conflict,reversal_exception-2,conflict,2,ALLOW,ALLOW,False,1,False
N1,margin_0.2,reversal_exception-2-decisive_missing,reversal_exception-2,decisive_missing,0,ALLOW,ALLOW,False,1,False
N1,margin_0.2,reversal_exception-2-decisive_missing,reversal_exception-2,decisive_missing,1,DENY,INSUFFICIENT,True,1,False
N1,margin_0.2,reversal_exception-2-decisive_missing,reversal_exception-2,decisive_missing,2,ALLOW,ALLOW,False,1,False
N1,margin_0.2,reversal_exception-2-flip,reversal_exception-2,flip,0,ALLOW,ALLOW,False,1,False
N1,margin_0.2,reversal_exception-2-flip,reversal_exception-2,flip,1,ALLOW,ALLOW,False,1,False
N1,margin_0.2,reversal_exception-2-flip,reversal_exception-2,flip,2,ALLOW,ALLOW,False,1,False
N1,margin_0.2,reversal_exception-2-full,reversal_exception-2,full,0,ALLOW,ALLOW,False,1,False
N1,margin_0.2,reversal_exception-2-full,reversal_exception-2,full,1,ALLOW,INSUFFICIENT,True,1,False
N1,margin_0.2,reversal_exception-2-full,reversal_exception-2,full,2,ALLOW,ALLOW,False,1,False
N1,margin_0.2,reversal_exception-2-hold,reversal_exception-2,hold,0,ALLOW,ALLOW,False,1,False
N1,margin_0.2,reversal_exception-2-hold,reversal_exception-2,hold,1,ALLOW,ALLOW,False,1,False
N1,margin_0.2,reversal_exception-2-hold,reversal_exception-2,hold,2,ALLOW,ALLOW,False,1,False
N1,margin_0.2,reversal_exception-2-nondecisive_missing,reversal_exception-2,nondecisive_missing,0,ALLOW,ALLOW,False,1,False
N1,margin_0.2,reversal_exception-2-nondecisive_missing,reversal_exception-2,nondecisive_missing,1,DENY,DENY,False,1,False
N1,margin_0.2,reversal_exception-2-nondecisive_missing,reversal_exception-2,nondecisive_missing,2,ALLOW,ALLOW,False,1,False
N1,margin_0.2,reversal_exception-3-conflict,reversal_exception-3,conflict,0,ALLOW,INSUFFICIENT,True,1,False
N1,margin_0.2,reversal_exception-3-conflict,reversal_exception-3,conflict,1,DENY,DENY,False,1,False
N1,margin_0.2,reversal_exception-3-conflict,reversal_exception-3,conflict,2,INSUFFICIENT,INSUFFICIENT,False,1,False
N1,margin_0.2,reversal_exception-3-decisive_missing,reversal_exception-3,decisive_missing,0,ALLOW,ALLOW,False,1,False
N1,margin_0.2,reversal_exception-3-decisive_missing,reversal_exception-3,decisive_missing,1,DENY,DENY,False,1,False
N1,margin_0.2,reversal_exception-3-decisive_missing,reversal_exception-3,decisive_missing,2,INSUFFICIENT,INSUFFICIENT,False,1,False
N1,margin_0.2,reversal_exception-3-flip,reversal_exception-3,flip,0,ALLOW,ALLOW,False,1,False
N1,margin_0.2,reversal_exception-3-flip,reversal_exception-3,flip,1,DENY,DENY,False,1,False
N1,margin_0.2,reversal_exception-3-flip,reversal_exception-3,flip,2,INSUFFICIENT,INSUFFICIENT,False,1,False
N1,margin_0.2,reversal_exception-3-full,reversal_exception-3,full,0,ALLOW,ALLOW,False,1,False
N1,margin_0.2,reversal_exception-3-full,reversal_exception-3,full,1,DENY,DENY,False,1,False
N1,margin_0.2,reversal_exception-3-full,reversal_exception-3,full,2,INSUFFICIENT,INSUFFICIENT,False,1,False
N1,margin_0.2,reversal_exception-3-hold,reversal_exception-3,hold,0,DENY,DENY,False,1,False
N1,margin_0.2,reversal_exception-3-hold,reversal_exception-3,hold,1,DENY,INSUFFICIENT,True,1,False
N1,margin_0.2,reversal_exception-3-hold,reversal_exception-3,hold,2,DENY,DENY,False,1,False
N1,margin_0.2,reversal_exception-3-nondecisive_missing,reversal_exception-3,nondecisive_missing,0,ALLOW,ALLOW,False,1,False
N1,margin_0.2,reversal_exception-3-nondecisive_missing,reversal_exception-3,nondecisive_missing,1,DENY,DENY,False,1,False
N1,margin_0.2,reversal_exception-3-nondecisive_missing,reversal_exception-3,nondecisive_missing,2,INSUFFICIENT,INSUFFICIENT,False,1,False
N1,margin_0.2,reversal_exception-4-conflict,reversal_exception-4,conflict,0,ALLOW,INSUFFICIENT,True,1,False
N1,margin_0.2,reversal_exception-4-conflict,reversal_exception-4,conflict,1,DENY,DENY,False,1,False
N1,margin_0.2,reversal_exception-4-conflict,reversal_exception-4,conflict,2,INSUFFICIENT,INSUFFICIENT,False,1,False
N1,margin_0.2,reversal_exception-4-decisive_missing,reversal_exception-4,decisive_missing,0,DENY,DENY,False,1,False
N1,margin_0.2,reversal_exception-4-decisive_missing,reversal_exception-4,decisive_missing,1,DENY,DENY,False,1,False
N1,margin_0.2,reversal_exception-4-decisive_missing,reversal_exception-4,decisive_missing,2,DENY,DENY,False,1,False
N1,margin_0.2,reversal_exception-4-flip,reversal_exception-4,flip,0,ALLOW,ALLOW,False,1,False
N1,margin_0.2,reversal_exception-4-flip,reversal_exception-4,flip,1,DENY,INSUFFICIENT,True,1,False
N1,margin_0.2,reversal_exception-4-flip,reversal_exception-4,flip,2,ALLOW,INSUFFICIENT,True,1,False
N1,margin_0.2,reversal_exception-4-full,reversal_exception-4,full,0,ALLOW,INSUFFICIENT,True,1,False
N1,margin_0.2,reversal_exception-4-full,reversal_exception-4,full,1,DENY,DENY,False,1,False
N1,margin_0.2,reversal_exception-4-full,reversal_exception-4,full,2,INSUFFICIENT,INSUFFICIENT,False,1,False
N1,margin_0.2,reversal_exception-4-hold,reversal_exception-4,hold,0,DENY,DENY,False,1,False
N1,margin_0.2,reversal_exception-4-hold,reversal_exception-4,hold,1,DENY,DENY,False,1,False
N1,margin_0.2,reversal_exception-4-hold,reversal_exception-4,hold,2,DENY,DENY,False,1,False
N1,margin_0.2,reversal_exception-4-nondecisive_missing,reversal_exception-4,nondecisive_missing,0,ALLOW,INSUFFICIENT,True,1,False
N1,margin_0.2,reversal_exception-4-nondecisive_missing,reversal_exception-4,nondecisive_missing,1,DENY,DENY,False,1,False
N1,margin_0.2,reversal_exception-4-nondecisive_missing,reversal_exception-4,nondecisive_missing,2,INSUFFICIENT,INSUFFICIENT,False,1,False
N1,margin_0.2,route_lookup-1-conflict,route_lookup-1,conflict,0,ALLOW,ALLOW,False,1,False
N1,margin_0.2,route_lookup-1-conflict,route_lookup-1,conflict,1,ALLOW,ALLOW,False,1,False
N1,margin_0.2,route_lookup-1-conflict,route_lookup-1,conflict,2,ALLOW,ALLOW,False,1,False
N1,margin_0.2,route_lookup-1-decisive_missing,route_lookup-1,decisive_missing,0,ALLOW,ALLOW,False,1,False
N1,margin_0.2,route_lookup-1-decisive_missing,route_lookup-1,decisive_missing,1,ALLOW,ALLOW,False,1,False
N1,margin_0.2,route_lookup-1-decisive_missing,route_lookup-1,decisive_missing,2,ALLOW,ALLOW,False,1,False
N1,margin_0.2,route_lookup-1-flip,route_lookup-1,flip,0,DENY,INSUFFICIENT,True,1,False
N1,margin_0.2,route_lookup-1-flip,route_lookup-1,flip,1,INSUFFICIENT,INSUFFICIENT,False,1,False
N1,margin_0.2,route_lookup-1-flip,route_lookup-1,flip,2,DENY,INSUFFICIENT,True,1,False
N1,margin_0.2,route_lookup-1-full,route_lookup-1,full,0,ALLOW,ALLOW,False,1,False
N1,margin_0.2,route_lookup-1-full,route_lookup-1,full,1,ALLOW,ALLOW,False,1,False
N1,margin_0.2,route_lookup-1-full,route_lookup-1,full,2,ALLOW,ALLOW,False,1,False
N1,margin_0.2,route_lookup-1-hold,route_lookup-1,hold,0,ALLOW,ALLOW,False,1,False
N1,margin_0.2,route_lookup-1-hold,route_lookup-1,hold,1,ALLOW,ALLOW,False,1,False
N1,margin_0.2,route_lookup-1-hold,route_lookup-1,hold,2,ALLOW,ALLOW,False,1,False
N1,margin_0.2,route_lookup-1-nondecisive_missing,route_lookup-1,nondecisive_missing,0,ALLOW,ALLOW,False,1,False
N1,margin_0.2,route_lookup-1-nondecisive_missing,route_lookup-1,nondecisive_missing,1,ALLOW,ALLOW,False,1,False
N1,margin_0.2,route_lookup-1-nondecisive_missing,route_lookup-1,nondecisive_missing,2,ALLOW,ALLOW,False,1,False
N1,margin_0.2,route_lookup-2-conflict,route_lookup-2,conflict,0,ALLOW,ALLOW,False,1,False
N1,margin_0.2,route_lookup-2-conflict,route_lookup-2,conflict,1,ALLOW,ALLOW,False,1,False
N1,margin_0.2,route_lookup-2-conflict,route_lookup-2,conflict,2,ALLOW,ALLOW,False,1,False
N1,margin_0.2,route_lookup-2-decisive_missing,route_lookup-2,decisive_missing,0,ALLOW,ALLOW,False,1,False
N1,margin_0.2,route_lookup-2-decisive_missing,route_lookup-2,decisive_missing,1,ALLOW,ALLOW,False,1,False
N1,margin_0.2,route_lookup-2-decisive_missing,route_lookup-2,decisive_missing,2,ALLOW,ALLOW,False,1,False
N1,margin_0.2,route_lookup-2-flip,route_lookup-2,flip,0,ALLOW,ALLOW,False,1,False
N1,margin_0.2,route_lookup-2-flip,route_lookup-2,flip,1,ALLOW,ALLOW,False,1,False
N1,margin_0.2,route_lookup-2-flip,route_lookup-2,flip,2,ALLOW,ALLOW,False,1,False
N1,margin_0.2,route_lookup-2-full,route_lookup-2,full,0,DENY,INSUFFICIENT,True,1,False
N1,margin_0.2,route_lookup-2-full,route_lookup-2,full,1,ALLOW,ALLOW,False,1,False
N1,margin_0.2,route_lookup-2-full,route_lookup-2,full,2,ALLOW,INSUFFICIENT,True,1,False
N1,margin_0.2,route_lookup-2-hold,route_lookup-2,hold,0,ALLOW,ALLOW,False,1,False
N1,margin_0.2,route_lookup-2-hold,route_lookup-2,hold,1,ALLOW,ALLOW,False,1,False
N1,margin_0.2,route_lookup-2-hold,route_lookup-2,hold,2,ALLOW,ALLOW,False,1,False
N1,margin_0.2,route_lookup-2-nondecisive_missing,route_lookup-2,nondecisive_missing,0,DENY,DENY,False,1,False
N1,margin_0.2,route_lookup-2-nondecisive_missing,route_lookup-2,nondecisive_missing,1,DENY,INSUFFICIENT,True,1,False
N1,margin_0.2,route_lookup-2-nondecisive_missing,route_lookup-2,nondecisive_missing,2,DENY,DENY,False,1,False
N1,margin_0.2,route_lookup-3-conflict,route_lookup-3,conflict,0,ALLOW,ALLOW,False,1,False
N1,margin_0.2,route_lookup-3-conflict,route_lookup-3,conflict,1,ALLOW,ALLOW,False,1,False
N1,margin_0.2,route_lookup-3-conflict,route_lookup-3,conflict,2,ALLOW,ALLOW,False,1,False
N1,margin_0.2,route_lookup-3-decisive_missing,route_lookup-3,decisive_missing,0,ALLOW,INSUFFICIENT,True,1,False
N1,margin_0.2,route_lookup-3-decisive_missing,route_lookup-3,decisive_missing,1,ALLOW,INSUFFICIENT,True,1,False
N1,margin_0.2,route_lookup-3-decisive_missing,route_lookup-3,decisive_missing,2,ALLOW,INSUFFICIENT,True,1,False
N1,margin_0.2,route_lookup-3-flip,route_lookup-3,flip,0,DENY,DENY,False,1,False
N1,margin_0.2,route_lookup-3-flip,route_lookup-3,flip,1,INSUFFICIENT,INSUFFICIENT,False,1,False
N1,margin_0.2,route_lookup-3-flip,route_lookup-3,flip,2,DENY,DENY,False,1,False
N1,margin_0.2,route_lookup-3-full,route_lookup-3,full,0,ALLOW,ALLOW,False,1,False
N1,margin_0.2,route_lookup-3-full,route_lookup-3,full,1,ALLOW,ALLOW,False,1,False
N1,margin_0.2,route_lookup-3-full,route_lookup-3,full,2,ALLOW,ALLOW,False,1,False
N1,margin_0.2,route_lookup-3-hold,route_lookup-3,hold,0,ALLOW,ALLOW,False,1,False
N1,margin_0.2,route_lookup-3-hold,route_lookup-3,hold,1,ALLOW,ALLOW,False,1,False
N1,margin_0.2,route_lookup-3-hold,route_lookup-3,hold,2,ALLOW,ALLOW,False,1,False
N1,margin_0.2,route_lookup-3-nondecisive_missing,route_lookup-3,nondecisive_missing,0,ALLOW,ALLOW,False,1,False
N1,margin_0.2,route_lookup-3-nondecisive_missing,route_lookup-3,nondecisive_missing,1,ALLOW,ALLOW,False,1,False
N1,margin_0.2,route_lookup-3-nondecisive_missing,route_lookup-3,nondecisive_missing,2,ALLOW,ALLOW,False,1,False
N1,margin_0.2,route_lookup-4-conflict,route_lookup-4,conflict,0,DENY,DENY,False,1,False
N1,margin_0.2,route_lookup-4-conflict,route_lookup-4,conflict,1,DENY,DENY,False,1,False
N1,margin_0.2,route_lookup-4-conflict,route_lookup-4,conflict,2,DENY,DENY,False,1,False
N1,margin_0.2,route_lookup-4-decisive_missing,route_lookup-4,decisive_missing,0,ALLOW,ALLOW,False,1,False
N1,margin_0.2,route_lookup-4-decisive_missing,route_lookup-4,decisive_missing,1,ALLOW,ALLOW,False,1,False
N1,margin_0.2,route_lookup-4-decisive_missing,route_lookup-4,decisive_missing,2,ALLOW,ALLOW,False,1,False
N1,margin_0.2,route_lookup-4-flip,route_lookup-4,flip,0,ALLOW,ALLOW,False,1,False
N1,margin_0.2,route_lookup-4-flip,route_lookup-4,flip,1,ALLOW,ALLOW,False,1,False
N1,margin_0.2,route_lookup-4-flip,route_lookup-4,flip,2,ALLOW,ALLOW,False,1,False
N1,margin_0.2,route_lookup-4-full,route_lookup-4,full,0,DENY,DENY,False,1,False
N1,margin_0.2,route_lookup-4-full,route_lookup-4,full,1,DENY,DENY,False,1,False
N1,margin_0.2,route_lookup-4-full,route_lookup-4,full,2,DENY,DENY,False,1,False
N1,margin_0.2,route_lookup-4-hold,route_lookup-4,hold,0,ALLOW,INSUFFICIENT,True,1,False
N1,margin_0.2,route_lookup-4-hold,route_lookup-4,hold,1,ALLOW,INSUFFICIENT,True,1,False
N1,margin_0.2,route_lookup-4-hold,route_lookup-4,hold,2,ALLOW,INSUFFICIENT,True,1,False
N1,margin_0.2,route_lookup-4-nondecisive_missing,route_lookup-4,nondecisive_missing,0,DENY,DENY,False,1,False
N1,margin_0.2,route_lookup-4-nondecisive_missing,route_lookup-4,nondecisive_missing,1,DENY,DENY,False,1,False
N1,margin_0.2,route_lookup-4-nondecisive_missing,route_lookup-4,nondecisive_missing,2,DENY,DENY,False,1,False
N1,margin_0.5,joint_approval-1-conflict,joint_approval-1,conflict,0,DENY,INSUFFICIENT,True,1,False
N1,margin_0.5,joint_approval-1-conflict,joint_approval-1,conflict,1,DENY,INSUFFICIENT,True,1,False
N1,margin_0.5,joint_approval-1-conflict,joint_approval-1,conflict,2,INSUFFICIENT,INSUFFICIENT,False,1,False
N1,margin_0.5,joint_approval-1-decisive_missing,joint_approval-1,decisive_missing,0,ALLOW,INSUFFICIENT,True,1,False
N1,margin_0.5,joint_approval-1-decisive_missing,joint_approval-1,decisive_missing,1,ALLOW,INSUFFICIENT,True,1,False
N1,margin_0.5,joint_approval-1-decisive_missing,joint_approval-1,decisive_missing,2,ALLOW,INSUFFICIENT,True,1,False
N1,margin_0.5,joint_approval-1-flip,joint_approval-1,flip,0,INSUFFICIENT,INSUFFICIENT,False,1,False
N1,margin_0.5,joint_approval-1-flip,joint_approval-1,flip,1,INSUFFICIENT,INSUFFICIENT,False,1,False
N1,margin_0.5,joint_approval-1-flip,joint_approval-1,flip,2,INSUFFICIENT,INSUFFICIENT,False,1,False
N1,margin_0.5,joint_approval-1-full,joint_approval-1,full,0,ALLOW,ALLOW,False,1,False
N1,margin_0.5,joint_approval-1-full,joint_approval-1,full,1,ALLOW,ALLOW,False,1,False
N1,margin_0.5,joint_approval-1-full,joint_approval-1,full,2,ALLOW,ALLOW,False,1,False
N1,margin_0.5,joint_approval-1-hold,joint_approval-1,hold,0,ALLOW,ALLOW,False,1,False
N1,margin_0.5,joint_approval-1-hold,joint_approval-1,hold,1,ALLOW,ALLOW,False,1,False
N1,margin_0.5,joint_approval-1-hold,joint_approval-1,hold,2,ALLOW,ALLOW,False,1,False
N1,margin_0.5,joint_approval-1-nondecisive_missing,joint_approval-1,nondecisive_missing,0,ALLOW,ALLOW,False,1,False
N1,margin_0.5,joint_approval-1-nondecisive_missing,joint_approval-1,nondecisive_missing,1,ALLOW,ALLOW,False,1,False
N1,margin_0.5,joint_approval-1-nondecisive_missing,joint_approval-1,nondecisive_missing,2,ALLOW,ALLOW,False,1,False
N1,margin_0.5,joint_approval-2-conflict,joint_approval-2,conflict,0,ALLOW,ALLOW,False,1,False
N1,margin_0.5,joint_approval-2-conflict,joint_approval-2,conflict,1,ALLOW,ALLOW,False,1,False
N1,margin_0.5,joint_approval-2-conflict,joint_approval-2,conflict,2,ALLOW,INSUFFICIENT,True,1,False
N1,margin_0.5,joint_approval-2-decisive_missing,joint_approval-2,decisive_missing,0,ALLOW,INSUFFICIENT,True,1,False
N1,margin_0.5,joint_approval-2-decisive_missing,joint_approval-2,decisive_missing,1,ALLOW,ALLOW,False,1,False
N1,margin_0.5,joint_approval-2-decisive_missing,joint_approval-2,decisive_missing,2,ALLOW,INSUFFICIENT,True,1,False
N1,margin_0.5,joint_approval-2-flip,joint_approval-2,flip,0,ALLOW,ALLOW,False,1,False
N1,margin_0.5,joint_approval-2-flip,joint_approval-2,flip,1,ALLOW,ALLOW,False,1,False
N1,margin_0.5,joint_approval-2-flip,joint_approval-2,flip,2,ALLOW,ALLOW,False,1,False
N1,margin_0.5,joint_approval-2-full,joint_approval-2,full,0,INSUFFICIENT,INSUFFICIENT,False,1,False
N1,margin_0.5,joint_approval-2-full,joint_approval-2,full,1,INSUFFICIENT,INSUFFICIENT,False,1,False
N1,margin_0.5,joint_approval-2-full,joint_approval-2,full,2,INSUFFICIENT,INSUFFICIENT,False,1,False
N1,margin_0.5,joint_approval-2-hold,joint_approval-2,hold,0,ALLOW,INSUFFICIENT,True,1,False
N1,margin_0.5,joint_approval-2-hold,joint_approval-2,hold,1,ALLOW,ALLOW,False,1,False
N1,margin_0.5,joint_approval-2-hold,joint_approval-2,hold,2,ALLOW,ALLOW,False,1,False
N1,margin_0.5,joint_approval-2-nondecisive_missing,joint_approval-2,nondecisive_missing,0,DENY,INSUFFICIENT,True,1,False
N1,margin_0.5,joint_approval-2-nondecisive_missing,joint_approval-2,nondecisive_missing,1,INSUFFICIENT,INSUFFICIENT,False,1,False
N1,margin_0.5,joint_approval-2-nondecisive_missing,joint_approval-2,nondecisive_missing,2,DENY,INSUFFICIENT,True,1,False
N1,margin_0.5,joint_approval-3-conflict,joint_approval-3,conflict,0,DENY,INSUFFICIENT,True,1,False
N1,margin_0.5,joint_approval-3-conflict,joint_approval-3,conflict,1,DENY,INSUFFICIENT,True,1,False
N1,margin_0.5,joint_approval-3-conflict,joint_approval-3,conflict,2,DENY,DENY,False,1,False
N1,margin_0.5,joint_approval-3-decisive_missing,joint_approval-3,decisive_missing,0,ALLOW,ALLOW,False,1,False
N1,margin_0.5,joint_approval-3-decisive_missing,joint_approval-3,decisive_missing,1,ALLOW,ALLOW,False,1,False
N1,margin_0.5,joint_approval-3-decisive_missing,joint_approval-3,decisive_missing,2,ALLOW,INSUFFICIENT,True,1,False
N1,margin_0.5,joint_approval-3-flip,joint_approval-3,flip,0,INSUFFICIENT,INSUFFICIENT,False,1,False
N1,margin_0.5,joint_approval-3-flip,joint_approval-3,flip,1,INSUFFICIENT,INSUFFICIENT,False,1,False
N1,margin_0.5,joint_approval-3-flip,joint_approval-3,flip,2,DENY,INSUFFICIENT,True,1,False
N1,margin_0.5,joint_approval-3-full,joint_approval-3,full,0,ALLOW,ALLOW,False,1,False
N1,margin_0.5,joint_approval-3-full,joint_approval-3,full,1,ALLOW,ALLOW,False,1,False
N1,margin_0.5,joint_approval-3-full,joint_approval-3,full,2,ALLOW,ALLOW,False,1,False
N1,margin_0.5,joint_approval-3-hold,joint_approval-3,hold,0,ALLOW,ALLOW,False,1,False
N1,margin_0.5,joint_approval-3-hold,joint_approval-3,hold,1,ALLOW,ALLOW,False,1,False
N1,margin_0.5,joint_approval-3-hold,joint_approval-3,hold,2,ALLOW,ALLOW,False,1,False
N1,margin_0.5,joint_approval-3-nondecisive_missing,joint_approval-3,nondecisive_missing,0,ALLOW,ALLOW,False,1,False
N1,margin_0.5,joint_approval-3-nondecisive_missing,joint_approval-3,nondecisive_missing,1,ALLOW,ALLOW,False,1,False
N1,margin_0.5,joint_approval-3-nondecisive_missing,joint_approval-3,nondecisive_missing,2,ALLOW,ALLOW,False,1,False
N1,margin_0.5,joint_approval-4-conflict,joint_approval-4,conflict,0,ALLOW,ALLOW,False,1,False
N1,margin_0.5,joint_approval-4-conflict,joint_approval-4,conflict,1,ALLOW,ALLOW,False,1,False
N1,margin_0.5,joint_approval-4-conflict,joint_approval-4,conflict,2,ALLOW,ALLOW,False,1,False
N1,margin_0.5,joint_approval-4-decisive_missing,joint_approval-4,decisive_missing,0,ALLOW,ALLOW,False,1,False
N1,margin_0.5,joint_approval-4-decisive_missing,joint_approval-4,decisive_missing,1,ALLOW,ALLOW,False,1,False
N1,margin_0.5,joint_approval-4-decisive_missing,joint_approval-4,decisive_missing,2,ALLOW,ALLOW,False,1,False
N1,margin_0.5,joint_approval-4-flip,joint_approval-4,flip,0,ALLOW,ALLOW,False,1,False
N1,margin_0.5,joint_approval-4-flip,joint_approval-4,flip,1,ALLOW,ALLOW,False,1,False
N1,margin_0.5,joint_approval-4-flip,joint_approval-4,flip,2,ALLOW,ALLOW,False,1,False
N1,margin_0.5,joint_approval-4-full,joint_approval-4,full,0,INSUFFICIENT,INSUFFICIENT,False,1,False
N1,margin_0.5,joint_approval-4-full,joint_approval-4,full,1,ALLOW,INSUFFICIENT,True,1,False
N1,margin_0.5,joint_approval-4-full,joint_approval-4,full,2,INSUFFICIENT,INSUFFICIENT,False,1,False
N1,margin_0.5,joint_approval-4-hold,joint_approval-4,hold,0,DENY,INSUFFICIENT,True,1,False
N1,margin_0.5,joint_approval-4-hold,joint_approval-4,hold,1,ALLOW,INSUFFICIENT,True,1,False
N1,margin_0.5,joint_approval-4-hold,joint_approval-4,hold,2,ALLOW,INSUFFICIENT,True,1,False
N1,margin_0.5,joint_approval-4-nondecisive_missing,joint_approval-4,nondecisive_missing,0,DENY,DENY,False,1,False
N1,margin_0.5,joint_approval-4-nondecisive_missing,joint_approval-4,nondecisive_missing,1,DENY,DENY,False,1,False
N1,margin_0.5,joint_approval-4-nondecisive_missing,joint_approval-4,nondecisive_missing,2,DENY,DENY,False,1,False
N1,margin_0.5,reversal_exception-1-conflict,reversal_exception-1,conflict,0,ALLOW,ALLOW,False,1,False
N1,margin_0.5,reversal_exception-1-conflict,reversal_exception-1,conflict,1,ALLOW,INSUFFICIENT,True,1,False
N1,margin_0.5,reversal_exception-1-conflict,reversal_exception-1,conflict,2,ALLOW,ALLOW,False,1,False
N1,margin_0.5,reversal_exception-1-decisive_missing,reversal_exception-1,decisive_missing,0,ALLOW,ALLOW,False,1,False
N1,margin_0.5,reversal_exception-1-decisive_missing,reversal_exception-1,decisive_missing,1,ALLOW,INSUFFICIENT,True,1,False
N1,margin_0.5,reversal_exception-1-decisive_missing,reversal_exception-1,decisive_missing,2,ALLOW,ALLOW,False,1,False
N1,margin_0.5,reversal_exception-1-flip,reversal_exception-1,flip,0,ALLOW,ALLOW,False,1,False
N1,margin_0.5,reversal_exception-1-flip,reversal_exception-1,flip,1,ALLOW,INSUFFICIENT,True,1,False
N1,margin_0.5,reversal_exception-1-flip,reversal_exception-1,flip,2,ALLOW,ALLOW,False,1,False
N1,margin_0.5,reversal_exception-1-full,reversal_exception-1,full,0,ALLOW,ALLOW,False,1,False
N1,margin_0.5,reversal_exception-1-full,reversal_exception-1,full,1,ALLOW,INSUFFICIENT,True,1,False
N1,margin_0.5,reversal_exception-1-full,reversal_exception-1,full,2,ALLOW,ALLOW,False,1,False
N1,margin_0.5,reversal_exception-1-hold,reversal_exception-1,hold,0,ALLOW,ALLOW,False,1,False
N1,margin_0.5,reversal_exception-1-hold,reversal_exception-1,hold,1,ALLOW,ALLOW,False,1,False
N1,margin_0.5,reversal_exception-1-hold,reversal_exception-1,hold,2,ALLOW,ALLOW,False,1,False
N1,margin_0.5,reversal_exception-1-nondecisive_missing,reversal_exception-1,nondecisive_missing,0,ALLOW,ALLOW,False,1,False
N1,margin_0.5,reversal_exception-1-nondecisive_missing,reversal_exception-1,nondecisive_missing,1,ALLOW,INSUFFICIENT,True,1,False
N1,margin_0.5,reversal_exception-1-nondecisive_missing,reversal_exception-1,nondecisive_missing,2,ALLOW,ALLOW,False,1,False
N1,margin_0.5,reversal_exception-2-conflict,reversal_exception-2,conflict,0,ALLOW,ALLOW,False,1,False
N1,margin_0.5,reversal_exception-2-conflict,reversal_exception-2,conflict,1,ALLOW,INSUFFICIENT,True,1,False
N1,margin_0.5,reversal_exception-2-conflict,reversal_exception-2,conflict,2,ALLOW,ALLOW,False,1,False
N1,margin_0.5,reversal_exception-2-decisive_missing,reversal_exception-2,decisive_missing,0,ALLOW,ALLOW,False,1,False
N1,margin_0.5,reversal_exception-2-decisive_missing,reversal_exception-2,decisive_missing,1,DENY,INSUFFICIENT,True,1,False
N1,margin_0.5,reversal_exception-2-decisive_missing,reversal_exception-2,decisive_missing,2,ALLOW,ALLOW,False,1,False
N1,margin_0.5,reversal_exception-2-flip,reversal_exception-2,flip,0,ALLOW,ALLOW,False,1,False
N1,margin_0.5,reversal_exception-2-flip,reversal_exception-2,flip,1,ALLOW,INSUFFICIENT,True,1,False
N1,margin_0.5,reversal_exception-2-flip,reversal_exception-2,flip,2,ALLOW,ALLOW,False,1,False
N1,margin_0.5,reversal_exception-2-full,reversal_exception-2,full,0,ALLOW,ALLOW,False,1,False
N1,margin_0.5,reversal_exception-2-full,reversal_exception-2,full,1,ALLOW,INSUFFICIENT,True,1,False
N1,margin_0.5,reversal_exception-2-full,reversal_exception-2,full,2,ALLOW,ALLOW,False,1,False
N1,margin_0.5,reversal_exception-2-hold,reversal_exception-2,hold,0,ALLOW,ALLOW,False,1,False
N1,margin_0.5,reversal_exception-2-hold,reversal_exception-2,hold,1,ALLOW,ALLOW,False,1,False
N1,margin_0.5,reversal_exception-2-hold,reversal_exception-2,hold,2,ALLOW,ALLOW,False,1,False
N1,margin_0.5,reversal_exception-2-nondecisive_missing,reversal_exception-2,nondecisive_missing,0,ALLOW,ALLOW,False,1,False
N1,margin_0.5,reversal_exception-2-nondecisive_missing,reversal_exception-2,nondecisive_missing,1,DENY,INSUFFICIENT,True,1,False
N1,margin_0.5,reversal_exception-2-nondecisive_missing,reversal_exception-2,nondecisive_missing,2,ALLOW,ALLOW,False,1,False
N1,margin_0.5,reversal_exception-3-conflict,reversal_exception-3,conflict,0,ALLOW,INSUFFICIENT,True,1,False
N1,margin_0.5,reversal_exception-3-conflict,reversal_exception-3,conflict,1,DENY,DENY,False,1,False
N1,margin_0.5,reversal_exception-3-conflict,reversal_exception-3,conflict,2,INSUFFICIENT,INSUFFICIENT,False,1,False
N1,margin_0.5,reversal_exception-3-decisive_missing,reversal_exception-3,decisive_missing,0,ALLOW,INSUFFICIENT,True,1,False
N1,margin_0.5,reversal_exception-3-decisive_missing,reversal_exception-3,decisive_missing,1,DENY,DENY,False,1,False
N1,margin_0.5,reversal_exception-3-decisive_missing,reversal_exception-3,decisive_missing,2,INSUFFICIENT,INSUFFICIENT,False,1,False
N1,margin_0.5,reversal_exception-3-flip,reversal_exception-3,flip,0,ALLOW,ALLOW,False,1,False
N1,margin_0.5,reversal_exception-3-flip,reversal_exception-3,flip,1,DENY,DENY,False,1,False
N1,margin_0.5,reversal_exception-3-flip,reversal_exception-3,flip,2,INSUFFICIENT,INSUFFICIENT,False,1,False
N1,margin_0.5,reversal_exception-3-full,reversal_exception-3,full,0,ALLOW,ALLOW,False,1,False
N1,margin_0.5,reversal_exception-3-full,reversal_exception-3,full,1,DENY,DENY,False,1,False
N1,margin_0.5,reversal_exception-3-full,reversal_exception-3,full,2,INSUFFICIENT,INSUFFICIENT,False,1,False
N1,margin_0.5,reversal_exception-3-hold,reversal_exception-3,hold,0,DENY,INSUFFICIENT,True,1,False
N1,margin_0.5,reversal_exception-3-hold,reversal_exception-3,hold,1,DENY,INSUFFICIENT,True,1,False
N1,margin_0.5,reversal_exception-3-hold,reversal_exception-3,hold,2,DENY,INSUFFICIENT,True,1,False
N1,margin_0.5,reversal_exception-3-nondecisive_missing,reversal_exception-3,nondecisive_missing,0,ALLOW,ALLOW,False,1,False
N1,margin_0.5,reversal_exception-3-nondecisive_missing,reversal_exception-3,nondecisive_missing,1,DENY,DENY,False,1,False
N1,margin_0.5,reversal_exception-3-nondecisive_missing,reversal_exception-3,nondecisive_missing,2,INSUFFICIENT,INSUFFICIENT,False,1,False
N1,margin_0.5,reversal_exception-4-conflict,reversal_exception-4,conflict,0,ALLOW,INSUFFICIENT,True,1,False
N1,margin_0.5,reversal_exception-4-conflict,reversal_exception-4,conflict,1,DENY,DENY,False,1,False
N1,margin_0.5,reversal_exception-4-conflict,reversal_exception-4,conflict,2,INSUFFICIENT,INSUFFICIENT,False,1,False
N1,margin_0.5,reversal_exception-4-decisive_missing,reversal_exception-4,decisive_missing,0,DENY,INSUFFICIENT,True,1,False
N1,margin_0.5,reversal_exception-4-decisive_missing,reversal_exception-4,decisive_missing,1,DENY,DENY,False,1,False
N1,margin_0.5,reversal_exception-4-decisive_missing,reversal_exception-4,decisive_missing,2,DENY,INSUFFICIENT,True,1,False
N1,margin_0.5,reversal_exception-4-flip,reversal_exception-4,flip,0,ALLOW,ALLOW,False,1,False
N1,margin_0.5,reversal_exception-4-flip,reversal_exception-4,flip,1,DENY,INSUFFICIENT,True,1,False
N1,margin_0.5,reversal_exception-4-flip,reversal_exception-4,flip,2,ALLOW,INSUFFICIENT,True,1,False
N1,margin_0.5,reversal_exception-4-full,reversal_exception-4,full,0,ALLOW,INSUFFICIENT,True,1,False
N1,margin_0.5,reversal_exception-4-full,reversal_exception-4,full,1,DENY,DENY,False,1,False
N1,margin_0.5,reversal_exception-4-full,reversal_exception-4,full,2,INSUFFICIENT,INSUFFICIENT,False,1,False
N1,margin_0.5,reversal_exception-4-hold,reversal_exception-4,hold,0,DENY,DENY,False,1,False
N1,margin_0.5,reversal_exception-4-hold,reversal_exception-4,hold,1,DENY,INSUFFICIENT,True,1,False
N1,margin_0.5,reversal_exception-4-hold,reversal_exception-4,hold,2,DENY,DENY,False,1,False
N1,margin_0.5,reversal_exception-4-nondecisive_missing,reversal_exception-4,nondecisive_missing,0,ALLOW,INSUFFICIENT,True,1,False
N1,margin_0.5,reversal_exception-4-nondecisive_missing,reversal_exception-4,nondecisive_missing,1,DENY,DENY,False,1,False
N1,margin_0.5,reversal_exception-4-nondecisive_missing,reversal_exception-4,nondecisive_missing,2,INSUFFICIENT,INSUFFICIENT,False,1,False
N1,margin_0.5,route_lookup-1-conflict,route_lookup-1,conflict,0,ALLOW,ALLOW,False,1,False
N1,margin_0.5,route_lookup-1-conflict,route_lookup-1,conflict,1,ALLOW,ALLOW,False,1,False
N1,margin_0.5,route_lookup-1-conflict,route_lookup-1,conflict,2,ALLOW,ALLOW,False,1,False
N1,margin_0.5,route_lookup-1-decisive_missing,route_lookup-1,decisive_missing,0,ALLOW,ALLOW,False,1,False
N1,margin_0.5,route_lookup-1-decisive_missing,route_lookup-1,decisive_missing,1,ALLOW,INSUFFICIENT,True,1,False
N1,margin_0.5,route_lookup-1-decisive_missing,route_lookup-1,decisive_missing,2,ALLOW,INSUFFICIENT,True,1,False
N1,margin_0.5,route_lookup-1-flip,route_lookup-1,flip,0,DENY,INSUFFICIENT,True,1,False
N1,margin_0.5,route_lookup-1-flip,route_lookup-1,flip,1,INSUFFICIENT,INSUFFICIENT,False,1,False
N1,margin_0.5,route_lookup-1-flip,route_lookup-1,flip,2,DENY,INSUFFICIENT,True,1,False
N1,margin_0.5,route_lookup-1-full,route_lookup-1,full,0,ALLOW,ALLOW,False,1,False
N1,margin_0.5,route_lookup-1-full,route_lookup-1,full,1,ALLOW,ALLOW,False,1,False
N1,margin_0.5,route_lookup-1-full,route_lookup-1,full,2,ALLOW,ALLOW,False,1,False
N1,margin_0.5,route_lookup-1-hold,route_lookup-1,hold,0,ALLOW,ALLOW,False,1,False
N1,margin_0.5,route_lookup-1-hold,route_lookup-1,hold,1,ALLOW,ALLOW,False,1,False
N1,margin_0.5,route_lookup-1-hold,route_lookup-1,hold,2,ALLOW,ALLOW,False,1,False
N1,margin_0.5,route_lookup-1-nondecisive_missing,route_lookup-1,nondecisive_missing,0,ALLOW,ALLOW,False,1,False
N1,margin_0.5,route_lookup-1-nondecisive_missing,route_lookup-1,nondecisive_missing,1,ALLOW,ALLOW,False,1,False
N1,margin_0.5,route_lookup-1-nondecisive_missing,route_lookup-1,nondecisive_missing,2,ALLOW,ALLOW,False,1,False
N1,margin_0.5,route_lookup-2-conflict,route_lookup-2,conflict,0,ALLOW,INSUFFICIENT,True,1,False
N1,margin_0.5,route_lookup-2-conflict,route_lookup-2,conflict,1,ALLOW,ALLOW,False,1,False
N1,margin_0.5,route_lookup-2-conflict,route_lookup-2,conflict,2,ALLOW,INSUFFICIENT,True,1,False
N1,margin_0.5,route_lookup-2-decisive_missing,route_lookup-2,decisive_missing,0,ALLOW,ALLOW,False,1,False
N1,margin_0.5,route_lookup-2-decisive_missing,route_lookup-2,decisive_missing,1,ALLOW,ALLOW,False,1,False
N1,margin_0.5,route_lookup-2-decisive_missing,route_lookup-2,decisive_missing,2,ALLOW,ALLOW,False,1,False
N1,margin_0.5,route_lookup-2-flip,route_lookup-2,flip,0,ALLOW,ALLOW,False,1,False
N1,margin_0.5,route_lookup-2-flip,route_lookup-2,flip,1,ALLOW,ALLOW,False,1,False
N1,margin_0.5,route_lookup-2-flip,route_lookup-2,flip,2,ALLOW,ALLOW,False,1,False
N1,margin_0.5,route_lookup-2-full,route_lookup-2,full,0,DENY,INSUFFICIENT,True,1,False
N1,margin_0.5,route_lookup-2-full,route_lookup-2,full,1,ALLOW,INSUFFICIENT,True,1,False
N1,margin_0.5,route_lookup-2-full,route_lookup-2,full,2,ALLOW,INSUFFICIENT,True,1,False
N1,margin_0.5,route_lookup-2-hold,route_lookup-2,hold,0,ALLOW,ALLOW,False,1,False
N1,margin_0.5,route_lookup-2-hold,route_lookup-2,hold,1,ALLOW,ALLOW,False,1,False
N1,margin_0.5,route_lookup-2-hold,route_lookup-2,hold,2,ALLOW,ALLOW,False,1,False
N1,margin_0.5,route_lookup-2-nondecisive_missing,route_lookup-2,nondecisive_missing,0,DENY,DENY,False,1,False
N1,margin_0.5,route_lookup-2-nondecisive_missing,route_lookup-2,nondecisive_missing,1,DENY,INSUFFICIENT,True,1,False
N1,margin_0.5,route_lookup-2-nondecisive_missing,route_lookup-2,nondecisive_missing,2,DENY,DENY,False,1,False
N1,margin_0.5,route_lookup-3-conflict,route_lookup-3,conflict,0,ALLOW,ALLOW,False,1,False
N1,margin_0.5,route_lookup-3-conflict,route_lookup-3,conflict,1,ALLOW,INSUFFICIENT,True,1,False
N1,margin_0.5,route_lookup-3-conflict,route_lookup-3,conflict,2,ALLOW,INSUFFICIENT,True,1,False
N1,margin_0.5,route_lookup-3-decisive_missing,route_lookup-3,decisive_missing,0,ALLOW,INSUFFICIENT,True,1,False
N1,margin_0.5,route_lookup-3-decisive_missing,route_lookup-3,decisive_missing,1,ALLOW,INSUFFICIENT,True,1,False
N1,margin_0.5,route_lookup-3-decisive_missing,route_lookup-3,decisive_missing,2,ALLOW,INSUFFICIENT,True,1,False
N1,margin_0.5,route_lookup-3-flip,route_lookup-3,flip,0,DENY,INSUFFICIENT,True,1,False
N1,margin_0.5,route_lookup-3-flip,route_lookup-3,flip,1,INSUFFICIENT,INSUFFICIENT,False,1,False
N1,margin_0.5,route_lookup-3-flip,route_lookup-3,flip,2,DENY,DENY,False,1,False
N1,margin_0.5,route_lookup-3-full,route_lookup-3,full,0,ALLOW,ALLOW,False,1,False
N1,margin_0.5,route_lookup-3-full,route_lookup-3,full,1,ALLOW,ALLOW,False,1,False
N1,margin_0.5,route_lookup-3-full,route_lookup-3,full,2,ALLOW,ALLOW,False,1,False
N1,margin_0.5,route_lookup-3-hold,route_lookup-3,hold,0,ALLOW,ALLOW,False,1,False
N1,margin_0.5,route_lookup-3-hold,route_lookup-3,hold,1,ALLOW,ALLOW,False,1,False
N1,margin_0.5,route_lookup-3-hold,route_lookup-3,hold,2,ALLOW,ALLOW,False,1,False
N1,margin_0.5,route_lookup-3-nondecisive_missing,route_lookup-3,nondecisive_missing,0,ALLOW,ALLOW,False,1,False
N1,margin_0.5,route_lookup-3-nondecisive_missing,route_lookup-3,nondecisive_missing,1,ALLOW,ALLOW,False,1,False
N1,margin_0.5,route_lookup-3-nondecisive_missing,route_lookup-3,nondecisive_missing,2,ALLOW,ALLOW,False,1,False
N1,margin_0.5,route_lookup-4-conflict,route_lookup-4,conflict,0,DENY,DENY,False,1,False
N1,margin_0.5,route_lookup-4-conflict,route_lookup-4,conflict,1,DENY,INSUFFICIENT,True,1,False
N1,margin_0.5,route_lookup-4-conflict,route_lookup-4,conflict,2,DENY,DENY,False,1,False
N1,margin_0.5,route_lookup-4-decisive_missing,route_lookup-4,decisive_missing,0,ALLOW,ALLOW,False,1,False
N1,margin_0.5,route_lookup-4-decisive_missing,route_lookup-4,decisive_missing,1,ALLOW,INSUFFICIENT,True,1,False
N1,margin_0.5,route_lookup-4-decisive_missing,route_lookup-4,decisive_missing,2,ALLOW,ALLOW,False,1,False
N1,margin_0.5,route_lookup-4-flip,route_lookup-4,flip,0,ALLOW,ALLOW,False,1,False
N1,margin_0.5,route_lookup-4-flip,route_lookup-4,flip,1,ALLOW,ALLOW,False,1,False
N1,margin_0.5,route_lookup-4-flip,route_lookup-4,flip,2,ALLOW,ALLOW,False,1,False
N1,margin_0.5,route_lookup-4-full,route_lookup-4,full,0,DENY,DENY,False,1,False
N1,margin_0.5,route_lookup-4-full,route_lookup-4,full,1,DENY,INSUFFICIENT,True,1,False
N1,margin_0.5,route_lookup-4-full,route_lookup-4,full,2,DENY,DENY,False,1,False
N1,margin_0.5,route_lookup-4-hold,route_lookup-4,hold,0,ALLOW,INSUFFICIENT,True,1,False
N1,margin_0.5,route_lookup-4-hold,route_lookup-4,hold,1,ALLOW,INSUFFICIENT,True,1,False
N1,margin_0.5,route_lookup-4-hold,route_lookup-4,hold,2,ALLOW,INSUFFICIENT,True,1,False
N1,margin_0.5,route_lookup-4-nondecisive_missing,route_lookup-4,nondecisive_missing,0,DENY,DENY,False,1,False
N1,margin_0.5,route_lookup-4-nondecisive_missing,route_lookup-4,nondecisive_missing,1,DENY,DENY,False,1,False
N1,margin_0.5,route_lookup-4-nondecisive_missing,route_lookup-4,nondecisive_missing,2,DENY,DENY,False,1,False
N1,margin_0.8,joint_approval-1-conflict,joint_approval-1,conflict,0,DENY,INSUFFICIENT,True,1,False
N1,margin_0.8,joint_approval-1-conflict,joint_approval-1,conflict,1,DENY,INSUFFICIENT,True,1,False
N1,margin_0.8,joint_approval-1-conflict,joint_approval-1,conflict,2,INSUFFICIENT,INSUFFICIENT,False,1,False
N1,margin_0.8,joint_approval-1-decisive_missing,joint_approval-1,decisive_missing,0,ALLOW,INSUFFICIENT,True,1,False
N1,margin_0.8,joint_approval-1-decisive_missing,joint_approval-1,decisive_missing,1,ALLOW,INSUFFICIENT,True,1,False
N1,margin_0.8,joint_approval-1-decisive_missing,joint_approval-1,decisive_missing,2,ALLOW,INSUFFICIENT,True,1,False
N1,margin_0.8,joint_approval-1-flip,joint_approval-1,flip,0,INSUFFICIENT,INSUFFICIENT,False,1,False
N1,margin_0.8,joint_approval-1-flip,joint_approval-1,flip,1,INSUFFICIENT,INSUFFICIENT,False,1,False
N1,margin_0.8,joint_approval-1-flip,joint_approval-1,flip,2,INSUFFICIENT,INSUFFICIENT,False,1,False
N1,margin_0.8,joint_approval-1-full,joint_approval-1,full,0,ALLOW,ALLOW,False,1,False
N1,margin_0.8,joint_approval-1-full,joint_approval-1,full,1,ALLOW,INSUFFICIENT,True,1,False
N1,margin_0.8,joint_approval-1-full,joint_approval-1,full,2,ALLOW,INSUFFICIENT,True,1,False
N1,margin_0.8,joint_approval-1-hold,joint_approval-1,hold,0,ALLOW,ALLOW,False,1,False
N1,margin_0.8,joint_approval-1-hold,joint_approval-1,hold,1,ALLOW,INSUFFICIENT,True,1,False
N1,margin_0.8,joint_approval-1-hold,joint_approval-1,hold,2,ALLOW,INSUFFICIENT,True,1,False
N1,margin_0.8,joint_approval-1-nondecisive_missing,joint_approval-1,nondecisive_missing,0,ALLOW,ALLOW,False,1,False
N1,margin_0.8,joint_approval-1-nondecisive_missing,joint_approval-1,nondecisive_missing,1,ALLOW,ALLOW,False,1,False
N1,margin_0.8,joint_approval-1-nondecisive_missing,joint_approval-1,nondecisive_missing,2,ALLOW,ALLOW,False,1,False
N1,margin_0.8,joint_approval-2-conflict,joint_approval-2,conflict,0,ALLOW,INSUFFICIENT,True,1,False
N1,margin_0.8,joint_approval-2-conflict,joint_approval-2,conflict,1,ALLOW,INSUFFICIENT,True,1,False
N1,margin_0.8,joint_approval-2-conflict,joint_approval-2,conflict,2,ALLOW,INSUFFICIENT,True,1,False
N1,margin_0.8,joint_approval-2-decisive_missing,joint_approval-2,decisive_missing,0,ALLOW,INSUFFICIENT,True,1,False
N1,margin_0.8,joint_approval-2-decisive_missing,joint_approval-2,decisive_missing,1,ALLOW,INSUFFICIENT,True,1,False
N1,margin_0.8,joint_approval-2-decisive_missing,joint_approval-2,decisive_missing,2,ALLOW,INSUFFICIENT,True,1,False
N1,margin_0.8,joint_approval-2-flip,joint_approval-2,flip,0,ALLOW,ALLOW,False,1,False
N1,margin_0.8,joint_approval-2-flip,joint_approval-2,flip,1,ALLOW,INSUFFICIENT,True,1,False
N1,margin_0.8,joint_approval-2-flip,joint_approval-2,flip,2,ALLOW,INSUFFICIENT,True,1,False
N1,margin_0.8,joint_approval-2-full,joint_approval-2,full,0,INSUFFICIENT,INSUFFICIENT,False,1,False
N1,margin_0.8,joint_approval-2-full,joint_approval-2,full,1,INSUFFICIENT,INSUFFICIENT,False,1,False
N1,margin_0.8,joint_approval-2-full,joint_approval-2,full,2,INSUFFICIENT,INSUFFICIENT,False,1,False
N1,margin_0.8,joint_approval-2-hold,joint_approval-2,hold,0,ALLOW,INSUFFICIENT,True,1,False
N1,margin_0.8,joint_approval-2-hold,joint_approval-2,hold,1,ALLOW,INSUFFICIENT,True,1,False
N1,margin_0.8,joint_approval-2-hold,joint_approval-2,hold,2,ALLOW,INSUFFICIENT,True,1,False
N1,margin_0.8,joint_approval-2-nondecisive_missing,joint_approval-2,nondecisive_missing,0,DENY,INSUFFICIENT,True,1,False
N1,margin_0.8,joint_approval-2-nondecisive_missing,joint_approval-2,nondecisive_missing,1,INSUFFICIENT,INSUFFICIENT,False,1,False
N1,margin_0.8,joint_approval-2-nondecisive_missing,joint_approval-2,nondecisive_missing,2,DENY,INSUFFICIENT,True,1,False
N1,margin_0.8,joint_approval-3-conflict,joint_approval-3,conflict,0,DENY,INSUFFICIENT,True,1,False
N1,margin_0.8,joint_approval-3-conflict,joint_approval-3,conflict,1,DENY,INSUFFICIENT,True,1,False
N1,margin_0.8,joint_approval-3-conflict,joint_approval-3,conflict,2,DENY,INSUFFICIENT,True,1,False
N1,margin_0.8,joint_approval-3-decisive_missing,joint_approval-3,decisive_missing,0,ALLOW,INSUFFICIENT,True,1,False
N1,margin_0.8,joint_approval-3-decisive_missing,joint_approval-3,decisive_missing,1,ALLOW,INSUFFICIENT,True,1,False
N1,margin_0.8,joint_approval-3-decisive_missing,joint_approval-3,decisive_missing,2,ALLOW,INSUFFICIENT,True,1,False
N1,margin_0.8,joint_approval-3-flip,joint_approval-3,flip,0,INSUFFICIENT,INSUFFICIENT,False,1,False
N1,margin_0.8,joint_approval-3-flip,joint_approval-3,flip,1,INSUFFICIENT,INSUFFICIENT,False,1,False
N1,margin_0.8,joint_approval-3-flip,joint_approval-3,flip,2,DENY,INSUFFICIENT,True,1,False
N1,margin_0.8,joint_approval-3-full,joint_approval-3,full,0,ALLOW,ALLOW,False,1,False
N1,margin_0.8,joint_approval-3-full,joint_approval-3,full,1,ALLOW,INSUFFICIENT,True,1,False
N1,margin_0.8,joint_approval-3-full,joint_approval-3,full,2,ALLOW,INSUFFICIENT,True,1,False
N1,margin_0.8,joint_approval-3-hold,joint_approval-3,hold,0,ALLOW,ALLOW,False,1,False
N1,margin_0.8,joint_approval-3-hold,joint_approval-3,hold,1,ALLOW,INSUFFICIENT,True,1,False
N1,margin_0.8,joint_approval-3-hold,joint_approval-3,hold,2,ALLOW,INSUFFICIENT,True,1,False
N1,margin_0.8,joint_approval-3-nondecisive_missing,joint_approval-3,nondecisive_missing,0,ALLOW,ALLOW,False,1,False
N1,margin_0.8,joint_approval-3-nondecisive_missing,joint_approval-3,nondecisive_missing,1,ALLOW,INSUFFICIENT,True,1,False
N1,margin_0.8,joint_approval-3-nondecisive_missing,joint_approval-3,nondecisive_missing,2,ALLOW,ALLOW,False,1,False
N1,margin_0.8,joint_approval-4-conflict,joint_approval-4,conflict,0,ALLOW,INSUFFICIENT,True,1,False
N1,margin_0.8,joint_approval-4-conflict,joint_approval-4,conflict,1,ALLOW,INSUFFICIENT,True,1,False
N1,margin_0.8,joint_approval-4-conflict,joint_approval-4,conflict,2,ALLOW,INSUFFICIENT,True,1,False
N1,margin_0.8,joint_approval-4-decisive_missing,joint_approval-4,decisive_missing,0,ALLOW,INSUFFICIENT,True,1,False
N1,margin_0.8,joint_approval-4-decisive_missing,joint_approval-4,decisive_missing,1,ALLOW,ALLOW,False,1,False
N1,margin_0.8,joint_approval-4-decisive_missing,joint_approval-4,decisive_missing,2,ALLOW,INSUFFICIENT,True,1,False
N1,margin_0.8,joint_approval-4-flip,joint_approval-4,flip,0,ALLOW,ALLOW,False,1,False
N1,margin_0.8,joint_approval-4-flip,joint_approval-4,flip,1,ALLOW,ALLOW,False,1,False
N1,margin_0.8,joint_approval-4-flip,joint_approval-4,flip,2,ALLOW,ALLOW,False,1,False
N1,margin_0.8,joint_approval-4-full,joint_approval-4,full,0,INSUFFICIENT,INSUFFICIENT,False,1,False
N1,margin_0.8,joint_approval-4-full,joint_approval-4,full,1,ALLOW,INSUFFICIENT,True,1,False
N1,margin_0.8,joint_approval-4-full,joint_approval-4,full,2,INSUFFICIENT,INSUFFICIENT,False,1,False
N1,margin_0.8,joint_approval-4-hold,joint_approval-4,hold,0,DENY,INSUFFICIENT,True,1,False
N1,margin_0.8,joint_approval-4-hold,joint_approval-4,hold,1,ALLOW,INSUFFICIENT,True,1,False
N1,margin_0.8,joint_approval-4-hold,joint_approval-4,hold,2,ALLOW,INSUFFICIENT,True,1,False
N1,margin_0.8,joint_approval-4-nondecisive_missing,joint_approval-4,nondecisive_missing,0,DENY,DENY,False,1,False
N1,margin_0.8,joint_approval-4-nondecisive_missing,joint_approval-4,nondecisive_missing,1,DENY,INSUFFICIENT,True,1,False
N1,margin_0.8,joint_approval-4-nondecisive_missing,joint_approval-4,nondecisive_missing,2,DENY,INSUFFICIENT,True,1,False
N1,margin_0.8,reversal_exception-1-conflict,reversal_exception-1,conflict,0,ALLOW,ALLOW,False,1,False
N1,margin_0.8,reversal_exception-1-conflict,reversal_exception-1,conflict,1,ALLOW,INSUFFICIENT,True,1,False
N1,margin_0.8,reversal_exception-1-conflict,reversal_exception-1,conflict,2,ALLOW,INSUFFICIENT,True,1,False
N1,margin_0.8,reversal_exception-1-decisive_missing,reversal_exception-1,decisive_missing,0,ALLOW,ALLOW,False,1,False
N1,margin_0.8,reversal_exception-1-decisive_missing,reversal_exception-1,decisive_missing,1,ALLOW,INSUFFICIENT,True,1,False
N1,margin_0.8,reversal_exception-1-decisive_missing,reversal_exception-1,decisive_missing,2,ALLOW,INSUFFICIENT,True,1,False
N1,margin_0.8,reversal_exception-1-flip,reversal_exception-1,flip,0,ALLOW,ALLOW,False,1,False
N1,margin_0.8,reversal_exception-1-flip,reversal_exception-1,flip,1,ALLOW,INSUFFICIENT,True,1,False
N1,margin_0.8,reversal_exception-1-flip,reversal_exception-1,flip,2,ALLOW,INSUFFICIENT,True,1,False
N1,margin_0.8,reversal_exception-1-full,reversal_exception-1,full,0,ALLOW,ALLOW,False,1,False
N1,margin_0.8,reversal_exception-1-full,reversal_exception-1,full,1,ALLOW,INSUFFICIENT,True,1,False
N1,margin_0.8,reversal_exception-1-full,reversal_exception-1,full,2,ALLOW,INSUFFICIENT,True,1,False
N1,margin_0.8,reversal_exception-1-hold,reversal_exception-1,hold,0,ALLOW,ALLOW,False,1,False
N1,margin_0.8,reversal_exception-1-hold,reversal_exception-1,hold,1,ALLOW,INSUFFICIENT,True,1,False
N1,margin_0.8,reversal_exception-1-hold,reversal_exception-1,hold,2,ALLOW,INSUFFICIENT,True,1,False
N1,margin_0.8,reversal_exception-1-nondecisive_missing,reversal_exception-1,nondecisive_missing,0,ALLOW,ALLOW,False,1,False
N1,margin_0.8,reversal_exception-1-nondecisive_missing,reversal_exception-1,nondecisive_missing,1,ALLOW,INSUFFICIENT,True,1,False
N1,margin_0.8,reversal_exception-1-nondecisive_missing,reversal_exception-1,nondecisive_missing,2,ALLOW,INSUFFICIENT,True,1,False
N1,margin_0.8,reversal_exception-2-conflict,reversal_exception-2,conflict,0,ALLOW,ALLOW,False,1,False
N1,margin_0.8,reversal_exception-2-conflict,reversal_exception-2,conflict,1,ALLOW,INSUFFICIENT,True,1,False
N1,margin_0.8,reversal_exception-2-conflict,reversal_exception-2,conflict,2,ALLOW,INSUFFICIENT,True,1,False
N1,margin_0.8,reversal_exception-2-decisive_missing,reversal_exception-2,decisive_missing,0,ALLOW,ALLOW,False,1,False
N1,margin_0.8,reversal_exception-2-decisive_missing,reversal_exception-2,decisive_missing,1,DENY,INSUFFICIENT,True,1,False
N1,margin_0.8,reversal_exception-2-decisive_missing,reversal_exception-2,decisive_missing,2,ALLOW,INSUFFICIENT,True,1,False
N1,margin_0.8,reversal_exception-2-flip,reversal_exception-2,flip,0,ALLOW,ALLOW,False,1,False
N1,margin_0.8,reversal_exception-2-flip,reversal_exception-2,flip,1,ALLOW,INSUFFICIENT,True,1,False
N1,margin_0.8,reversal_exception-2-flip,reversal_exception-2,flip,2,ALLOW,INSUFFICIENT,True,1,False
N1,margin_0.8,reversal_exception-2-full,reversal_exception-2,full,0,ALLOW,ALLOW,False,1,False
N1,margin_0.8,reversal_exception-2-full,reversal_exception-2,full,1,ALLOW,INSUFFICIENT,True,1,False
N1,margin_0.8,reversal_exception-2-full,reversal_exception-2,full,2,ALLOW,INSUFFICIENT,True,1,False
N1,margin_0.8,reversal_exception-2-hold,reversal_exception-2,hold,0,ALLOW,ALLOW,False,1,False
N1,margin_0.8,reversal_exception-2-hold,reversal_exception-2,hold,1,ALLOW,INSUFFICIENT,True,1,False
N1,margin_0.8,reversal_exception-2-hold,reversal_exception-2,hold,2,ALLOW,ALLOW,False,1,False
N1,margin_0.8,reversal_exception-2-nondecisive_missing,reversal_exception-2,nondecisive_missing,0,ALLOW,ALLOW,False,1,False
N1,margin_0.8,reversal_exception-2-nondecisive_missing,reversal_exception-2,nondecisive_missing,1,DENY,INSUFFICIENT,True,1,False
N1,margin_0.8,reversal_exception-2-nondecisive_missing,reversal_exception-2,nondecisive_missing,2,ALLOW,INSUFFICIENT,True,1,False
N1,margin_0.8,reversal_exception-3-conflict,reversal_exception-3,conflict,0,ALLOW,INSUFFICIENT,True,1,False
N1,margin_0.8,reversal_exception-3-conflict,reversal_exception-3,conflict,1,DENY,INSUFFICIENT,True,1,False
N1,margin_0.8,reversal_exception-3-conflict,reversal_exception-3,conflict,2,INSUFFICIENT,INSUFFICIENT,False,1,False
N1,margin_0.8,reversal_exception-3-decisive_missing,reversal_exception-3,decisive_missing,0,ALLOW,INSUFFICIENT,True,1,False
N1,margin_0.8,reversal_exception-3-decisive_missing,reversal_exception-3,decisive_missing,1,DENY,INSUFFICIENT,True,1,False
N1,margin_0.8,reversal_exception-3-decisive_missing,reversal_exception-3,decisive_missing,2,INSUFFICIENT,INSUFFICIENT,False,1,False
N1,margin_0.8,reversal_exception-3-flip,reversal_exception-3,flip,0,ALLOW,INSUFFICIENT,True,1,False
N1,margin_0.8,reversal_exception-3-flip,reversal_exception-3,flip,1,DENY,INSUFFICIENT,True,1,False
N1,margin_0.8,reversal_exception-3-flip,reversal_exception-3,flip,2,INSUFFICIENT,INSUFFICIENT,False,1,False
N1,margin_0.8,reversal_exception-3-full,reversal_exception-3,full,0,ALLOW,INSUFFICIENT,True,1,False
N1,margin_0.8,reversal_exception-3-full,reversal_exception-3,full,1,DENY,INSUFFICIENT,True,1,False
N1,margin_0.8,reversal_exception-3-full,reversal_exception-3,full,2,INSUFFICIENT,INSUFFICIENT,False,1,False
N1,margin_0.8,reversal_exception-3-hold,reversal_exception-3,hold,0,DENY,INSUFFICIENT,True,1,False
N1,margin_0.8,reversal_exception-3-hold,reversal_exception-3,hold,1,DENY,INSUFFICIENT,True,1,False
N1,margin_0.8,reversal_exception-3-hold,reversal_exception-3,hold,2,DENY,INSUFFICIENT,True,1,False
N1,margin_0.8,reversal_exception-3-nondecisive_missing,reversal_exception-3,nondecisive_missing,0,ALLOW,INSUFFICIENT,True,1,False
N1,margin_0.8,reversal_exception-3-nondecisive_missing,reversal_exception-3,nondecisive_missing,1,DENY,INSUFFICIENT,True,1,False
N1,margin_0.8,reversal_exception-3-nondecisive_missing,reversal_exception-3,nondecisive_missing,2,INSUFFICIENT,INSUFFICIENT,False,1,False
N1,margin_0.8,reversal_exception-4-conflict,reversal_exception-4,conflict,0,ALLOW,INSUFFICIENT,True,1,False
N1,margin_0.8,reversal_exception-4-conflict,reversal_exception-4,conflict,1,DENY,INSUFFICIENT,True,1,False
N1,margin_0.8,reversal_exception-4-conflict,reversal_exception-4,conflict,2,INSUFFICIENT,INSUFFICIENT,False,1,False
N1,margin_0.8,reversal_exception-4-decisive_missing,reversal_exception-4,decisive_missing,0,DENY,INSUFFICIENT,True,1,False
N1,margin_0.8,reversal_exception-4-decisive_missing,reversal_exception-4,decisive_missing,1,DENY,INSUFFICIENT,True,1,False
N1,margin_0.8,reversal_exception-4-decisive_missing,reversal_exception-4,decisive_missing,2,DENY,INSUFFICIENT,True,1,False
N1,margin_0.8,reversal_exception-4-flip,reversal_exception-4,flip,0,ALLOW,INSUFFICIENT,True,1,False
N1,margin_0.8,reversal_exception-4-flip,reversal_exception-4,flip,1,DENY,INSUFFICIENT,True,1,False
N1,margin_0.8,reversal_exception-4-flip,reversal_exception-4,flip,2,ALLOW,INSUFFICIENT,True,1,False
N1,margin_0.8,reversal_exception-4-full,reversal_exception-4,full,0,ALLOW,INSUFFICIENT,True,1,False
N1,margin_0.8,reversal_exception-4-full,reversal_exception-4,full,1,DENY,INSUFFICIENT,True,1,False
N1,margin_0.8,reversal_exception-4-full,reversal_exception-4,full,2,INSUFFICIENT,INSUFFICIENT,False,1,False
N1,margin_0.8,reversal_exception-4-hold,reversal_exception-4,hold,0,DENY,INSUFFICIENT,True,1,False
N1,margin_0.8,reversal_exception-4-hold,reversal_exception-4,hold,1,DENY,INSUFFICIENT,True,1,False
N1,margin_0.8,reversal_exception-4-hold,reversal_exception-4,hold,2,DENY,INSUFFICIENT,True,1,False
N1,margin_0.8,reversal_exception-4-nondecisive_missing,reversal_exception-4,nondecisive_missing,0,ALLOW,INSUFFICIENT,True,1,False
N1,margin_0.8,reversal_exception-4-nondecisive_missing,reversal_exception-4,nondecisive_missing,1,DENY,INSUFFICIENT,True,1,False
N1,margin_0.8,reversal_exception-4-nondecisive_missing,reversal_exception-4,nondecisive_missing,2,INSUFFICIENT,INSUFFICIENT,False,1,False
N1,margin_0.8,route_lookup-1-conflict,route_lookup-1,conflict,0,ALLOW,ALLOW,False,1,False
N1,margin_0.8,route_lookup-1-conflict,route_lookup-1,conflict,1,ALLOW,INSUFFICIENT,True,1,False
N1,margin_0.8,route_lookup-1-conflict,route_lookup-1,conflict,2,ALLOW,INSUFFICIENT,True,1,False
N1,margin_0.8,route_lookup-1-decisive_missing,route_lookup-1,decisive_missing,0,ALLOW,INSUFFICIENT,True,1,False
N1,margin_0.8,route_lookup-1-decisive_missing,route_lookup-1,decisive_missing,1,ALLOW,INSUFFICIENT,True,1,False
N1,margin_0.8,route_lookup-1-decisive_missing,route_lookup-1,decisive_missing,2,ALLOW,INSUFFICIENT,True,1,False
N1,margin_0.8,route_lookup-1-flip,route_lookup-1,flip,0,DENY,INSUFFICIENT,True,1,False
N1,margin_0.8,route_lookup-1-flip,route_lookup-1,flip,1,INSUFFICIENT,INSUFFICIENT,False,1,False
N1,margin_0.8,route_lookup-1-flip,route_lookup-1,flip,2,DENY,INSUFFICIENT,True,1,False
N1,margin_0.8,route_lookup-1-full,route_lookup-1,full,0,ALLOW,ALLOW,False,1,False
N1,margin_0.8,route_lookup-1-full,route_lookup-1,full,1,ALLOW,ALLOW,False,1,False
N1,margin_0.8,route_lookup-1-full,route_lookup-1,full,2,ALLOW,ALLOW,False,1,False
N1,margin_0.8,route_lookup-1-hold,route_lookup-1,hold,0,ALLOW,ALLOW,False,1,False
N1,margin_0.8,route_lookup-1-hold,route_lookup-1,hold,1,ALLOW,INSUFFICIENT,True,1,False
N1,margin_0.8,route_lookup-1-hold,route_lookup-1,hold,2,ALLOW,INSUFFICIENT,True,1,False
N1,margin_0.8,route_lookup-1-nondecisive_missing,route_lookup-1,nondecisive_missing,0,ALLOW,ALLOW,False,1,False
N1,margin_0.8,route_lookup-1-nondecisive_missing,route_lookup-1,nondecisive_missing,1,ALLOW,ALLOW,False,1,False
N1,margin_0.8,route_lookup-1-nondecisive_missing,route_lookup-1,nondecisive_missing,2,ALLOW,ALLOW,False,1,False
N1,margin_0.8,route_lookup-2-conflict,route_lookup-2,conflict,0,ALLOW,INSUFFICIENT,True,1,False
N1,margin_0.8,route_lookup-2-conflict,route_lookup-2,conflict,1,ALLOW,INSUFFICIENT,True,1,False
N1,margin_0.8,route_lookup-2-conflict,route_lookup-2,conflict,2,ALLOW,INSUFFICIENT,True,1,False
N1,margin_0.8,route_lookup-2-decisive_missing,route_lookup-2,decisive_missing,0,ALLOW,INSUFFICIENT,True,1,False
N1,margin_0.8,route_lookup-2-decisive_missing,route_lookup-2,decisive_missing,1,ALLOW,INSUFFICIENT,True,1,False
N1,margin_0.8,route_lookup-2-decisive_missing,route_lookup-2,decisive_missing,2,ALLOW,INSUFFICIENT,True,1,False
N1,margin_0.8,route_lookup-2-flip,route_lookup-2,flip,0,ALLOW,ALLOW,False,1,False
N1,margin_0.8,route_lookup-2-flip,route_lookup-2,flip,1,ALLOW,INSUFFICIENT,True,1,False
N1,margin_0.8,route_lookup-2-flip,route_lookup-2,flip,2,ALLOW,INSUFFICIENT,True,1,False
N1,margin_0.8,route_lookup-2-full,route_lookup-2,full,0,DENY,INSUFFICIENT,True,1,False
N1,margin_0.8,route_lookup-2-full,route_lookup-2,full,1,ALLOW,INSUFFICIENT,True,1,False
N1,margin_0.8,route_lookup-2-full,route_lookup-2,full,2,ALLOW,INSUFFICIENT,True,1,False
N1,margin_0.8,route_lookup-2-hold,route_lookup-2,hold,0,ALLOW,ALLOW,False,1,False
N1,margin_0.8,route_lookup-2-hold,route_lookup-2,hold,1,ALLOW,INSUFFICIENT,True,1,False
N1,margin_0.8,route_lookup-2-hold,route_lookup-2,hold,2,ALLOW,INSUFFICIENT,True,1,False
N1,margin_0.8,route_lookup-2-nondecisive_missing,route_lookup-2,nondecisive_missing,0,DENY,INSUFFICIENT,True,1,False
N1,margin_0.8,route_lookup-2-nondecisive_missing,route_lookup-2,nondecisive_missing,1,DENY,INSUFFICIENT,True,1,False
N1,margin_0.8,route_lookup-2-nondecisive_missing,route_lookup-2,nondecisive_missing,2,DENY,INSUFFICIENT,True,1,False
N1,margin_0.8,route_lookup-3-conflict,route_lookup-3,conflict,0,ALLOW,INSUFFICIENT,True,1,False
N1,margin_0.8,route_lookup-3-conflict,route_lookup-3,conflict,1,ALLOW,INSUFFICIENT,True,1,False
N1,margin_0.8,route_lookup-3-conflict,route_lookup-3,conflict,2,ALLOW,INSUFFICIENT,True,1,False
N1,margin_0.8,route_lookup-3-decisive_missing,route_lookup-3,decisive_missing,0,ALLOW,INSUFFICIENT,True,1,False
N1,margin_0.8,route_lookup-3-decisive_missing,route_lookup-3,decisive_missing,1,ALLOW,INSUFFICIENT,True,1,False
N1,margin_0.8,route_lookup-3-decisive_missing,route_lookup-3,decisive_missing,2,ALLOW,INSUFFICIENT,True,1,False
N1,margin_0.8,route_lookup-3-flip,route_lookup-3,flip,0,DENY,INSUFFICIENT,True,1,False
N1,margin_0.8,route_lookup-3-flip,route_lookup-3,flip,1,INSUFFICIENT,INSUFFICIENT,False,1,False
N1,margin_0.8,route_lookup-3-flip,route_lookup-3,flip,2,DENY,INSUFFICIENT,True,1,False
N1,margin_0.8,route_lookup-3-full,route_lookup-3,full,0,ALLOW,ALLOW,False,1,False
N1,margin_0.8,route_lookup-3-full,route_lookup-3,full,1,ALLOW,INSUFFICIENT,True,1,False
N1,margin_0.8,route_lookup-3-full,route_lookup-3,full,2,ALLOW,INSUFFICIENT,True,1,False
N1,margin_0.8,route_lookup-3-hold,route_lookup-3,hold,0,ALLOW,INSUFFICIENT,True,1,False
N1,margin_0.8,route_lookup-3-hold,route_lookup-3,hold,1,ALLOW,INSUFFICIENT,True,1,False
N1,margin_0.8,route_lookup-3-hold,route_lookup-3,hold,2,ALLOW,INSUFFICIENT,True,1,False
N1,margin_0.8,route_lookup-3-nondecisive_missing,route_lookup-3,nondecisive_missing,0,ALLOW,ALLOW,False,1,False
N1,margin_0.8,route_lookup-3-nondecisive_missing,route_lookup-3,nondecisive_missing,1,ALLOW,ALLOW,False,1,False
N1,margin_0.8,route_lookup-3-nondecisive_missing,route_lookup-3,nondecisive_missing,2,ALLOW,ALLOW,False,1,False
N1,margin_0.8,route_lookup-4-conflict,route_lookup-4,conflict,0,DENY,INSUFFICIENT,True,1,False
N1,margin_0.8,route_lookup-4-conflict,route_lookup-4,conflict,1,DENY,INSUFFICIENT,True,1,False
N1,margin_0.8,route_lookup-4-conflict,route_lookup-4,conflict,2,DENY,INSUFFICIENT,True,1,False
N1,margin_0.8,route_lookup-4-decisive_missing,route_lookup-4,decisive_missing,0,ALLOW,ALLOW,False,1,False
N1,margin_0.8,route_lookup-4-decisive_missing,route_lookup-4,decisive_missing,1,ALLOW,INSUFFICIENT,True,1,False
N1,margin_0.8,route_lookup-4-decisive_missing,route_lookup-4,decisive_missing,2,ALLOW,INSUFFICIENT,True,1,False
N1,margin_0.8,route_lookup-4-flip,route_lookup-4,flip,0,ALLOW,ALLOW,False,1,False
N1,margin_0.8,route_lookup-4-flip,route_lookup-4,flip,1,ALLOW,INSUFFICIENT,True,1,False
N1,margin_0.8,route_lookup-4-flip,route_lookup-4,flip,2,ALLOW,ALLOW,False,1,False
N1,margin_0.8,route_lookup-4-full,route_lookup-4,full,0,DENY,INSUFFICIENT,True,1,False
N1,margin_0.8,route_lookup-4-full,route_lookup-4,full,1,DENY,INSUFFICIENT,True,1,False
N1,margin_0.8,route_lookup-4-full,route_lookup-4,full,2,DENY,INSUFFICIENT,True,1,False
N1,margin_0.8,route_lookup-4-hold,route_lookup-4,hold,0,ALLOW,INSUFFICIENT,True,1,False
N1,margin_0.8,route_lookup-4-hold,route_lookup-4,hold,1,ALLOW,INSUFFICIENT,True,1,False
N1,margin_0.8,route_lookup-4-hold,route_lookup-4,hold,2,ALLOW,INSUFFICIENT,True,1,False
N1,margin_0.8,route_lookup-4-nondecisive_missing,route_lookup-4,nondecisive_missing,0,DENY,DENY,False,1,False
N1,margin_0.8,route_lookup-4-nondecisive_missing,route_lookup-4,nondecisive_missing,1,DENY,INSUFFICIENT,True,1,False
N1,margin_0.8,route_lookup-4-nondecisive_missing,route_lookup-4,nondecisive_missing,2,DENY,DENY,False,1,False
N1,margin_0.95,joint_approval-1-conflict,joint_approval-1,conflict,0,DENY,INSUFFICIENT,True,1,False
N1,margin_0.95,joint_approval-1-conflict,joint_approval-1,conflict,1,DENY,INSUFFICIENT,True,1,False
N1,margin_0.95,joint_approval-1-conflict,joint_approval-1,conflict,2,INSUFFICIENT,INSUFFICIENT,False,1,False
N1,margin_0.95,joint_approval-1-decisive_missing,joint_approval-1,decisive_missing,0,ALLOW,INSUFFICIENT,True,1,False
N1,margin_0.95,joint_approval-1-decisive_missing,joint_approval-1,decisive_missing,1,ALLOW,INSUFFICIENT,True,1,False
N1,margin_0.95,joint_approval-1-decisive_missing,joint_approval-1,decisive_missing,2,ALLOW,INSUFFICIENT,True,1,False
N1,margin_0.95,joint_approval-1-flip,joint_approval-1,flip,0,INSUFFICIENT,INSUFFICIENT,False,1,False
N1,margin_0.95,joint_approval-1-flip,joint_approval-1,flip,1,INSUFFICIENT,INSUFFICIENT,False,1,False
N1,margin_0.95,joint_approval-1-flip,joint_approval-1,flip,2,INSUFFICIENT,INSUFFICIENT,False,1,False
N1,margin_0.95,joint_approval-1-full,joint_approval-1,full,0,ALLOW,INSUFFICIENT,True,1,False
N1,margin_0.95,joint_approval-1-full,joint_approval-1,full,1,ALLOW,INSUFFICIENT,True,1,False
N1,margin_0.95,joint_approval-1-full,joint_approval-1,full,2,ALLOW,INSUFFICIENT,True,1,False
N1,margin_0.95,joint_approval-1-hold,joint_approval-1,hold,0,ALLOW,INSUFFICIENT,True,1,False
N1,margin_0.95,joint_approval-1-hold,joint_approval-1,hold,1,ALLOW,INSUFFICIENT,True,1,False
N1,margin_0.95,joint_approval-1-hold,joint_approval-1,hold,2,ALLOW,INSUFFICIENT,True,1,False
N1,margin_0.95,joint_approval-1-nondecisive_missing,joint_approval-1,nondecisive_missing,0,ALLOW,INSUFFICIENT,True,1,False
N1,margin_0.95,joint_approval-1-nondecisive_missing,joint_approval-1,nondecisive_missing,1,ALLOW,INSUFFICIENT,True,1,False
N1,margin_0.95,joint_approval-1-nondecisive_missing,joint_approval-1,nondecisive_missing,2,ALLOW,INSUFFICIENT,True,1,False
N1,margin_0.95,joint_approval-2-conflict,joint_approval-2,conflict,0,ALLOW,INSUFFICIENT,True,1,False
N1,margin_0.95,joint_approval-2-conflict,joint_approval-2,conflict,1,ALLOW,INSUFFICIENT,True,1,False
N1,margin_0.95,joint_approval-2-conflict,joint_approval-2,conflict,2,ALLOW,INSUFFICIENT,True,1,False
N1,margin_0.95,joint_approval-2-decisive_missing,joint_approval-2,decisive_missing,0,ALLOW,INSUFFICIENT,True,1,False
N1,margin_0.95,joint_approval-2-decisive_missing,joint_approval-2,decisive_missing,1,ALLOW,INSUFFICIENT,True,1,False
N1,margin_0.95,joint_approval-2-decisive_missing,joint_approval-2,decisive_missing,2,ALLOW,INSUFFICIENT,True,1,False
N1,margin_0.95,joint_approval-2-flip,joint_approval-2,flip,0,ALLOW,INSUFFICIENT,True,1,False
N1,margin_0.95,joint_approval-2-flip,joint_approval-2,flip,1,ALLOW,INSUFFICIENT,True,1,False
N1,margin_0.95,joint_approval-2-flip,joint_approval-2,flip,2,ALLOW,INSUFFICIENT,True,1,False
N1,margin_0.95,joint_approval-2-full,joint_approval-2,full,0,INSUFFICIENT,INSUFFICIENT,False,1,False
N1,margin_0.95,joint_approval-2-full,joint_approval-2,full,1,INSUFFICIENT,INSUFFICIENT,False,1,False
N1,margin_0.95,joint_approval-2-full,joint_approval-2,full,2,INSUFFICIENT,INSUFFICIENT,False,1,False
N1,margin_0.95,joint_approval-2-hold,joint_approval-2,hold,0,ALLOW,INSUFFICIENT,True,1,False
N1,margin_0.95,joint_approval-2-hold,joint_approval-2,hold,1,ALLOW,INSUFFICIENT,True,1,False
N1,margin_0.95,joint_approval-2-hold,joint_approval-2,hold,2,ALLOW,INSUFFICIENT,True,1,False
N1,margin_0.95,joint_approval-2-nondecisive_missing,joint_approval-2,nondecisive_missing,0,DENY,INSUFFICIENT,True,1,False
N1,margin_0.95,joint_approval-2-nondecisive_missing,joint_approval-2,nondecisive_missing,1,INSUFFICIENT,INSUFFICIENT,False,1,False
N1,margin_0.95,joint_approval-2-nondecisive_missing,joint_approval-2,nondecisive_missing,2,DENY,INSUFFICIENT,True,1,False
N1,margin_0.95,joint_approval-3-conflict,joint_approval-3,conflict,0,DENY,INSUFFICIENT,True,1,False
N1,margin_0.95,joint_approval-3-conflict,joint_approval-3,conflict,1,DENY,INSUFFICIENT,True,1,False
N1,margin_0.95,joint_approval-3-conflict,joint_approval-3,conflict,2,DENY,INSUFFICIENT,True,1,False
N1,margin_0.95,joint_approval-3-decisive_missing,joint_approval-3,decisive_missing,0,ALLOW,INSUFFICIENT,True,1,False
N1,margin_0.95,joint_approval-3-decisive_missing,joint_approval-3,decisive_missing,1,ALLOW,INSUFFICIENT,True,1,False
N1,margin_0.95,joint_approval-3-decisive_missing,joint_approval-3,decisive_missing,2,ALLOW,INSUFFICIENT,True,1,False
N1,margin_0.95,joint_approval-3-flip,joint_approval-3,flip,0,INSUFFICIENT,INSUFFICIENT,False,1,False
N1,margin_0.95,joint_approval-3-flip,joint_approval-3,flip,1,INSUFFICIENT,INSUFFICIENT,False,1,False
N1,margin_0.95,joint_approval-3-flip,joint_approval-3,flip,2,DENY,INSUFFICIENT,True,1,False
N1,margin_0.95,joint_approval-3-full,joint_approval-3,full,0,ALLOW,INSUFFICIENT,True,1,False
N1,margin_0.95,joint_approval-3-full,joint_approval-3,full,1,ALLOW,INSUFFICIENT,True,1,False
N1,margin_0.95,joint_approval-3-full,joint_approval-3,full,2,ALLOW,INSUFFICIENT,True,1,False
N1,margin_0.95,joint_approval-3-hold,joint_approval-3,hold,0,ALLOW,INSUFFICIENT,True,1,False
N1,margin_0.95,joint_approval-3-hold,joint_approval-3,hold,1,ALLOW,INSUFFICIENT,True,1,False
N1,margin_0.95,joint_approval-3-hold,joint_approval-3,hold,2,ALLOW,INSUFFICIENT,True,1,False
N1,margin_0.95,joint_approval-3-nondecisive_missing,joint_approval-3,nondecisive_missing,0,ALLOW,ALLOW,False,1,False
N1,margin_0.95,joint_approval-3-nondecisive_missing,joint_approval-3,nondecisive_missing,1,ALLOW,INSUFFICIENT,True,1,False
N1,margin_0.95,joint_approval-3-nondecisive_missing,joint_approval-3,nondecisive_missing,2,ALLOW,INSUFFICIENT,True,1,False
N1,margin_0.95,joint_approval-4-conflict,joint_approval-4,conflict,0,ALLOW,INSUFFICIENT,True,1,False
N1,margin_0.95,joint_approval-4-conflict,joint_approval-4,conflict,1,ALLOW,INSUFFICIENT,True,1,False
N1,margin_0.95,joint_approval-4-conflict,joint_approval-4,conflict,2,ALLOW,INSUFFICIENT,True,1,False
N1,margin_0.95,joint_approval-4-decisive_missing,joint_approval-4,decisive_missing,0,ALLOW,INSUFFICIENT,True,1,False
N1,margin_0.95,joint_approval-4-decisive_missing,joint_approval-4,decisive_missing,1,ALLOW,INSUFFICIENT,True,1,False
N1,margin_0.95,joint_approval-4-decisive_missing,joint_approval-4,decisive_missing,2,ALLOW,INSUFFICIENT,True,1,False
N1,margin_0.95,joint_approval-4-flip,joint_approval-4,flip,0,ALLOW,INSUFFICIENT,True,1,False
N1,margin_0.95,joint_approval-4-flip,joint_approval-4,flip,1,ALLOW,INSUFFICIENT,True,1,False
N1,margin_0.95,joint_approval-4-flip,joint_approval-4,flip,2,ALLOW,INSUFFICIENT,True,1,False
N1,margin_0.95,joint_approval-4-full,joint_approval-4,full,0,INSUFFICIENT,INSUFFICIENT,False,1,False
N1,margin_0.95,joint_approval-4-full,joint_approval-4,full,1,ALLOW,INSUFFICIENT,True,1,False
N1,margin_0.95,joint_approval-4-full,joint_approval-4,full,2,INSUFFICIENT,INSUFFICIENT,False,1,False
N1,margin_0.95,joint_approval-4-hold,joint_approval-4,hold,0,DENY,INSUFFICIENT,True,1,False
N1,margin_0.95,joint_approval-4-hold,joint_approval-4,hold,1,ALLOW,INSUFFICIENT,True,1,False
N1,margin_0.95,joint_approval-4-hold,joint_approval-4,hold,2,ALLOW,INSUFFICIENT,True,1,False
N1,margin_0.95,joint_approval-4-nondecisive_missing,joint_approval-4,nondecisive_missing,0,DENY,INSUFFICIENT,True,1,False
N1,margin_0.95,joint_approval-4-nondecisive_missing,joint_approval-4,nondecisive_missing,1,DENY,INSUFFICIENT,True,1,False
N1,margin_0.95,joint_approval-4-nondecisive_missing,joint_approval-4,nondecisive_missing,2,DENY,INSUFFICIENT,True,1,False
N1,margin_0.95,reversal_exception-1-conflict,reversal_exception-1,conflict,0,ALLOW,INSUFFICIENT,True,1,False
N1,margin_0.95,reversal_exception-1-conflict,reversal_exception-1,conflict,1,ALLOW,INSUFFICIENT,True,1,False
N1,margin_0.95,reversal_exception-1-conflict,reversal_exception-1,conflict,2,ALLOW,INSUFFICIENT,True,1,False
N1,margin_0.95,reversal_exception-1-decisive_missing,reversal_exception-1,decisive_missing,0,ALLOW,INSUFFICIENT,True,1,False
N1,margin_0.95,reversal_exception-1-decisive_missing,reversal_exception-1,decisive_missing,1,ALLOW,INSUFFICIENT,True,1,False
N1,margin_0.95,reversal_exception-1-decisive_missing,reversal_exception-1,decisive_missing,2,ALLOW,INSUFFICIENT,True,1,False
N1,margin_0.95,reversal_exception-1-flip,reversal_exception-1,flip,0,ALLOW,INSUFFICIENT,True,1,False
N1,margin_0.95,reversal_exception-1-flip,reversal_exception-1,flip,1,ALLOW,INSUFFICIENT,True,1,False
N1,margin_0.95,reversal_exception-1-flip,reversal_exception-1,flip,2,ALLOW,INSUFFICIENT,True,1,False
N1,margin_0.95,reversal_exception-1-full,reversal_exception-1,full,0,ALLOW,INSUFFICIENT,True,1,False
N1,margin_0.95,reversal_exception-1-full,reversal_exception-1,full,1,ALLOW,INSUFFICIENT,True,1,False
N1,margin_0.95,reversal_exception-1-full,reversal_exception-1,full,2,ALLOW,INSUFFICIENT,True,1,False
N1,margin_0.95,reversal_exception-1-hold,reversal_exception-1,hold,0,ALLOW,INSUFFICIENT,True,1,False
N1,margin_0.95,reversal_exception-1-hold,reversal_exception-1,hold,1,ALLOW,INSUFFICIENT,True,1,False
N1,margin_0.95,reversal_exception-1-hold,reversal_exception-1,hold,2,ALLOW,INSUFFICIENT,True,1,False
N1,margin_0.95,reversal_exception-1-nondecisive_missing,reversal_exception-1,nondecisive_missing,0,ALLOW,INSUFFICIENT,True,1,False
N1,margin_0.95,reversal_exception-1-nondecisive_missing,reversal_exception-1,nondecisive_missing,1,ALLOW,INSUFFICIENT,True,1,False
N1,margin_0.95,reversal_exception-1-nondecisive_missing,reversal_exception-1,nondecisive_missing,2,ALLOW,INSUFFICIENT,True,1,False
N1,margin_0.95,reversal_exception-2-conflict,reversal_exception-2,conflict,0,ALLOW,INSUFFICIENT,True,1,False
N1,margin_0.95,reversal_exception-2-conflict,reversal_exception-2,conflict,1,ALLOW,INSUFFICIENT,True,1,False
N1,margin_0.95,reversal_exception-2-conflict,reversal_exception-2,conflict,2,ALLOW,INSUFFICIENT,True,1,False
N1,margin_0.95,reversal_exception-2-decisive_missing,reversal_exception-2,decisive_missing,0,ALLOW,INSUFFICIENT,True,1,False
N1,margin_0.95,reversal_exception-2-decisive_missing,reversal_exception-2,decisive_missing,1,DENY,INSUFFICIENT,True,1,False
N1,margin_0.95,reversal_exception-2-decisive_missing,reversal_exception-2,decisive_missing,2,ALLOW,INSUFFICIENT,True,1,False
N1,margin_0.95,reversal_exception-2-flip,reversal_exception-2,flip,0,ALLOW,INSUFFICIENT,True,1,False
N1,margin_0.95,reversal_exception-2-flip,reversal_exception-2,flip,1,ALLOW,INSUFFICIENT,True,1,False
N1,margin_0.95,reversal_exception-2-flip,reversal_exception-2,flip,2,ALLOW,INSUFFICIENT,True,1,False
N1,margin_0.95,reversal_exception-2-full,reversal_exception-2,full,0,ALLOW,INSUFFICIENT,True,1,False
N1,margin_0.95,reversal_exception-2-full,reversal_exception-2,full,1,ALLOW,INSUFFICIENT,True,1,False
N1,margin_0.95,reversal_exception-2-full,reversal_exception-2,full,2,ALLOW,INSUFFICIENT,True,1,False
N1,margin_0.95,reversal_exception-2-hold,reversal_exception-2,hold,0,ALLOW,INSUFFICIENT,True,1,False
N1,margin_0.95,reversal_exception-2-hold,reversal_exception-2,hold,1,ALLOW,INSUFFICIENT,True,1,False
N1,margin_0.95,reversal_exception-2-hold,reversal_exception-2,hold,2,ALLOW,INSUFFICIENT,True,1,False
N1,margin_0.95,reversal_exception-2-nondecisive_missing,reversal_exception-2,nondecisive_missing,0,ALLOW,INSUFFICIENT,True,1,False
N1,margin_0.95,reversal_exception-2-nondecisive_missing,reversal_exception-2,nondecisive_missing,1,DENY,INSUFFICIENT,True,1,False
N1,margin_0.95,reversal_exception-2-nondecisive_missing,reversal_exception-2,nondecisive_missing,2,ALLOW,INSUFFICIENT,True,1,False
N1,margin_0.95,reversal_exception-3-conflict,reversal_exception-3,conflict,0,ALLOW,INSUFFICIENT,True,1,False
N1,margin_0.95,reversal_exception-3-conflict,reversal_exception-3,conflict,1,DENY,INSUFFICIENT,True,1,False
N1,margin_0.95,reversal_exception-3-conflict,reversal_exception-3,conflict,2,INSUFFICIENT,INSUFFICIENT,False,1,False
N1,margin_0.95,reversal_exception-3-decisive_missing,reversal_exception-3,decisive_missing,0,ALLOW,INSUFFICIENT,True,1,False
N1,margin_0.95,reversal_exception-3-decisive_missing,reversal_exception-3,decisive_missing,1,DENY,INSUFFICIENT,True,1,False
N1,margin_0.95,reversal_exception-3-decisive_missing,reversal_exception-3,decisive_missing,2,INSUFFICIENT,INSUFFICIENT,False,1,False
N1,margin_0.95,reversal_exception-3-flip,reversal_exception-3,flip,0,ALLOW,INSUFFICIENT,True,1,False
N1,margin_0.95,reversal_exception-3-flip,reversal_exception-3,flip,1,DENY,INSUFFICIENT,True,1,False
N1,margin_0.95,reversal_exception-3-flip,reversal_exception-3,flip,2,INSUFFICIENT,INSUFFICIENT,False,1,False
N1,margin_0.95,reversal_exception-3-full,reversal_exception-3,full,0,ALLOW,INSUFFICIENT,True,1,False
N1,margin_0.95,reversal_exception-3-full,reversal_exception-3,full,1,DENY,INSUFFICIENT,True,1,False
N1,margin_0.95,reversal_exception-3-full,reversal_exception-3,full,2,INSUFFICIENT,INSUFFICIENT,False,1,False
N1,margin_0.95,reversal_exception-3-hold,reversal_exception-3,hold,0,DENY,INSUFFICIENT,True,1,False
N1,margin_0.95,reversal_exception-3-hold,reversal_exception-3,hold,1,DENY,INSUFFICIENT,True,1,False
N1,margin_0.95,reversal_exception-3-hold,reversal_exception-3,hold,2,DENY,INSUFFICIENT,True,1,False
N1,margin_0.95,reversal_exception-3-nondecisive_missing,reversal_exception-3,nondecisive_missing,0,ALLOW,INSUFFICIENT,True,1,False
N1,margin_0.95,reversal_exception-3-nondecisive_missing,reversal_exception-3,nondecisive_missing,1,DENY,INSUFFICIENT,True,1,False
N1,margin_0.95,reversal_exception-3-nondecisive_missing,reversal_exception-3,nondecisive_missing,2,INSUFFICIENT,INSUFFICIENT,False,1,False
N1,margin_0.95,reversal_exception-4-conflict,reversal_exception-4,conflict,0,ALLOW,INSUFFICIENT,True,1,False
N1,margin_0.95,reversal_exception-4-conflict,reversal_exception-4,conflict,1,DENY,INSUFFICIENT,True,1,False
N1,margin_0.95,reversal_exception-4-conflict,reversal_exception-4,conflict,2,INSUFFICIENT,INSUFFICIENT,False,1,False
N1,margin_0.95,reversal_exception-4-decisive_missing,reversal_exception-4,decisive_missing,0,DENY,INSUFFICIENT,True,1,False
N1,margin_0.95,reversal_exception-4-decisive_missing,reversal_exception-4,decisive_missing,1,DENY,INSUFFICIENT,True,1,False
N1,margin_0.95,reversal_exception-4-decisive_missing,reversal_exception-4,decisive_missing,2,DENY,INSUFFICIENT,True,1,False
N1,margin_0.95,reversal_exception-4-flip,reversal_exception-4,flip,0,ALLOW,INSUFFICIENT,True,1,False
N1,margin_0.95,reversal_exception-4-flip,reversal_exception-4,flip,1,DENY,INSUFFICIENT,True,1,False
N1,margin_0.95,reversal_exception-4-flip,reversal_exception-4,flip,2,ALLOW,INSUFFICIENT,True,1,False
N1,margin_0.95,reversal_exception-4-full,reversal_exception-4,full,0,ALLOW,INSUFFICIENT,True,1,False
N1,margin_0.95,reversal_exception-4-full,reversal_exception-4,full,1,DENY,INSUFFICIENT,True,1,False
N1,margin_0.95,reversal_exception-4-full,reversal_exception-4,full,2,INSUFFICIENT,INSUFFICIENT,False,1,False
N1,margin_0.95,reversal_exception-4-hold,reversal_exception-4,hold,0,DENY,INSUFFICIENT,True,1,False
N1,margin_0.95,reversal_exception-4-hold,reversal_exception-4,hold,1,DENY,INSUFFICIENT,True,1,False
N1,margin_0.95,reversal_exception-4-hold,reversal_exception-4,hold,2,DENY,INSUFFICIENT,True,1,False
N1,margin_0.95,reversal_exception-4-nondecisive_missing,reversal_exception-4,nondecisive_missing,0,ALLOW,INSUFFICIENT,True,1,False
N1,margin_0.95,reversal_exception-4-nondecisive_missing,reversal_exception-4,nondecisive_missing,1,DENY,INSUFFICIENT,True,1,False
N1,margin_0.95,reversal_exception-4-nondecisive_missing,reversal_exception-4,nondecisive_missing,2,INSUFFICIENT,INSUFFICIENT,False,1,False
N1,margin_0.95,route_lookup-1-conflict,route_lookup-1,conflict,0,ALLOW,INSUFFICIENT,True,1,False
N1,margin_0.95,route_lookup-1-conflict,route_lookup-1,conflict,1,ALLOW,INSUFFICIENT,True,1,False
N1,margin_0.95,route_lookup-1-conflict,route_lookup-1,conflict,2,ALLOW,INSUFFICIENT,True,1,False
N1,margin_0.95,route_lookup-1-decisive_missing,route_lookup-1,decisive_missing,0,ALLOW,INSUFFICIENT,True,1,False
N1,margin_0.95,route_lookup-1-decisive_missing,route_lookup-1,decisive_missing,1,ALLOW,INSUFFICIENT,True,1,False
N1,margin_0.95,route_lookup-1-decisive_missing,route_lookup-1,decisive_missing,2,ALLOW,INSUFFICIENT,True,1,False
N1,margin_0.95,route_lookup-1-flip,route_lookup-1,flip,0,DENY,INSUFFICIENT,True,1,False
N1,margin_0.95,route_lookup-1-flip,route_lookup-1,flip,1,INSUFFICIENT,INSUFFICIENT,False,1,False
N1,margin_0.95,route_lookup-1-flip,route_lookup-1,flip,2,DENY,INSUFFICIENT,True,1,False
N1,margin_0.95,route_lookup-1-full,route_lookup-1,full,0,ALLOW,INSUFFICIENT,True,1,False
N1,margin_0.95,route_lookup-1-full,route_lookup-1,full,1,ALLOW,INSUFFICIENT,True,1,False
N1,margin_0.95,route_lookup-1-full,route_lookup-1,full,2,ALLOW,INSUFFICIENT,True,1,False
N1,margin_0.95,route_lookup-1-hold,route_lookup-1,hold,0,ALLOW,INSUFFICIENT,True,1,False
N1,margin_0.95,route_lookup-1-hold,route_lookup-1,hold,1,ALLOW,INSUFFICIENT,True,1,False
N1,margin_0.95,route_lookup-1-hold,route_lookup-1,hold,2,ALLOW,INSUFFICIENT,True,1,False
N1,margin_0.95,route_lookup-1-nondecisive_missing,route_lookup-1,nondecisive_missing,0,ALLOW,INSUFFICIENT,True,1,False
N1,margin_0.95,route_lookup-1-nondecisive_missing,route_lookup-1,nondecisive_missing,1,ALLOW,INSUFFICIENT,True,1,False
N1,margin_0.95,route_lookup-1-nondecisive_missing,route_lookup-1,nondecisive_missing,2,ALLOW,INSUFFICIENT,True,1,False
N1,margin_0.95,route_lookup-2-conflict,route_lookup-2,conflict,0,ALLOW,INSUFFICIENT,True,1,False
N1,margin_0.95,route_lookup-2-conflict,route_lookup-2,conflict,1,ALLOW,INSUFFICIENT,True,1,False
N1,margin_0.95,route_lookup-2-conflict,route_lookup-2,conflict,2,ALLOW,INSUFFICIENT,True,1,False
N1,margin_0.95,route_lookup-2-decisive_missing,route_lookup-2,decisive_missing,0,ALLOW,INSUFFICIENT,True,1,False
N1,margin_0.95,route_lookup-2-decisive_missing,route_lookup-2,decisive_missing,1,ALLOW,INSUFFICIENT,True,1,False
N1,margin_0.95,route_lookup-2-decisive_missing,route_lookup-2,decisive_missing,2,ALLOW,INSUFFICIENT,True,1,False
N1,margin_0.95,route_lookup-2-flip,route_lookup-2,flip,0,ALLOW,INSUFFICIENT,True,1,False
N1,margin_0.95,route_lookup-2-flip,route_lookup-2,flip,1,ALLOW,INSUFFICIENT,True,1,False
N1,margin_0.95,route_lookup-2-flip,route_lookup-2,flip,2,ALLOW,INSUFFICIENT,True,1,False
N1,margin_0.95,route_lookup-2-full,route_lookup-2,full,0,DENY,INSUFFICIENT,True,1,False
N1,margin_0.95,route_lookup-2-full,route_lookup-2,full,1,ALLOW,INSUFFICIENT,True,1,False
N1,margin_0.95,route_lookup-2-full,route_lookup-2,full,2,ALLOW,INSUFFICIENT,True,1,False
N1,margin_0.95,route_lookup-2-hold,route_lookup-2,hold,0,ALLOW,INSUFFICIENT,True,1,False
N1,margin_0.95,route_lookup-2-hold,route_lookup-2,hold,1,ALLOW,INSUFFICIENT,True,1,False
N1,margin_0.95,route_lookup-2-hold,route_lookup-2,hold,2,ALLOW,INSUFFICIENT,True,1,False
N1,margin_0.95,route_lookup-2-nondecisive_missing,route_lookup-2,nondecisive_missing,0,DENY,INSUFFICIENT,True,1,False
N1,margin_0.95,route_lookup-2-nondecisive_missing,route_lookup-2,nondecisive_missing,1,DENY,INSUFFICIENT,True,1,False
N1,margin_0.95,route_lookup-2-nondecisive_missing,route_lookup-2,nondecisive_missing,2,DENY,INSUFFICIENT,True,1,False
N1,margin_0.95,route_lookup-3-conflict,route_lookup-3,conflict,0,ALLOW,INSUFFICIENT,True,1,False
N1,margin_0.95,route_lookup-3-conflict,route_lookup-3,conflict,1,ALLOW,INSUFFICIENT,True,1,False
N1,margin_0.95,route_lookup-3-conflict,route_lookup-3,conflict,2,ALLOW,INSUFFICIENT,True,1,False
N1,margin_0.95,route_lookup-3-decisive_missing,route_lookup-3,decisive_missing,0,ALLOW,INSUFFICIENT,True,1,False
N1,margin_0.95,route_lookup-3-decisive_missing,route_lookup-3,decisive_missing,1,ALLOW,INSUFFICIENT,True,1,False
N1,margin_0.95,route_lookup-3-decisive_missing,route_lookup-3,decisive_missing,2,ALLOW,INSUFFICIENT,True,1,False
N1,margin_0.95,route_lookup-3-flip,route_lookup-3,flip,0,DENY,INSUFFICIENT,True,1,False
N1,margin_0.95,route_lookup-3-flip,route_lookup-3,flip,1,INSUFFICIENT,INSUFFICIENT,False,1,False
N1,margin_0.95,route_lookup-3-flip,route_lookup-3,flip,2,DENY,INSUFFICIENT,True,1,False
N1,margin_0.95,route_lookup-3-full,route_lookup-3,full,0,ALLOW,INSUFFICIENT,True,1,False
N1,margin_0.95,route_lookup-3-full,route_lookup-3,full,1,ALLOW,INSUFFICIENT,True,1,False
N1,margin_0.95,route_lookup-3-full,route_lookup-3,full,2,ALLOW,INSUFFICIENT,True,1,False
N1,margin_0.95,route_lookup-3-hold,route_lookup-3,hold,0,ALLOW,INSUFFICIENT,True,1,False
N1,margin_0.95,route_lookup-3-hold,route_lookup-3,hold,1,ALLOW,INSUFFICIENT,True,1,False
N1,margin_0.95,route_lookup-3-hold,route_lookup-3,hold,2,ALLOW,INSUFFICIENT,True,1,False
N1,margin_0.95,route_lookup-3-nondecisive_missing,route_lookup-3,nondecisive_missing,0,ALLOW,INSUFFICIENT,True,1,False
N1,margin_0.95,route_lookup-3-nondecisive_missing,route_lookup-3,nondecisive_missing,1,ALLOW,INSUFFICIENT,True,1,False
N1,margin_0.95,route_lookup-3-nondecisive_missing,route_lookup-3,nondecisive_missing,2,ALLOW,INSUFFICIENT,True,1,False
N1,margin_0.95,route_lookup-4-conflict,route_lookup-4,conflict,0,DENY,INSUFFICIENT,True,1,False
N1,margin_0.95,route_lookup-4-conflict,route_lookup-4,conflict,1,DENY,INSUFFICIENT,True,1,False
N1,margin_0.95,route_lookup-4-conflict,route_lookup-4,conflict,2,DENY,INSUFFICIENT,True,1,False
N1,margin_0.95,route_lookup-4-decisive_missing,route_lookup-4,decisive_missing,0,ALLOW,INSUFFICIENT,True,1,False
N1,margin_0.95,route_lookup-4-decisive_missing,route_lookup-4,decisive_missing,1,ALLOW,INSUFFICIENT,True,1,False
N1,margin_0.95,route_lookup-4-decisive_missing,route_lookup-4,decisive_missing,2,ALLOW,INSUFFICIENT,True,1,False
N1,margin_0.95,route_lookup-4-flip,route_lookup-4,flip,0,ALLOW,INSUFFICIENT,True,1,False
N1,margin_0.95,route_lookup-4-flip,route_lookup-4,flip,1,ALLOW,INSUFFICIENT,True,1,False
N1,margin_0.95,route_lookup-4-flip,route_lookup-4,flip,2,ALLOW,INSUFFICIENT,True,1,False
N1,margin_0.95,route_lookup-4-full,route_lookup-4,full,0,DENY,INSUFFICIENT,True,1,False
N1,margin_0.95,route_lookup-4-full,route_lookup-4,full,1,DENY,INSUFFICIENT,True,1,False
N1,margin_0.95,route_lookup-4-full,route_lookup-4,full,2,DENY,INSUFFICIENT,True,1,False
N1,margin_0.95,route_lookup-4-hold,route_lookup-4,hold,0,ALLOW,INSUFFICIENT,True,1,False
N1,margin_0.95,route_lookup-4-hold,route_lookup-4,hold,1,ALLOW,INSUFFICIENT,True,1,False
N1,margin_0.95,route_lookup-4-hold,route_lookup-4,hold,2,ALLOW,INSUFFICIENT,True,1,False
N1,margin_0.95,route_lookup-4-nondecisive_missing,route_lookup-4,nondecisive_missing,0,DENY,INSUFFICIENT,True,1,False
N1,margin_0.95,route_lookup-4-nondecisive_missing,route_lookup-4,nondecisive_missing,1,DENY,INSUFFICIENT,True,1,False
N1,margin_0.95,route_lookup-4-nondecisive_missing,route_lookup-4,nondecisive_missing,2,DENY,INSUFFICIENT,True,1,False
N1,schema_presence,joint_approval-1-conflict,joint_approval-1,conflict,0,DENY,INSUFFICIENT,True,1,True
N1,schema_presence,joint_approval-1-conflict,joint_approval-1,conflict,1,DENY,INSUFFICIENT,True,1,True
N1,schema_presence,joint_approval-1-conflict,joint_approval-1,conflict,2,INSUFFICIENT,INSUFFICIENT,False,1,True
N1,schema_presence,joint_approval-1-decisive_missing,joint_approval-1,decisive_missing,0,ALLOW,INSUFFICIENT,True,1,True
N1,schema_presence,joint_approval-1-decisive_missing,joint_approval-1,decisive_missing,1,ALLOW,INSUFFICIENT,True,1,True
N1,schema_presence,joint_approval-1-decisive_missing,joint_approval-1,decisive_missing,2,ALLOW,INSUFFICIENT,True,1,True
N1,schema_presence,joint_approval-1-flip,joint_approval-1,flip,0,INSUFFICIENT,INSUFFICIENT,False,1,True
N1,schema_presence,joint_approval-1-flip,joint_approval-1,flip,1,INSUFFICIENT,INSUFFICIENT,False,1,True
N1,schema_presence,joint_approval-1-flip,joint_approval-1,flip,2,INSUFFICIENT,INSUFFICIENT,False,1,True
N1,schema_presence,joint_approval-1-full,joint_approval-1,full,0,ALLOW,ALLOW,False,1,True
N1,schema_presence,joint_approval-1-full,joint_approval-1,full,1,ALLOW,ALLOW,False,1,True
N1,schema_presence,joint_approval-1-full,joint_approval-1,full,2,ALLOW,ALLOW,False,1,True
N1,schema_presence,joint_approval-1-hold,joint_approval-1,hold,0,ALLOW,ALLOW,False,1,True
N1,schema_presence,joint_approval-1-hold,joint_approval-1,hold,1,ALLOW,ALLOW,False,1,True
N1,schema_presence,joint_approval-1-hold,joint_approval-1,hold,2,ALLOW,ALLOW,False,1,True
N1,schema_presence,joint_approval-1-nondecisive_missing,joint_approval-1,nondecisive_missing,0,ALLOW,ALLOW,False,1,True
N1,schema_presence,joint_approval-1-nondecisive_missing,joint_approval-1,nondecisive_missing,1,ALLOW,ALLOW,False,1,True
N1,schema_presence,joint_approval-1-nondecisive_missing,joint_approval-1,nondecisive_missing,2,ALLOW,ALLOW,False,1,True
N1,schema_presence,joint_approval-2-conflict,joint_approval-2,conflict,0,ALLOW,INSUFFICIENT,True,1,True
N1,schema_presence,joint_approval-2-conflict,joint_approval-2,conflict,1,ALLOW,INSUFFICIENT,True,1,True
N1,schema_presence,joint_approval-2-conflict,joint_approval-2,conflict,2,ALLOW,INSUFFICIENT,True,1,True
N1,schema_presence,joint_approval-2-decisive_missing,joint_approval-2,decisive_missing,0,ALLOW,INSUFFICIENT,True,1,True
N1,schema_presence,joint_approval-2-decisive_missing,joint_approval-2,decisive_missing,1,ALLOW,INSUFFICIENT,True,1,True
N1,schema_presence,joint_approval-2-decisive_missing,joint_approval-2,decisive_missing,2,ALLOW,INSUFFICIENT,True,1,True
N1,schema_presence,joint_approval-2-flip,joint_approval-2,flip,0,ALLOW,ALLOW,False,1,True
N1,schema_presence,joint_approval-2-flip,joint_approval-2,flip,1,ALLOW,ALLOW,False,1,True
N1,schema_presence,joint_approval-2-flip,joint_approval-2,flip,2,ALLOW,ALLOW,False,1,True
N1,schema_presence,joint_approval-2-full,joint_approval-2,full,0,INSUFFICIENT,INSUFFICIENT,False,1,True
N1,schema_presence,joint_approval-2-full,joint_approval-2,full,1,INSUFFICIENT,INSUFFICIENT,False,1,True
N1,schema_presence,joint_approval-2-full,joint_approval-2,full,2,INSUFFICIENT,INSUFFICIENT,False,1,True
N1,schema_presence,joint_approval-2-hold,joint_approval-2,hold,0,ALLOW,ALLOW,False,1,True
N1,schema_presence,joint_approval-2-hold,joint_approval-2,hold,1,ALLOW,ALLOW,False,1,True
N1,schema_presence,joint_approval-2-hold,joint_approval-2,hold,2,ALLOW,ALLOW,False,1,True
N1,schema_presence,joint_approval-2-nondecisive_missing,joint_approval-2,nondecisive_missing,0,DENY,INSUFFICIENT,True,1,True
N1,schema_presence,joint_approval-2-nondecisive_missing,joint_approval-2,nondecisive_missing,1,INSUFFICIENT,INSUFFICIENT,False,1,True
N1,schema_presence,joint_approval-2-nondecisive_missing,joint_approval-2,nondecisive_missing,2,DENY,INSUFFICIENT,True,1,True
N1,schema_presence,joint_approval-3-conflict,joint_approval-3,conflict,0,DENY,INSUFFICIENT,True,1,True
N1,schema_presence,joint_approval-3-conflict,joint_approval-3,conflict,1,DENY,INSUFFICIENT,True,1,True
N1,schema_presence,joint_approval-3-conflict,joint_approval-3,conflict,2,DENY,INSUFFICIENT,True,1,True
N1,schema_presence,joint_approval-3-decisive_missing,joint_approval-3,decisive_missing,0,ALLOW,INSUFFICIENT,True,1,True
N1,schema_presence,joint_approval-3-decisive_missing,joint_approval-3,decisive_missing,1,ALLOW,INSUFFICIENT,True,1,True
N1,schema_presence,joint_approval-3-decisive_missing,joint_approval-3,decisive_missing,2,ALLOW,INSUFFICIENT,True,1,True
N1,schema_presence,joint_approval-3-flip,joint_approval-3,flip,0,INSUFFICIENT,INSUFFICIENT,False,1,True
N1,schema_presence,joint_approval-3-flip,joint_approval-3,flip,1,INSUFFICIENT,INSUFFICIENT,False,1,True
N1,schema_presence,joint_approval-3-flip,joint_approval-3,flip,2,DENY,DENY,False,1,True
N1,schema_presence,joint_approval-3-full,joint_approval-3,full,0,ALLOW,ALLOW,False,1,True
N1,schema_presence,joint_approval-3-full,joint_approval-3,full,1,ALLOW,ALLOW,False,1,True
N1,schema_presence,joint_approval-3-full,joint_approval-3,full,2,ALLOW,ALLOW,False,1,True
N1,schema_presence,joint_approval-3-hold,joint_approval-3,hold,0,ALLOW,ALLOW,False,1,True
N1,schema_presence,joint_approval-3-hold,joint_approval-3,hold,1,ALLOW,ALLOW,False,1,True
N1,schema_presence,joint_approval-3-hold,joint_approval-3,hold,2,ALLOW,ALLOW,False,1,True
N1,schema_presence,joint_approval-3-nondecisive_missing,joint_approval-3,nondecisive_missing,0,ALLOW,ALLOW,False,1,True
N1,schema_presence,joint_approval-3-nondecisive_missing,joint_approval-3,nondecisive_missing,1,ALLOW,ALLOW,False,1,True
N1,schema_presence,joint_approval-3-nondecisive_missing,joint_approval-3,nondecisive_missing,2,ALLOW,ALLOW,False,1,True
N1,schema_presence,joint_approval-4-conflict,joint_approval-4,conflict,0,ALLOW,INSUFFICIENT,True,1,True
N1,schema_presence,joint_approval-4-conflict,joint_approval-4,conflict,1,ALLOW,INSUFFICIENT,True,1,True
N1,schema_presence,joint_approval-4-conflict,joint_approval-4,conflict,2,ALLOW,INSUFFICIENT,True,1,True
N1,schema_presence,joint_approval-4-decisive_missing,joint_approval-4,decisive_missing,0,ALLOW,INSUFFICIENT,True,1,True
N1,schema_presence,joint_approval-4-decisive_missing,joint_approval-4,decisive_missing,1,ALLOW,INSUFFICIENT,True,1,True
N1,schema_presence,joint_approval-4-decisive_missing,joint_approval-4,decisive_missing,2,ALLOW,INSUFFICIENT,True,1,True
N1,schema_presence,joint_approval-4-flip,joint_approval-4,flip,0,ALLOW,ALLOW,False,1,True
N1,schema_presence,joint_approval-4-flip,joint_approval-4,flip,1,ALLOW,ALLOW,False,1,True
N1,schema_presence,joint_approval-4-flip,joint_approval-4,flip,2,ALLOW,ALLOW,False,1,True
N1,schema_presence,joint_approval-4-full,joint_approval-4,full,0,INSUFFICIENT,INSUFFICIENT,False,1,True
N1,schema_presence,joint_approval-4-full,joint_approval-4,full,1,ALLOW,ALLOW,False,1,True
N1,schema_presence,joint_approval-4-full,joint_approval-4,full,2,INSUFFICIENT,INSUFFICIENT,False,1,True
N1,schema_presence,joint_approval-4-hold,joint_approval-4,hold,0,DENY,DENY,False,1,True
N1,schema_presence,joint_approval-4-hold,joint_approval-4,hold,1,ALLOW,ALLOW,False,1,True
N1,schema_presence,joint_approval-4-hold,joint_approval-4,hold,2,ALLOW,ALLOW,False,1,True
N1,schema_presence,joint_approval-4-nondecisive_missing,joint_approval-4,nondecisive_missing,0,DENY,INSUFFICIENT,True,1,True
N1,schema_presence,joint_approval-4-nondecisive_missing,joint_approval-4,nondecisive_missing,1,DENY,INSUFFICIENT,True,1,True
N1,schema_presence,joint_approval-4-nondecisive_missing,joint_approval-4,nondecisive_missing,2,DENY,INSUFFICIENT,True,1,True
N1,schema_presence,reversal_exception-1-conflict,reversal_exception-1,conflict,0,ALLOW,INSUFFICIENT,True,1,True
N1,schema_presence,reversal_exception-1-conflict,reversal_exception-1,conflict,1,ALLOW,INSUFFICIENT,True,1,True
N1,schema_presence,reversal_exception-1-conflict,reversal_exception-1,conflict,2,ALLOW,INSUFFICIENT,True,1,True
N1,schema_presence,reversal_exception-1-decisive_missing,reversal_exception-1,decisive_missing,0,ALLOW,INSUFFICIENT,True,1,True
N1,schema_presence,reversal_exception-1-decisive_missing,reversal_exception-1,decisive_missing,1,ALLOW,INSUFFICIENT,True,1,True
N1,schema_presence,reversal_exception-1-decisive_missing,reversal_exception-1,decisive_missing,2,ALLOW,INSUFFICIENT,True,1,True
N1,schema_presence,reversal_exception-1-flip,reversal_exception-1,flip,0,ALLOW,ALLOW,False,1,True
N1,schema_presence,reversal_exception-1-flip,reversal_exception-1,flip,1,ALLOW,ALLOW,False,1,True
N1,schema_presence,reversal_exception-1-flip,reversal_exception-1,flip,2,ALLOW,ALLOW,False,1,True
N1,schema_presence,reversal_exception-1-full,reversal_exception-1,full,0,ALLOW,ALLOW,False,1,True
N1,schema_presence,reversal_exception-1-full,reversal_exception-1,full,1,ALLOW,ALLOW,False,1,True
N1,schema_presence,reversal_exception-1-full,reversal_exception-1,full,2,ALLOW,ALLOW,False,1,True
N1,schema_presence,reversal_exception-1-hold,reversal_exception-1,hold,0,ALLOW,ALLOW,False,1,True
N1,schema_presence,reversal_exception-1-hold,reversal_exception-1,hold,1,ALLOW,ALLOW,False,1,True
N1,schema_presence,reversal_exception-1-hold,reversal_exception-1,hold,2,ALLOW,ALLOW,False,1,True
N1,schema_presence,reversal_exception-1-nondecisive_missing,reversal_exception-1,nondecisive_missing,0,ALLOW,ALLOW,False,1,True
N1,schema_presence,reversal_exception-1-nondecisive_missing,reversal_exception-1,nondecisive_missing,1,ALLOW,ALLOW,False,1,True
N1,schema_presence,reversal_exception-1-nondecisive_missing,reversal_exception-1,nondecisive_missing,2,ALLOW,ALLOW,False,1,True
N1,schema_presence,reversal_exception-2-conflict,reversal_exception-2,conflict,0,ALLOW,INSUFFICIENT,True,1,True
N1,schema_presence,reversal_exception-2-conflict,reversal_exception-2,conflict,1,ALLOW,INSUFFICIENT,True,1,True
N1,schema_presence,reversal_exception-2-conflict,reversal_exception-2,conflict,2,ALLOW,INSUFFICIENT,True,1,True
N1,schema_presence,reversal_exception-2-decisive_missing,reversal_exception-2,decisive_missing,0,ALLOW,INSUFFICIENT,True,1,True
N1,schema_presence,reversal_exception-2-decisive_missing,reversal_exception-2,decisive_missing,1,DENY,INSUFFICIENT,True,1,True
N1,schema_presence,reversal_exception-2-decisive_missing,reversal_exception-2,decisive_missing,2,ALLOW,INSUFFICIENT,True,1,True
N1,schema_presence,reversal_exception-2-flip,reversal_exception-2,flip,0,ALLOW,ALLOW,False,1,True
N1,schema_presence,reversal_exception-2-flip,reversal_exception-2,flip,1,ALLOW,ALLOW,False,1,True
N1,schema_presence,reversal_exception-2-flip,reversal_exception-2,flip,2,ALLOW,ALLOW,False,1,True
N1,schema_presence,reversal_exception-2-full,reversal_exception-2,full,0,ALLOW,ALLOW,False,1,True
N1,schema_presence,reversal_exception-2-full,reversal_exception-2,full,1,ALLOW,ALLOW,False,1,True
N1,schema_presence,reversal_exception-2-full,reversal_exception-2,full,2,ALLOW,ALLOW,False,1,True
N1,schema_presence,reversal_exception-2-hold,reversal_exception-2,hold,0,ALLOW,ALLOW,False,1,True
N1,schema_presence,reversal_exception-2-hold,reversal_exception-2,hold,1,ALLOW,ALLOW,False,1,True
N1,schema_presence,reversal_exception-2-hold,reversal_exception-2,hold,2,ALLOW,ALLOW,False,1,True
N1,schema_presence,reversal_exception-2-nondecisive_missing,reversal_exception-2,nondecisive_missing,0,ALLOW,ALLOW,False,1,True
N1,schema_presence,reversal_exception-2-nondecisive_missing,reversal_exception-2,nondecisive_missing,1,DENY,DENY,False,1,True
N1,schema_presence,reversal_exception-2-nondecisive_missing,reversal_exception-2,nondecisive_missing,2,ALLOW,ALLOW,False,1,True
N1,schema_presence,reversal_exception-3-conflict,reversal_exception-3,conflict,0,ALLOW,INSUFFICIENT,True,1,True
N1,schema_presence,reversal_exception-3-conflict,reversal_exception-3,conflict,1,DENY,INSUFFICIENT,True,1,True
N1,schema_presence,reversal_exception-3-conflict,reversal_exception-3,conflict,2,INSUFFICIENT,INSUFFICIENT,False,1,True
N1,schema_presence,reversal_exception-3-decisive_missing,reversal_exception-3,decisive_missing,0,ALLOW,INSUFFICIENT,True,1,True
N1,schema_presence,reversal_exception-3-decisive_missing,reversal_exception-3,decisive_missing,1,DENY,INSUFFICIENT,True,1,True
N1,schema_presence,reversal_exception-3-decisive_missing,reversal_exception-3,decisive_missing,2,INSUFFICIENT,INSUFFICIENT,False,1,True
N1,schema_presence,reversal_exception-3-flip,reversal_exception-3,flip,0,ALLOW,ALLOW,False,1,True
N1,schema_presence,reversal_exception-3-flip,reversal_exception-3,flip,1,DENY,DENY,False,1,True
N1,schema_presence,reversal_exception-3-flip,reversal_exception-3,flip,2,INSUFFICIENT,INSUFFICIENT,False,1,True
N1,schema_presence,reversal_exception-3-full,reversal_exception-3,full,0,ALLOW,ALLOW,False,1,True
N1,schema_presence,reversal_exception-3-full,reversal_exception-3,full,1,DENY,DENY,False,1,True
N1,schema_presence,reversal_exception-3-full,reversal_exception-3,full,2,INSUFFICIENT,INSUFFICIENT,False,1,True
N1,schema_presence,reversal_exception-3-hold,reversal_exception-3,hold,0,DENY,DENY,False,1,True
N1,schema_presence,reversal_exception-3-hold,reversal_exception-3,hold,1,DENY,DENY,False,1,True
N1,schema_presence,reversal_exception-3-hold,reversal_exception-3,hold,2,DENY,DENY,False,1,True
N1,schema_presence,reversal_exception-3-nondecisive_missing,reversal_exception-3,nondecisive_missing,0,ALLOW,ALLOW,False,1,True
N1,schema_presence,reversal_exception-3-nondecisive_missing,reversal_exception-3,nondecisive_missing,1,DENY,DENY,False,1,True
N1,schema_presence,reversal_exception-3-nondecisive_missing,reversal_exception-3,nondecisive_missing,2,INSUFFICIENT,INSUFFICIENT,False,1,True
N1,schema_presence,reversal_exception-4-conflict,reversal_exception-4,conflict,0,ALLOW,INSUFFICIENT,True,1,True
N1,schema_presence,reversal_exception-4-conflict,reversal_exception-4,conflict,1,DENY,INSUFFICIENT,True,1,True
N1,schema_presence,reversal_exception-4-conflict,reversal_exception-4,conflict,2,INSUFFICIENT,INSUFFICIENT,False,1,True
N1,schema_presence,reversal_exception-4-decisive_missing,reversal_exception-4,decisive_missing,0,DENY,INSUFFICIENT,True,1,True
N1,schema_presence,reversal_exception-4-decisive_missing,reversal_exception-4,decisive_missing,1,DENY,INSUFFICIENT,True,1,True
N1,schema_presence,reversal_exception-4-decisive_missing,reversal_exception-4,decisive_missing,2,DENY,INSUFFICIENT,True,1,True
N1,schema_presence,reversal_exception-4-flip,reversal_exception-4,flip,0,ALLOW,ALLOW,False,1,True
N1,schema_presence,reversal_exception-4-flip,reversal_exception-4,flip,1,DENY,DENY,False,1,True
N1,schema_presence,reversal_exception-4-flip,reversal_exception-4,flip,2,ALLOW,ALLOW,False,1,True
N1,schema_presence,reversal_exception-4-full,reversal_exception-4,full,0,ALLOW,ALLOW,False,1,True
N1,schema_presence,reversal_exception-4-full,reversal_exception-4,full,1,DENY,DENY,False,1,True
N1,schema_presence,reversal_exception-4-full,reversal_exception-4,full,2,INSUFFICIENT,INSUFFICIENT,False,1,True
N1,schema_presence,reversal_exception-4-hold,reversal_exception-4,hold,0,DENY,DENY,False,1,True
N1,schema_presence,reversal_exception-4-hold,reversal_exception-4,hold,1,DENY,DENY,False,1,True
N1,schema_presence,reversal_exception-4-hold,reversal_exception-4,hold,2,DENY,DENY,False,1,True
N1,schema_presence,reversal_exception-4-nondecisive_missing,reversal_exception-4,nondecisive_missing,0,ALLOW,ALLOW,False,1,True
N1,schema_presence,reversal_exception-4-nondecisive_missing,reversal_exception-4,nondecisive_missing,1,DENY,DENY,False,1,True
N1,schema_presence,reversal_exception-4-nondecisive_missing,reversal_exception-4,nondecisive_missing,2,INSUFFICIENT,INSUFFICIENT,False,1,True
N1,schema_presence,route_lookup-1-conflict,route_lookup-1,conflict,0,ALLOW,INSUFFICIENT,True,1,True
N1,schema_presence,route_lookup-1-conflict,route_lookup-1,conflict,1,ALLOW,INSUFFICIENT,True,1,True
N1,schema_presence,route_lookup-1-conflict,route_lookup-1,conflict,2,ALLOW,INSUFFICIENT,True,1,True
N1,schema_presence,route_lookup-1-decisive_missing,route_lookup-1,decisive_missing,0,ALLOW,INSUFFICIENT,True,1,True
N1,schema_presence,route_lookup-1-decisive_missing,route_lookup-1,decisive_missing,1,ALLOW,INSUFFICIENT,True,1,True
N1,schema_presence,route_lookup-1-decisive_missing,route_lookup-1,decisive_missing,2,ALLOW,INSUFFICIENT,True,1,True
N1,schema_presence,route_lookup-1-flip,route_lookup-1,flip,0,DENY,DENY,False,1,True
N1,schema_presence,route_lookup-1-flip,route_lookup-1,flip,1,INSUFFICIENT,INSUFFICIENT,False,1,True
N1,schema_presence,route_lookup-1-flip,route_lookup-1,flip,2,DENY,DENY,False,1,True
N1,schema_presence,route_lookup-1-full,route_lookup-1,full,0,ALLOW,ALLOW,False,1,True
N1,schema_presence,route_lookup-1-full,route_lookup-1,full,1,ALLOW,ALLOW,False,1,True
N1,schema_presence,route_lookup-1-full,route_lookup-1,full,2,ALLOW,ALLOW,False,1,True
N1,schema_presence,route_lookup-1-hold,route_lookup-1,hold,0,ALLOW,ALLOW,False,1,True
N1,schema_presence,route_lookup-1-hold,route_lookup-1,hold,1,ALLOW,ALLOW,False,1,True
N1,schema_presence,route_lookup-1-hold,route_lookup-1,hold,2,ALLOW,ALLOW,False,1,True
N1,schema_presence,route_lookup-1-nondecisive_missing,route_lookup-1,nondecisive_missing,0,ALLOW,INSUFFICIENT,True,1,True
N1,schema_presence,route_lookup-1-nondecisive_missing,route_lookup-1,nondecisive_missing,1,ALLOW,INSUFFICIENT,True,1,True
N1,schema_presence,route_lookup-1-nondecisive_missing,route_lookup-1,nondecisive_missing,2,ALLOW,INSUFFICIENT,True,1,True
N1,schema_presence,route_lookup-2-conflict,route_lookup-2,conflict,0,ALLOW,INSUFFICIENT,True,1,True
N1,schema_presence,route_lookup-2-conflict,route_lookup-2,conflict,1,ALLOW,INSUFFICIENT,True,1,True
N1,schema_presence,route_lookup-2-conflict,route_lookup-2,conflict,2,ALLOW,INSUFFICIENT,True,1,True
N1,schema_presence,route_lookup-2-decisive_missing,route_lookup-2,decisive_missing,0,ALLOW,INSUFFICIENT,True,1,True
N1,schema_presence,route_lookup-2-decisive_missing,route_lookup-2,decisive_missing,1,ALLOW,INSUFFICIENT,True,1,True
N1,schema_presence,route_lookup-2-decisive_missing,route_lookup-2,decisive_missing,2,ALLOW,INSUFFICIENT,True,1,True
N1,schema_presence,route_lookup-2-flip,route_lookup-2,flip,0,ALLOW,ALLOW,False,1,True
N1,schema_presence,route_lookup-2-flip,route_lookup-2,flip,1,ALLOW,ALLOW,False,1,True
N1,schema_presence,route_lookup-2-flip,route_lookup-2,flip,2,ALLOW,ALLOW,False,1,True
N1,schema_presence,route_lookup-2-full,route_lookup-2,full,0,DENY,DENY,False,1,True
N1,schema_presence,route_lookup-2-full,route_lookup-2,full,1,ALLOW,ALLOW,False,1,True
N1,schema_presence,route_lookup-2-full,route_lookup-2,full,2,ALLOW,ALLOW,False,1,True
N1,schema_presence,route_lookup-2-hold,route_lookup-2,hold,0,ALLOW,ALLOW,False,1,True
N1,schema_presence,route_lookup-2-hold,route_lookup-2,hold,1,ALLOW,ALLOW,False,1,True
N1,schema_presence,route_lookup-2-hold,route_lookup-2,hold,2,ALLOW,ALLOW,False,1,True
N1,schema_presence,route_lookup-2-nondecisive_missing,route_lookup-2,nondecisive_missing,0,DENY,INSUFFICIENT,True,1,True
N1,schema_presence,route_lookup-2-nondecisive_missing,route_lookup-2,nondecisive_missing,1,DENY,INSUFFICIENT,True,1,True
N1,schema_presence,route_lookup-2-nondecisive_missing,route_lookup-2,nondecisive_missing,2,DENY,INSUFFICIENT,True,1,True
N1,schema_presence,route_lookup-3-conflict,route_lookup-3,conflict,0,ALLOW,INSUFFICIENT,True,1,True
N1,schema_presence,route_lookup-3-conflict,route_lookup-3,conflict,1,ALLOW,INSUFFICIENT,True,1,True
N1,schema_presence,route_lookup-3-conflict,route_lookup-3,conflict,2,ALLOW,INSUFFICIENT,True,1,True
N1,schema_presence,route_lookup-3-decisive_missing,route_lookup-3,decisive_missing,0,ALLOW,INSUFFICIENT,True,1,True
N1,schema_presence,route_lookup-3-decisive_missing,route_lookup-3,decisive_missing,1,ALLOW,INSUFFICIENT,True,1,True
N1,schema_presence,route_lookup-3-decisive_missing,route_lookup-3,decisive_missing,2,ALLOW,INSUFFICIENT,True,1,True
N1,schema_presence,route_lookup-3-flip,route_lookup-3,flip,0,DENY,DENY,False,1,True
N1,schema_presence,route_lookup-3-flip,route_lookup-3,flip,1,INSUFFICIENT,INSUFFICIENT,False,1,True
N1,schema_presence,route_lookup-3-flip,route_lookup-3,flip,2,DENY,DENY,False,1,True
N1,schema_presence,route_lookup-3-full,route_lookup-3,full,0,ALLOW,ALLOW,False,1,True
N1,schema_presence,route_lookup-3-full,route_lookup-3,full,1,ALLOW,ALLOW,False,1,True
N1,schema_presence,route_lookup-3-full,route_lookup-3,full,2,ALLOW,ALLOW,False,1,True
N1,schema_presence,route_lookup-3-hold,route_lookup-3,hold,0,ALLOW,ALLOW,False,1,True
N1,schema_presence,route_lookup-3-hold,route_lookup-3,hold,1,ALLOW,ALLOW,False,1,True
N1,schema_presence,route_lookup-3-hold,route_lookup-3,hold,2,ALLOW,ALLOW,False,1,True
N1,schema_presence,route_lookup-3-nondecisive_missing,route_lookup-3,nondecisive_missing,0,ALLOW,INSUFFICIENT,True,1,True
N1,schema_presence,route_lookup-3-nondecisive_missing,route_lookup-3,nondecisive_missing,1,ALLOW,INSUFFICIENT,True,1,True
N1,schema_presence,route_lookup-3-nondecisive_missing,route_lookup-3,nondecisive_missing,2,ALLOW,INSUFFICIENT,True,1,True
N1,schema_presence,route_lookup-4-conflict,route_lookup-4,conflict,0,DENY,INSUFFICIENT,True,1,True
N1,schema_presence,route_lookup-4-conflict,route_lookup-4,conflict,1,DENY,INSUFFICIENT,True,1,True
N1,schema_presence,route_lookup-4-conflict,route_lookup-4,conflict,2,DENY,INSUFFICIENT,True,1,True
N1,schema_presence,route_lookup-4-decisive_missing,route_lookup-4,decisive_missing,0,ALLOW,INSUFFICIENT,True,1,True
N1,schema_presence,route_lookup-4-decisive_missing,route_lookup-4,decisive_missing,1,ALLOW,INSUFFICIENT,True,1,True
N1,schema_presence,route_lookup-4-decisive_missing,route_lookup-4,decisive_missing,2,ALLOW,INSUFFICIENT,True,1,True
N1,schema_presence,route_lookup-4-flip,route_lookup-4,flip,0,ALLOW,ALLOW,False,1,True
N1,schema_presence,route_lookup-4-flip,route_lookup-4,flip,1,ALLOW,ALLOW,False,1,True
N1,schema_presence,route_lookup-4-flip,route_lookup-4,flip,2,ALLOW,ALLOW,False,1,True
N1,schema_presence,route_lookup-4-full,route_lookup-4,full,0,DENY,DENY,False,1,True
N1,schema_presence,route_lookup-4-full,route_lookup-4,full,1,DENY,DENY,False,1,True
N1,schema_presence,route_lookup-4-full,route_lookup-4,full,2,DENY,DENY,False,1,True
N1,schema_presence,route_lookup-4-hold,route_lookup-4,hold,0,ALLOW,ALLOW,False,1,True
N1,schema_presence,route_lookup-4-hold,route_lookup-4,hold,1,ALLOW,ALLOW,False,1,True
N1,schema_presence,route_lookup-4-hold,route_lookup-4,hold,2,ALLOW,ALLOW,False,1,True
N1,schema_presence,route_lookup-4-nondecisive_missing,route_lookup-4,nondecisive_missing,0,DENY,INSUFFICIENT,True,1,True
N1,schema_presence,route_lookup-4-nondecisive_missing,route_lookup-4,nondecisive_missing,1,DENY,INSUFFICIENT,True,1,True
N1,schema_presence,route_lookup-4-nondecisive_missing,route_lookup-4,nondecisive_missing,2,DENY,INSUFFICIENT,True,1,True
N1,policy_determinacy,joint_approval-1-conflict,joint_approval-1,conflict,0,DENY,INSUFFICIENT,True,1,True
N1,policy_determinacy,joint_approval-1-conflict,joint_approval-1,conflict,1,DENY,INSUFFICIENT,True,1,True
N1,policy_determinacy,joint_approval-1-conflict,joint_approval-1,conflict,2,INSUFFICIENT,INSUFFICIENT,False,1,True
N1,policy_determinacy,joint_approval-1-decisive_missing,joint_approval-1,decisive_missing,0,ALLOW,INSUFFICIENT,True,1,True
N1,policy_determinacy,joint_approval-1-decisive_missing,joint_approval-1,decisive_missing,1,ALLOW,INSUFFICIENT,True,1,True
N1,policy_determinacy,joint_approval-1-decisive_missing,joint_approval-1,decisive_missing,2,ALLOW,INSUFFICIENT,True,1,True
N1,policy_determinacy,joint_approval-1-flip,joint_approval-1,flip,0,INSUFFICIENT,INSUFFICIENT,False,1,True
N1,policy_determinacy,joint_approval-1-flip,joint_approval-1,flip,1,INSUFFICIENT,INSUFFICIENT,False,1,True
N1,policy_determinacy,joint_approval-1-flip,joint_approval-1,flip,2,INSUFFICIENT,INSUFFICIENT,False,1,True
N1,policy_determinacy,joint_approval-1-full,joint_approval-1,full,0,ALLOW,ALLOW,False,1,True
N1,policy_determinacy,joint_approval-1-full,joint_approval-1,full,1,ALLOW,ALLOW,False,1,True
N1,policy_determinacy,joint_approval-1-full,joint_approval-1,full,2,ALLOW,ALLOW,False,1,True
N1,policy_determinacy,joint_approval-1-hold,joint_approval-1,hold,0,ALLOW,ALLOW,False,1,True
N1,policy_determinacy,joint_approval-1-hold,joint_approval-1,hold,1,ALLOW,ALLOW,False,1,True
N1,policy_determinacy,joint_approval-1-hold,joint_approval-1,hold,2,ALLOW,ALLOW,False,1,True
N1,policy_determinacy,joint_approval-1-nondecisive_missing,joint_approval-1,nondecisive_missing,0,ALLOW,ALLOW,False,1,True
N1,policy_determinacy,joint_approval-1-nondecisive_missing,joint_approval-1,nondecisive_missing,1,ALLOW,ALLOW,False,1,True
N1,policy_determinacy,joint_approval-1-nondecisive_missing,joint_approval-1,nondecisive_missing,2,ALLOW,ALLOW,False,1,True
N1,policy_determinacy,joint_approval-2-conflict,joint_approval-2,conflict,0,ALLOW,INSUFFICIENT,True,1,True
N1,policy_determinacy,joint_approval-2-conflict,joint_approval-2,conflict,1,ALLOW,INSUFFICIENT,True,1,True
N1,policy_determinacy,joint_approval-2-conflict,joint_approval-2,conflict,2,ALLOW,INSUFFICIENT,True,1,True
N1,policy_determinacy,joint_approval-2-decisive_missing,joint_approval-2,decisive_missing,0,ALLOW,INSUFFICIENT,True,1,True
N1,policy_determinacy,joint_approval-2-decisive_missing,joint_approval-2,decisive_missing,1,ALLOW,INSUFFICIENT,True,1,True
N1,policy_determinacy,joint_approval-2-decisive_missing,joint_approval-2,decisive_missing,2,ALLOW,INSUFFICIENT,True,1,True
N1,policy_determinacy,joint_approval-2-flip,joint_approval-2,flip,0,ALLOW,ALLOW,False,1,True
N1,policy_determinacy,joint_approval-2-flip,joint_approval-2,flip,1,ALLOW,ALLOW,False,1,True
N1,policy_determinacy,joint_approval-2-flip,joint_approval-2,flip,2,ALLOW,ALLOW,False,1,True
N1,policy_determinacy,joint_approval-2-full,joint_approval-2,full,0,INSUFFICIENT,INSUFFICIENT,False,1,True
N1,policy_determinacy,joint_approval-2-full,joint_approval-2,full,1,INSUFFICIENT,INSUFFICIENT,False,1,True
N1,policy_determinacy,joint_approval-2-full,joint_approval-2,full,2,INSUFFICIENT,INSUFFICIENT,False,1,True
N1,policy_determinacy,joint_approval-2-hold,joint_approval-2,hold,0,ALLOW,ALLOW,False,1,True
N1,policy_determinacy,joint_approval-2-hold,joint_approval-2,hold,1,ALLOW,ALLOW,False,1,True
N1,policy_determinacy,joint_approval-2-hold,joint_approval-2,hold,2,ALLOW,ALLOW,False,1,True
N1,policy_determinacy,joint_approval-2-nondecisive_missing,joint_approval-2,nondecisive_missing,0,DENY,DENY,False,1,True
N1,policy_determinacy,joint_approval-2-nondecisive_missing,joint_approval-2,nondecisive_missing,1,INSUFFICIENT,INSUFFICIENT,False,1,True
N1,policy_determinacy,joint_approval-2-nondecisive_missing,joint_approval-2,nondecisive_missing,2,DENY,DENY,False,1,True
N1,policy_determinacy,joint_approval-3-conflict,joint_approval-3,conflict,0,DENY,INSUFFICIENT,True,1,True
N1,policy_determinacy,joint_approval-3-conflict,joint_approval-3,conflict,1,DENY,INSUFFICIENT,True,1,True
N1,policy_determinacy,joint_approval-3-conflict,joint_approval-3,conflict,2,DENY,INSUFFICIENT,True,1,True
N1,policy_determinacy,joint_approval-3-decisive_missing,joint_approval-3,decisive_missing,0,ALLOW,INSUFFICIENT,True,1,True
N1,policy_determinacy,joint_approval-3-decisive_missing,joint_approval-3,decisive_missing,1,ALLOW,INSUFFICIENT,True,1,True
N1,policy_determinacy,joint_approval-3-decisive_missing,joint_approval-3,decisive_missing,2,ALLOW,INSUFFICIENT,True,1,True
N1,policy_determinacy,joint_approval-3-flip,joint_approval-3,flip,0,INSUFFICIENT,INSUFFICIENT,False,1,True
N1,policy_determinacy,joint_approval-3-flip,joint_approval-3,flip,1,INSUFFICIENT,INSUFFICIENT,False,1,True
N1,policy_determinacy,joint_approval-3-flip,joint_approval-3,flip,2,DENY,DENY,False,1,True
N1,policy_determinacy,joint_approval-3-full,joint_approval-3,full,0,ALLOW,ALLOW,False,1,True
N1,policy_determinacy,joint_approval-3-full,joint_approval-3,full,1,ALLOW,ALLOW,False,1,True
N1,policy_determinacy,joint_approval-3-full,joint_approval-3,full,2,ALLOW,ALLOW,False,1,True
N1,policy_determinacy,joint_approval-3-hold,joint_approval-3,hold,0,ALLOW,ALLOW,False,1,True
N1,policy_determinacy,joint_approval-3-hold,joint_approval-3,hold,1,ALLOW,ALLOW,False,1,True
N1,policy_determinacy,joint_approval-3-hold,joint_approval-3,hold,2,ALLOW,ALLOW,False,1,True
N1,policy_determinacy,joint_approval-3-nondecisive_missing,joint_approval-3,nondecisive_missing,0,ALLOW,ALLOW,False,1,True
N1,policy_determinacy,joint_approval-3-nondecisive_missing,joint_approval-3,nondecisive_missing,1,ALLOW,ALLOW,False,1,True
N1,policy_determinacy,joint_approval-3-nondecisive_missing,joint_approval-3,nondecisive_missing,2,ALLOW,ALLOW,False,1,True
N1,policy_determinacy,joint_approval-4-conflict,joint_approval-4,conflict,0,ALLOW,INSUFFICIENT,True,1,True
N1,policy_determinacy,joint_approval-4-conflict,joint_approval-4,conflict,1,ALLOW,INSUFFICIENT,True,1,True
N1,policy_determinacy,joint_approval-4-conflict,joint_approval-4,conflict,2,ALLOW,INSUFFICIENT,True,1,True
N1,policy_determinacy,joint_approval-4-decisive_missing,joint_approval-4,decisive_missing,0,ALLOW,INSUFFICIENT,True,1,True
N1,policy_determinacy,joint_approval-4-decisive_missing,joint_approval-4,decisive_missing,1,ALLOW,INSUFFICIENT,True,1,True
N1,policy_determinacy,joint_approval-4-decisive_missing,joint_approval-4,decisive_missing,2,ALLOW,INSUFFICIENT,True,1,True
N1,policy_determinacy,joint_approval-4-flip,joint_approval-4,flip,0,ALLOW,ALLOW,False,1,True
N1,policy_determinacy,joint_approval-4-flip,joint_approval-4,flip,1,ALLOW,ALLOW,False,1,True
N1,policy_determinacy,joint_approval-4-flip,joint_approval-4,flip,2,ALLOW,ALLOW,False,1,True
N1,policy_determinacy,joint_approval-4-full,joint_approval-4,full,0,INSUFFICIENT,INSUFFICIENT,False,1,True
N1,policy_determinacy,joint_approval-4-full,joint_approval-4,full,1,ALLOW,ALLOW,False,1,True
N1,policy_determinacy,joint_approval-4-full,joint_approval-4,full,2,INSUFFICIENT,INSUFFICIENT,False,1,True
N1,policy_determinacy,joint_approval-4-hold,joint_approval-4,hold,0,DENY,DENY,False,1,True
N1,policy_determinacy,joint_approval-4-hold,joint_approval-4,hold,1,ALLOW,ALLOW,False,1,True
N1,policy_determinacy,joint_approval-4-hold,joint_approval-4,hold,2,ALLOW,ALLOW,False,1,True
N1,policy_determinacy,joint_approval-4-nondecisive_missing,joint_approval-4,nondecisive_missing,0,DENY,DENY,False,1,True
N1,policy_determinacy,joint_approval-4-nondecisive_missing,joint_approval-4,nondecisive_missing,1,DENY,DENY,False,1,True
N1,policy_determinacy,joint_approval-4-nondecisive_missing,joint_approval-4,nondecisive_missing,2,DENY,DENY,False,1,True
N1,policy_determinacy,reversal_exception-1-conflict,reversal_exception-1,conflict,0,ALLOW,INSUFFICIENT,True,1,True
N1,policy_determinacy,reversal_exception-1-conflict,reversal_exception-1,conflict,1,ALLOW,INSUFFICIENT,True,1,True
N1,policy_determinacy,reversal_exception-1-conflict,reversal_exception-1,conflict,2,ALLOW,INSUFFICIENT,True,1,True
N1,policy_determinacy,reversal_exception-1-decisive_missing,reversal_exception-1,decisive_missing,0,ALLOW,INSUFFICIENT,True,1,True
N1,policy_determinacy,reversal_exception-1-decisive_missing,reversal_exception-1,decisive_missing,1,ALLOW,INSUFFICIENT,True,1,True
N1,policy_determinacy,reversal_exception-1-decisive_missing,reversal_exception-1,decisive_missing,2,ALLOW,INSUFFICIENT,True,1,True
N1,policy_determinacy,reversal_exception-1-flip,reversal_exception-1,flip,0,ALLOW,ALLOW,False,1,True
N1,policy_determinacy,reversal_exception-1-flip,reversal_exception-1,flip,1,ALLOW,ALLOW,False,1,True
N1,policy_determinacy,reversal_exception-1-flip,reversal_exception-1,flip,2,ALLOW,ALLOW,False,1,True
N1,policy_determinacy,reversal_exception-1-full,reversal_exception-1,full,0,ALLOW,ALLOW,False,1,True
N1,policy_determinacy,reversal_exception-1-full,reversal_exception-1,full,1,ALLOW,ALLOW,False,1,True
N1,policy_determinacy,reversal_exception-1-full,reversal_exception-1,full,2,ALLOW,ALLOW,False,1,True
N1,policy_determinacy,reversal_exception-1-hold,reversal_exception-1,hold,0,ALLOW,ALLOW,False,1,True
N1,policy_determinacy,reversal_exception-1-hold,reversal_exception-1,hold,1,ALLOW,ALLOW,False,1,True
N1,policy_determinacy,reversal_exception-1-hold,reversal_exception-1,hold,2,ALLOW,ALLOW,False,1,True
N1,policy_determinacy,reversal_exception-1-nondecisive_missing,reversal_exception-1,nondecisive_missing,0,ALLOW,ALLOW,False,1,True
N1,policy_determinacy,reversal_exception-1-nondecisive_missing,reversal_exception-1,nondecisive_missing,1,ALLOW,ALLOW,False,1,True
N1,policy_determinacy,reversal_exception-1-nondecisive_missing,reversal_exception-1,nondecisive_missing,2,ALLOW,ALLOW,False,1,True
N1,policy_determinacy,reversal_exception-2-conflict,reversal_exception-2,conflict,0,ALLOW,INSUFFICIENT,True,1,True
N1,policy_determinacy,reversal_exception-2-conflict,reversal_exception-2,conflict,1,ALLOW,INSUFFICIENT,True,1,True
N1,policy_determinacy,reversal_exception-2-conflict,reversal_exception-2,conflict,2,ALLOW,INSUFFICIENT,True,1,True
N1,policy_determinacy,reversal_exception-2-decisive_missing,reversal_exception-2,decisive_missing,0,ALLOW,INSUFFICIENT,True,1,True
N1,policy_determinacy,reversal_exception-2-decisive_missing,reversal_exception-2,decisive_missing,1,DENY,INSUFFICIENT,True,1,True
N1,policy_determinacy,reversal_exception-2-decisive_missing,reversal_exception-2,decisive_missing,2,ALLOW,INSUFFICIENT,True,1,True
N1,policy_determinacy,reversal_exception-2-flip,reversal_exception-2,flip,0,ALLOW,ALLOW,False,1,True
N1,policy_determinacy,reversal_exception-2-flip,reversal_exception-2,flip,1,ALLOW,ALLOW,False,1,True
N1,policy_determinacy,reversal_exception-2-flip,reversal_exception-2,flip,2,ALLOW,ALLOW,False,1,True
N1,policy_determinacy,reversal_exception-2-full,reversal_exception-2,full,0,ALLOW,ALLOW,False,1,True
N1,policy_determinacy,reversal_exception-2-full,reversal_exception-2,full,1,ALLOW,ALLOW,False,1,True
N1,policy_determinacy,reversal_exception-2-full,reversal_exception-2,full,2,ALLOW,ALLOW,False,1,True
N1,policy_determinacy,reversal_exception-2-hold,reversal_exception-2,hold,0,ALLOW,ALLOW,False,1,True
N1,policy_determinacy,reversal_exception-2-hold,reversal_exception-2,hold,1,ALLOW,ALLOW,False,1,True
N1,policy_determinacy,reversal_exception-2-hold,reversal_exception-2,hold,2,ALLOW,ALLOW,False,1,True
N1,policy_determinacy,reversal_exception-2-nondecisive_missing,reversal_exception-2,nondecisive_missing,0,ALLOW,ALLOW,False,1,True
N1,policy_determinacy,reversal_exception-2-nondecisive_missing,reversal_exception-2,nondecisive_missing,1,DENY,DENY,False,1,True
N1,policy_determinacy,reversal_exception-2-nondecisive_missing,reversal_exception-2,nondecisive_missing,2,ALLOW,ALLOW,False,1,True
N1,policy_determinacy,reversal_exception-3-conflict,reversal_exception-3,conflict,0,ALLOW,INSUFFICIENT,True,1,True
N1,policy_determinacy,reversal_exception-3-conflict,reversal_exception-3,conflict,1,DENY,INSUFFICIENT,True,1,True
N1,policy_determinacy,reversal_exception-3-conflict,reversal_exception-3,conflict,2,INSUFFICIENT,INSUFFICIENT,False,1,True
N1,policy_determinacy,reversal_exception-3-decisive_missing,reversal_exception-3,decisive_missing,0,ALLOW,INSUFFICIENT,True,1,True
N1,policy_determinacy,reversal_exception-3-decisive_missing,reversal_exception-3,decisive_missing,1,DENY,INSUFFICIENT,True,1,True
N1,policy_determinacy,reversal_exception-3-decisive_missing,reversal_exception-3,decisive_missing,2,INSUFFICIENT,INSUFFICIENT,False,1,True
N1,policy_determinacy,reversal_exception-3-flip,reversal_exception-3,flip,0,ALLOW,ALLOW,False,1,True
N1,policy_determinacy,reversal_exception-3-flip,reversal_exception-3,flip,1,DENY,DENY,False,1,True
N1,policy_determinacy,reversal_exception-3-flip,reversal_exception-3,flip,2,INSUFFICIENT,INSUFFICIENT,False,1,True
N1,policy_determinacy,reversal_exception-3-full,reversal_exception-3,full,0,ALLOW,ALLOW,False,1,True
N1,policy_determinacy,reversal_exception-3-full,reversal_exception-3,full,1,DENY,DENY,False,1,True
N1,policy_determinacy,reversal_exception-3-full,reversal_exception-3,full,2,INSUFFICIENT,INSUFFICIENT,False,1,True
N1,policy_determinacy,reversal_exception-3-hold,reversal_exception-3,hold,0,DENY,DENY,False,1,True
N1,policy_determinacy,reversal_exception-3-hold,reversal_exception-3,hold,1,DENY,DENY,False,1,True
N1,policy_determinacy,reversal_exception-3-hold,reversal_exception-3,hold,2,DENY,DENY,False,1,True
N1,policy_determinacy,reversal_exception-3-nondecisive_missing,reversal_exception-3,nondecisive_missing,0,ALLOW,ALLOW,False,1,True
N1,policy_determinacy,reversal_exception-3-nondecisive_missing,reversal_exception-3,nondecisive_missing,1,DENY,DENY,False,1,True
N1,policy_determinacy,reversal_exception-3-nondecisive_missing,reversal_exception-3,nondecisive_missing,2,INSUFFICIENT,INSUFFICIENT,False,1,True
N1,policy_determinacy,reversal_exception-4-conflict,reversal_exception-4,conflict,0,ALLOW,INSUFFICIENT,True,1,True
N1,policy_determinacy,reversal_exception-4-conflict,reversal_exception-4,conflict,1,DENY,INSUFFICIENT,True,1,True
N1,policy_determinacy,reversal_exception-4-conflict,reversal_exception-4,conflict,2,INSUFFICIENT,INSUFFICIENT,False,1,True
N1,policy_determinacy,reversal_exception-4-decisive_missing,reversal_exception-4,decisive_missing,0,DENY,INSUFFICIENT,True,1,True
N1,policy_determinacy,reversal_exception-4-decisive_missing,reversal_exception-4,decisive_missing,1,DENY,INSUFFICIENT,True,1,True
N1,policy_determinacy,reversal_exception-4-decisive_missing,reversal_exception-4,decisive_missing,2,DENY,INSUFFICIENT,True,1,True
N1,policy_determinacy,reversal_exception-4-flip,reversal_exception-4,flip,0,ALLOW,ALLOW,False,1,True
N1,policy_determinacy,reversal_exception-4-flip,reversal_exception-4,flip,1,DENY,DENY,False,1,True
N1,policy_determinacy,reversal_exception-4-flip,reversal_exception-4,flip,2,ALLOW,ALLOW,False,1,True
N1,policy_determinacy,reversal_exception-4-full,reversal_exception-4,full,0,ALLOW,ALLOW,False,1,True
N1,policy_determinacy,reversal_exception-4-full,reversal_exception-4,full,1,DENY,DENY,False,1,True
N1,policy_determinacy,reversal_exception-4-full,reversal_exception-4,full,2,INSUFFICIENT,INSUFFICIENT,False,1,True
N1,policy_determinacy,reversal_exception-4-hold,reversal_exception-4,hold,0,DENY,DENY,False,1,True
N1,policy_determinacy,reversal_exception-4-hold,reversal_exception-4,hold,1,DENY,DENY,False,1,True
N1,policy_determinacy,reversal_exception-4-hold,reversal_exception-4,hold,2,DENY,DENY,False,1,True
N1,policy_determinacy,reversal_exception-4-nondecisive_missing,reversal_exception-4,nondecisive_missing,0,ALLOW,ALLOW,False,1,True
N1,policy_determinacy,reversal_exception-4-nondecisive_missing,reversal_exception-4,nondecisive_missing,1,DENY,DENY,False,1,True
N1,policy_determinacy,reversal_exception-4-nondecisive_missing,reversal_exception-4,nondecisive_missing,2,INSUFFICIENT,INSUFFICIENT,False,1,True
N1,policy_determinacy,route_lookup-1-conflict,route_lookup-1,conflict,0,ALLOW,INSUFFICIENT,True,1,True
N1,policy_determinacy,route_lookup-1-conflict,route_lookup-1,conflict,1,ALLOW,INSUFFICIENT,True,1,True
N1,policy_determinacy,route_lookup-1-conflict,route_lookup-1,conflict,2,ALLOW,INSUFFICIENT,True,1,True
N1,policy_determinacy,route_lookup-1-decisive_missing,route_lookup-1,decisive_missing,0,ALLOW,INSUFFICIENT,True,1,True
N1,policy_determinacy,route_lookup-1-decisive_missing,route_lookup-1,decisive_missing,1,ALLOW,INSUFFICIENT,True,1,True
N1,policy_determinacy,route_lookup-1-decisive_missing,route_lookup-1,decisive_missing,2,ALLOW,INSUFFICIENT,True,1,True
N1,policy_determinacy,route_lookup-1-flip,route_lookup-1,flip,0,DENY,DENY,False,1,True
N1,policy_determinacy,route_lookup-1-flip,route_lookup-1,flip,1,INSUFFICIENT,INSUFFICIENT,False,1,True
N1,policy_determinacy,route_lookup-1-flip,route_lookup-1,flip,2,DENY,DENY,False,1,True
N1,policy_determinacy,route_lookup-1-full,route_lookup-1,full,0,ALLOW,ALLOW,False,1,True
N1,policy_determinacy,route_lookup-1-full,route_lookup-1,full,1,ALLOW,ALLOW,False,1,True
N1,policy_determinacy,route_lookup-1-full,route_lookup-1,full,2,ALLOW,ALLOW,False,1,True
N1,policy_determinacy,route_lookup-1-hold,route_lookup-1,hold,0,ALLOW,ALLOW,False,1,True
N1,policy_determinacy,route_lookup-1-hold,route_lookup-1,hold,1,ALLOW,ALLOW,False,1,True
N1,policy_determinacy,route_lookup-1-hold,route_lookup-1,hold,2,ALLOW,ALLOW,False,1,True
N1,policy_determinacy,route_lookup-1-nondecisive_missing,route_lookup-1,nondecisive_missing,0,ALLOW,ALLOW,False,1,True
N1,policy_determinacy,route_lookup-1-nondecisive_missing,route_lookup-1,nondecisive_missing,1,ALLOW,ALLOW,False,1,True
N1,policy_determinacy,route_lookup-1-nondecisive_missing,route_lookup-1,nondecisive_missing,2,ALLOW,ALLOW,False,1,True
N1,policy_determinacy,route_lookup-2-conflict,route_lookup-2,conflict,0,ALLOW,INSUFFICIENT,True,1,True
N1,policy_determinacy,route_lookup-2-conflict,route_lookup-2,conflict,1,ALLOW,INSUFFICIENT,True,1,True
N1,policy_determinacy,route_lookup-2-conflict,route_lookup-2,conflict,2,ALLOW,INSUFFICIENT,True,1,True
N1,policy_determinacy,route_lookup-2-decisive_missing,route_lookup-2,decisive_missing,0,ALLOW,INSUFFICIENT,True,1,True
N1,policy_determinacy,route_lookup-2-decisive_missing,route_lookup-2,decisive_missing,1,ALLOW,INSUFFICIENT,True,1,True
N1,policy_determinacy,route_lookup-2-decisive_missing,route_lookup-2,decisive_missing,2,ALLOW,INSUFFICIENT,True,1,True
N1,policy_determinacy,route_lookup-2-flip,route_lookup-2,flip,0,ALLOW,ALLOW,False,1,True
N1,policy_determinacy,route_lookup-2-flip,route_lookup-2,flip,1,ALLOW,ALLOW,False,1,True
N1,policy_determinacy,route_lookup-2-flip,route_lookup-2,flip,2,ALLOW,ALLOW,False,1,True
N1,policy_determinacy,route_lookup-2-full,route_lookup-2,full,0,DENY,DENY,False,1,True
N1,policy_determinacy,route_lookup-2-full,route_lookup-2,full,1,ALLOW,ALLOW,False,1,True
N1,policy_determinacy,route_lookup-2-full,route_lookup-2,full,2,ALLOW,ALLOW,False,1,True
N1,policy_determinacy,route_lookup-2-hold,route_lookup-2,hold,0,ALLOW,ALLOW,False,1,True
N1,policy_determinacy,route_lookup-2-hold,route_lookup-2,hold,1,ALLOW,ALLOW,False,1,True
N1,policy_determinacy,route_lookup-2-hold,route_lookup-2,hold,2,ALLOW,ALLOW,False,1,True
N1,policy_determinacy,route_lookup-2-nondecisive_missing,route_lookup-2,nondecisive_missing,0,DENY,DENY,False,1,True
N1,policy_determinacy,route_lookup-2-nondecisive_missing,route_lookup-2,nondecisive_missing,1,DENY,DENY,False,1,True
N1,policy_determinacy,route_lookup-2-nondecisive_missing,route_lookup-2,nondecisive_missing,2,DENY,DENY,False,1,True
N1,policy_determinacy,route_lookup-3-conflict,route_lookup-3,conflict,0,ALLOW,INSUFFICIENT,True,1,True
N1,policy_determinacy,route_lookup-3-conflict,route_lookup-3,conflict,1,ALLOW,INSUFFICIENT,True,1,True
N1,policy_determinacy,route_lookup-3-conflict,route_lookup-3,conflict,2,ALLOW,INSUFFICIENT,True,1,True
N1,policy_determinacy,route_lookup-3-decisive_missing,route_lookup-3,decisive_missing,0,ALLOW,INSUFFICIENT,True,1,True
N1,policy_determinacy,route_lookup-3-decisive_missing,route_lookup-3,decisive_missing,1,ALLOW,INSUFFICIENT,True,1,True
N1,policy_determinacy,route_lookup-3-decisive_missing,route_lookup-3,decisive_missing,2,ALLOW,INSUFFICIENT,True,1,True
N1,policy_determinacy,route_lookup-3-flip,route_lookup-3,flip,0,DENY,DENY,False,1,True
N1,policy_determinacy,route_lookup-3-flip,route_lookup-3,flip,1,INSUFFICIENT,INSUFFICIENT,False,1,True
N1,policy_determinacy,route_lookup-3-flip,route_lookup-3,flip,2,DENY,DENY,False,1,True
N1,policy_determinacy,route_lookup-3-full,route_lookup-3,full,0,ALLOW,ALLOW,False,1,True
N1,policy_determinacy,route_lookup-3-full,route_lookup-3,full,1,ALLOW,ALLOW,False,1,True
N1,policy_determinacy,route_lookup-3-full,route_lookup-3,full,2,ALLOW,ALLOW,False,1,True
N1,policy_determinacy,route_lookup-3-hold,route_lookup-3,hold,0,ALLOW,ALLOW,False,1,True
N1,policy_determinacy,route_lookup-3-hold,route_lookup-3,hold,1,ALLOW,ALLOW,False,1,True
N1,policy_determinacy,route_lookup-3-hold,route_lookup-3,hold,2,ALLOW,ALLOW,False,1,True
N1,policy_determinacy,route_lookup-3-nondecisive_missing,route_lookup-3,nondecisive_missing,0,ALLOW,ALLOW,False,1,True
N1,policy_determinacy,route_lookup-3-nondecisive_missing,route_lookup-3,nondecisive_missing,1,ALLOW,ALLOW,False,1,True
N1,policy_determinacy,route_lookup-3-nondecisive_missing,route_lookup-3,nondecisive_missing,2,ALLOW,ALLOW,False,1,True
N1,policy_determinacy,route_lookup-4-conflict,route_lookup-4,conflict,0,DENY,INSUFFICIENT,True,1,True
N1,policy_determinacy,route_lookup-4-conflict,route_lookup-4,conflict,1,DENY,INSUFFICIENT,True,1,True
N1,policy_determinacy,route_lookup-4-conflict,route_lookup-4,conflict,2,DENY,INSUFFICIENT,True,1,True
N1,policy_determinacy,route_lookup-4-decisive_missing,route_lookup-4,decisive_missing,0,ALLOW,INSUFFICIENT,True,1,True
N1,policy_determinacy,route_lookup-4-decisive_missing,route_lookup-4,decisive_missing,1,ALLOW,INSUFFICIENT,True,1,True
N1,policy_determinacy,route_lookup-4-decisive_missing,route_lookup-4,decisive_missing,2,ALLOW,INSUFFICIENT,True,1,True
N1,policy_determinacy,route_lookup-4-flip,route_lookup-4,flip,0,ALLOW,ALLOW,False,1,True
N1,policy_determinacy,route_lookup-4-flip,route_lookup-4,flip,1,ALLOW,ALLOW,False,1,True
N1,policy_determinacy,route_lookup-4-flip,route_lookup-4,flip,2,ALLOW,ALLOW,False,1,True
N1,policy_determinacy,route_lookup-4-full,route_lookup-4,full,0,DENY,DENY,False,1,True
N1,policy_determinacy,route_lookup-4-full,route_lookup-4,full,1,DENY,DENY,False,1,True
N1,policy_determinacy,route_lookup-4-full,route_lookup-4,full,2,DENY,DENY,False,1,True
N1,policy_determinacy,route_lookup-4-hold,route_lookup-4,hold,0,ALLOW,ALLOW,False,1,True
N1,policy_determinacy,route_lookup-4-hold,route_lookup-4,hold,1,ALLOW,ALLOW,False,1,True
N1,policy_determinacy,route_lookup-4-hold,route_lookup-4,hold,2,ALLOW,ALLOW,False,1,True
N1,policy_determinacy,route_lookup-4-nondecisive_missing,route_lookup-4,nondecisive_missing,0,DENY,DENY,False,1,True
N1,policy_determinacy,route_lookup-4-nondecisive_missing,route_lookup-4,nondecisive_missing,1,DENY,DENY,False,1,True
N1,policy_determinacy,route_lookup-4-nondecisive_missing,route_lookup-4,nondecisive_missing,2,DENY,DENY,False,1,True
N1,always_insufficient,joint_approval-1-conflict,joint_approval-1,conflict,0,DENY,INSUFFICIENT,True,0,False
N1,always_insufficient,joint_approval-1-conflict,joint_approval-1,conflict,1,DENY,INSUFFICIENT,True,0,False
N1,always_insufficient,joint_approval-1-conflict,joint_approval-1,conflict,2,INSUFFICIENT,INSUFFICIENT,False,0,False
N1,always_insufficient,joint_approval-1-decisive_missing,joint_approval-1,decisive_missing,0,ALLOW,INSUFFICIENT,True,0,False
N1,always_insufficient,joint_approval-1-decisive_missing,joint_approval-1,decisive_missing,1,ALLOW,INSUFFICIENT,True,0,False
N1,always_insufficient,joint_approval-1-decisive_missing,joint_approval-1,decisive_missing,2,ALLOW,INSUFFICIENT,True,0,False
N1,always_insufficient,joint_approval-1-flip,joint_approval-1,flip,0,INSUFFICIENT,INSUFFICIENT,False,0,False
N1,always_insufficient,joint_approval-1-flip,joint_approval-1,flip,1,INSUFFICIENT,INSUFFICIENT,False,0,False
N1,always_insufficient,joint_approval-1-flip,joint_approval-1,flip,2,INSUFFICIENT,INSUFFICIENT,False,0,False
N1,always_insufficient,joint_approval-1-full,joint_approval-1,full,0,ALLOW,INSUFFICIENT,True,0,False
N1,always_insufficient,joint_approval-1-full,joint_approval-1,full,1,ALLOW,INSUFFICIENT,True,0,False
N1,always_insufficient,joint_approval-1-full,joint_approval-1,full,2,ALLOW,INSUFFICIENT,True,0,False
N1,always_insufficient,joint_approval-1-hold,joint_approval-1,hold,0,ALLOW,INSUFFICIENT,True,0,False
N1,always_insufficient,joint_approval-1-hold,joint_approval-1,hold,1,ALLOW,INSUFFICIENT,True,0,False
N1,always_insufficient,joint_approval-1-hold,joint_approval-1,hold,2,ALLOW,INSUFFICIENT,True,0,False
N1,always_insufficient,joint_approval-1-nondecisive_missing,joint_approval-1,nondecisive_missing,0,ALLOW,INSUFFICIENT,True,0,False
N1,always_insufficient,joint_approval-1-nondecisive_missing,joint_approval-1,nondecisive_missing,1,ALLOW,INSUFFICIENT,True,0,False
N1,always_insufficient,joint_approval-1-nondecisive_missing,joint_approval-1,nondecisive_missing,2,ALLOW,INSUFFICIENT,True,0,False
N1,always_insufficient,joint_approval-2-conflict,joint_approval-2,conflict,0,ALLOW,INSUFFICIENT,True,0,False
N1,always_insufficient,joint_approval-2-conflict,joint_approval-2,conflict,1,ALLOW,INSUFFICIENT,True,0,False
N1,always_insufficient,joint_approval-2-conflict,joint_approval-2,conflict,2,ALLOW,INSUFFICIENT,True,0,False
N1,always_insufficient,joint_approval-2-decisive_missing,joint_approval-2,decisive_missing,0,ALLOW,INSUFFICIENT,True,0,False
N1,always_insufficient,joint_approval-2-decisive_missing,joint_approval-2,decisive_missing,1,ALLOW,INSUFFICIENT,True,0,False
N1,always_insufficient,joint_approval-2-decisive_missing,joint_approval-2,decisive_missing,2,ALLOW,INSUFFICIENT,True,0,False
N1,always_insufficient,joint_approval-2-flip,joint_approval-2,flip,0,ALLOW,INSUFFICIENT,True,0,False
N1,always_insufficient,joint_approval-2-flip,joint_approval-2,flip,1,ALLOW,INSUFFICIENT,True,0,False
N1,always_insufficient,joint_approval-2-flip,joint_approval-2,flip,2,ALLOW,INSUFFICIENT,True,0,False
N1,always_insufficient,joint_approval-2-full,joint_approval-2,full,0,INSUFFICIENT,INSUFFICIENT,False,0,False
N1,always_insufficient,joint_approval-2-full,joint_approval-2,full,1,INSUFFICIENT,INSUFFICIENT,False,0,False
N1,always_insufficient,joint_approval-2-full,joint_approval-2,full,2,INSUFFICIENT,INSUFFICIENT,False,0,False
N1,always_insufficient,joint_approval-2-hold,joint_approval-2,hold,0,ALLOW,INSUFFICIENT,True,0,False
N1,always_insufficient,joint_approval-2-hold,joint_approval-2,hold,1,ALLOW,INSUFFICIENT,True,0,False
N1,always_insufficient,joint_approval-2-hold,joint_approval-2,hold,2,ALLOW,INSUFFICIENT,True,0,False
N1,always_insufficient,joint_approval-2-nondecisive_missing,joint_approval-2,nondecisive_missing,0,DENY,INSUFFICIENT,True,0,False
N1,always_insufficient,joint_approval-2-nondecisive_missing,joint_approval-2,nondecisive_missing,1,INSUFFICIENT,INSUFFICIENT,False,0,False
N1,always_insufficient,joint_approval-2-nondecisive_missing,joint_approval-2,nondecisive_missing,2,DENY,INSUFFICIENT,True,0,False
N1,always_insufficient,joint_approval-3-conflict,joint_approval-3,conflict,0,DENY,INSUFFICIENT,True,0,False
N1,always_insufficient,joint_approval-3-conflict,joint_approval-3,conflict,1,DENY,INSUFFICIENT,True,0,False
N1,always_insufficient,joint_approval-3-conflict,joint_approval-3,conflict,2,DENY,INSUFFICIENT,True,0,False
N1,always_insufficient,joint_approval-3-decisive_missing,joint_approval-3,decisive_missing,0,ALLOW,INSUFFICIENT,True,0,False
N1,always_insufficient,joint_approval-3-decisive_missing,joint_approval-3,decisive_missing,1,ALLOW,INSUFFICIENT,True,0,False
N1,always_insufficient,joint_approval-3-decisive_missing,joint_approval-3,decisive_missing,2,ALLOW,INSUFFICIENT,True,0,False
N1,always_insufficient,joint_approval-3-flip,joint_approval-3,flip,0,INSUFFICIENT,INSUFFICIENT,False,0,False
N1,always_insufficient,joint_approval-3-flip,joint_approval-3,flip,1,INSUFFICIENT,INSUFFICIENT,False,0,False
N1,always_insufficient,joint_approval-3-flip,joint_approval-3,flip,2,DENY,INSUFFICIENT,True,0,False
N1,always_insufficient,joint_approval-3-full,joint_approval-3,full,0,ALLOW,INSUFFICIENT,True,0,False
N1,always_insufficient,joint_approval-3-full,joint_approval-3,full,1,ALLOW,INSUFFICIENT,True,0,False
N1,always_insufficient,joint_approval-3-full,joint_approval-3,full,2,ALLOW,INSUFFICIENT,True,0,False
N1,always_insufficient,joint_approval-3-hold,joint_approval-3,hold,0,ALLOW,INSUFFICIENT,True,0,False
N1,always_insufficient,joint_approval-3-hold,joint_approval-3,hold,1,ALLOW,INSUFFICIENT,True,0,False
N1,always_insufficient,joint_approval-3-hold,joint_approval-3,hold,2,ALLOW,INSUFFICIENT,True,0,False
N1,always_insufficient,joint_approval-3-nondecisive_missing,joint_approval-3,nondecisive_missing,0,ALLOW,INSUFFICIENT,True,0,False
N1,always_insufficient,joint_approval-3-nondecisive_missing,joint_approval-3,nondecisive_missing,1,ALLOW,INSUFFICIENT,True,0,False
N1,always_insufficient,joint_approval-3-nondecisive_missing,joint_approval-3,nondecisive_missing,2,ALLOW,INSUFFICIENT,True,0,False
N1,always_insufficient,joint_approval-4-conflict,joint_approval-4,conflict,0,ALLOW,INSUFFICIENT,True,0,False
N1,always_insufficient,joint_approval-4-conflict,joint_approval-4,conflict,1,ALLOW,INSUFFICIENT,True,0,False
N1,always_insufficient,joint_approval-4-conflict,joint_approval-4,conflict,2,ALLOW,INSUFFICIENT,True,0,False
N1,always_insufficient,joint_approval-4-decisive_missing,joint_approval-4,decisive_missing,0,ALLOW,INSUFFICIENT,True,0,False
N1,always_insufficient,joint_approval-4-decisive_missing,joint_approval-4,decisive_missing,1,ALLOW,INSUFFICIENT,True,0,False
N1,always_insufficient,joint_approval-4-decisive_missing,joint_approval-4,decisive_missing,2,ALLOW,INSUFFICIENT,True,0,False
N1,always_insufficient,joint_approval-4-flip,joint_approval-4,flip,0,ALLOW,INSUFFICIENT,True,0,False
N1,always_insufficient,joint_approval-4-flip,joint_approval-4,flip,1,ALLOW,INSUFFICIENT,True,0,False
N1,always_insufficient,joint_approval-4-flip,joint_approval-4,flip,2,ALLOW,INSUFFICIENT,True,0,False
N1,always_insufficient,joint_approval-4-full,joint_approval-4,full,0,INSUFFICIENT,INSUFFICIENT,False,0,False
N1,always_insufficient,joint_approval-4-full,joint_approval-4,full,1,ALLOW,INSUFFICIENT,True,0,False
N1,always_insufficient,joint_approval-4-full,joint_approval-4,full,2,INSUFFICIENT,INSUFFICIENT,False,0,False
N1,always_insufficient,joint_approval-4-hold,joint_approval-4,hold,0,DENY,INSUFFICIENT,True,0,False
N1,always_insufficient,joint_approval-4-hold,joint_approval-4,hold,1,ALLOW,INSUFFICIENT,True,0,False
N1,always_insufficient,joint_approval-4-hold,joint_approval-4,hold,2,ALLOW,INSUFFICIENT,True,0,False
N1,always_insufficient,joint_approval-4-nondecisive_missing,joint_approval-4,nondecisive_missing,0,DENY,INSUFFICIENT,True,0,False
N1,always_insufficient,joint_approval-4-nondecisive_missing,joint_approval-4,nondecisive_missing,1,DENY,INSUFFICIENT,True,0,False
N1,always_insufficient,joint_approval-4-nondecisive_missing,joint_approval-4,nondecisive_missing,2,DENY,INSUFFICIENT,True,0,False
N1,always_insufficient,reversal_exception-1-conflict,reversal_exception-1,conflict,0,ALLOW,INSUFFICIENT,True,0,False
N1,always_insufficient,reversal_exception-1-conflict,reversal_exception-1,conflict,1,ALLOW,INSUFFICIENT,True,0,False
N1,always_insufficient,reversal_exception-1-conflict,reversal_exception-1,conflict,2,ALLOW,INSUFFICIENT,True,0,False
N1,always_insufficient,reversal_exception-1-decisive_missing,reversal_exception-1,decisive_missing,0,ALLOW,INSUFFICIENT,True,0,False
N1,always_insufficient,reversal_exception-1-decisive_missing,reversal_exception-1,decisive_missing,1,ALLOW,INSUFFICIENT,True,0,False
N1,always_insufficient,reversal_exception-1-decisive_missing,reversal_exception-1,decisive_missing,2,ALLOW,INSUFFICIENT,True,0,False
N1,always_insufficient,reversal_exception-1-flip,reversal_exception-1,flip,0,ALLOW,INSUFFICIENT,True,0,False
N1,always_insufficient,reversal_exception-1-flip,reversal_exception-1,flip,1,ALLOW,INSUFFICIENT,True,0,False
N1,always_insufficient,reversal_exception-1-flip,reversal_exception-1,flip,2,ALLOW,INSUFFICIENT,True,0,False
N1,always_insufficient,reversal_exception-1-full,reversal_exception-1,full,0,ALLOW,INSUFFICIENT,True,0,False
N1,always_insufficient,reversal_exception-1-full,reversal_exception-1,full,1,ALLOW,INSUFFICIENT,True,0,False
N1,always_insufficient,reversal_exception-1-full,reversal_exception-1,full,2,ALLOW,INSUFFICIENT,True,0,False
N1,always_insufficient,reversal_exception-1-hold,reversal_exception-1,hold,0,ALLOW,INSUFFICIENT,True,0,False
N1,always_insufficient,reversal_exception-1-hold,reversal_exception-1,hold,1,ALLOW,INSUFFICIENT,True,0,False
N1,always_insufficient,reversal_exception-1-hold,reversal_exception-1,hold,2,ALLOW,INSUFFICIENT,True,0,False
N1,always_insufficient,reversal_exception-1-nondecisive_missing,reversal_exception-1,nondecisive_missing,0,ALLOW,INSUFFICIENT,True,0,False
N1,always_insufficient,reversal_exception-1-nondecisive_missing,reversal_exception-1,nondecisive_missing,1,ALLOW,INSUFFICIENT,True,0,False
N1,always_insufficient,reversal_exception-1-nondecisive_missing,reversal_exception-1,nondecisive_missing,2,ALLOW,INSUFFICIENT,True,0,False
N1,always_insufficient,reversal_exception-2-conflict,reversal_exception-2,conflict,0,ALLOW,INSUFFICIENT,True,0,False
N1,always_insufficient,reversal_exception-2-conflict,reversal_exception-2,conflict,1,ALLOW,INSUFFICIENT,True,0,False
N1,always_insufficient,reversal_exception-2-conflict,reversal_exception-2,conflict,2,ALLOW,INSUFFICIENT,True,0,False
N1,always_insufficient,reversal_exception-2-decisive_missing,reversal_exception-2,decisive_missing,0,ALLOW,INSUFFICIENT,True,0,False
N1,always_insufficient,reversal_exception-2-decisive_missing,reversal_exception-2,decisive_missing,1,DENY,INSUFFICIENT,True,0,False
N1,always_insufficient,reversal_exception-2-decisive_missing,reversal_exception-2,decisive_missing,2,ALLOW,INSUFFICIENT,True,0,False
N1,always_insufficient,reversal_exception-2-flip,reversal_exception-2,flip,0,ALLOW,INSUFFICIENT,True,0,False
N1,always_insufficient,reversal_exception-2-flip,reversal_exception-2,flip,1,ALLOW,INSUFFICIENT,True,0,False
N1,always_insufficient,reversal_exception-2-flip,reversal_exception-2,flip,2,ALLOW,INSUFFICIENT,True,0,False
N1,always_insufficient,reversal_exception-2-full,reversal_exception-2,full,0,ALLOW,INSUFFICIENT,True,0,False
N1,always_insufficient,reversal_exception-2-full,reversal_exception-2,full,1,ALLOW,INSUFFICIENT,True,0,False
N1,always_insufficient,reversal_exception-2-full,reversal_exception-2,full,2,ALLOW,INSUFFICIENT,True,0,False
N1,always_insufficient,reversal_exception-2-hold,reversal_exception-2,hold,0,ALLOW,INSUFFICIENT,True,0,False
N1,always_insufficient,reversal_exception-2-hold,reversal_exception-2,hold,1,ALLOW,INSUFFICIENT,True,0,False
N1,always_insufficient,reversal_exception-2-hold,reversal_exception-2,hold,2,ALLOW,INSUFFICIENT,True,0,False
N1,always_insufficient,reversal_exception-2-nondecisive_missing,reversal_exception-2,nondecisive_missing,0,ALLOW,INSUFFICIENT,True,0,False
N1,always_insufficient,reversal_exception-2-nondecisive_missing,reversal_exception-2,nondecisive_missing,1,DENY,INSUFFICIENT,True,0,False
N1,always_insufficient,reversal_exception-2-nondecisive_missing,reversal_exception-2,nondecisive_missing,2,ALLOW,INSUFFICIENT,True,0,False
N1,always_insufficient,reversal_exception-3-conflict,reversal_exception-3,conflict,0,ALLOW,INSUFFICIENT,True,0,False
N1,always_insufficient,reversal_exception-3-conflict,reversal_exception-3,conflict,1,DENY,INSUFFICIENT,True,0,False
N1,always_insufficient,reversal_exception-3-conflict,reversal_exception-3,conflict,2,INSUFFICIENT,INSUFFICIENT,False,0,False
N1,always_insufficient,reversal_exception-3-decisive_missing,reversal_exception-3,decisive_missing,0,ALLOW,INSUFFICIENT,True,0,False
N1,always_insufficient,reversal_exception-3-decisive_missing,reversal_exception-3,decisive_missing,1,DENY,INSUFFICIENT,True,0,False
N1,always_insufficient,reversal_exception-3-decisive_missing,reversal_exception-3,decisive_missing,2,INSUFFICIENT,INSUFFICIENT,False,0,False
N1,always_insufficient,reversal_exception-3-flip,reversal_exception-3,flip,0,ALLOW,INSUFFICIENT,True,0,False
N1,always_insufficient,reversal_exception-3-flip,reversal_exception-3,flip,1,DENY,INSUFFICIENT,True,0,False
N1,always_insufficient,reversal_exception-3-flip,reversal_exception-3,flip,2,INSUFFICIENT,INSUFFICIENT,False,0,False
N1,always_insufficient,reversal_exception-3-full,reversal_exception-3,full,0,ALLOW,INSUFFICIENT,True,0,False
N1,always_insufficient,reversal_exception-3-full,reversal_exception-3,full,1,DENY,INSUFFICIENT,True,0,False
N1,always_insufficient,reversal_exception-3-full,reversal_exception-3,full,2,INSUFFICIENT,INSUFFICIENT,False,0,False
N1,always_insufficient,reversal_exception-3-hold,reversal_exception-3,hold,0,DENY,INSUFFICIENT,True,0,False
N1,always_insufficient,reversal_exception-3-hold,reversal_exception-3,hold,1,DENY,INSUFFICIENT,True,0,False
N1,always_insufficient,reversal_exception-3-hold,reversal_exception-3,hold,2,DENY,INSUFFICIENT,True,0,False
N1,always_insufficient,reversal_exception-3-nondecisive_missing,reversal_exception-3,nondecisive_missing,0,ALLOW,INSUFFICIENT,True,0,False
N1,always_insufficient,reversal_exception-3-nondecisive_missing,reversal_exception-3,nondecisive_missing,1,DENY,INSUFFICIENT,True,0,False
N1,always_insufficient,reversal_exception-3-nondecisive_missing,reversal_exception-3,nondecisive_missing,2,INSUFFICIENT,INSUFFICIENT,False,0,False
N1,always_insufficient,reversal_exception-4-conflict,reversal_exception-4,conflict,0,ALLOW,INSUFFICIENT,True,0,False
N1,always_insufficient,reversal_exception-4-conflict,reversal_exception-4,conflict,1,DENY,INSUFFICIENT,True,0,False
N1,always_insufficient,reversal_exception-4-conflict,reversal_exception-4,conflict,2,INSUFFICIENT,INSUFFICIENT,False,0,False
N1,always_insufficient,reversal_exception-4-decisive_missing,reversal_exception-4,decisive_missing,0,DENY,INSUFFICIENT,True,0,False
N1,always_insufficient,reversal_exception-4-decisive_missing,reversal_exception-4,decisive_missing,1,DENY,INSUFFICIENT,True,0,False
N1,always_insufficient,reversal_exception-4-decisive_missing,reversal_exception-4,decisive_missing,2,DENY,INSUFFICIENT,True,0,False
N1,always_insufficient,reversal_exception-4-flip,reversal_exception-4,flip,0,ALLOW,INSUFFICIENT,True,0,False
N1,always_insufficient,reversal_exception-4-flip,reversal_exception-4,flip,1,DENY,INSUFFICIENT,True,0,False
N1,always_insufficient,reversal_exception-4-flip,reversal_exception-4,flip,2,ALLOW,INSUFFICIENT,True,0,False
N1,always_insufficient,reversal_exception-4-full,reversal_exception-4,full,0,ALLOW,INSUFFICIENT,True,0,False
N1,always_insufficient,reversal_exception-4-full,reversal_exception-4,full,1,DENY,INSUFFICIENT,True,0,False
N1,always_insufficient,reversal_exception-4-full,reversal_exception-4,full,2,INSUFFICIENT,INSUFFICIENT,False,0,False
N1,always_insufficient,reversal_exception-4-hold,reversal_exception-4,hold,0,DENY,INSUFFICIENT,True,0,False
N1,always_insufficient,reversal_exception-4-hold,reversal_exception-4,hold,1,DENY,INSUFFICIENT,True,0,False
N1,always_insufficient,reversal_exception-4-hold,reversal_exception-4,hold,2,DENY,INSUFFICIENT,True,0,False
N1,always_insufficient,reversal_exception-4-nondecisive_missing,reversal_exception-4,nondecisive_missing,0,ALLOW,INSUFFICIENT,True,0,False
N1,always_insufficient,reversal_exception-4-nondecisive_missing,reversal_exception-4,nondecisive_missing,1,DENY,INSUFFICIENT,True,0,False
N1,always_insufficient,reversal_exception-4-nondecisive_missing,reversal_exception-4,nondecisive_missing,2,INSUFFICIENT,INSUFFICIENT,False,0,False
N1,always_insufficient,route_lookup-1-conflict,route_lookup-1,conflict,0,ALLOW,INSUFFICIENT,True,0,False
N1,always_insufficient,route_lookup-1-conflict,route_lookup-1,conflict,1,ALLOW,INSUFFICIENT,True,0,False
N1,always_insufficient,route_lookup-1-conflict,route_lookup-1,conflict,2,ALLOW,INSUFFICIENT,True,0,False
N1,always_insufficient,route_lookup-1-decisive_missing,route_lookup-1,decisive_missing,0,ALLOW,INSUFFICIENT,True,0,False
N1,always_insufficient,route_lookup-1-decisive_missing,route_lookup-1,decisive_missing,1,ALLOW,INSUFFICIENT,True,0,False
N1,always_insufficient,route_lookup-1-decisive_missing,route_lookup-1,decisive_missing,2,ALLOW,INSUFFICIENT,True,0,False
N1,always_insufficient,route_lookup-1-flip,route_lookup-1,flip,0,DENY,INSUFFICIENT,True,0,False
N1,always_insufficient,route_lookup-1-flip,route_lookup-1,flip,1,INSUFFICIENT,INSUFFICIENT,False,0,False
N1,always_insufficient,route_lookup-1-flip,route_lookup-1,flip,2,DENY,INSUFFICIENT,True,0,False
N1,always_insufficient,route_lookup-1-full,route_lookup-1,full,0,ALLOW,INSUFFICIENT,True,0,False
N1,always_insufficient,route_lookup-1-full,route_lookup-1,full,1,ALLOW,INSUFFICIENT,True,0,False
N1,always_insufficient,route_lookup-1-full,route_lookup-1,full,2,ALLOW,INSUFFICIENT,True,0,False
N1,always_insufficient,route_lookup-1-hold,route_lookup-1,hold,0,ALLOW,INSUFFICIENT,True,0,False
N1,always_insufficient,route_lookup-1-hold,route_lookup-1,hold,1,ALLOW,INSUFFICIENT,True,0,False
N1,always_insufficient,route_lookup-1-hold,route_lookup-1,hold,2,ALLOW,INSUFFICIENT,True,0,False
N1,always_insufficient,route_lookup-1-nondecisive_missing,route_lookup-1,nondecisive_missing,0,ALLOW,INSUFFICIENT,True,0,False
N1,always_insufficient,route_lookup-1-nondecisive_missing,route_lookup-1,nondecisive_missing,1,ALLOW,INSUFFICIENT,True,0,False
N1,always_insufficient,route_lookup-1-nondecisive_missing,route_lookup-1,nondecisive_missing,2,ALLOW,INSUFFICIENT,True,0,False
N1,always_insufficient,route_lookup-2-conflict,route_lookup-2,conflict,0,ALLOW,INSUFFICIENT,True,0,False
N1,always_insufficient,route_lookup-2-conflict,route_lookup-2,conflict,1,ALLOW,INSUFFICIENT,True,0,False
N1,always_insufficient,route_lookup-2-conflict,route_lookup-2,conflict,2,ALLOW,INSUFFICIENT,True,0,False
N1,always_insufficient,route_lookup-2-decisive_missing,route_lookup-2,decisive_missing,0,ALLOW,INSUFFICIENT,True,0,False
N1,always_insufficient,route_lookup-2-decisive_missing,route_lookup-2,decisive_missing,1,ALLOW,INSUFFICIENT,True,0,False
N1,always_insufficient,route_lookup-2-decisive_missing,route_lookup-2,decisive_missing,2,ALLOW,INSUFFICIENT,True,0,False
N1,always_insufficient,route_lookup-2-flip,route_lookup-2,flip,0,ALLOW,INSUFFICIENT,True,0,False
N1,always_insufficient,route_lookup-2-flip,route_lookup-2,flip,1,ALLOW,INSUFFICIENT,True,0,False
N1,always_insufficient,route_lookup-2-flip,route_lookup-2,flip,2,ALLOW,INSUFFICIENT,True,0,False
N1,always_insufficient,route_lookup-2-full,route_lookup-2,full,0,DENY,INSUFFICIENT,True,0,False
N1,always_insufficient,route_lookup-2-full,route_lookup-2,full,1,ALLOW,INSUFFICIENT,True,0,False
N1,always_insufficient,route_lookup-2-full,route_lookup-2,full,2,ALLOW,INSUFFICIENT,True,0,False
N1,always_insufficient,route_lookup-2-hold,route_lookup-2,hold,0,ALLOW,INSUFFICIENT,True,0,False
N1,always_insufficient,route_lookup-2-hold,route_lookup-2,hold,1,ALLOW,INSUFFICIENT,True,0,False
N1,always_insufficient,route_lookup-2-hold,route_lookup-2,hold,2,ALLOW,INSUFFICIENT,True,0,False
N1,always_insufficient,route_lookup-2-nondecisive_missing,route_lookup-2,nondecisive_missing,0,DENY,INSUFFICIENT,True,0,False
N1,always_insufficient,route_lookup-2-nondecisive_missing,route_lookup-2,nondecisive_missing,1,DENY,INSUFFICIENT,True,0,False
N1,always_insufficient,route_lookup-2-nondecisive_missing,route_lookup-2,nondecisive_missing,2,DENY,INSUFFICIENT,True,0,False
N1,always_insufficient,route_lookup-3-conflict,route_lookup-3,conflict,0,ALLOW,INSUFFICIENT,True,0,False
N1,always_insufficient,route_lookup-3-conflict,route_lookup-3,conflict,1,ALLOW,INSUFFICIENT,True,0,False
N1,always_insufficient,route_lookup-3-conflict,route_lookup-3,conflict,2,ALLOW,INSUFFICIENT,True,0,False
N1,always_insufficient,route_lookup-3-decisive_missing,route_lookup-3,decisive_missing,0,ALLOW,INSUFFICIENT,True,0,False
N1,always_insufficient,route_lookup-3-decisive_missing,route_lookup-3,decisive_missing,1,ALLOW,INSUFFICIENT,True,0,False
N1,always_insufficient,route_lookup-3-decisive_missing,route_lookup-3,decisive_missing,2,ALLOW,INSUFFICIENT,True,0,False
N1,always_insufficient,route_lookup-3-flip,route_lookup-3,flip,0,DENY,INSUFFICIENT,True,0,False
N1,always_insufficient,route_lookup-3-flip,route_lookup-3,flip,1,INSUFFICIENT,INSUFFICIENT,False,0,False
N1,always_insufficient,route_lookup-3-flip,route_lookup-3,flip,2,DENY,INSUFFICIENT,True,0,False
N1,always_insufficient,route_lookup-3-full,route_lookup-3,full,0,ALLOW,INSUFFICIENT,True,0,False
N1,always_insufficient,route_lookup-3-full,route_lookup-3,full,1,ALLOW,INSUFFICIENT,True,0,False
N1,always_insufficient,route_lookup-3-full,route_lookup-3,full,2,ALLOW,INSUFFICIENT,True,0,False
N1,always_insufficient,route_lookup-3-hold,route_lookup-3,hold,0,ALLOW,INSUFFICIENT,True,0,False
N1,always_insufficient,route_lookup-3-hold,route_lookup-3,hold,1,ALLOW,INSUFFICIENT,True,0,False
N1,always_insufficient,route_lookup-3-hold,route_lookup-3,hold,2,ALLOW,INSUFFICIENT,True,0,False
N1,always_insufficient,route_lookup-3-nondecisive_missing,route_lookup-3,nondecisive_missing,0,ALLOW,INSUFFICIENT,True,0,False
N1,always_insufficient,route_lookup-3-nondecisive_missing,route_lookup-3,nondecisive_missing,1,ALLOW,INSUFFICIENT,True,0,False
N1,always_insufficient,route_lookup-3-nondecisive_missing,route_lookup-3,nondecisive_missing,2,ALLOW,INSUFFICIENT,True,0,False
N1,always_insufficient,route_lookup-4-conflict,route_lookup-4,conflict,0,DENY,INSUFFICIENT,True,0,False
N1,always_insufficient,route_lookup-4-conflict,route_lookup-4,conflict,1,DENY,INSUFFICIENT,True,0,False
N1,always_insufficient,route_lookup-4-conflict,route_lookup-4,conflict,2,DENY,INSUFFICIENT,True,0,False
N1,always_insufficient,route_lookup-4-decisive_missing,route_lookup-4,decisive_missing,0,ALLOW,INSUFFICIENT,True,0,False
N1,always_insufficient,route_lookup-4-decisive_missing,route_lookup-4,decisive_missing,1,ALLOW,INSUFFICIENT,True,0,False
N1,always_insufficient,route_lookup-4-decisive_missing,route_lookup-4,decisive_missing,2,ALLOW,INSUFFICIENT,True,0,False
N1,always_insufficient,route_lookup-4-flip,route_lookup-4,flip,0,ALLOW,INSUFFICIENT,True,0,False
N1,always_insufficient,route_lookup-4-flip,route_lookup-4,flip,1,ALLOW,INSUFFICIENT,True,0,False
N1,always_insufficient,route_lookup-4-flip,route_lookup-4,flip,2,ALLOW,INSUFFICIENT,True,0,False
N1,always_insufficient,route_lookup-4-full,route_lookup-4,full,0,DENY,INSUFFICIENT,True,0,False
N1,always_insufficient,route_lookup-4-full,route_lookup-4,full,1,DENY,INSUFFICIENT,True,0,False
N1,always_insufficient,route_lookup-4-full,route_lookup-4,full,2,DENY,INSUFFICIENT,True,0,False
N1,always_insufficient,route_lookup-4-hold,route_lookup-4,hold,0,ALLOW,INSUFFICIENT,True,0,False
N1,always_insufficient,route_lookup-4-hold,route_lookup-4,hold,1,ALLOW,INSUFFICIENT,True,0,False
N1,always_insufficient,route_lookup-4-hold,route_lookup-4,hold,2,ALLOW,INSUFFICIENT,True,0,False
N1,always_insufficient,route_lookup-4-nondecisive_missing,route_lookup-4,nondecisive_missing,0,DENY,INSUFFICIENT,True,0,False
N1,always_insufficient,route_lookup-4-nondecisive_missing,route_lookup-4,nondecisive_missing,1,DENY,INSUFFICIENT,True,0,False
N1,always_insufficient,route_lookup-4-nondecisive_missing,route_lookup-4,nondecisive_missing,2,DENY,INSUFFICIENT,True,0,False
K1,raw,joint_approval-1-conflict,joint_approval-1,conflict,0,DENY,DENY,False,1,False
K1,raw,joint_approval-1-conflict,joint_approval-1,conflict,1,DENY,DENY,False,1,False
K1,raw,joint_approval-1-conflict,joint_approval-1,conflict,2,INSUFFICIENT,INSUFFICIENT,False,1,False
K1,raw,joint_approval-1-decisive_missing,joint_approval-1,decisive_missing,0,ALLOW,ALLOW,False,1,False
K1,raw,joint_approval-1-decisive_missing,joint_approval-1,decisive_missing,1,ALLOW,ALLOW,False,1,False
K1,raw,joint_approval-1-decisive_missing,joint_approval-1,decisive_missing,2,ALLOW,ALLOW,False,1,False
K1,raw,joint_approval-1-flip,joint_approval-1,flip,0,INSUFFICIENT,INSUFFICIENT,False,1,False
K1,raw,joint_approval-1-flip,joint_approval-1,flip,1,INSUFFICIENT,INSUFFICIENT,False,1,False
K1,raw,joint_approval-1-flip,joint_approval-1,flip,2,INSUFFICIENT,INSUFFICIENT,False,1,False
K1,raw,joint_approval-1-full,joint_approval-1,full,0,ALLOW,ALLOW,False,1,False
K1,raw,joint_approval-1-full,joint_approval-1,full,1,ALLOW,ALLOW,False,1,False
K1,raw,joint_approval-1-full,joint_approval-1,full,2,ALLOW,ALLOW,False,1,False
K1,raw,joint_approval-1-hold,joint_approval-1,hold,0,ALLOW,ALLOW,False,1,False
K1,raw,joint_approval-1-hold,joint_approval-1,hold,1,ALLOW,ALLOW,False,1,False
K1,raw,joint_approval-1-hold,joint_approval-1,hold,2,ALLOW,ALLOW,False,1,False
K1,raw,joint_approval-1-nondecisive_missing,joint_approval-1,nondecisive_missing,0,ALLOW,ALLOW,False,1,False
K1,raw,joint_approval-1-nondecisive_missing,joint_approval-1,nondecisive_missing,1,ALLOW,ALLOW,False,1,False
K1,raw,joint_approval-1-nondecisive_missing,joint_approval-1,nondecisive_missing,2,ALLOW,ALLOW,False,1,False
K1,raw,joint_approval-2-conflict,joint_approval-2,conflict,0,ALLOW,ALLOW,False,1,False
K1,raw,joint_approval-2-conflict,joint_approval-2,conflict,1,ALLOW,ALLOW,False,1,False
K1,raw,joint_approval-2-conflict,joint_approval-2,conflict,2,ALLOW,ALLOW,False,1,False
K1,raw,joint_approval-2-decisive_missing,joint_approval-2,decisive_missing,0,ALLOW,ALLOW,False,1,False
K1,raw,joint_approval-2-decisive_missing,joint_approval-2,decisive_missing,1,ALLOW,ALLOW,False,1,False
K1,raw,joint_approval-2-decisive_missing,joint_approval-2,decisive_missing,2,ALLOW,ALLOW,False,1,False
K1,raw,joint_approval-2-flip,joint_approval-2,flip,0,ALLOW,ALLOW,False,1,False
K1,raw,joint_approval-2-flip,joint_approval-2,flip,1,ALLOW,ALLOW,False,1,False
K1,raw,joint_approval-2-flip,joint_approval-2,flip,2,ALLOW,ALLOW,False,1,False
K1,raw,joint_approval-2-full,joint_approval-2,full,0,INSUFFICIENT,INSUFFICIENT,False,1,False
K1,raw,joint_approval-2-full,joint_approval-2,full,1,INSUFFICIENT,INSUFFICIENT,False,1,False
K1,raw,joint_approval-2-full,joint_approval-2,full,2,INSUFFICIENT,INSUFFICIENT,False,1,False
K1,raw,joint_approval-2-hold,joint_approval-2,hold,0,ALLOW,ALLOW,False,1,False
K1,raw,joint_approval-2-hold,joint_approval-2,hold,1,ALLOW,ALLOW,False,1,False
K1,raw,joint_approval-2-hold,joint_approval-2,hold,2,ALLOW,ALLOW,False,1,False
K1,raw,joint_approval-2-nondecisive_missing,joint_approval-2,nondecisive_missing,0,DENY,DENY,False,1,False
K1,raw,joint_approval-2-nondecisive_missing,joint_approval-2,nondecisive_missing,1,DENY,DENY,False,1,False
K1,raw,joint_approval-2-nondecisive_missing,joint_approval-2,nondecisive_missing,2,DENY,DENY,False,1,False
K1,raw,joint_approval-3-conflict,joint_approval-3,conflict,0,ALLOW,ALLOW,False,1,False
K1,raw,joint_approval-3-conflict,joint_approval-3,conflict,1,ALLOW,ALLOW,False,1,False
K1,raw,joint_approval-3-conflict,joint_approval-3,conflict,2,ALLOW,ALLOW,False,1,False
K1,raw,joint_approval-3-decisive_missing,joint_approval-3,decisive_missing,0,ALLOW,ALLOW,False,1,False
K1,raw,joint_approval-3-decisive_missing,joint_approval-3,decisive_missing,1,ALLOW,ALLOW,False,1,False
K1,raw,joint_approval-3-decisive_missing,joint_approval-3,decisive_missing,2,ALLOW,ALLOW,False,1,False
K1,raw,joint_approval-3-flip,joint_approval-3,flip,0,ALLOW,ALLOW,False,1,False
K1,raw,joint_approval-3-flip,joint_approval-3,flip,1,ALLOW,ALLOW,False,1,False
K1,raw,joint_approval-3-flip,joint_approval-3,flip,2,INSUFFICIENT,INSUFFICIENT,False,1,False
K1,raw,joint_approval-3-full,joint_approval-3,full,0,ALLOW,ALLOW,False,1,False
K1,raw,joint_approval-3-full,joint_approval-3,full,1,ALLOW,ALLOW,False,1,False
K1,raw,joint_approval-3-full,joint_approval-3,full,2,ALLOW,ALLOW,False,1,False
K1,raw,joint_approval-3-hold,joint_approval-3,hold,0,ALLOW,ALLOW,False,1,False
K1,raw,joint_approval-3-hold,joint_approval-3,hold,1,ALLOW,ALLOW,False,1,False
K1,raw,joint_approval-3-hold,joint_approval-3,hold,2,ALLOW,ALLOW,False,1,False
K1,raw,joint_approval-3-nondecisive_missing,joint_approval-3,nondecisive_missing,0,ALLOW,ALLOW,False,1,False
K1,raw,joint_approval-3-nondecisive_missing,joint_approval-3,nondecisive_missing,1,ALLOW,ALLOW,False,1,False
K1,raw,joint_approval-3-nondecisive_missing,joint_approval-3,nondecisive_missing,2,ALLOW,ALLOW,False,1,False
K1,raw,joint_approval-4-conflict,joint_approval-4,conflict,0,ALLOW,ALLOW,False,1,False
K1,raw,joint_approval-4-conflict,joint_approval-4,conflict,1,ALLOW,ALLOW,False,1,False
K1,raw,joint_approval-4-conflict,joint_approval-4,conflict,2,ALLOW,ALLOW,False,1,False
K1,raw,joint_approval-4-decisive_missing,joint_approval-4,decisive_missing,0,ALLOW,ALLOW,False,1,False
K1,raw,joint_approval-4-decisive_missing,joint_approval-4,decisive_missing,1,ALLOW,ALLOW,False,1,False
K1,raw,joint_approval-4-decisive_missing,joint_approval-4,decisive_missing,2,ALLOW,ALLOW,False,1,False
K1,raw,joint_approval-4-flip,joint_approval-4,flip,0,ALLOW,ALLOW,False,1,False
K1,raw,joint_approval-4-flip,joint_approval-4,flip,1,ALLOW,ALLOW,False,1,False
K1,raw,joint_approval-4-flip,joint_approval-4,flip,2,ALLOW,ALLOW,False,1,False
K1,raw,joint_approval-4-full,joint_approval-4,full,0,ALLOW,ALLOW,False,1,False
K1,raw,joint_approval-4-full,joint_approval-4,full,1,INSUFFICIENT,INSUFFICIENT,False,1,False
K1,raw,joint_approval-4-full,joint_approval-4,full,2,INSUFFICIENT,INSUFFICIENT,False,1,False
K1,raw,joint_approval-4-hold,joint_approval-4,hold,0,DENY,DENY,False,1,False
K1,raw,joint_approval-4-hold,joint_approval-4,hold,1,DENY,DENY,False,1,False
K1,raw,joint_approval-4-hold,joint_approval-4,hold,2,DENY,DENY,False,1,False
K1,raw,joint_approval-4-nondecisive_missing,joint_approval-4,nondecisive_missing,0,DENY,DENY,False,1,False
K1,raw,joint_approval-4-nondecisive_missing,joint_approval-4,nondecisive_missing,1,DENY,DENY,False,1,False
K1,raw,joint_approval-4-nondecisive_missing,joint_approval-4,nondecisive_missing,2,DENY,DENY,False,1,False
K1,raw,reversal_exception-1-conflict,reversal_exception-1,conflict,0,ALLOW,ALLOW,False,1,False
K1,raw,reversal_exception-1-conflict,reversal_exception-1,conflict,1,ALLOW,ALLOW,False,1,False
K1,raw,reversal_exception-1-conflict,reversal_exception-1,conflict,2,ALLOW,ALLOW,False,1,False
K1,raw,reversal_exception-1-decisive_missing,reversal_exception-1,decisive_missing,0,ALLOW,ALLOW,False,1,False
K1,raw,reversal_exception-1-decisive_missing,reversal_exception-1,decisive_missing,1,ALLOW,ALLOW,False,1,False
K1,raw,reversal_exception-1-decisive_missing,reversal_exception-1,decisive_missing,2,ALLOW,ALLOW,False,1,False
K1,raw,reversal_exception-1-flip,reversal_exception-1,flip,0,ALLOW,ALLOW,False,1,False
K1,raw,reversal_exception-1-flip,reversal_exception-1,flip,1,ALLOW,ALLOW,False,1,False
K1,raw,reversal_exception-1-flip,reversal_exception-1,flip,2,ALLOW,ALLOW,False,1,False
K1,raw,reversal_exception-1-full,reversal_exception-1,full,0,ALLOW,ALLOW,False,1,False
K1,raw,reversal_exception-1-full,reversal_exception-1,full,1,ALLOW,ALLOW,False,1,False
K1,raw,reversal_exception-1-full,reversal_exception-1,full,2,ALLOW,ALLOW,False,1,False
K1,raw,reversal_exception-1-hold,reversal_exception-1,hold,0,ALLOW,ALLOW,False,1,False
K1,raw,reversal_exception-1-hold,reversal_exception-1,hold,1,ALLOW,ALLOW,False,1,False
K1,raw,reversal_exception-1-hold,reversal_exception-1,hold,2,ALLOW,ALLOW,False,1,False
K1,raw,reversal_exception-1-nondecisive_missing,reversal_exception-1,nondecisive_missing,0,ALLOW,ALLOW,False,1,False
K1,raw,reversal_exception-1-nondecisive_missing,reversal_exception-1,nondecisive_missing,1,ALLOW,ALLOW,False,1,False
K1,raw,reversal_exception-1-nondecisive_missing,reversal_exception-1,nondecisive_missing,2,ALLOW,ALLOW,False,1,False
K1,raw,reversal_exception-2-conflict,reversal_exception-2,conflict,0,ALLOW,ALLOW,False,1,False
K1,raw,reversal_exception-2-conflict,reversal_exception-2,conflict,1,ALLOW,ALLOW,False,1,False
K1,raw,reversal_exception-2-conflict,reversal_exception-2,conflict,2,ALLOW,ALLOW,False,1,False
K1,raw,reversal_exception-2-decisive_missing,reversal_exception-2,decisive_missing,0,ALLOW,ALLOW,False,1,False
K1,raw,reversal_exception-2-decisive_missing,reversal_exception-2,decisive_missing,1,ALLOW,ALLOW,False,1,False
K1,raw,reversal_exception-2-decisive_missing,reversal_exception-2,decisive_missing,2,ALLOW,ALLOW,False,1,False
K1,raw,reversal_exception-2-flip,reversal_exception-2,flip,0,ALLOW,ALLOW,False,1,False
K1,raw,reversal_exception-2-flip,reversal_exception-2,flip,1,ALLOW,ALLOW,False,1,False
K1,raw,reversal_exception-2-flip,reversal_exception-2,flip,2,ALLOW,ALLOW,False,1,False
K1,raw,reversal_exception-2-full,reversal_exception-2,full,0,ALLOW,ALLOW,False,1,False
K1,raw,reversal_exception-2-full,reversal_exception-2,full,1,ALLOW,ALLOW,False,1,False
K1,raw,reversal_exception-2-full,reversal_exception-2,full,2,ALLOW,ALLOW,False,1,False
K1,raw,reversal_exception-2-hold,reversal_exception-2,hold,0,ALLOW,ALLOW,False,1,False
K1,raw,reversal_exception-2-hold,reversal_exception-2,hold,1,ALLOW,ALLOW,False,1,False
K1,raw,reversal_exception-2-hold,reversal_exception-2,hold,2,ALLOW,ALLOW,False,1,False
K1,raw,reversal_exception-2-nondecisive_missing,reversal_exception-2,nondecisive_missing,0,ALLOW,ALLOW,False,1,False
K1,raw,reversal_exception-2-nondecisive_missing,reversal_exception-2,nondecisive_missing,1,ALLOW,ALLOW,False,1,False
K1,raw,reversal_exception-2-nondecisive_missing,reversal_exception-2,nondecisive_missing,2,ALLOW,ALLOW,False,1,False
K1,raw,reversal_exception-3-conflict,reversal_exception-3,conflict,0,ALLOW,ALLOW,False,1,False
K1,raw,reversal_exception-3-conflict,reversal_exception-3,conflict,1,INSUFFICIENT,INSUFFICIENT,False,1,False
K1,raw,reversal_exception-3-conflict,reversal_exception-3,conflict,2,INSUFFICIENT,INSUFFICIENT,False,1,False
K1,raw,reversal_exception-3-decisive_missing,reversal_exception-3,decisive_missing,0,INSUFFICIENT,INSUFFICIENT,False,1,False
K1,raw,reversal_exception-3-decisive_missing,reversal_exception-3,decisive_missing,1,INSUFFICIENT,INSUFFICIENT,False,1,False
K1,raw,reversal_exception-3-decisive_missing,reversal_exception-3,decisive_missing,2,INSUFFICIENT,INSUFFICIENT,False,1,False
K1,raw,reversal_exception-3-flip,reversal_exception-3,flip,0,INSUFFICIENT,INSUFFICIENT,False,1,False
K1,raw,reversal_exception-3-flip,reversal_exception-3,flip,1,INSUFFICIENT,INSUFFICIENT,False,1,False
K1,raw,reversal_exception-3-flip,reversal_exception-3,flip,2,INSUFFICIENT,INSUFFICIENT,False,1,False
K1,raw,reversal_exception-3-full,reversal_exception-3,full,0,ALLOW,ALLOW,False,1,False
K1,raw,reversal_exception-3-full,reversal_exception-3,full,1,INSUFFICIENT,INSUFFICIENT,False,1,False
K1,raw,reversal_exception-3-full,reversal_exception-3,full,2,ALLOW,ALLOW,False,1,False
K1,raw,reversal_exception-3-hold,reversal_exception-3,hold,0,INSUFFICIENT,INSUFFICIENT,False,1,False
K1,raw,reversal_exception-3-hold,reversal_exception-3,hold,1,INSUFFICIENT,INSUFFICIENT,False,1,False
K1,raw,reversal_exception-3-hold,reversal_exception-3,hold,2,INSUFFICIENT,INSUFFICIENT,False,1,False
K1,raw,reversal_exception-3-nondecisive_missing,reversal_exception-3,nondecisive_missing,0,ALLOW,ALLOW,False,1,False
K1,raw,reversal_exception-3-nondecisive_missing,reversal_exception-3,nondecisive_missing,1,INSUFFICIENT,INSUFFICIENT,False,1,False
K1,raw,reversal_exception-3-nondecisive_missing,reversal_exception-3,nondecisive_missing,2,INSUFFICIENT,INSUFFICIENT,False,1,False
K1,raw,reversal_exception-4-conflict,reversal_exception-4,conflict,0,DENY,DENY,False,1,False
K1,raw,reversal_exception-4-conflict,reversal_exception-4,conflict,1,DENY,DENY,False,1,False
K1,raw,reversal_exception-4-conflict,reversal_exception-4,conflict,2,DENY,DENY,False,1,False
K1,raw,reversal_exception-4-decisive_missing,reversal_exception-4,decisive_missing,0,DENY,DENY,False,1,False
K1,raw,reversal_exception-4-decisive_missing,reversal_exception-4,decisive_missing,1,DENY,DENY,False,1,False
K1,raw,reversal_exception-4-decisive_missing,reversal_exception-4,decisive_missing,2,DENY,DENY,False,1,False
K1,raw,reversal_exception-4-flip,reversal_exception-4,flip,0,ALLOW,ALLOW,False,1,False
K1,raw,reversal_exception-4-flip,reversal_exception-4,flip,1,ALLOW,ALLOW,False,1,False
K1,raw,reversal_exception-4-flip,reversal_exception-4,flip,2,ALLOW,ALLOW,False,1,False
K1,raw,reversal_exception-4-full,reversal_exception-4,full,0,DENY,DENY,False,1,False
K1,raw,reversal_exception-4-full,reversal_exception-4,full,1,DENY,DENY,False,1,False
K1,raw,reversal_exception-4-full,reversal_exception-4,full,2,DENY,DENY,False,1,False
K1,raw,reversal_exception-4-hold,reversal_exception-4,hold,0,DENY,DENY,False,1,False
K1,raw,reversal_exception-4-hold,reversal_exception-4,hold,1,DENY,DENY,False,1,False
K1,raw,reversal_exception-4-hold,reversal_exception-4,hold,2,DENY,DENY,False,1,False
K1,raw,reversal_exception-4-nondecisive_missing,reversal_exception-4,nondecisive_missing,0,DENY,DENY,False,1,False
K1,raw,reversal_exception-4-nondecisive_missing,reversal_exception-4,nondecisive_missing,1,DENY,DENY,False,1,False
K1,raw,reversal_exception-4-nondecisive_missing,reversal_exception-4,nondecisive_missing,2,DENY,DENY,False,1,False
K1,raw,route_lookup-1-conflict,route_lookup-1,conflict,0,ALLOW,ALLOW,False,1,False
K1,raw,route_lookup-1-conflict,route_lookup-1,conflict,1,ALLOW,ALLOW,False,1,False
K1,raw,route_lookup-1-conflict,route_lookup-1,conflict,2,ALLOW,ALLOW,False,1,False
K1,raw,route_lookup-1-decisive_missing,route_lookup-1,decisive_missing,0,ALLOW,ALLOW,False,1,False
K1,raw,route_lookup-1-decisive_missing,route_lookup-1,decisive_missing,1,ALLOW,ALLOW,False,1,False
K1,raw,route_lookup-1-decisive_missing,route_lookup-1,decisive_missing,2,ALLOW,ALLOW,False,1,False
K1,raw,route_lookup-1-flip,route_lookup-1,flip,0,DENY,DENY,False,1,False
K1,raw,route_lookup-1-flip,route_lookup-1,flip,1,DENY,DENY,False,1,False
K1,raw,route_lookup-1-flip,route_lookup-1,flip,2,DENY,DENY,False,1,False
K1,raw,route_lookup-1-full,route_lookup-1,full,0,ALLOW,ALLOW,False,1,False
K1,raw,route_lookup-1-full,route_lookup-1,full,1,ALLOW,ALLOW,False,1,False
K1,raw,route_lookup-1-full,route_lookup-1,full,2,ALLOW,ALLOW,False,1,False
K1,raw,route_lookup-1-hold,route_lookup-1,hold,0,ALLOW,ALLOW,False,1,False
K1,raw,route_lookup-1-hold,route_lookup-1,hold,1,ALLOW,ALLOW,False,1,False
K1,raw,route_lookup-1-hold,route_lookup-1,hold,2,ALLOW,ALLOW,False,1,False
K1,raw,route_lookup-1-nondecisive_missing,route_lookup-1,nondecisive_missing,0,ALLOW,ALLOW,False,1,False
K1,raw,route_lookup-1-nondecisive_missing,route_lookup-1,nondecisive_missing,1,ALLOW,ALLOW,False,1,False
K1,raw,route_lookup-1-nondecisive_missing,route_lookup-1,nondecisive_missing,2,ALLOW,ALLOW,False,1,False
K1,raw,route_lookup-2-conflict,route_lookup-2,conflict,0,DENY,DENY,False,1,False
K1,raw,route_lookup-2-conflict,route_lookup-2,conflict,1,ALLOW,ALLOW,False,1,False
K1,raw,route_lookup-2-conflict,route_lookup-2,conflict,2,DENY,DENY,False,1,False
K1,raw,route_lookup-2-decisive_missing,route_lookup-2,decisive_missing,0,ALLOW,ALLOW,False,1,False
K1,raw,route_lookup-2-decisive_missing,route_lookup-2,decisive_missing,1,ALLOW,ALLOW,False,1,False
K1,raw,route_lookup-2-decisive_missing,route_lookup-2,decisive_missing,2,ALLOW,ALLOW,False,1,False
K1,raw,route_lookup-2-flip,route_lookup-2,flip,0,ALLOW,ALLOW,False,1,False
K1,raw,route_lookup-2-flip,route_lookup-2,flip,1,ALLOW,ALLOW,False,1,False
K1,raw,route_lookup-2-flip,route_lookup-2,flip,2,ALLOW,ALLOW,False,1,False
K1,raw,route_lookup-2-full,route_lookup-2,full,0,DENY,DENY,False,1,False
K1,raw,route_lookup-2-full,route_lookup-2,full,1,DENY,DENY,False,1,False
K1,raw,route_lookup-2-full,route_lookup-2,full,2,DENY,DENY,False,1,False
K1,raw,route_lookup-2-hold,route_lookup-2,hold,0,ALLOW,ALLOW,False,1,False
K1,raw,route_lookup-2-hold,route_lookup-2,hold,1,ALLOW,ALLOW,False,1,False
K1,raw,route_lookup-2-hold,route_lookup-2,hold,2,ALLOW,ALLOW,False,1,False
K1,raw,route_lookup-2-nondecisive_missing,route_lookup-2,nondecisive_missing,0,DENY,DENY,False,1,False
K1,raw,route_lookup-2-nondecisive_missing,route_lookup-2,nondecisive_missing,1,DENY,DENY,False,1,False
K1,raw,route_lookup-2-nondecisive_missing,route_lookup-2,nondecisive_missing,2,DENY,DENY,False,1,False
K1,raw,route_lookup-3-conflict,route_lookup-3,conflict,0,ALLOW,ALLOW,False,1,False
K1,raw,route_lookup-3-conflict,route_lookup-3,conflict,1,ALLOW,ALLOW,False,1,False
K1,raw,route_lookup-3-conflict,route_lookup-3,conflict,2,ALLOW,ALLOW,False,1,False
K1,raw,route_lookup-3-decisive_missing,route_lookup-3,decisive_missing,0,ALLOW,ALLOW,False,1,False
K1,raw,route_lookup-3-decisive_missing,route_lookup-3,decisive_missing,1,ALLOW,ALLOW,False,1,False
K1,raw,route_lookup-3-decisive_missing,route_lookup-3,decisive_missing,2,ALLOW,ALLOW,False,1,False
K1,raw,route_lookup-3-flip,route_lookup-3,flip,0,ALLOW,ALLOW,False,1,False
K1,raw,route_lookup-3-flip,route_lookup-3,flip,1,ALLOW,ALLOW,False,1,False
K1,raw,route_lookup-3-flip,route_lookup-3,flip,2,DENY,DENY,False,1,False
K1,raw,route_lookup-3-full,route_lookup-3,full,0,ALLOW,ALLOW,False,1,False
K1,raw,route_lookup-3-full,route_lookup-3,full,1,ALLOW,ALLOW,False,1,False
K1,raw,route_lookup-3-full,route_lookup-3,full,2,ALLOW,ALLOW,False,1,False
K1,raw,route_lookup-3-hold,route_lookup-3,hold,0,ALLOW,ALLOW,False,1,False
K1,raw,route_lookup-3-hold,route_lookup-3,hold,1,ALLOW,ALLOW,False,1,False
K1,raw,route_lookup-3-hold,route_lookup-3,hold,2,ALLOW,ALLOW,False,1,False
K1,raw,route_lookup-3-nondecisive_missing,route_lookup-3,nondecisive_missing,0,ALLOW,ALLOW,False,1,False
K1,raw,route_lookup-3-nondecisive_missing,route_lookup-3,nondecisive_missing,1,ALLOW,ALLOW,False,1,False
K1,raw,route_lookup-3-nondecisive_missing,route_lookup-3,nondecisive_missing,2,ALLOW,ALLOW,False,1,False
K1,raw,route_lookup-4-conflict,route_lookup-4,conflict,0,DENY,DENY,False,1,False
K1,raw,route_lookup-4-conflict,route_lookup-4,conflict,1,DENY,DENY,False,1,False
K1,raw,route_lookup-4-conflict,route_lookup-4,conflict,2,DENY,DENY,False,1,False
K1,raw,route_lookup-4-decisive_missing,route_lookup-4,decisive_missing,0,ALLOW,ALLOW,False,1,False
K1,raw,route_lookup-4-decisive_missing,route_lookup-4,decisive_missing,1,ALLOW,ALLOW,False,1,False
K1,raw,route_lookup-4-decisive_missing,route_lookup-4,decisive_missing,2,ALLOW,ALLOW,False,1,False
K1,raw,route_lookup-4-flip,route_lookup-4,flip,0,ALLOW,ALLOW,False,1,False
K1,raw,route_lookup-4-flip,route_lookup-4,flip,1,ALLOW,ALLOW,False,1,False
K1,raw,route_lookup-4-flip,route_lookup-4,flip,2,ALLOW,ALLOW,False,1,False
K1,raw,route_lookup-4-full,route_lookup-4,full,0,DENY,DENY,False,1,False
K1,raw,route_lookup-4-full,route_lookup-4,full,1,DENY,DENY,False,1,False
K1,raw,route_lookup-4-full,route_lookup-4,full,2,DENY,DENY,False,1,False
K1,raw,route_lookup-4-hold,route_lookup-4,hold,0,ALLOW,ALLOW,False,1,False
K1,raw,route_lookup-4-hold,route_lookup-4,hold,1,ALLOW,ALLOW,False,1,False
K1,raw,route_lookup-4-hold,route_lookup-4,hold,2,ALLOW,ALLOW,False,1,False
K1,raw,route_lookup-4-nondecisive_missing,route_lookup-4,nondecisive_missing,0,DENY,DENY,False,1,False
K1,raw,route_lookup-4-nondecisive_missing,route_lookup-4,nondecisive_missing,1,DENY,DENY,False,1,False
K1,raw,route_lookup-4-nondecisive_missing,route_lookup-4,nondecisive_missing,2,DENY,DENY,False,1,False
K1,maxprob_0.5,joint_approval-1-conflict,joint_approval-1,conflict,0,DENY,INSUFFICIENT,True,1,False
K1,maxprob_0.5,joint_approval-1-conflict,joint_approval-1,conflict,1,DENY,DENY,False,1,False
K1,maxprob_0.5,joint_approval-1-conflict,joint_approval-1,conflict,2,INSUFFICIENT,INSUFFICIENT,False,1,False
K1,maxprob_0.5,joint_approval-1-decisive_missing,joint_approval-1,decisive_missing,0,ALLOW,ALLOW,False,1,False
K1,maxprob_0.5,joint_approval-1-decisive_missing,joint_approval-1,decisive_missing,1,ALLOW,ALLOW,False,1,False
K1,maxprob_0.5,joint_approval-1-decisive_missing,joint_approval-1,decisive_missing,2,ALLOW,ALLOW,False,1,False
K1,maxprob_0.5,joint_approval-1-flip,joint_approval-1,flip,0,INSUFFICIENT,INSUFFICIENT,False,1,False
K1,maxprob_0.5,joint_approval-1-flip,joint_approval-1,flip,1,INSUFFICIENT,INSUFFICIENT,False,1,False
K1,maxprob_0.5,joint_approval-1-flip,joint_approval-1,flip,2,INSUFFICIENT,INSUFFICIENT,False,1,False
K1,maxprob_0.5,joint_approval-1-full,joint_approval-1,full,0,ALLOW,ALLOW,False,1,False
K1,maxprob_0.5,joint_approval-1-full,joint_approval-1,full,1,ALLOW,ALLOW,False,1,False
K1,maxprob_0.5,joint_approval-1-full,joint_approval-1,full,2,ALLOW,ALLOW,False,1,False
K1,maxprob_0.5,joint_approval-1-hold,joint_approval-1,hold,0,ALLOW,ALLOW,False,1,False
K1,maxprob_0.5,joint_approval-1-hold,joint_approval-1,hold,1,ALLOW,ALLOW,False,1,False
K1,maxprob_0.5,joint_approval-1-hold,joint_approval-1,hold,2,ALLOW,ALLOW,False,1,False
K1,maxprob_0.5,joint_approval-1-nondecisive_missing,joint_approval-1,nondecisive_missing,0,ALLOW,ALLOW,False,1,False
K1,maxprob_0.5,joint_approval-1-nondecisive_missing,joint_approval-1,nondecisive_missing,1,ALLOW,ALLOW,False,1,False
K1,maxprob_0.5,joint_approval-1-nondecisive_missing,joint_approval-1,nondecisive_missing,2,ALLOW,ALLOW,False,1,False
K1,maxprob_0.5,joint_approval-2-conflict,joint_approval-2,conflict,0,ALLOW,ALLOW,False,1,False
K1,maxprob_0.5,joint_approval-2-conflict,joint_approval-2,conflict,1,ALLOW,ALLOW,False,1,False
K1,maxprob_0.5,joint_approval-2-conflict,joint_approval-2,conflict,2,ALLOW,ALLOW,False,1,False
K1,maxprob_0.5,joint_approval-2-decisive_missing,joint_approval-2,decisive_missing,0,ALLOW,ALLOW,False,1,False
K1,maxprob_0.5,joint_approval-2-decisive_missing,joint_approval-2,decisive_missing,1,ALLOW,ALLOW,False,1,False
K1,maxprob_0.5,joint_approval-2-decisive_missing,joint_approval-2,decisive_missing,2,ALLOW,ALLOW,False,1,False
K1,maxprob_0.5,joint_approval-2-flip,joint_approval-2,flip,0,ALLOW,ALLOW,False,1,False
K1,maxprob_0.5,joint_approval-2-flip,joint_approval-2,flip,1,ALLOW,ALLOW,False,1,False
K1,maxprob_0.5,joint_approval-2-flip,joint_approval-2,flip,2,ALLOW,ALLOW,False,1,False
K1,maxprob_0.5,joint_approval-2-full,joint_approval-2,full,0,INSUFFICIENT,INSUFFICIENT,False,1,False
K1,maxprob_0.5,joint_approval-2-full,joint_approval-2,full,1,INSUFFICIENT,INSUFFICIENT,False,1,False
K1,maxprob_0.5,joint_approval-2-full,joint_approval-2,full,2,INSUFFICIENT,INSUFFICIENT,False,1,False
K1,maxprob_0.5,joint_approval-2-hold,joint_approval-2,hold,0,ALLOW,ALLOW,False,1,False
K1,maxprob_0.5,joint_approval-2-hold,joint_approval-2,hold,1,ALLOW,ALLOW,False,1,False
K1,maxprob_0.5,joint_approval-2-hold,joint_approval-2,hold,2,ALLOW,ALLOW,False,1,False
K1,maxprob_0.5,joint_approval-2-nondecisive_missing,joint_approval-2,nondecisive_missing,0,DENY,DENY,False,1,False
K1,maxprob_0.5,joint_approval-2-nondecisive_missing,joint_approval-2,nondecisive_missing,1,DENY,DENY,False,1,False
K1,maxprob_0.5,joint_approval-2-nondecisive_missing,joint_approval-2,nondecisive_missing,2,DENY,DENY,False,1,False
K1,maxprob_0.5,joint_approval-3-conflict,joint_approval-3,conflict,0,ALLOW,ALLOW,False,1,False
K1,maxprob_0.5,joint_approval-3-conflict,joint_approval-3,conflict,1,ALLOW,ALLOW,False,1,False
K1,maxprob_0.5,joint_approval-3-conflict,joint_approval-3,conflict,2,ALLOW,ALLOW,False,1,False
K1,maxprob_0.5,joint_approval-3-decisive_missing,joint_approval-3,decisive_missing,0,ALLOW,ALLOW,False,1,False
K1,maxprob_0.5,joint_approval-3-decisive_missing,joint_approval-3,decisive_missing,1,ALLOW,ALLOW,False,1,False
K1,maxprob_0.5,joint_approval-3-decisive_missing,joint_approval-3,decisive_missing,2,ALLOW,ALLOW,False,1,False
K1,maxprob_0.5,joint_approval-3-flip,joint_approval-3,flip,0,ALLOW,ALLOW,False,1,False
K1,maxprob_0.5,joint_approval-3-flip,joint_approval-3,flip,1,ALLOW,INSUFFICIENT,True,1,False
K1,maxprob_0.5,joint_approval-3-flip,joint_approval-3,flip,2,INSUFFICIENT,INSUFFICIENT,False,1,False
K1,maxprob_0.5,joint_approval-3-full,joint_approval-3,full,0,ALLOW,ALLOW,False,1,False
K1,maxprob_0.5,joint_approval-3-full,joint_approval-3,full,1,ALLOW,ALLOW,False,1,False
K1,maxprob_0.5,joint_approval-3-full,joint_approval-3,full,2,ALLOW,ALLOW,False,1,False
K1,maxprob_0.5,joint_approval-3-hold,joint_approval-3,hold,0,ALLOW,ALLOW,False,1,False
K1,maxprob_0.5,joint_approval-3-hold,joint_approval-3,hold,1,ALLOW,ALLOW,False,1,False
K1,maxprob_0.5,joint_approval-3-hold,joint_approval-3,hold,2,ALLOW,ALLOW,False,1,False
K1,maxprob_0.5,joint_approval-3-nondecisive_missing,joint_approval-3,nondecisive_missing,0,ALLOW,ALLOW,False,1,False
K1,maxprob_0.5,joint_approval-3-nondecisive_missing,joint_approval-3,nondecisive_missing,1,ALLOW,ALLOW,False,1,False
K1,maxprob_0.5,joint_approval-3-nondecisive_missing,joint_approval-3,nondecisive_missing,2,ALLOW,ALLOW,False,1,False
K1,maxprob_0.5,joint_approval-4-conflict,joint_approval-4,conflict,0,ALLOW,ALLOW,False,1,False
K1,maxprob_0.5,joint_approval-4-conflict,joint_approval-4,conflict,1,ALLOW,ALLOW,False,1,False
K1,maxprob_0.5,joint_approval-4-conflict,joint_approval-4,conflict,2,ALLOW,ALLOW,False,1,False
K1,maxprob_0.5,joint_approval-4-decisive_missing,joint_approval-4,decisive_missing,0,ALLOW,ALLOW,False,1,False
K1,maxprob_0.5,joint_approval-4-decisive_missing,joint_approval-4,decisive_missing,1,ALLOW,ALLOW,False,1,False
K1,maxprob_0.5,joint_approval-4-decisive_missing,joint_approval-4,decisive_missing,2,ALLOW,ALLOW,False,1,False
K1,maxprob_0.5,joint_approval-4-flip,joint_approval-4,flip,0,ALLOW,ALLOW,False,1,False
K1,maxprob_0.5,joint_approval-4-flip,joint_approval-4,flip,1,ALLOW,ALLOW,False,1,False
K1,maxprob_0.5,joint_approval-4-flip,joint_approval-4,flip,2,ALLOW,ALLOW,False,1,False
K1,maxprob_0.5,joint_approval-4-full,joint_approval-4,full,0,ALLOW,INSUFFICIENT,True,1,False
K1,maxprob_0.5,joint_approval-4-full,joint_approval-4,full,1,INSUFFICIENT,INSUFFICIENT,False,1,False
K1,maxprob_0.5,joint_approval-4-full,joint_approval-4,full,2,INSUFFICIENT,INSUFFICIENT,False,1,False
K1,maxprob_0.5,joint_approval-4-hold,joint_approval-4,hold,0,DENY,DENY,False,1,False
K1,maxprob_0.5,joint_approval-4-hold,joint_approval-4,hold,1,DENY,DENY,False,1,False
K1,maxprob_0.5,joint_approval-4-hold,joint_approval-4,hold,2,DENY,DENY,False,1,False
K1,maxprob_0.5,joint_approval-4-nondecisive_missing,joint_approval-4,nondecisive_missing,0,DENY,DENY,False,1,False
K1,maxprob_0.5,joint_approval-4-nondecisive_missing,joint_approval-4,nondecisive_missing,1,DENY,DENY,False,1,False
K1,maxprob_0.5,joint_approval-4-nondecisive_missing,joint_approval-4,nondecisive_missing,2,DENY,DENY,False,1,False
K1,maxprob_0.5,reversal_exception-1-conflict,reversal_exception-1,conflict,0,ALLOW,ALLOW,False,1,False
K1,maxprob_0.5,reversal_exception-1-conflict,reversal_exception-1,conflict,1,ALLOW,ALLOW,False,1,False
K1,maxprob_0.5,reversal_exception-1-conflict,reversal_exception-1,conflict,2,ALLOW,ALLOW,False,1,False
K1,maxprob_0.5,reversal_exception-1-decisive_missing,reversal_exception-1,decisive_missing,0,ALLOW,ALLOW,False,1,False
K1,maxprob_0.5,reversal_exception-1-decisive_missing,reversal_exception-1,decisive_missing,1,ALLOW,ALLOW,False,1,False
K1,maxprob_0.5,reversal_exception-1-decisive_missing,reversal_exception-1,decisive_missing,2,ALLOW,ALLOW,False,1,False
K1,maxprob_0.5,reversal_exception-1-flip,reversal_exception-1,flip,0,ALLOW,ALLOW,False,1,False
K1,maxprob_0.5,reversal_exception-1-flip,reversal_exception-1,flip,1,ALLOW,ALLOW,False,1,False
K1,maxprob_0.5,reversal_exception-1-flip,reversal_exception-1,flip,2,ALLOW,ALLOW,False,1,False
K1,maxprob_0.5,reversal_exception-1-full,reversal_exception-1,full,0,ALLOW,ALLOW,False,1,False
K1,maxprob_0.5,reversal_exception-1-full,reversal_exception-1,full,1,ALLOW,ALLOW,False,1,False
K1,maxprob_0.5,reversal_exception-1-full,reversal_exception-1,full,2,ALLOW,ALLOW,False,1,False
K1,maxprob_0.5,reversal_exception-1-hold,reversal_exception-1,hold,0,ALLOW,ALLOW,False,1,False
K1,maxprob_0.5,reversal_exception-1-hold,reversal_exception-1,hold,1,ALLOW,ALLOW,False,1,False
K1,maxprob_0.5,reversal_exception-1-hold,reversal_exception-1,hold,2,ALLOW,ALLOW,False,1,False
K1,maxprob_0.5,reversal_exception-1-nondecisive_missing,reversal_exception-1,nondecisive_missing,0,ALLOW,ALLOW,False,1,False
K1,maxprob_0.5,reversal_exception-1-nondecisive_missing,reversal_exception-1,nondecisive_missing,1,ALLOW,ALLOW,False,1,False
K1,maxprob_0.5,reversal_exception-1-nondecisive_missing,reversal_exception-1,nondecisive_missing,2,ALLOW,ALLOW,False,1,False
K1,maxprob_0.5,reversal_exception-2-conflict,reversal_exception-2,conflict,0,ALLOW,ALLOW,False,1,False
K1,maxprob_0.5,reversal_exception-2-conflict,reversal_exception-2,conflict,1,ALLOW,ALLOW,False,1,False
K1,maxprob_0.5,reversal_exception-2-conflict,reversal_exception-2,conflict,2,ALLOW,ALLOW,False,1,False
K1,maxprob_0.5,reversal_exception-2-decisive_missing,reversal_exception-2,decisive_missing,0,ALLOW,ALLOW,False,1,False
K1,maxprob_0.5,reversal_exception-2-decisive_missing,reversal_exception-2,decisive_missing,1,ALLOW,ALLOW,False,1,False
K1,maxprob_0.5,reversal_exception-2-decisive_missing,reversal_exception-2,decisive_missing,2,ALLOW,ALLOW,False,1,False
K1,maxprob_0.5,reversal_exception-2-flip,reversal_exception-2,flip,0,ALLOW,ALLOW,False,1,False
K1,maxprob_0.5,reversal_exception-2-flip,reversal_exception-2,flip,1,ALLOW,ALLOW,False,1,False
K1,maxprob_0.5,reversal_exception-2-flip,reversal_exception-2,flip,2,ALLOW,ALLOW,False,1,False
K1,maxprob_0.5,reversal_exception-2-full,reversal_exception-2,full,0,ALLOW,ALLOW,False,1,False
K1,maxprob_0.5,reversal_exception-2-full,reversal_exception-2,full,1,ALLOW,ALLOW,False,1,False
K1,maxprob_0.5,reversal_exception-2-full,reversal_exception-2,full,2,ALLOW,ALLOW,False,1,False
K1,maxprob_0.5,reversal_exception-2-hold,reversal_exception-2,hold,0,ALLOW,ALLOW,False,1,False
K1,maxprob_0.5,reversal_exception-2-hold,reversal_exception-2,hold,1,ALLOW,ALLOW,False,1,False
K1,maxprob_0.5,reversal_exception-2-hold,reversal_exception-2,hold,2,ALLOW,ALLOW,False,1,False
K1,maxprob_0.5,reversal_exception-2-nondecisive_missing,reversal_exception-2,nondecisive_missing,0,ALLOW,ALLOW,False,1,False
K1,maxprob_0.5,reversal_exception-2-nondecisive_missing,reversal_exception-2,nondecisive_missing,1,ALLOW,ALLOW,False,1,False
K1,maxprob_0.5,reversal_exception-2-nondecisive_missing,reversal_exception-2,nondecisive_missing,2,ALLOW,ALLOW,False,1,False
K1,maxprob_0.5,reversal_exception-3-conflict,reversal_exception-3,conflict,0,ALLOW,INSUFFICIENT,True,1,False
K1,maxprob_0.5,reversal_exception-3-conflict,reversal_exception-3,conflict,1,INSUFFICIENT,INSUFFICIENT,False,1,False
K1,maxprob_0.5,reversal_exception-3-conflict,reversal_exception-3,conflict,2,INSUFFICIENT,INSUFFICIENT,False,1,False
K1,maxprob_0.5,reversal_exception-3-decisive_missing,reversal_exception-3,decisive_missing,0,INSUFFICIENT,INSUFFICIENT,False,1,False
K1,maxprob_0.5,reversal_exception-3-decisive_missing,reversal_exception-3,decisive_missing,1,INSUFFICIENT,INSUFFICIENT,False,1,False
K1,maxprob_0.5,reversal_exception-3-decisive_missing,reversal_exception-3,decisive_missing,2,INSUFFICIENT,INSUFFICIENT,False,1,False
K1,maxprob_0.5,reversal_exception-3-flip,reversal_exception-3,flip,0,INSUFFICIENT,INSUFFICIENT,False,1,False
K1,maxprob_0.5,reversal_exception-3-flip,reversal_exception-3,flip,1,INSUFFICIENT,INSUFFICIENT,False,1,False
K1,maxprob_0.5,reversal_exception-3-flip,reversal_exception-3,flip,2,INSUFFICIENT,INSUFFICIENT,False,1,False
K1,maxprob_0.5,reversal_exception-3-full,reversal_exception-3,full,0,ALLOW,ALLOW,False,1,False
K1,maxprob_0.5,reversal_exception-3-full,reversal_exception-3,full,1,INSUFFICIENT,INSUFFICIENT,False,1,False
K1,maxprob_0.5,reversal_exception-3-full,reversal_exception-3,full,2,ALLOW,INSUFFICIENT,True,1,False
K1,maxprob_0.5,reversal_exception-3-hold,reversal_exception-3,hold,0,INSUFFICIENT,INSUFFICIENT,False,1,False
K1,maxprob_0.5,reversal_exception-3-hold,reversal_exception-3,hold,1,INSUFFICIENT,INSUFFICIENT,False,1,False
K1,maxprob_0.5,reversal_exception-3-hold,reversal_exception-3,hold,2,INSUFFICIENT,INSUFFICIENT,False,1,False
K1,maxprob_0.5,reversal_exception-3-nondecisive_missing,reversal_exception-3,nondecisive_missing,0,ALLOW,ALLOW,False,1,False
K1,maxprob_0.5,reversal_exception-3-nondecisive_missing,reversal_exception-3,nondecisive_missing,1,INSUFFICIENT,INSUFFICIENT,False,1,False
K1,maxprob_0.5,reversal_exception-3-nondecisive_missing,reversal_exception-3,nondecisive_missing,2,INSUFFICIENT,INSUFFICIENT,False,1,False
K1,maxprob_0.5,reversal_exception-4-conflict,reversal_exception-4,conflict,0,DENY,DENY,False,1,False
K1,maxprob_0.5,reversal_exception-4-conflict,reversal_exception-4,conflict,1,DENY,DENY,False,1,False
K1,maxprob_0.5,reversal_exception-4-conflict,reversal_exception-4,conflict,2,DENY,DENY,False,1,False
K1,maxprob_0.5,reversal_exception-4-decisive_missing,reversal_exception-4,decisive_missing,0,DENY,DENY,False,1,False
K1,maxprob_0.5,reversal_exception-4-decisive_missing,reversal_exception-4,decisive_missing,1,DENY,DENY,False,1,False
K1,maxprob_0.5,reversal_exception-4-decisive_missing,reversal_exception-4,decisive_missing,2,DENY,DENY,False,1,False
K1,maxprob_0.5,reversal_exception-4-flip,reversal_exception-4,flip,0,ALLOW,ALLOW,False,1,False
K1,maxprob_0.5,reversal_exception-4-flip,reversal_exception-4,flip,1,ALLOW,ALLOW,False,1,False
K1,maxprob_0.5,reversal_exception-4-flip,reversal_exception-4,flip,2,ALLOW,ALLOW,False,1,False
K1,maxprob_0.5,reversal_exception-4-full,reversal_exception-4,full,0,DENY,DENY,False,1,False
K1,maxprob_0.5,reversal_exception-4-full,reversal_exception-4,full,1,DENY,DENY,False,1,False
K1,maxprob_0.5,reversal_exception-4-full,reversal_exception-4,full,2,DENY,DENY,False,1,False
K1,maxprob_0.5,reversal_exception-4-hold,reversal_exception-4,hold,0,DENY,DENY,False,1,False
K1,maxprob_0.5,reversal_exception-4-hold,reversal_exception-4,hold,1,DENY,DENY,False,1,False
K1,maxprob_0.5,reversal_exception-4-hold,reversal_exception-4,hold,2,DENY,DENY,False,1,False
K1,maxprob_0.5,reversal_exception-4-nondecisive_missing,reversal_exception-4,nondecisive_missing,0,DENY,DENY,False,1,False
K1,maxprob_0.5,reversal_exception-4-nondecisive_missing,reversal_exception-4,nondecisive_missing,1,DENY,DENY,False,1,False
K1,maxprob_0.5,reversal_exception-4-nondecisive_missing,reversal_exception-4,nondecisive_missing,2,DENY,DENY,False,1,False
K1,maxprob_0.5,route_lookup-1-conflict,route_lookup-1,conflict,0,ALLOW,ALLOW,False,1,False
K1,maxprob_0.5,route_lookup-1-conflict,route_lookup-1,conflict,1,ALLOW,ALLOW,False,1,False
K1,maxprob_0.5,route_lookup-1-conflict,route_lookup-1,conflict,2,ALLOW,ALLOW,False,1,False
K1,maxprob_0.5,route_lookup-1-decisive_missing,route_lookup-1,decisive_missing,0,ALLOW,ALLOW,False,1,False
K1,maxprob_0.5,route_lookup-1-decisive_missing,route_lookup-1,decisive_missing,1,ALLOW,ALLOW,False,1,False
K1,maxprob_0.5,route_lookup-1-decisive_missing,route_lookup-1,decisive_missing,2,ALLOW,ALLOW,False,1,False
K1,maxprob_0.5,route_lookup-1-flip,route_lookup-1,flip,0,DENY,DENY,False,1,False
K1,maxprob_0.5,route_lookup-1-flip,route_lookup-1,flip,1,DENY,INSUFFICIENT,True,1,False
K1,maxprob_0.5,route_lookup-1-flip,route_lookup-1,flip,2,DENY,INSUFFICIENT,True,1,False
K1,maxprob_0.5,route_lookup-1-full,route_lookup-1,full,0,ALLOW,ALLOW,False,1,False
K1,maxprob_0.5,route_lookup-1-full,route_lookup-1,full,1,ALLOW,ALLOW,False,1,False
K1,maxprob_0.5,route_lookup-1-full,route_lookup-1,full,2,ALLOW,ALLOW,False,1,False
K1,maxprob_0.5,route_lookup-1-hold,route_lookup-1,hold,0,ALLOW,ALLOW,False,1,False
K1,maxprob_0.5,route_lookup-1-hold,route_lookup-1,hold,1,ALLOW,ALLOW,False,1,False
K1,maxprob_0.5,route_lookup-1-hold,route_lookup-1,hold,2,ALLOW,ALLOW,False,1,False
K1,maxprob_0.5,route_lookup-1-nondecisive_missing,route_lookup-1,nondecisive_missing,0,ALLOW,ALLOW,False,1,False
K1,maxprob_0.5,route_lookup-1-nondecisive_missing,route_lookup-1,nondecisive_missing,1,ALLOW,ALLOW,False,1,False
K1,maxprob_0.5,route_lookup-1-nondecisive_missing,route_lookup-1,nondecisive_missing,2,ALLOW,ALLOW,False,1,False
K1,maxprob_0.5,route_lookup-2-conflict,route_lookup-2,conflict,0,DENY,DENY,False,1,False
K1,maxprob_0.5,route_lookup-2-conflict,route_lookup-2,conflict,1,ALLOW,ALLOW,False,1,False
K1,maxprob_0.5,route_lookup-2-conflict,route_lookup-2,conflict,2,DENY,DENY,False,1,False
K1,maxprob_0.5,route_lookup-2-decisive_missing,route_lookup-2,decisive_missing,0,ALLOW,ALLOW,False,1,False
K1,maxprob_0.5,route_lookup-2-decisive_missing,route_lookup-2,decisive_missing,1,ALLOW,ALLOW,False,1,False
K1,maxprob_0.5,route_lookup-2-decisive_missing,route_lookup-2,decisive_missing,2,ALLOW,ALLOW,False,1,False
K1,maxprob_0.5,route_lookup-2-flip,route_lookup-2,flip,0,ALLOW,ALLOW,False,1,False
K1,maxprob_0.5,route_lookup-2-flip,route_lookup-2,flip,1,ALLOW,ALLOW,False,1,False
K1,maxprob_0.5,route_lookup-2-flip,route_lookup-2,flip,2,ALLOW,ALLOW,False,1,False
K1,maxprob_0.5,route_lookup-2-full,route_lookup-2,full,0,DENY,DENY,False,1,False
K1,maxprob_0.5,route_lookup-2-full,route_lookup-2,full,1,DENY,INSUFFICIENT,True,1,False
K1,maxprob_0.5,route_lookup-2-full,route_lookup-2,full,2,DENY,DENY,False,1,False
K1,maxprob_0.5,route_lookup-2-hold,route_lookup-2,hold,0,ALLOW,ALLOW,False,1,False
K1,maxprob_0.5,route_lookup-2-hold,route_lookup-2,hold,1,ALLOW,ALLOW,False,1,False
K1,maxprob_0.5,route_lookup-2-hold,route_lookup-2,hold,2,ALLOW,ALLOW,False,1,False
K1,maxprob_0.5,route_lookup-2-nondecisive_missing,route_lookup-2,nondecisive_missing,0,DENY,DENY,False,1,False
K1,maxprob_0.5,route_lookup-2-nondecisive_missing,route_lookup-2,nondecisive_missing,1,DENY,DENY,False,1,False
K1,maxprob_0.5,route_lookup-2-nondecisive_missing,route_lookup-2,nondecisive_missing,2,DENY,DENY,False,1,False
K1,maxprob_0.5,route_lookup-3-conflict,route_lookup-3,conflict,0,ALLOW,ALLOW,False,1,False
K1,maxprob_0.5,route_lookup-3-conflict,route_lookup-3,conflict,1,ALLOW,ALLOW,False,1,False
K1,maxprob_0.5,route_lookup-3-conflict,route_lookup-3,conflict,2,ALLOW,ALLOW,False,1,False
K1,maxprob_0.5,route_lookup-3-decisive_missing,route_lookup-3,decisive_missing,0,ALLOW,ALLOW,False,1,False
K1,maxprob_0.5,route_lookup-3-decisive_missing,route_lookup-3,decisive_missing,1,ALLOW,ALLOW,False,1,False
K1,maxprob_0.5,route_lookup-3-decisive_missing,route_lookup-3,decisive_missing,2,ALLOW,ALLOW,False,1,False
K1,maxprob_0.5,route_lookup-3-flip,route_lookup-3,flip,0,ALLOW,INSUFFICIENT,True,1,False
K1,maxprob_0.5,route_lookup-3-flip,route_lookup-3,flip,1,ALLOW,ALLOW,False,1,False
K1,maxprob_0.5,route_lookup-3-flip,route_lookup-3,flip,2,DENY,INSUFFICIENT,True,1,False
K1,maxprob_0.5,route_lookup-3-full,route_lookup-3,full,0,ALLOW,ALLOW,False,1,False
K1,maxprob_0.5,route_lookup-3-full,route_lookup-3,full,1,ALLOW,ALLOW,False,1,False
K1,maxprob_0.5,route_lookup-3-full,route_lookup-3,full,2,ALLOW,ALLOW,False,1,False
K1,maxprob_0.5,route_lookup-3-hold,route_lookup-3,hold,0,ALLOW,ALLOW,False,1,False
K1,maxprob_0.5,route_lookup-3-hold,route_lookup-3,hold,1,ALLOW,ALLOW,False,1,False
K1,maxprob_0.5,route_lookup-3-hold,route_lookup-3,hold,2,ALLOW,ALLOW,False,1,False
K1,maxprob_0.5,route_lookup-3-nondecisive_missing,route_lookup-3,nondecisive_missing,0,ALLOW,ALLOW,False,1,False
K1,maxprob_0.5,route_lookup-3-nondecisive_missing,route_lookup-3,nondecisive_missing,1,ALLOW,ALLOW,False,1,False
K1,maxprob_0.5,route_lookup-3-nondecisive_missing,route_lookup-3,nondecisive_missing,2,ALLOW,ALLOW,False,1,False
K1,maxprob_0.5,route_lookup-4-conflict,route_lookup-4,conflict,0,DENY,DENY,False,1,False
K1,maxprob_0.5,route_lookup-4-conflict,route_lookup-4,conflict,1,DENY,DENY,False,1,False
K1,maxprob_0.5,route_lookup-4-conflict,route_lookup-4,conflict,2,DENY,DENY,False,1,False
K1,maxprob_0.5,route_lookup-4-decisive_missing,route_lookup-4,decisive_missing,0,ALLOW,ALLOW,False,1,False
K1,maxprob_0.5,route_lookup-4-decisive_missing,route_lookup-4,decisive_missing,1,ALLOW,ALLOW,False,1,False
K1,maxprob_0.5,route_lookup-4-decisive_missing,route_lookup-4,decisive_missing,2,ALLOW,ALLOW,False,1,False
K1,maxprob_0.5,route_lookup-4-flip,route_lookup-4,flip,0,ALLOW,ALLOW,False,1,False
K1,maxprob_0.5,route_lookup-4-flip,route_lookup-4,flip,1,ALLOW,ALLOW,False,1,False
K1,maxprob_0.5,route_lookup-4-flip,route_lookup-4,flip,2,ALLOW,ALLOW,False,1,False
K1,maxprob_0.5,route_lookup-4-full,route_lookup-4,full,0,DENY,DENY,False,1,False
K1,maxprob_0.5,route_lookup-4-full,route_lookup-4,full,1,DENY,DENY,False,1,False
K1,maxprob_0.5,route_lookup-4-full,route_lookup-4,full,2,DENY,DENY,False,1,False
K1,maxprob_0.5,route_lookup-4-hold,route_lookup-4,hold,0,ALLOW,ALLOW,False,1,False
K1,maxprob_0.5,route_lookup-4-hold,route_lookup-4,hold,1,ALLOW,INSUFFICIENT,True,1,False
K1,maxprob_0.5,route_lookup-4-hold,route_lookup-4,hold,2,ALLOW,ALLOW,False,1,False
K1,maxprob_0.5,route_lookup-4-nondecisive_missing,route_lookup-4,nondecisive_missing,0,DENY,DENY,False,1,False
K1,maxprob_0.5,route_lookup-4-nondecisive_missing,route_lookup-4,nondecisive_missing,1,DENY,DENY,False,1,False
K1,maxprob_0.5,route_lookup-4-nondecisive_missing,route_lookup-4,nondecisive_missing,2,DENY,DENY,False,1,False
K1,maxprob_0.7,joint_approval-1-conflict,joint_approval-1,conflict,0,DENY,INSUFFICIENT,True,1,False
K1,maxprob_0.7,joint_approval-1-conflict,joint_approval-1,conflict,1,DENY,INSUFFICIENT,True,1,False
K1,maxprob_0.7,joint_approval-1-conflict,joint_approval-1,conflict,2,INSUFFICIENT,INSUFFICIENT,False,1,False
K1,maxprob_0.7,joint_approval-1-decisive_missing,joint_approval-1,decisive_missing,0,ALLOW,ALLOW,False,1,False
K1,maxprob_0.7,joint_approval-1-decisive_missing,joint_approval-1,decisive_missing,1,ALLOW,ALLOW,False,1,False
K1,maxprob_0.7,joint_approval-1-decisive_missing,joint_approval-1,decisive_missing,2,ALLOW,ALLOW,False,1,False
K1,maxprob_0.7,joint_approval-1-flip,joint_approval-1,flip,0,INSUFFICIENT,INSUFFICIENT,False,1,False
K1,maxprob_0.7,joint_approval-1-flip,joint_approval-1,flip,1,INSUFFICIENT,INSUFFICIENT,False,1,False
K1,maxprob_0.7,joint_approval-1-flip,joint_approval-1,flip,2,INSUFFICIENT,INSUFFICIENT,False,1,False
K1,maxprob_0.7,joint_approval-1-full,joint_approval-1,full,0,ALLOW,ALLOW,False,1,False
K1,maxprob_0.7,joint_approval-1-full,joint_approval-1,full,1,ALLOW,ALLOW,False,1,False
K1,maxprob_0.7,joint_approval-1-full,joint_approval-1,full,2,ALLOW,ALLOW,False,1,False
K1,maxprob_0.7,joint_approval-1-hold,joint_approval-1,hold,0,ALLOW,ALLOW,False,1,False
K1,maxprob_0.7,joint_approval-1-hold,joint_approval-1,hold,1,ALLOW,ALLOW,False,1,False
K1,maxprob_0.7,joint_approval-1-hold,joint_approval-1,hold,2,ALLOW,ALLOW,False,1,False
K1,maxprob_0.7,joint_approval-1-nondecisive_missing,joint_approval-1,nondecisive_missing,0,ALLOW,ALLOW,False,1,False
K1,maxprob_0.7,joint_approval-1-nondecisive_missing,joint_approval-1,nondecisive_missing,1,ALLOW,ALLOW,False,1,False
K1,maxprob_0.7,joint_approval-1-nondecisive_missing,joint_approval-1,nondecisive_missing,2,ALLOW,ALLOW,False,1,False
K1,maxprob_0.7,joint_approval-2-conflict,joint_approval-2,conflict,0,ALLOW,ALLOW,False,1,False
K1,maxprob_0.7,joint_approval-2-conflict,joint_approval-2,conflict,1,ALLOW,ALLOW,False,1,False
K1,maxprob_0.7,joint_approval-2-conflict,joint_approval-2,conflict,2,ALLOW,ALLOW,False,1,False
K1,maxprob_0.7,joint_approval-2-decisive_missing,joint_approval-2,decisive_missing,0,ALLOW,ALLOW,False,1,False
K1,maxprob_0.7,joint_approval-2-decisive_missing,joint_approval-2,decisive_missing,1,ALLOW,ALLOW,False,1,False
K1,maxprob_0.7,joint_approval-2-decisive_missing,joint_approval-2,decisive_missing,2,ALLOW,ALLOW,False,1,False
K1,maxprob_0.7,joint_approval-2-flip,joint_approval-2,flip,0,ALLOW,ALLOW,False,1,False
K1,maxprob_0.7,joint_approval-2-flip,joint_approval-2,flip,1,ALLOW,ALLOW,False,1,False
K1,maxprob_0.7,joint_approval-2-flip,joint_approval-2,flip,2,ALLOW,ALLOW,False,1,False
K1,maxprob_0.7,joint_approval-2-full,joint_approval-2,full,0,INSUFFICIENT,INSUFFICIENT,False,1,False
K1,maxprob_0.7,joint_approval-2-full,joint_approval-2,full,1,INSUFFICIENT,INSUFFICIENT,False,1,False
K1,maxprob_0.7,joint_approval-2-full,joint_approval-2,full,2,INSUFFICIENT,INSUFFICIENT,False,1,False
K1,maxprob_0.7,joint_approval-2-hold,joint_approval-2,hold,0,ALLOW,ALLOW,False,1,False
K1,maxprob_0.7,joint_approval-2-hold,joint_approval-2,hold,1,ALLOW,ALLOW,False,1,False
K1,maxprob_0.7,joint_approval-2-hold,joint_approval-2,hold,2,ALLOW,ALLOW,False,1,False
K1,maxprob_0.7,joint_approval-2-nondecisive_missing,joint_approval-2,nondecisive_missing,0,DENY,DENY,False,1,False
K1,maxprob_0.7,joint_approval-2-nondecisive_missing,joint_approval-2,nondecisive_missing,1,DENY,INSUFFICIENT,True,1,False
K1,maxprob_0.7,joint_approval-2-nondecisive_missing,joint_approval-2,nondecisive_missing,2,DENY,INSUFFICIENT,True,1,False
K1,maxprob_0.7,joint_approval-3-conflict,joint_approval-3,conflict,0,ALLOW,ALLOW,False,1,False
K1,maxprob_0.7,joint_approval-3-conflict,joint_approval-3,conflict,1,ALLOW,ALLOW,False,1,False
K1,maxprob_0.7,joint_approval-3-conflict,joint_approval-3,conflict,2,ALLOW,ALLOW,False,1,False
K1,maxprob_0.7,joint_approval-3-decisive_missing,joint_approval-3,decisive_missing,0,ALLOW,ALLOW,False,1,False
K1,maxprob_0.7,joint_approval-3-decisive_missing,joint_approval-3,decisive_missing,1,ALLOW,ALLOW,False,1,False
K1,maxprob_0.7,joint_approval-3-decisive_missing,joint_approval-3,decisive_missing,2,ALLOW,ALLOW,False,1,False
K1,maxprob_0.7,joint_approval-3-flip,joint_approval-3,flip,0,ALLOW,INSUFFICIENT,True,1,False
K1,maxprob_0.7,joint_approval-3-flip,joint_approval-3,flip,1,ALLOW,INSUFFICIENT,True,1,False
K1,maxprob_0.7,joint_approval-3-flip,joint_approval-3,flip,2,INSUFFICIENT,INSUFFICIENT,False,1,False
K1,maxprob_0.7,joint_approval-3-full,joint_approval-3,full,0,ALLOW,ALLOW,False,1,False
K1,maxprob_0.7,joint_approval-3-full,joint_approval-3,full,1,ALLOW,ALLOW,False,1,False
K1,maxprob_0.7,joint_approval-3-full,joint_approval-3,full,2,ALLOW,ALLOW,False,1,False
K1,maxprob_0.7,joint_approval-3-hold,joint_approval-3,hold,0,ALLOW,ALLOW,False,1,False
K1,maxprob_0.7,joint_approval-3-hold,joint_approval-3,hold,1,ALLOW,ALLOW,False,1,False
K1,maxprob_0.7,joint_approval-3-hold,joint_approval-3,hold,2,ALLOW,ALLOW,False,1,False
K1,maxprob_0.7,joint_approval-3-nondecisive_missing,joint_approval-3,nondecisive_missing,0,ALLOW,ALLOW,False,1,False
K1,maxprob_0.7,joint_approval-3-nondecisive_missing,joint_approval-3,nondecisive_missing,1,ALLOW,ALLOW,False,1,False
K1,maxprob_0.7,joint_approval-3-nondecisive_missing,joint_approval-3,nondecisive_missing,2,ALLOW,ALLOW,False,1,False
K1,maxprob_0.7,joint_approval-4-conflict,joint_approval-4,conflict,0,ALLOW,ALLOW,False,1,False
K1,maxprob_0.7,joint_approval-4-conflict,joint_approval-4,conflict,1,ALLOW,ALLOW,False,1,False
K1,maxprob_0.7,joint_approval-4-conflict,joint_approval-4,conflict,2,ALLOW,ALLOW,False,1,False
K1,maxprob_0.7,joint_approval-4-decisive_missing,joint_approval-4,decisive_missing,0,ALLOW,ALLOW,False,1,False
K1,maxprob_0.7,joint_approval-4-decisive_missing,joint_approval-4,decisive_missing,1,ALLOW,ALLOW,False,1,False
K1,maxprob_0.7,joint_approval-4-decisive_missing,joint_approval-4,decisive_missing,2,ALLOW,ALLOW,False,1,False
K1,maxprob_0.7,joint_approval-4-flip,joint_approval-4,flip,0,ALLOW,ALLOW,False,1,False
K1,maxprob_0.7,joint_approval-4-flip,joint_approval-4,flip,1,ALLOW,ALLOW,False,1,False
K1,maxprob_0.7,joint_approval-4-flip,joint_approval-4,flip,2,ALLOW,ALLOW,False,1,False
K1,maxprob_0.7,joint_approval-4-full,joint_approval-4,full,0,ALLOW,INSUFFICIENT,True,1,False
K1,maxprob_0.7,joint_approval-4-full,joint_approval-4,full,1,INSUFFICIENT,INSUFFICIENT,False,1,False
K1,maxprob_0.7,joint_approval-4-full,joint_approval-4,full,2,INSUFFICIENT,INSUFFICIENT,False,1,False
K1,maxprob_0.7,joint_approval-4-hold,joint_approval-4,hold,0,DENY,DENY,False,1,False
K1,maxprob_0.7,joint_approval-4-hold,joint_approval-4,hold,1,DENY,DENY,False,1,False
K1,maxprob_0.7,joint_approval-4-hold,joint_approval-4,hold,2,DENY,INSUFFICIENT,True,1,False
K1,maxprob_0.7,joint_approval-4-nondecisive_missing,joint_approval-4,nondecisive_missing,0,DENY,DENY,False,1,False
K1,maxprob_0.7,joint_approval-4-nondecisive_missing,joint_approval-4,nondecisive_missing,1,DENY,DENY,False,1,False
K1,maxprob_0.7,joint_approval-4-nondecisive_missing,joint_approval-4,nondecisive_missing,2,DENY,DENY,False,1,False
K1,maxprob_0.7,reversal_exception-1-conflict,reversal_exception-1,conflict,0,ALLOW,ALLOW,False,1,False
K1,maxprob_0.7,reversal_exception-1-conflict,reversal_exception-1,conflict,1,ALLOW,ALLOW,False,1,False
K1,maxprob_0.7,reversal_exception-1-conflict,reversal_exception-1,conflict,2,ALLOW,ALLOW,False,1,False
K1,maxprob_0.7,reversal_exception-1-decisive_missing,reversal_exception-1,decisive_missing,0,ALLOW,ALLOW,False,1,False
K1,maxprob_0.7,reversal_exception-1-decisive_missing,reversal_exception-1,decisive_missing,1,ALLOW,ALLOW,False,1,False
K1,maxprob_0.7,reversal_exception-1-decisive_missing,reversal_exception-1,decisive_missing,2,ALLOW,ALLOW,False,1,False
K1,maxprob_0.7,reversal_exception-1-flip,reversal_exception-1,flip,0,ALLOW,ALLOW,False,1,False
K1,maxprob_0.7,reversal_exception-1-flip,reversal_exception-1,flip,1,ALLOW,ALLOW,False,1,False
K1,maxprob_0.7,reversal_exception-1-flip,reversal_exception-1,flip,2,ALLOW,ALLOW,False,1,False
K1,maxprob_0.7,reversal_exception-1-full,reversal_exception-1,full,0,ALLOW,ALLOW,False,1,False
K1,maxprob_0.7,reversal_exception-1-full,reversal_exception-1,full,1,ALLOW,ALLOW,False,1,False
K1,maxprob_0.7,reversal_exception-1-full,reversal_exception-1,full,2,ALLOW,ALLOW,False,1,False
K1,maxprob_0.7,reversal_exception-1-hold,reversal_exception-1,hold,0,ALLOW,ALLOW,False,1,False
K1,maxprob_0.7,reversal_exception-1-hold,reversal_exception-1,hold,1,ALLOW,INSUFFICIENT,True,1,False
K1,maxprob_0.7,reversal_exception-1-hold,reversal_exception-1,hold,2,ALLOW,INSUFFICIENT,True,1,False
K1,maxprob_0.7,reversal_exception-1-nondecisive_missing,reversal_exception-1,nondecisive_missing,0,ALLOW,ALLOW,False,1,False
K1,maxprob_0.7,reversal_exception-1-nondecisive_missing,reversal_exception-1,nondecisive_missing,1,ALLOW,ALLOW,False,1,False
K1,maxprob_0.7,reversal_exception-1-nondecisive_missing,reversal_exception-1,nondecisive_missing,2,ALLOW,ALLOW,False,1,False
K1,maxprob_0.7,reversal_exception-2-conflict,reversal_exception-2,conflict,0,ALLOW,ALLOW,False,1,False
K1,maxprob_0.7,reversal_exception-2-conflict,reversal_exception-2,conflict,1,ALLOW,ALLOW,False,1,False
K1,maxprob_0.7,reversal_exception-2-conflict,reversal_exception-2,conflict,2,ALLOW,ALLOW,False,1,False
K1,maxprob_0.7,reversal_exception-2-decisive_missing,reversal_exception-2,decisive_missing,0,ALLOW,ALLOW,False,1,False
K1,maxprob_0.7,reversal_exception-2-decisive_missing,reversal_exception-2,decisive_missing,1,ALLOW,ALLOW,False,1,False
K1,maxprob_0.7,reversal_exception-2-decisive_missing,reversal_exception-2,decisive_missing,2,ALLOW,ALLOW,False,1,False
K1,maxprob_0.7,reversal_exception-2-flip,reversal_exception-2,flip,0,ALLOW,ALLOW,False,1,False
K1,maxprob_0.7,reversal_exception-2-flip,reversal_exception-2,flip,1,ALLOW,ALLOW,False,1,False
K1,maxprob_0.7,reversal_exception-2-flip,reversal_exception-2,flip,2,ALLOW,ALLOW,False,1,False
K1,maxprob_0.7,reversal_exception-2-full,reversal_exception-2,full,0,ALLOW,ALLOW,False,1,False
K1,maxprob_0.7,reversal_exception-2-full,reversal_exception-2,full,1,ALLOW,ALLOW,False,1,False
K1,maxprob_0.7,reversal_exception-2-full,reversal_exception-2,full,2,ALLOW,ALLOW,False,1,False
K1,maxprob_0.7,reversal_exception-2-hold,reversal_exception-2,hold,0,ALLOW,ALLOW,False,1,False
K1,maxprob_0.7,reversal_exception-2-hold,reversal_exception-2,hold,1,ALLOW,ALLOW,False,1,False
K1,maxprob_0.7,reversal_exception-2-hold,reversal_exception-2,hold,2,ALLOW,ALLOW,False,1,False
K1,maxprob_0.7,reversal_exception-2-nondecisive_missing,reversal_exception-2,nondecisive_missing,0,ALLOW,ALLOW,False,1,False
K1,maxprob_0.7,reversal_exception-2-nondecisive_missing,reversal_exception-2,nondecisive_missing,1,ALLOW,ALLOW,False,1,False
K1,maxprob_0.7,reversal_exception-2-nondecisive_missing,reversal_exception-2,nondecisive_missing,2,ALLOW,ALLOW,False,1,False
K1,maxprob_0.7,reversal_exception-3-conflict,reversal_exception-3,conflict,0,ALLOW,INSUFFICIENT,True,1,False
K1,maxprob_0.7,reversal_exception-3-conflict,reversal_exception-3,conflict,1,INSUFFICIENT,INSUFFICIENT,False,1,False
K1,maxprob_0.7,reversal_exception-3-conflict,reversal_exception-3,conflict,2,INSUFFICIENT,INSUFFICIENT,False,1,False
K1,maxprob_0.7,reversal_exception-3-decisive_missing,reversal_exception-3,decisive_missing,0,INSUFFICIENT,INSUFFICIENT,False,1,False
K1,maxprob_0.7,reversal_exception-3-decisive_missing,reversal_exception-3,decisive_missing,1,INSUFFICIENT,INSUFFICIENT,False,1,False
K1,maxprob_0.7,reversal_exception-3-decisive_missing,reversal_exception-3,decisive_missing,2,INSUFFICIENT,INSUFFICIENT,False,1,False
K1,maxprob_0.7,reversal_exception-3-flip,reversal_exception-3,flip,0,INSUFFICIENT,INSUFFICIENT,False,1,False
K1,maxprob_0.7,reversal_exception-3-flip,reversal_exception-3,flip,1,INSUFFICIENT,INSUFFICIENT,False,1,False
K1,maxprob_0.7,reversal_exception-3-flip,reversal_exception-3,flip,2,INSUFFICIENT,INSUFFICIENT,False,1,False
K1,maxprob_0.7,reversal_exception-3-full,reversal_exception-3,full,0,ALLOW,INSUFFICIENT,True,1,False
K1,maxprob_0.7,reversal_exception-3-full,reversal_exception-3,full,1,INSUFFICIENT,INSUFFICIENT,False,1,False
K1,maxprob_0.7,reversal_exception-3-full,reversal_exception-3,full,2,ALLOW,INSUFFICIENT,True,1,False
K1,maxprob_0.7,reversal_exception-3-hold,reversal_exception-3,hold,0,INSUFFICIENT,INSUFFICIENT,False,1,False
K1,maxprob_0.7,reversal_exception-3-hold,reversal_exception-3,hold,1,INSUFFICIENT,INSUFFICIENT,False,1,False
K1,maxprob_0.7,reversal_exception-3-hold,reversal_exception-3,hold,2,INSUFFICIENT,INSUFFICIENT,False,1,False
K1,maxprob_0.7,reversal_exception-3-nondecisive_missing,reversal_exception-3,nondecisive_missing,0,ALLOW,INSUFFICIENT,True,1,False
K1,maxprob_0.7,reversal_exception-3-nondecisive_missing,reversal_exception-3,nondecisive_missing,1,INSUFFICIENT,INSUFFICIENT,False,1,False
K1,maxprob_0.7,reversal_exception-3-nondecisive_missing,reversal_exception-3,nondecisive_missing,2,INSUFFICIENT,INSUFFICIENT,False,1,False
K1,maxprob_0.7,reversal_exception-4-conflict,reversal_exception-4,conflict,0,DENY,DENY,False,1,False
K1,maxprob_0.7,reversal_exception-4-conflict,reversal_exception-4,conflict,1,DENY,DENY,False,1,False
K1,maxprob_0.7,reversal_exception-4-conflict,reversal_exception-4,conflict,2,DENY,INSUFFICIENT,True,1,False
K1,maxprob_0.7,reversal_exception-4-decisive_missing,reversal_exception-4,decisive_missing,0,DENY,DENY,False,1,False
K1,maxprob_0.7,reversal_exception-4-decisive_missing,reversal_exception-4,decisive_missing,1,DENY,DENY,False,1,False
K1,maxprob_0.7,reversal_exception-4-decisive_missing,reversal_exception-4,decisive_missing,2,DENY,DENY,False,1,False
K1,maxprob_0.7,reversal_exception-4-flip,reversal_exception-4,flip,0,ALLOW,ALLOW,False,1,False
K1,maxprob_0.7,reversal_exception-4-flip,reversal_exception-4,flip,1,ALLOW,INSUFFICIENT,True,1,False
K1,maxprob_0.7,reversal_exception-4-flip,reversal_exception-4,flip,2,ALLOW,INSUFFICIENT,True,1,False
K1,maxprob_0.7,reversal_exception-4-full,reversal_exception-4,full,0,DENY,DENY,False,1,False
K1,maxprob_0.7,reversal_exception-4-full,reversal_exception-4,full,1,DENY,DENY,False,1,False
K1,maxprob_0.7,reversal_exception-4-full,reversal_exception-4,full,2,DENY,INSUFFICIENT,True,1,False
K1,maxprob_0.7,reversal_exception-4-hold,reversal_exception-4,hold,0,DENY,DENY,False,1,False
K1,maxprob_0.7,reversal_exception-4-hold,reversal_exception-4,hold,1,DENY,DENY,False,1,False
K1,maxprob_0.7,reversal_exception-4-hold,reversal_exception-4,hold,2,DENY,DENY,False,1,False
K1,maxprob_0.7,reversal_exception-4-nondecisive_missing,reversal_exception-4,nondecisive_missing,0,DENY,DENY,False,1,False
K1,maxprob_0.7,reversal_exception-4-nondecisive_missing,reversal_exception-4,nondecisive_missing,1,DENY,DENY,False,1,False
K1,maxprob_0.7,reversal_exception-4-nondecisive_missing,reversal_exception-4,nondecisive_missing,2,DENY,DENY,False,1,False
K1,maxprob_0.7,route_lookup-1-conflict,route_lookup-1,conflict,0,ALLOW,ALLOW,False,1,False
K1,maxprob_0.7,route_lookup-1-conflict,route_lookup-1,conflict,1,ALLOW,ALLOW,False,1,False
K1,maxprob_0.7,route_lookup-1-conflict,route_lookup-1,conflict,2,ALLOW,ALLOW,False,1,False
K1,maxprob_0.7,route_lookup-1-decisive_missing,route_lookup-1,decisive_missing,0,ALLOW,ALLOW,False,1,False
K1,maxprob_0.7,route_lookup-1-decisive_missing,route_lookup-1,decisive_missing,1,ALLOW,ALLOW,False,1,False
K1,maxprob_0.7,route_lookup-1-decisive_missing,route_lookup-1,decisive_missing,2,ALLOW,ALLOW,False,1,False
K1,maxprob_0.7,route_lookup-1-flip,route_lookup-1,flip,0,DENY,INSUFFICIENT,True,1,False
K1,maxprob_0.7,route_lookup-1-flip,route_lookup-1,flip,1,DENY,INSUFFICIENT,True,1,False
K1,maxprob_0.7,route_lookup-1-flip,route_lookup-1,flip,2,DENY,INSUFFICIENT,True,1,False
K1,maxprob_0.7,route_lookup-1-full,route_lookup-1,full,0,ALLOW,ALLOW,False,1,False
K1,maxprob_0.7,route_lookup-1-full,route_lookup-1,full,1,ALLOW,ALLOW,False,1,False
K1,maxprob_0.7,route_lookup-1-full,route_lookup-1,full,2,ALLOW,ALLOW,False,1,False
K1,maxprob_0.7,route_lookup-1-hold,route_lookup-1,hold,0,ALLOW,ALLOW,False,1,False
K1,maxprob_0.7,route_lookup-1-hold,route_lookup-1,hold,1,ALLOW,ALLOW,False,1,False
K1,maxprob_0.7,route_lookup-1-hold,route_lookup-1,hold,2,ALLOW,ALLOW,False,1,False
K1,maxprob_0.7,route_lookup-1-nondecisive_missing,route_lookup-1,nondecisive_missing,0,ALLOW,ALLOW,False,1,False
K1,maxprob_0.7,route_lookup-1-nondecisive_missing,route_lookup-1,nondecisive_missing,1,ALLOW,ALLOW,False,1,False
K1,maxprob_0.7,route_lookup-1-nondecisive_missing,route_lookup-1,nondecisive_missing,2,ALLOW,ALLOW,False,1,False
K1,maxprob_0.7,route_lookup-2-conflict,route_lookup-2,conflict,0,DENY,INSUFFICIENT,True,1,False
K1,maxprob_0.7,route_lookup-2-conflict,route_lookup-2,conflict,1,ALLOW,INSUFFICIENT,True,1,False
K1,maxprob_0.7,route_lookup-2-conflict,route_lookup-2,conflict,2,DENY,INSUFFICIENT,True,1,False
K1,maxprob_0.7,route_lookup-2-decisive_missing,route_lookup-2,decisive_missing,0,ALLOW,ALLOW,False,1,False
K1,maxprob_0.7,route_lookup-2-decisive_missing,route_lookup-2,decisive_missing,1,ALLOW,ALLOW,False,1,False
K1,maxprob_0.7,route_lookup-2-decisive_missing,route_lookup-2,decisive_missing,2,ALLOW,ALLOW,False,1,False
K1,maxprob_0.7,route_lookup-2-flip,route_lookup-2,flip,0,ALLOW,ALLOW,False,1,False
K1,maxprob_0.7,route_lookup-2-flip,route_lookup-2,flip,1,ALLOW,ALLOW,False,1,False
K1,maxprob_0.7,route_lookup-2-flip,route_lookup-2,flip,2,ALLOW,ALLOW,False,1,False
K1,maxprob_0.7,route_lookup-2-full,route_lookup-2,full,0,DENY,DENY,False,1,False
K1,maxprob_0.7,route_lookup-2-full,route_lookup-2,full,1,DENY,INSUFFICIENT,True,1,False
K1,maxprob_0.7,route_lookup-2-full,route_lookup-2,full,2,DENY,DENY,False,1,False
K1,maxprob_0.7,route_lookup-2-hold,route_lookup-2,hold,0,ALLOW,ALLOW,False,1,False
K1,maxprob_0.7,route_lookup-2-hold,route_lookup-2,hold,1,ALLOW,ALLOW,False,1,False
K1,maxprob_0.7,route_lookup-2-hold,route_lookup-2,hold,2,ALLOW,ALLOW,False,1,False
K1,maxprob_0.7,route_lookup-2-nondecisive_missing,route_lookup-2,nondecisive_missing,0,DENY,DENY,False,1,False
K1,maxprob_0.7,route_lookup-2-nondecisive_missing,route_lookup-2,nondecisive_missing,1,DENY,DENY,False,1,False
K1,maxprob_0.7,route_lookup-2-nondecisive_missing,route_lookup-2,nondecisive_missing,2,DENY,DENY,False,1,False
K1,maxprob_0.7,route_lookup-3-conflict,route_lookup-3,conflict,0,ALLOW,ALLOW,False,1,False
K1,maxprob_0.7,route_lookup-3-conflict,route_lookup-3,conflict,1,ALLOW,ALLOW,False,1,False
K1,maxprob_0.7,route_lookup-3-conflict,route_lookup-3,conflict,2,ALLOW,ALLOW,False,1,False
K1,maxprob_0.7,route_lookup-3-decisive_missing,route_lookup-3,decisive_missing,0,ALLOW,ALLOW,False,1,False
K1,maxprob_0.7,route_lookup-3-decisive_missing,route_lookup-3,decisive_missing,1,ALLOW,ALLOW,False,1,False
K1,maxprob_0.7,route_lookup-3-decisive_missing,route_lookup-3,decisive_missing,2,ALLOW,ALLOW,False,1,False
K1,maxprob_0.7,route_lookup-3-flip,route_lookup-3,flip,0,ALLOW,INSUFFICIENT,True,1,False
K1,maxprob_0.7,route_lookup-3-flip,route_lookup-3,flip,1,ALLOW,INSUFFICIENT,True,1,False
K1,maxprob_0.7,route_lookup-3-flip,route_lookup-3,flip,2,DENY,INSUFFICIENT,True,1,False
K1,maxprob_0.7,route_lookup-3-full,route_lookup-3,full,0,ALLOW,ALLOW,False,1,False
K1,maxprob_0.7,route_lookup-3-full,route_lookup-3,full,1,ALLOW,ALLOW,False,1,False
K1,maxprob_0.7,route_lookup-3-full,route_lookup-3,full,2,ALLOW,ALLOW,False,1,False
K1,maxprob_0.7,route_lookup-3-hold,route_lookup-3,hold,0,ALLOW,ALLOW,False,1,False
K1,maxprob_0.7,route_lookup-3-hold,route_lookup-3,hold,1,ALLOW,ALLOW,False,1,False
K1,maxprob_0.7,route_lookup-3-hold,route_lookup-3,hold,2,ALLOW,ALLOW,False,1,False
K1,maxprob_0.7,route_lookup-3-nondecisive_missing,route_lookup-3,nondecisive_missing,0,ALLOW,ALLOW,False,1,False
K1,maxprob_0.7,route_lookup-3-nondecisive_missing,route_lookup-3,nondecisive_missing,1,ALLOW,ALLOW,False,1,False
K1,maxprob_0.7,route_lookup-3-nondecisive_missing,route_lookup-3,nondecisive_missing,2,ALLOW,ALLOW,False,1,False
K1,maxprob_0.7,route_lookup-4-conflict,route_lookup-4,conflict,0,DENY,DENY,False,1,False
K1,maxprob_0.7,route_lookup-4-conflict,route_lookup-4,conflict,1,DENY,DENY,False,1,False
K1,maxprob_0.7,route_lookup-4-conflict,route_lookup-4,conflict,2,DENY,DENY,False,1,False
K1,maxprob_0.7,route_lookup-4-decisive_missing,route_lookup-4,decisive_missing,0,ALLOW,ALLOW,False,1,False
K1,maxprob_0.7,route_lookup-4-decisive_missing,route_lookup-4,decisive_missing,1,ALLOW,ALLOW,False,1,False
K1,maxprob_0.7,route_lookup-4-decisive_missing,route_lookup-4,decisive_missing,2,ALLOW,ALLOW,False,1,False
K1,maxprob_0.7,route_lookup-4-flip,route_lookup-4,flip,0,ALLOW,ALLOW,False,1,False
K1,maxprob_0.7,route_lookup-4-flip,route_lookup-4,flip,1,ALLOW,ALLOW,False,1,False
K1,maxprob_0.7,route_lookup-4-flip,route_lookup-4,flip,2,ALLOW,ALLOW,False,1,False
K1,maxprob_0.7,route_lookup-4-full,route_lookup-4,full,0,DENY,DENY,False,1,False
K1,maxprob_0.7,route_lookup-4-full,route_lookup-4,full,1,DENY,DENY,False,1,False
K1,maxprob_0.7,route_lookup-4-full,route_lookup-4,full,2,DENY,DENY,False,1,False
K1,maxprob_0.7,route_lookup-4-hold,route_lookup-4,hold,0,ALLOW,INSUFFICIENT,True,1,False
K1,maxprob_0.7,route_lookup-4-hold,route_lookup-4,hold,1,ALLOW,INSUFFICIENT,True,1,False
K1,maxprob_0.7,route_lookup-4-hold,route_lookup-4,hold,2,ALLOW,INSUFFICIENT,True,1,False
K1,maxprob_0.7,route_lookup-4-nondecisive_missing,route_lookup-4,nondecisive_missing,0,DENY,DENY,False,1,False
K1,maxprob_0.7,route_lookup-4-nondecisive_missing,route_lookup-4,nondecisive_missing,1,DENY,DENY,False,1,False
K1,maxprob_0.7,route_lookup-4-nondecisive_missing,route_lookup-4,nondecisive_missing,2,DENY,DENY,False,1,False
K1,maxprob_0.9,joint_approval-1-conflict,joint_approval-1,conflict,0,DENY,INSUFFICIENT,True,1,False
K1,maxprob_0.9,joint_approval-1-conflict,joint_approval-1,conflict,1,DENY,INSUFFICIENT,True,1,False
K1,maxprob_0.9,joint_approval-1-conflict,joint_approval-1,conflict,2,INSUFFICIENT,INSUFFICIENT,False,1,False
K1,maxprob_0.9,joint_approval-1-decisive_missing,joint_approval-1,decisive_missing,0,ALLOW,ALLOW,False,1,False
K1,maxprob_0.9,joint_approval-1-decisive_missing,joint_approval-1,decisive_missing,1,ALLOW,ALLOW,False,1,False
K1,maxprob_0.9,joint_approval-1-decisive_missing,joint_approval-1,decisive_missing,2,ALLOW,ALLOW,False,1,False
K1,maxprob_0.9,joint_approval-1-flip,joint_approval-1,flip,0,INSUFFICIENT,INSUFFICIENT,False,1,False
K1,maxprob_0.9,joint_approval-1-flip,joint_approval-1,flip,1,INSUFFICIENT,INSUFFICIENT,False,1,False
K1,maxprob_0.9,joint_approval-1-flip,joint_approval-1,flip,2,INSUFFICIENT,INSUFFICIENT,False,1,False
K1,maxprob_0.9,joint_approval-1-full,joint_approval-1,full,0,ALLOW,ALLOW,False,1,False
K1,maxprob_0.9,joint_approval-1-full,joint_approval-1,full,1,ALLOW,ALLOW,False,1,False
K1,maxprob_0.9,joint_approval-1-full,joint_approval-1,full,2,ALLOW,ALLOW,False,1,False
K1,maxprob_0.9,joint_approval-1-hold,joint_approval-1,hold,0,ALLOW,ALLOW,False,1,False
K1,maxprob_0.9,joint_approval-1-hold,joint_approval-1,hold,1,ALLOW,ALLOW,False,1,False
K1,maxprob_0.9,joint_approval-1-hold,joint_approval-1,hold,2,ALLOW,ALLOW,False,1,False
K1,maxprob_0.9,joint_approval-1-nondecisive_missing,joint_approval-1,nondecisive_missing,0,ALLOW,ALLOW,False,1,False
K1,maxprob_0.9,joint_approval-1-nondecisive_missing,joint_approval-1,nondecisive_missing,1,ALLOW,ALLOW,False,1,False
K1,maxprob_0.9,joint_approval-1-nondecisive_missing,joint_approval-1,nondecisive_missing,2,ALLOW,ALLOW,False,1,False
K1,maxprob_0.9,joint_approval-2-conflict,joint_approval-2,conflict,0,ALLOW,ALLOW,False,1,False
K1,maxprob_0.9,joint_approval-2-conflict,joint_approval-2,conflict,1,ALLOW,ALLOW,False,1,False
K1,maxprob_0.9,joint_approval-2-conflict,joint_approval-2,conflict,2,ALLOW,ALLOW,False,1,False
K1,maxprob_0.9,joint_approval-2-decisive_missing,joint_approval-2,decisive_missing,0,ALLOW,ALLOW,False,1,False
K1,maxprob_0.9,joint_approval-2-decisive_missing,joint_approval-2,decisive_missing,1,ALLOW,ALLOW,False,1,False
K1,maxprob_0.9,joint_approval-2-decisive_missing,joint_approval-2,decisive_missing,2,ALLOW,ALLOW,False,1,False
K1,maxprob_0.9,joint_approval-2-flip,joint_approval-2,flip,0,ALLOW,ALLOW,False,1,False
K1,maxprob_0.9,joint_approval-2-flip,joint_approval-2,flip,1,ALLOW,ALLOW,False,1,False
K1,maxprob_0.9,joint_approval-2-flip,joint_approval-2,flip,2,ALLOW,ALLOW,False,1,False
K1,maxprob_0.9,joint_approval-2-full,joint_approval-2,full,0,INSUFFICIENT,INSUFFICIENT,False,1,False
K1,maxprob_0.9,joint_approval-2-full,joint_approval-2,full,1,INSUFFICIENT,INSUFFICIENT,False,1,False
K1,maxprob_0.9,joint_approval-2-full,joint_approval-2,full,2,INSUFFICIENT,INSUFFICIENT,False,1,False
K1,maxprob_0.9,joint_approval-2-hold,joint_approval-2,hold,0,ALLOW,INSUFFICIENT,True,1,False
K1,maxprob_0.9,joint_approval-2-hold,joint_approval-2,hold,1,ALLOW,INSUFFICIENT,True,1,False
K1,maxprob_0.9,joint_approval-2-hold,joint_approval-2,hold,2,ALLOW,INSUFFICIENT,True,1,False
K1,maxprob_0.9,joint_approval-2-nondecisive_missing,joint_approval-2,nondecisive_missing,0,DENY,INSUFFICIENT,True,1,False
K1,maxprob_0.9,joint_approval-2-nondecisive_missing,joint_approval-2,nondecisive_missing,1,DENY,INSUFFICIENT,True,1,False
K1,maxprob_0.9,joint_approval-2-nondecisive_missing,joint_approval-2,nondecisive_missing,2,DENY,INSUFFICIENT,True,1,False
K1,maxprob_0.9,joint_approval-3-conflict,joint_approval-3,conflict,0,ALLOW,INSUFFICIENT,True,1,False
K1,maxprob_0.9,joint_approval-3-conflict,joint_approval-3,conflict,1,ALLOW,INSUFFICIENT,True,1,False
K1,maxprob_0.9,joint_approval-3-conflict,joint_approval-3,conflict,2,ALLOW,INSUFFICIENT,True,1,False
K1,maxprob_0.9,joint_approval-3-decisive_missing,joint_approval-3,decisive_missing,0,ALLOW,ALLOW,False,1,False
K1,maxprob_0.9,joint_approval-3-decisive_missing,joint_approval-3,decisive_missing,1,ALLOW,ALLOW,False,1,False
K1,maxprob_0.9,joint_approval-3-decisive_missing,joint_approval-3,decisive_missing,2,ALLOW,ALLOW,False,1,False
K1,maxprob_0.9,joint_approval-3-flip,joint_approval-3,flip,0,ALLOW,INSUFFICIENT,True,1,False
K1,maxprob_0.9,joint_approval-3-flip,joint_approval-3,flip,1,ALLOW,INSUFFICIENT,True,1,False
K1,maxprob_0.9,joint_approval-3-flip,joint_approval-3,flip,2,INSUFFICIENT,INSUFFICIENT,False,1,False
K1,maxprob_0.9,joint_approval-3-full,joint_approval-3,full,0,ALLOW,ALLOW,False,1,False
K1,maxprob_0.9,joint_approval-3-full,joint_approval-3,full,1,ALLOW,ALLOW,False,1,False
K1,maxprob_0.9,joint_approval-3-full,joint_approval-3,full,2,ALLOW,ALLOW,False,1,False
K1,maxprob_0.9,joint_approval-3-hold,joint_approval-3,hold,0,ALLOW,ALLOW,False,1,False
K1,maxprob_0.9,joint_approval-3-hold,joint_approval-3,hold,1,ALLOW,ALLOW,False,1,False
K1,maxprob_0.9,joint_approval-3-hold,joint_approval-3,hold,2,ALLOW,ALLOW,False,1,False
K1,maxprob_0.9,joint_approval-3-nondecisive_missing,joint_approval-3,nondecisive_missing,0,ALLOW,ALLOW,False,1,False
K1,maxprob_0.9,joint_approval-3-nondecisive_missing,joint_approval-3,nondecisive_missing,1,ALLOW,ALLOW,False,1,False
K1,maxprob_0.9,joint_approval-3-nondecisive_missing,joint_approval-3,nondecisive_missing,2,ALLOW,ALLOW,False,1,False
K1,maxprob_0.9,joint_approval-4-conflict,joint_approval-4,conflict,0,ALLOW,ALLOW,False,1,False
K1,maxprob_0.9,joint_approval-4-conflict,joint_approval-4,conflict,1,ALLOW,ALLOW,False,1,False
K1,maxprob_0.9,joint_approval-4-conflict,joint_approval-4,conflict,2,ALLOW,ALLOW,False,1,False
K1,maxprob_0.9,joint_approval-4-decisive_missing,joint_approval-4,decisive_missing,0,ALLOW,ALLOW,False,1,False
K1,maxprob_0.9,joint_approval-4-decisive_missing,joint_approval-4,decisive_missing,1,ALLOW,ALLOW,False,1,False
K1,maxprob_0.9,joint_approval-4-decisive_missing,joint_approval-4,decisive_missing,2,ALLOW,ALLOW,False,1,False
K1,maxprob_0.9,joint_approval-4-flip,joint_approval-4,flip,0,ALLOW,ALLOW,False,1,False
K1,maxprob_0.9,joint_approval-4-flip,joint_approval-4,flip,1,ALLOW,ALLOW,False,1,False
K1,maxprob_0.9,joint_approval-4-flip,joint_approval-4,flip,2,ALLOW,ALLOW,False,1,False
K1,maxprob_0.9,joint_approval-4-full,joint_approval-4,full,0,ALLOW,INSUFFICIENT,True,1,False
K1,maxprob_0.9,joint_approval-4-full,joint_approval-4,full,1,INSUFFICIENT,INSUFFICIENT,False,1,False
K1,maxprob_0.9,joint_approval-4-full,joint_approval-4,full,2,INSUFFICIENT,INSUFFICIENT,False,1,False
K1,maxprob_0.9,joint_approval-4-hold,joint_approval-4,hold,0,DENY,INSUFFICIENT,True,1,False
K1,maxprob_0.9,joint_approval-4-hold,joint_approval-4,hold,1,DENY,DENY,False,1,False
K1,maxprob_0.9,joint_approval-4-hold,joint_approval-4,hold,2,DENY,INSUFFICIENT,True,1,False
K1,maxprob_0.9,joint_approval-4-nondecisive_missing,joint_approval-4,nondecisive_missing,0,DENY,DENY,False,1,False
K1,maxprob_0.9,joint_approval-4-nondecisive_missing,joint_approval-4,nondecisive_missing,1,DENY,DENY,False,1,False
K1,maxprob_0.9,joint_approval-4-nondecisive_missing,joint_approval-4,nondecisive_missing,2,DENY,DENY,False,1,False
K1,maxprob_0.9,reversal_exception-1-conflict,reversal_exception-1,conflict,0,ALLOW,ALLOW,False,1,False
K1,maxprob_0.9,reversal_exception-1-conflict,reversal_exception-1,conflict,1,ALLOW,ALLOW,False,1,False
K1,maxprob_0.9,reversal_exception-1-conflict,reversal_exception-1,conflict,2,ALLOW,ALLOW,False,1,False
K1,maxprob_0.9,reversal_exception-1-decisive_missing,reversal_exception-1,decisive_missing,0,ALLOW,ALLOW,False,1,False
K1,maxprob_0.9,reversal_exception-1-decisive_missing,reversal_exception-1,decisive_missing,1,ALLOW,ALLOW,False,1,False
K1,maxprob_0.9,reversal_exception-1-decisive_missing,reversal_exception-1,decisive_missing,2,ALLOW,ALLOW,False,1,False
K1,maxprob_0.9,reversal_exception-1-flip,reversal_exception-1,flip,0,ALLOW,ALLOW,False,1,False
K1,maxprob_0.9,reversal_exception-1-flip,reversal_exception-1,flip,1,ALLOW,ALLOW,False,1,False
K1,maxprob_0.9,reversal_exception-1-flip,reversal_exception-1,flip,2,ALLOW,ALLOW,False,1,False
K1,maxprob_0.9,reversal_exception-1-full,reversal_exception-1,full,0,ALLOW,ALLOW,False,1,False
K1,maxprob_0.9,reversal_exception-1-full,reversal_exception-1,full,1,ALLOW,ALLOW,False,1,False
K1,maxprob_0.9,reversal_exception-1-full,reversal_exception-1,full,2,ALLOW,ALLOW,False,1,False
K1,maxprob_0.9,reversal_exception-1-hold,reversal_exception-1,hold,0,ALLOW,INSUFFICIENT,True,1,False
K1,maxprob_0.9,reversal_exception-1-hold,reversal_exception-1,hold,1,ALLOW,INSUFFICIENT,True,1,False
K1,maxprob_0.9,reversal_exception-1-hold,reversal_exception-1,hold,2,ALLOW,INSUFFICIENT,True,1,False
K1,maxprob_0.9,reversal_exception-1-nondecisive_missing,reversal_exception-1,nondecisive_missing,0,ALLOW,ALLOW,False,1,False
K1,maxprob_0.9,reversal_exception-1-nondecisive_missing,reversal_exception-1,nondecisive_missing,1,ALLOW,ALLOW,False,1,False
K1,maxprob_0.9,reversal_exception-1-nondecisive_missing,reversal_exception-1,nondecisive_missing,2,ALLOW,ALLOW,False,1,False
K1,maxprob_0.9,reversal_exception-2-conflict,reversal_exception-2,conflict,0,ALLOW,ALLOW,False,1,False
K1,maxprob_0.9,reversal_exception-2-conflict,reversal_exception-2,conflict,1,ALLOW,ALLOW,False,1,False
K1,maxprob_0.9,reversal_exception-2-conflict,reversal_exception-2,conflict,2,ALLOW,ALLOW,False,1,False
K1,maxprob_0.9,reversal_exception-2-decisive_missing,reversal_exception-2,decisive_missing,0,ALLOW,ALLOW,False,1,False
K1,maxprob_0.9,reversal_exception-2-decisive_missing,reversal_exception-2,decisive_missing,1,ALLOW,ALLOW,False,1,False
K1,maxprob_0.9,reversal_exception-2-decisive_missing,reversal_exception-2,decisive_missing,2,ALLOW,ALLOW,False,1,False
K1,maxprob_0.9,reversal_exception-2-flip,reversal_exception-2,flip,0,ALLOW,ALLOW,False,1,False
K1,maxprob_0.9,reversal_exception-2-flip,reversal_exception-2,flip,1,ALLOW,ALLOW,False,1,False
K1,maxprob_0.9,reversal_exception-2-flip,reversal_exception-2,flip,2,ALLOW,ALLOW,False,1,False
K1,maxprob_0.9,reversal_exception-2-full,reversal_exception-2,full,0,ALLOW,ALLOW,False,1,False
K1,maxprob_0.9,reversal_exception-2-full,reversal_exception-2,full,1,ALLOW,ALLOW,False,1,False
K1,maxprob_0.9,reversal_exception-2-full,reversal_exception-2,full,2,ALLOW,ALLOW,False,1,False
K1,maxprob_0.9,reversal_exception-2-hold,reversal_exception-2,hold,0,ALLOW,ALLOW,False,1,False
K1,maxprob_0.9,reversal_exception-2-hold,reversal_exception-2,hold,1,ALLOW,ALLOW,False,1,False
K1,maxprob_0.9,reversal_exception-2-hold,reversal_exception-2,hold,2,ALLOW,ALLOW,False,1,False
K1,maxprob_0.9,reversal_exception-2-nondecisive_missing,reversal_exception-2,nondecisive_missing,0,ALLOW,ALLOW,False,1,False
K1,maxprob_0.9,reversal_exception-2-nondecisive_missing,reversal_exception-2,nondecisive_missing,1,ALLOW,ALLOW,False,1,False
K1,maxprob_0.9,reversal_exception-2-nondecisive_missing,reversal_exception-2,nondecisive_missing,2,ALLOW,ALLOW,False,1,False
K1,maxprob_0.9,reversal_exception-3-conflict,reversal_exception-3,conflict,0,ALLOW,INSUFFICIENT,True,1,False
K1,maxprob_0.9,reversal_exception-3-conflict,reversal_exception-3,conflict,1,INSUFFICIENT,INSUFFICIENT,False,1,False
K1,maxprob_0.9,reversal_exception-3-conflict,reversal_exception-3,conflict,2,INSUFFICIENT,INSUFFICIENT,False,1,False
K1,maxprob_0.9,reversal_exception-3-decisive_missing,reversal_exception-3,decisive_missing,0,INSUFFICIENT,INSUFFICIENT,False,1,False
K1,maxprob_0.9,reversal_exception-3-decisive_missing,reversal_exception-3,decisive_missing,1,INSUFFICIENT,INSUFFICIENT,False,1,False
K1,maxprob_0.9,reversal_exception-3-decisive_missing,reversal_exception-3,decisive_missing,2,INSUFFICIENT,INSUFFICIENT,False,1,False
K1,maxprob_0.9,reversal_exception-3-flip,reversal_exception-3,flip,0,INSUFFICIENT,INSUFFICIENT,False,1,False
K1,maxprob_0.9,reversal_exception-3-flip,reversal_exception-3,flip,1,INSUFFICIENT,INSUFFICIENT,False,1,False
K1,maxprob_0.9,reversal_exception-3-flip,reversal_exception-3,flip,2,INSUFFICIENT,INSUFFICIENT,False,1,False
K1,maxprob_0.9,reversal_exception-3-full,reversal_exception-3,full,0,ALLOW,INSUFFICIENT,True,1,False
K1,maxprob_0.9,reversal_exception-3-full,reversal_exception-3,full,1,INSUFFICIENT,INSUFFICIENT,False,1,False
K1,maxprob_0.9,reversal_exception-3-full,reversal_exception-3,full,2,ALLOW,INSUFFICIENT,True,1,False
K1,maxprob_0.9,reversal_exception-3-hold,reversal_exception-3,hold,0,INSUFFICIENT,INSUFFICIENT,False,1,False
K1,maxprob_0.9,reversal_exception-3-hold,reversal_exception-3,hold,1,INSUFFICIENT,INSUFFICIENT,False,1,False
K1,maxprob_0.9,reversal_exception-3-hold,reversal_exception-3,hold,2,INSUFFICIENT,INSUFFICIENT,False,1,False
K1,maxprob_0.9,reversal_exception-3-nondecisive_missing,reversal_exception-3,nondecisive_missing,0,ALLOW,INSUFFICIENT,True,1,False
K1,maxprob_0.9,reversal_exception-3-nondecisive_missing,reversal_exception-3,nondecisive_missing,1,INSUFFICIENT,INSUFFICIENT,False,1,False
K1,maxprob_0.9,reversal_exception-3-nondecisive_missing,reversal_exception-3,nondecisive_missing,2,INSUFFICIENT,INSUFFICIENT,False,1,False
K1,maxprob_0.9,reversal_exception-4-conflict,reversal_exception-4,conflict,0,DENY,INSUFFICIENT,True,1,False
K1,maxprob_0.9,reversal_exception-4-conflict,reversal_exception-4,conflict,1,DENY,INSUFFICIENT,True,1,False
K1,maxprob_0.9,reversal_exception-4-conflict,reversal_exception-4,conflict,2,DENY,INSUFFICIENT,True,1,False
K1,maxprob_0.9,reversal_exception-4-decisive_missing,reversal_exception-4,decisive_missing,0,DENY,DENY,False,1,False
K1,maxprob_0.9,reversal_exception-4-decisive_missing,reversal_exception-4,decisive_missing,1,DENY,INSUFFICIENT,True,1,False
K1,maxprob_0.9,reversal_exception-4-decisive_missing,reversal_exception-4,decisive_missing,2,DENY,INSUFFICIENT,True,1,False
K1,maxprob_0.9,reversal_exception-4-flip,reversal_exception-4,flip,0,ALLOW,INSUFFICIENT,True,1,False
K1,maxprob_0.9,reversal_exception-4-flip,reversal_exception-4,flip,1,ALLOW,INSUFFICIENT,True,1,False
K1,maxprob_0.9,reversal_exception-4-flip,reversal_exception-4,flip,2,ALLOW,INSUFFICIENT,True,1,False
K1,maxprob_0.9,reversal_exception-4-full,reversal_exception-4,full,0,DENY,INSUFFICIENT,True,1,False
K1,maxprob_0.9,reversal_exception-4-full,reversal_exception-4,full,1,DENY,INSUFFICIENT,True,1,False
K1,maxprob_0.9,reversal_exception-4-full,reversal_exception-4,full,2,DENY,INSUFFICIENT,True,1,False
K1,maxprob_0.9,reversal_exception-4-hold,reversal_exception-4,hold,0,DENY,DENY,False,1,False
K1,maxprob_0.9,reversal_exception-4-hold,reversal_exception-4,hold,1,DENY,DENY,False,1,False
K1,maxprob_0.9,reversal_exception-4-hold,reversal_exception-4,hold,2,DENY,DENY,False,1,False
K1,maxprob_0.9,reversal_exception-4-nondecisive_missing,reversal_exception-4,nondecisive_missing,0,DENY,INSUFFICIENT,True,1,False
K1,maxprob_0.9,reversal_exception-4-nondecisive_missing,reversal_exception-4,nondecisive_missing,1,DENY,INSUFFICIENT,True,1,False
K1,maxprob_0.9,reversal_exception-4-nondecisive_missing,reversal_exception-4,nondecisive_missing,2,DENY,INSUFFICIENT,True,1,False
K1,maxprob_0.9,route_lookup-1-conflict,route_lookup-1,conflict,0,ALLOW,ALLOW,False,1,False
K1,maxprob_0.9,route_lookup-1-conflict,route_lookup-1,conflict,1,ALLOW,ALLOW,False,1,False
K1,maxprob_0.9,route_lookup-1-conflict,route_lookup-1,conflict,2,ALLOW,ALLOW,False,1,False
K1,maxprob_0.9,route_lookup-1-decisive_missing,route_lookup-1,decisive_missing,0,ALLOW,ALLOW,False,1,False
K1,maxprob_0.9,route_lookup-1-decisive_missing,route_lookup-1,decisive_missing,1,ALLOW,ALLOW,False,1,False
K1,maxprob_0.9,route_lookup-1-decisive_missing,route_lookup-1,decisive_missing,2,ALLOW,ALLOW,False,1,False
K1,maxprob_0.9,route_lookup-1-flip,route_lookup-1,flip,0,DENY,INSUFFICIENT,True,1,False
K1,maxprob_0.9,route_lookup-1-flip,route_lookup-1,flip,1,DENY,INSUFFICIENT,True,1,False
K1,maxprob_0.9,route_lookup-1-flip,route_lookup-1,flip,2,DENY,INSUFFICIENT,True,1,False
K1,maxprob_0.9,route_lookup-1-full,route_lookup-1,full,0,ALLOW,ALLOW,False,1,False
K1,maxprob_0.9,route_lookup-1-full,route_lookup-1,full,1,ALLOW,ALLOW,False,1,False
K1,maxprob_0.9,route_lookup-1-full,route_lookup-1,full,2,ALLOW,ALLOW,False,1,False
K1,maxprob_0.9,route_lookup-1-hold,route_lookup-1,hold,0,ALLOW,ALLOW,False,1,False
K1,maxprob_0.9,route_lookup-1-hold,route_lookup-1,hold,1,ALLOW,INSUFFICIENT,True,1,False
K1,maxprob_0.9,route_lookup-1-hold,route_lookup-1,hold,2,ALLOW,INSUFFICIENT,True,1,False
K1,maxprob_0.9,route_lookup-1-nondecisive_missing,route_lookup-1,nondecisive_missing,0,ALLOW,ALLOW,False,1,False
K1,maxprob_0.9,route_lookup-1-nondecisive_missing,route_lookup-1,nondecisive_missing,1,ALLOW,ALLOW,False,1,False
K1,maxprob_0.9,route_lookup-1-nondecisive_missing,route_lookup-1,nondecisive_missing,2,ALLOW,ALLOW,False,1,False
K1,maxprob_0.9,route_lookup-2-conflict,route_lookup-2,conflict,0,DENY,INSUFFICIENT,True,1,False
K1,maxprob_0.9,route_lookup-2-conflict,route_lookup-2,conflict,1,ALLOW,INSUFFICIENT,True,1,False
K1,maxprob_0.9,route_lookup-2-conflict,route_lookup-2,conflict,2,DENY,INSUFFICIENT,True,1,False
K1,maxprob_0.9,route_lookup-2-decisive_missing,route_lookup-2,decisive_missing,0,ALLOW,ALLOW,False,1,False
K1,maxprob_0.9,route_lookup-2-decisive_missing,route_lookup-2,decisive_missing,1,ALLOW,ALLOW,False,1,False
K1,maxprob_0.9,route_lookup-2-decisive_missing,route_lookup-2,decisive_missing,2,ALLOW,ALLOW,False,1,False
K1,maxprob_0.9,route_lookup-2-flip,route_lookup-2,flip,0,ALLOW,ALLOW,False,1,False
K1,maxprob_0.9,route_lookup-2-flip,route_lookup-2,flip,1,ALLOW,ALLOW,False,1,False
K1,maxprob_0.9,route_lookup-2-flip,route_lookup-2,flip,2,ALLOW,ALLOW,False,1,False
K1,maxprob_0.9,route_lookup-2-full,route_lookup-2,full,0,DENY,INSUFFICIENT,True,1,False
K1,maxprob_0.9,route_lookup-2-full,route_lookup-2,full,1,DENY,INSUFFICIENT,True,1,False
K1,maxprob_0.9,route_lookup-2-full,route_lookup-2,full,2,DENY,INSUFFICIENT,True,1,False
K1,maxprob_0.9,route_lookup-2-hold,route_lookup-2,hold,0,ALLOW,ALLOW,False,1,False
K1,maxprob_0.9,route_lookup-2-hold,route_lookup-2,hold,1,ALLOW,ALLOW,False,1,False
K1,maxprob_0.9,route_lookup-2-hold,route_lookup-2,hold,2,ALLOW,ALLOW,False,1,False
K1,maxprob_0.9,route_lookup-2-nondecisive_missing,route_lookup-2,nondecisive_missing,0,DENY,DENY,False,1,False
K1,maxprob_0.9,route_lookup-2-nondecisive_missing,route_lookup-2,nondecisive_missing,1,DENY,INSUFFICIENT,True,1,False
K1,maxprob_0.9,route_lookup-2-nondecisive_missing,route_lookup-2,nondecisive_missing,2,DENY,INSUFFICIENT,True,1,False
K1,maxprob_0.9,route_lookup-3-conflict,route_lookup-3,conflict,0,ALLOW,ALLOW,False,1,False
K1,maxprob_0.9,route_lookup-3-conflict,route_lookup-3,conflict,1,ALLOW,ALLOW,False,1,False
K1,maxprob_0.9,route_lookup-3-conflict,route_lookup-3,conflict,2,ALLOW,ALLOW,False,1,False
K1,maxprob_0.9,route_lookup-3-decisive_missing,route_lookup-3,decisive_missing,0,ALLOW,ALLOW,False,1,False
K1,maxprob_0.9,route_lookup-3-decisive_missing,route_lookup-3,decisive_missing,1,ALLOW,INSUFFICIENT,True,1,False
K1,maxprob_0.9,route_lookup-3-decisive_missing,route_lookup-3,decisive_missing,2,ALLOW,INSUFFICIENT,True,1,False
K1,maxprob_0.9,route_lookup-3-flip,route_lookup-3,flip,0,ALLOW,INSUFFICIENT,True,1,False
K1,maxprob_0.9,route_lookup-3-flip,route_lookup-3,flip,1,ALLOW,INSUFFICIENT,True,1,False
K1,maxprob_0.9,route_lookup-3-flip,route_lookup-3,flip,2,DENY,INSUFFICIENT,True,1,False
K1,maxprob_0.9,route_lookup-3-full,route_lookup-3,full,0,ALLOW,ALLOW,False,1,False
K1,maxprob_0.9,route_lookup-3-full,route_lookup-3,full,1,ALLOW,ALLOW,False,1,False
K1,maxprob_0.9,route_lookup-3-full,route_lookup-3,full,2,ALLOW,ALLOW,False,1,False
K1,maxprob_0.9,route_lookup-3-hold,route_lookup-3,hold,0,ALLOW,ALLOW,False,1,False
K1,maxprob_0.9,route_lookup-3-hold,route_lookup-3,hold,1,ALLOW,ALLOW,False,1,False
K1,maxprob_0.9,route_lookup-3-hold,route_lookup-3,hold,2,ALLOW,ALLOW,False,1,False
K1,maxprob_0.9,route_lookup-3-nondecisive_missing,route_lookup-3,nondecisive_missing,0,ALLOW,ALLOW,False,1,False
K1,maxprob_0.9,route_lookup-3-nondecisive_missing,route_lookup-3,nondecisive_missing,1,ALLOW,ALLOW,False,1,False
K1,maxprob_0.9,route_lookup-3-nondecisive_missing,route_lookup-3,nondecisive_missing,2,ALLOW,ALLOW,False,1,False
K1,maxprob_0.9,route_lookup-4-conflict,route_lookup-4,conflict,0,DENY,INSUFFICIENT,True,1,False
K1,maxprob_0.9,route_lookup-4-conflict,route_lookup-4,conflict,1,DENY,INSUFFICIENT,True,1,False
K1,maxprob_0.9,route_lookup-4-conflict,route_lookup-4,conflict,2,DENY,INSUFFICIENT,True,1,False
K1,maxprob_0.9,route_lookup-4-decisive_missing,route_lookup-4,decisive_missing,0,ALLOW,ALLOW,False,1,False
K1,maxprob_0.9,route_lookup-4-decisive_missing,route_lookup-4,decisive_missing,1,ALLOW,ALLOW,False,1,False
K1,maxprob_0.9,route_lookup-4-decisive_missing,route_lookup-4,decisive_missing,2,ALLOW,ALLOW,False,1,False
K1,maxprob_0.9,route_lookup-4-flip,route_lookup-4,flip,0,ALLOW,ALLOW,False,1,False
K1,maxprob_0.9,route_lookup-4-flip,route_lookup-4,flip,1,ALLOW,ALLOW,False,1,False
K1,maxprob_0.9,route_lookup-4-flip,route_lookup-4,flip,2,ALLOW,ALLOW,False,1,False
K1,maxprob_0.9,route_lookup-4-full,route_lookup-4,full,0,DENY,DENY,False,1,False
K1,maxprob_0.9,route_lookup-4-full,route_lookup-4,full,1,DENY,INSUFFICIENT,True,1,False
K1,maxprob_0.9,route_lookup-4-full,route_lookup-4,full,2,DENY,INSUFFICIENT,True,1,False
K1,maxprob_0.9,route_lookup-4-hold,route_lookup-4,hold,0,ALLOW,INSUFFICIENT,True,1,False
K1,maxprob_0.9,route_lookup-4-hold,route_lookup-4,hold,1,ALLOW,INSUFFICIENT,True,1,False
K1,maxprob_0.9,route_lookup-4-hold,route_lookup-4,hold,2,ALLOW,INSUFFICIENT,True,1,False
K1,maxprob_0.9,route_lookup-4-nondecisive_missing,route_lookup-4,nondecisive_missing,0,DENY,DENY,False,1,False
K1,maxprob_0.9,route_lookup-4-nondecisive_missing,route_lookup-4,nondecisive_missing,1,DENY,DENY,False,1,False
K1,maxprob_0.9,route_lookup-4-nondecisive_missing,route_lookup-4,nondecisive_missing,2,DENY,DENY,False,1,False
K1,maxprob_0.95,joint_approval-1-conflict,joint_approval-1,conflict,0,DENY,INSUFFICIENT,True,1,False
K1,maxprob_0.95,joint_approval-1-conflict,joint_approval-1,conflict,1,DENY,INSUFFICIENT,True,1,False
K1,maxprob_0.95,joint_approval-1-conflict,joint_approval-1,conflict,2,INSUFFICIENT,INSUFFICIENT,False,1,False
K1,maxprob_0.95,joint_approval-1-decisive_missing,joint_approval-1,decisive_missing,0,ALLOW,ALLOW,False,1,False
K1,maxprob_0.95,joint_approval-1-decisive_missing,joint_approval-1,decisive_missing,1,ALLOW,ALLOW,False,1,False
K1,maxprob_0.95,joint_approval-1-decisive_missing,joint_approval-1,decisive_missing,2,ALLOW,INSUFFICIENT,True,1,False
K1,maxprob_0.95,joint_approval-1-flip,joint_approval-1,flip,0,INSUFFICIENT,INSUFFICIENT,False,1,False
K1,maxprob_0.95,joint_approval-1-flip,joint_approval-1,flip,1,INSUFFICIENT,INSUFFICIENT,False,1,False
K1,maxprob_0.95,joint_approval-1-flip,joint_approval-1,flip,2,INSUFFICIENT,INSUFFICIENT,False,1,False
K1,maxprob_0.95,joint_approval-1-full,joint_approval-1,full,0,ALLOW,ALLOW,False,1,False
K1,maxprob_0.95,joint_approval-1-full,joint_approval-1,full,1,ALLOW,ALLOW,False,1,False
K1,maxprob_0.95,joint_approval-1-full,joint_approval-1,full,2,ALLOW,ALLOW,False,1,False
K1,maxprob_0.95,joint_approval-1-hold,joint_approval-1,hold,0,ALLOW,ALLOW,False,1,False
K1,maxprob_0.95,joint_approval-1-hold,joint_approval-1,hold,1,ALLOW,ALLOW,False,1,False
K1,maxprob_0.95,joint_approval-1-hold,joint_approval-1,hold,2,ALLOW,ALLOW,False,1,False
K1,maxprob_0.95,joint_approval-1-nondecisive_missing,joint_approval-1,nondecisive_missing,0,ALLOW,ALLOW,False,1,False
K1,maxprob_0.95,joint_approval-1-nondecisive_missing,joint_approval-1,nondecisive_missing,1,ALLOW,ALLOW,False,1,False
K1,maxprob_0.95,joint_approval-1-nondecisive_missing,joint_approval-1,nondecisive_missing,2,ALLOW,ALLOW,False,1,False
K1,maxprob_0.95,joint_approval-2-conflict,joint_approval-2,conflict,0,ALLOW,INSUFFICIENT,True,1,False
K1,maxprob_0.95,joint_approval-2-conflict,joint_approval-2,conflict,1,ALLOW,INSUFFICIENT,True,1,False
K1,maxprob_0.95,joint_approval-2-conflict,joint_approval-2,conflict,2,ALLOW,INSUFFICIENT,True,1,False
K1,maxprob_0.95,joint_approval-2-decisive_missing,joint_approval-2,decisive_missing,0,ALLOW,ALLOW,False,1,False
K1,maxprob_0.95,joint_approval-2-decisive_missing,joint_approval-2,decisive_missing,1,ALLOW,ALLOW,False,1,False
K1,maxprob_0.95,joint_approval-2-decisive_missing,joint_approval-2,decisive_missing,2,ALLOW,INSUFFICIENT,True,1,False
K1,maxprob_0.95,joint_approval-2-flip,joint_approval-2,flip,0,ALLOW,ALLOW,False,1,False
K1,maxprob_0.95,joint_approval-2-flip,joint_approval-2,flip,1,ALLOW,ALLOW,False,1,False
K1,maxprob_0.95,joint_approval-2-flip,joint_approval-2,flip,2,ALLOW,ALLOW,False,1,False
K1,maxprob_0.95,joint_approval-2-full,joint_approval-2,full,0,INSUFFICIENT,INSUFFICIENT,False,1,False
K1,maxprob_0.95,joint_approval-2-full,joint_approval-2,full,1,INSUFFICIENT,INSUFFICIENT,False,1,False
K1,maxprob_0.95,joint_approval-2-full,joint_approval-2,full,2,INSUFFICIENT,INSUFFICIENT,False,1,False
K1,maxprob_0.95,joint_approval-2-hold,joint_approval-2,hold,0,ALLOW,INSUFFICIENT,True,1,False
K1,maxprob_0.95,joint_approval-2-hold,joint_approval-2,hold,1,ALLOW,INSUFFICIENT,True,1,False
K1,maxprob_0.95,joint_approval-2-hold,joint_approval-2,hold,2,ALLOW,INSUFFICIENT,True,1,False
K1,maxprob_0.95,joint_approval-2-nondecisive_missing,joint_approval-2,nondecisive_missing,0,DENY,INSUFFICIENT,True,1,False
K1,maxprob_0.95,joint_approval-2-nondecisive_missing,joint_approval-2,nondecisive_missing,1,DENY,INSUFFICIENT,True,1,False
K1,maxprob_0.95,joint_approval-2-nondecisive_missing,joint_approval-2,nondecisive_missing,2,DENY,INSUFFICIENT,True,1,False
K1,maxprob_0.95,joint_approval-3-conflict,joint_approval-3,conflict,0,ALLOW,INSUFFICIENT,True,1,False
K1,maxprob_0.95,joint_approval-3-conflict,joint_approval-3,conflict,1,ALLOW,INSUFFICIENT,True,1,False
K1,maxprob_0.95,joint_approval-3-conflict,joint_approval-3,conflict,2,ALLOW,INSUFFICIENT,True,1,False
K1,maxprob_0.95,joint_approval-3-decisive_missing,joint_approval-3,decisive_missing,0,ALLOW,ALLOW,False,1,False
K1,maxprob_0.95,joint_approval-3-decisive_missing,joint_approval-3,decisive_missing,1,ALLOW,ALLOW,False,1,False
K1,maxprob_0.95,joint_approval-3-decisive_missing,joint_approval-3,decisive_missing,2,ALLOW,ALLOW,False,1,False
K1,maxprob_0.95,joint_approval-3-flip,joint_approval-3,flip,0,ALLOW,INSUFFICIENT,True,1,False
K1,maxprob_0.95,joint_approval-3-flip,joint_approval-3,flip,1,ALLOW,INSUFFICIENT,True,1,False
K1,maxprob_0.95,joint_approval-3-flip,joint_approval-3,flip,2,INSUFFICIENT,INSUFFICIENT,False,1,False
K1,maxprob_0.95,joint_approval-3-full,joint_approval-3,full,0,ALLOW,ALLOW,False,1,False
K1,maxprob_0.95,joint_approval-3-full,joint_approval-3,full,1,ALLOW,ALLOW,False,1,False
K1,maxprob_0.95,joint_approval-3-full,joint_approval-3,full,2,ALLOW,ALLOW,False,1,False
K1,maxprob_0.95,joint_approval-3-hold,joint_approval-3,hold,0,ALLOW,ALLOW,False,1,False
K1,maxprob_0.95,joint_approval-3-hold,joint_approval-3,hold,1,ALLOW,ALLOW,False,1,False
K1,maxprob_0.95,joint_approval-3-hold,joint_approval-3,hold,2,ALLOW,ALLOW,False,1,False
K1,maxprob_0.95,joint_approval-3-nondecisive_missing,joint_approval-3,nondecisive_missing,0,ALLOW,ALLOW,False,1,False
K1,maxprob_0.95,joint_approval-3-nondecisive_missing,joint_approval-3,nondecisive_missing,1,ALLOW,ALLOW,False,1,False
K1,maxprob_0.95,joint_approval-3-nondecisive_missing,joint_approval-3,nondecisive_missing,2,ALLOW,ALLOW,False,1,False
K1,maxprob_0.95,joint_approval-4-conflict,joint_approval-4,conflict,0,ALLOW,ALLOW,False,1,False
K1,maxprob_0.95,joint_approval-4-conflict,joint_approval-4,conflict,1,ALLOW,ALLOW,False,1,False
K1,maxprob_0.95,joint_approval-4-conflict,joint_approval-4,conflict,2,ALLOW,INSUFFICIENT,True,1,False
K1,maxprob_0.95,joint_approval-4-decisive_missing,joint_approval-4,decisive_missing,0,ALLOW,ALLOW,False,1,False
K1,maxprob_0.95,joint_approval-4-decisive_missing,joint_approval-4,decisive_missing,1,ALLOW,ALLOW,False,1,False
K1,maxprob_0.95,joint_approval-4-decisive_missing,joint_approval-4,decisive_missing,2,ALLOW,ALLOW,False,1,False
K1,maxprob_0.95,joint_approval-4-flip,joint_approval-4,flip,0,ALLOW,ALLOW,False,1,False
K1,maxprob_0.95,joint_approval-4-flip,joint_approval-4,flip,1,ALLOW,ALLOW,False,1,False
K1,maxprob_0.95,joint_approval-4-flip,joint_approval-4,flip,2,ALLOW,ALLOW,False,1,False
K1,maxprob_0.95,joint_approval-4-full,joint_approval-4,full,0,ALLOW,INSUFFICIENT,True,1,False
K1,maxprob_0.95,joint_approval-4-full,joint_approval-4,full,1,INSUFFICIENT,INSUFFICIENT,False,1,False
K1,maxprob_0.95,joint_approval-4-full,joint_approval-4,full,2,INSUFFICIENT,INSUFFICIENT,False,1,False
K1,maxprob_0.95,joint_approval-4-hold,joint_approval-4,hold,0,DENY,INSUFFICIENT,True,1,False
K1,maxprob_0.95,joint_approval-4-hold,joint_approval-4,hold,1,DENY,INSUFFICIENT,True,1,False
K1,maxprob_0.95,joint_approval-4-hold,joint_approval-4,hold,2,DENY,INSUFFICIENT,True,1,False
K1,maxprob_0.95,joint_approval-4-nondecisive_missing,joint_approval-4,nondecisive_missing,0,DENY,DENY,False,1,False
K1,maxprob_0.95,joint_approval-4-nondecisive_missing,joint_approval-4,nondecisive_missing,1,DENY,DENY,False,1,False
K1,maxprob_0.95,joint_approval-4-nondecisive_missing,joint_approval-4,nondecisive_missing,2,DENY,INSUFFICIENT,True,1,False
K1,maxprob_0.95,reversal_exception-1-conflict,reversal_exception-1,conflict,0,ALLOW,ALLOW,False,1,False
K1,maxprob_0.95,reversal_exception-1-conflict,reversal_exception-1,conflict,1,ALLOW,ALLOW,False,1,False
K1,maxprob_0.95,reversal_exception-1-conflict,reversal_exception-1,conflict,2,ALLOW,INSUFFICIENT,True,1,False
K1,maxprob_0.95,reversal_exception-1-decisive_missing,reversal_exception-1,decisive_missing,0,ALLOW,ALLOW,False,1,False
K1,maxprob_0.95,reversal_exception-1-decisive_missing,reversal_exception-1,decisive_missing,1,ALLOW,ALLOW,False,1,False
K1,maxprob_0.95,reversal_exception-1-decisive_missing,reversal_exception-1,decisive_missing,2,ALLOW,ALLOW,False,1,False
K1,maxprob_0.95,reversal_exception-1-flip,reversal_exception-1,flip,0,ALLOW,ALLOW,False,1,False
K1,maxprob_0.95,reversal_exception-1-flip,reversal_exception-1,flip,1,ALLOW,ALLOW,False,1,False
K1,maxprob_0.95,reversal_exception-1-flip,reversal_exception-1,flip,2,ALLOW,INSUFFICIENT,True,1,False
K1,maxprob_0.95,reversal_exception-1-full,reversal_exception-1,full,0,ALLOW,ALLOW,False,1,False
K1,maxprob_0.95,reversal_exception-1-full,reversal_exception-1,full,1,ALLOW,ALLOW,False,1,False
K1,maxprob_0.95,reversal_exception-1-full,reversal_exception-1,full,2,ALLOW,ALLOW,False,1,False
K1,maxprob_0.95,reversal_exception-1-hold,reversal_exception-1,hold,0,ALLOW,INSUFFICIENT,True,1,False
K1,maxprob_0.95,reversal_exception-1-hold,reversal_exception-1,hold,1,ALLOW,INSUFFICIENT,True,1,False
K1,maxprob_0.95,reversal_exception-1-hold,reversal_exception-1,hold,2,ALLOW,INSUFFICIENT,True,1,False
K1,maxprob_0.95,reversal_exception-1-nondecisive_missing,reversal_exception-1,nondecisive_missing,0,ALLOW,ALLOW,False,1,False
K1,maxprob_0.95,reversal_exception-1-nondecisive_missing,reversal_exception-1,nondecisive_missing,1,ALLOW,ALLOW,False,1,False
K1,maxprob_0.95,reversal_exception-1-nondecisive_missing,reversal_exception-1,nondecisive_missing,2,ALLOW,ALLOW,False,1,False
K1,maxprob_0.95,reversal_exception-2-conflict,reversal_exception-2,conflict,0,ALLOW,ALLOW,False,1,False
K1,maxprob_0.95,reversal_exception-2-conflict,reversal_exception-2,conflict,1,ALLOW,ALLOW,False,1,False
K1,maxprob_0.95,reversal_exception-2-conflict,reversal_exception-2,conflict,2,ALLOW,ALLOW,False,1,False
K1,maxprob_0.95,reversal_exception-2-decisive_missing,reversal_exception-2,decisive_missing,0,ALLOW,ALLOW,False,1,False
K1,maxprob_0.95,reversal_exception-2-decisive_missing,reversal_exception-2,decisive_missing,1,ALLOW,ALLOW,False,1,False
K1,maxprob_0.95,reversal_exception-2-decisive_missing,reversal_exception-2,decisive_missing,2,ALLOW,ALLOW,False,1,False
K1,maxprob_0.95,reversal_exception-2-flip,reversal_exception-2,flip,0,ALLOW,ALLOW,False,1,False
K1,maxprob_0.95,reversal_exception-2-flip,reversal_exception-2,flip,1,ALLOW,ALLOW,False,1,False
K1,maxprob_0.95,reversal_exception-2-flip,reversal_exception-2,flip,2,ALLOW,ALLOW,False,1,False
K1,maxprob_0.95,reversal_exception-2-full,reversal_exception-2,full,0,ALLOW,ALLOW,False,1,False
K1,maxprob_0.95,reversal_exception-2-full,reversal_exception-2,full,1,ALLOW,ALLOW,False,1,False
K1,maxprob_0.95,reversal_exception-2-full,reversal_exception-2,full,2,ALLOW,ALLOW,False,1,False
K1,maxprob_0.95,reversal_exception-2-hold,reversal_exception-2,hold,0,ALLOW,ALLOW,False,1,False
K1,maxprob_0.95,reversal_exception-2-hold,reversal_exception-2,hold,1,ALLOW,ALLOW,False,1,False
K1,maxprob_0.95,reversal_exception-2-hold,reversal_exception-2,hold,2,ALLOW,ALLOW,False,1,False
K1,maxprob_0.95,reversal_exception-2-nondecisive_missing,reversal_exception-2,nondecisive_missing,0,ALLOW,ALLOW,False,1,False
K1,maxprob_0.95,reversal_exception-2-nondecisive_missing,reversal_exception-2,nondecisive_missing,1,ALLOW,ALLOW,False,1,False
K1,maxprob_0.95,reversal_exception-2-nondecisive_missing,reversal_exception-2,nondecisive_missing,2,ALLOW,ALLOW,False,1,False
K1,maxprob_0.95,reversal_exception-3-conflict,reversal_exception-3,conflict,0,ALLOW,INSUFFICIENT,True,1,False
K1,maxprob_0.95,reversal_exception-3-conflict,reversal_exception-3,conflict,1,INSUFFICIENT,INSUFFICIENT,False,1,False
K1,maxprob_0.95,reversal_exception-3-conflict,reversal_exception-3,conflict,2,INSUFFICIENT,INSUFFICIENT,False,1,False
K1,maxprob_0.95,reversal_exception-3-decisive_missing,reversal_exception-3,decisive_missing,0,INSUFFICIENT,INSUFFICIENT,False,1,False
K1,maxprob_0.95,reversal_exception-3-decisive_missing,reversal_exception-3,decisive_missing,1,INSUFFICIENT,INSUFFICIENT,False,1,False
K1,maxprob_0.95,reversal_exception-3-decisive_missing,reversal_exception-3,decisive_missing,2,INSUFFICIENT,INSUFFICIENT,False,1,False
K1,maxprob_0.95,reversal_exception-3-flip,reversal_exception-3,flip,0,INSUFFICIENT,INSUFFICIENT,False,1,False
K1,maxprob_0.95,reversal_exception-3-flip,reversal_exception-3,flip,1,INSUFFICIENT,INSUFFICIENT,False,1,False
K1,maxprob_0.95,reversal_exception-3-flip,reversal_exception-3,flip,2,INSUFFICIENT,INSUFFICIENT,False,1,False
K1,maxprob_0.95,reversal_exception-3-full,reversal_exception-3,full,0,ALLOW,INSUFFICIENT,True,1,False
K1,maxprob_0.95,reversal_exception-3-full,reversal_exception-3,full,1,INSUFFICIENT,INSUFFICIENT,False,1,False
K1,maxprob_0.95,reversal_exception-3-full,reversal_exception-3,full,2,ALLOW,INSUFFICIENT,True,1,False
K1,maxprob_0.95,reversal_exception-3-hold,reversal_exception-3,hold,0,INSUFFICIENT,INSUFFICIENT,False,1,False
K1,maxprob_0.95,reversal_exception-3-hold,reversal_exception-3,hold,1,INSUFFICIENT,INSUFFICIENT,False,1,False
K1,maxprob_0.95,reversal_exception-3-hold,reversal_exception-3,hold,2,INSUFFICIENT,INSUFFICIENT,False,1,False
K1,maxprob_0.95,reversal_exception-3-nondecisive_missing,reversal_exception-3,nondecisive_missing,0,ALLOW,INSUFFICIENT,True,1,False
K1,maxprob_0.95,reversal_exception-3-nondecisive_missing,reversal_exception-3,nondecisive_missing,1,INSUFFICIENT,INSUFFICIENT,False,1,False
K1,maxprob_0.95,reversal_exception-3-nondecisive_missing,reversal_exception-3,nondecisive_missing,2,INSUFFICIENT,INSUFFICIENT,False,1,False
K1,maxprob_0.95,reversal_exception-4-conflict,reversal_exception-4,conflict,0,DENY,INSUFFICIENT,True,1,False
K1,maxprob_0.95,reversal_exception-4-conflict,reversal_exception-4,conflict,1,DENY,INSUFFICIENT,True,1,False
K1,maxprob_0.95,reversal_exception-4-conflict,reversal_exception-4,conflict,2,DENY,INSUFFICIENT,True,1,False
K1,maxprob_0.95,reversal_exception-4-decisive_missing,reversal_exception-4,decisive_missing,0,DENY,INSUFFICIENT,True,1,False
K1,maxprob_0.95,reversal_exception-4-decisive_missing,reversal_exception-4,decisive_missing,1,DENY,INSUFFICIENT,True,1,False
K1,maxprob_0.95,reversal_exception-4-decisive_missing,reversal_exception-4,decisive_missing,2,DENY,INSUFFICIENT,True,1,False
K1,maxprob_0.95,reversal_exception-4-flip,reversal_exception-4,flip,0,ALLOW,INSUFFICIENT,True,1,False
K1,maxprob_0.95,reversal_exception-4-flip,reversal_exception-4,flip,1,ALLOW,INSUFFICIENT,True,1,False
K1,maxprob_0.95,reversal_exception-4-flip,reversal_exception-4,flip,2,ALLOW,INSUFFICIENT,True,1,False
K1,maxprob_0.95,reversal_exception-4-full,reversal_exception-4,full,0,DENY,INSUFFICIENT,True,1,False
K1,maxprob_0.95,reversal_exception-4-full,reversal_exception-4,full,1,DENY,INSUFFICIENT,True,1,False
K1,maxprob_0.95,reversal_exception-4-full,reversal_exception-4,full,2,DENY,INSUFFICIENT,True,1,False
K1,maxprob_0.95,reversal_exception-4-hold,reversal_exception-4,hold,0,DENY,DENY,False,1,False
K1,maxprob_0.95,reversal_exception-4-hold,reversal_exception-4,hold,1,DENY,INSUFFICIENT,True,1,False
K1,maxprob_0.95,reversal_exception-4-hold,reversal_exception-4,hold,2,DENY,DENY,False,1,False
K1,maxprob_0.95,reversal_exception-4-nondecisive_missing,reversal_exception-4,nondecisive_missing,0,DENY,INSUFFICIENT,True,1,False
K1,maxprob_0.95,reversal_exception-4-nondecisive_missing,reversal_exception-4,nondecisive_missing,1,DENY,INSUFFICIENT,True,1,False
K1,maxprob_0.95,reversal_exception-4-nondecisive_missing,reversal_exception-4,nondecisive_missing,2,DENY,INSUFFICIENT,True,1,False
K1,maxprob_0.95,route_lookup-1-conflict,route_lookup-1,conflict,0,ALLOW,ALLOW,False,1,False
K1,maxprob_0.95,route_lookup-1-conflict,route_lookup-1,conflict,1,ALLOW,ALLOW,False,1,False
K1,maxprob_0.95,route_lookup-1-conflict,route_lookup-1,conflict,2,ALLOW,ALLOW,False,1,False
K1,maxprob_0.95,route_lookup-1-decisive_missing,route_lookup-1,decisive_missing,0,ALLOW,ALLOW,False,1,False
K1,maxprob_0.95,route_lookup-1-decisive_missing,route_lookup-1,decisive_missing,1,ALLOW,ALLOW,False,1,False
K1,maxprob_0.95,route_lookup-1-decisive_missing,route_lookup-1,decisive_missing,2,ALLOW,INSUFFICIENT,True,1,False
K1,maxprob_0.95,route_lookup-1-flip,route_lookup-1,flip,0,DENY,INSUFFICIENT,True,1,False
K1,maxprob_0.95,route_lookup-1-flip,route_lookup-1,flip,1,DENY,INSUFFICIENT,True,1,False
K1,maxprob_0.95,route_lookup-1-flip,route_lookup-1,flip,2,DENY,INSUFFICIENT,True,1,False
K1,maxprob_0.95,route_lookup-1-full,route_lookup-1,full,0,ALLOW,ALLOW,False,1,False
K1,maxprob_0.95,route_lookup-1-full,route_lookup-1,full,1,ALLOW,ALLOW,False,1,False
K1,maxprob_0.95,route_lookup-1-full,route_lookup-1,full,2,ALLOW,ALLOW,False,1,False
K1,maxprob_0.95,route_lookup-1-hold,route_lookup-1,hold,0,ALLOW,INSUFFICIENT,True,1,False
K1,maxprob_0.95,route_lookup-1-hold,route_lookup-1,hold,1,ALLOW,INSUFFICIENT,True,1,False
K1,maxprob_0.95,route_lookup-1-hold,route_lookup-1,hold,2,ALLOW,INSUFFICIENT,True,1,False
K1,maxprob_0.95,route_lookup-1-nondecisive_missing,route_lookup-1,nondecisive_missing,0,ALLOW,ALLOW,False,1,False
K1,maxprob_0.95,route_lookup-1-nondecisive_missing,route_lookup-1,nondecisive_missing,1,ALLOW,ALLOW,False,1,False
K1,maxprob_0.95,route_lookup-1-nondecisive_missing,route_lookup-1,nondecisive_missing,2,ALLOW,ALLOW,False,1,False
K1,maxprob_0.95,route_lookup-2-conflict,route_lookup-2,conflict,0,DENY,INSUFFICIENT,True,1,False
K1,maxprob_0.95,route_lookup-2-conflict,route_lookup-2,conflict,1,ALLOW,INSUFFICIENT,True,1,False
K1,maxprob_0.95,route_lookup-2-conflict,route_lookup-2,conflict,2,DENY,INSUFFICIENT,True,1,False
K1,maxprob_0.95,route_lookup-2-decisive_missing,route_lookup-2,decisive_missing,0,ALLOW,ALLOW,False,1,False
K1,maxprob_0.95,route_lookup-2-decisive_missing,route_lookup-2,decisive_missing,1,ALLOW,ALLOW,False,1,False
K1,maxprob_0.95,route_lookup-2-decisive_missing,route_lookup-2,decisive_missing,2,ALLOW,ALLOW,False,1,False
K1,maxprob_0.95,route_lookup-2-flip,route_lookup-2,flip,0,ALLOW,ALLOW,False,1,False
K1,maxprob_0.95,route_lookup-2-flip,route_lookup-2,flip,1,ALLOW,ALLOW,False,1,False
K1,maxprob_0.95,route_lookup-2-flip,route_lookup-2,flip,2,ALLOW,ALLOW,False,1,False
K1,maxprob_0.95,route_lookup-2-full,route_lookup-2,full,0,DENY,INSUFFICIENT,True,1,False
K1,maxprob_0.95,route_lookup-2-full,route_lookup-2,full,1,DENY,INSUFFICIENT,True,1,False
K1,maxprob_0.95,route_lookup-2-full,route_lookup-2,full,2,DENY,INSUFFICIENT,True,1,False
K1,maxprob_0.95,route_lookup-2-hold,route_lookup-2,hold,0,ALLOW,ALLOW,False,1,False
K1,maxprob_0.95,route_lookup-2-hold,route_lookup-2,hold,1,ALLOW,ALLOW,False,1,False
K1,maxprob_0.95,route_lookup-2-hold,route_lookup-2,hold,2,ALLOW,ALLOW,False,1,False
K1,maxprob_0.95,route_lookup-2-nondecisive_missing,route_lookup-2,nondecisive_missing,0,DENY,DENY,False,1,False
K1,maxprob_0.95,route_lookup-2-nondecisive_missing,route_lookup-2,nondecisive_missing,1,DENY,INSUFFICIENT,True,1,False
K1,maxprob_0.95,route_lookup-2-nondecisive_missing,route_lookup-2,nondecisive_missing,2,DENY,INSUFFICIENT,True,1,False
K1,maxprob_0.95,route_lookup-3-conflict,route_lookup-3,conflict,0,ALLOW,ALLOW,False,1,False
K1,maxprob_0.95,route_lookup-3-conflict,route_lookup-3,conflict,1,ALLOW,ALLOW,False,1,False
K1,maxprob_0.95,route_lookup-3-conflict,route_lookup-3,conflict,2,ALLOW,ALLOW,False,1,False
K1,maxprob_0.95,route_lookup-3-decisive_missing,route_lookup-3,decisive_missing,0,ALLOW,INSUFFICIENT,True,1,False
K1,maxprob_0.95,route_lookup-3-decisive_missing,route_lookup-3,decisive_missing,1,ALLOW,INSUFFICIENT,True,1,False
K1,maxprob_0.95,route_lookup-3-decisive_missing,route_lookup-3,decisive_missing,2,ALLOW,INSUFFICIENT,True,1,False
K1,maxprob_0.95,route_lookup-3-flip,route_lookup-3,flip,0,ALLOW,INSUFFICIENT,True,1,False
K1,maxprob_0.95,route_lookup-3-flip,route_lookup-3,flip,1,ALLOW,INSUFFICIENT,True,1,False
K1,maxprob_0.95,route_lookup-3-flip,route_lookup-3,flip,2,DENY,INSUFFICIENT,True,1,False
K1,maxprob_0.95,route_lookup-3-full,route_lookup-3,full,0,ALLOW,ALLOW,False,1,False
K1,maxprob_0.95,route_lookup-3-full,route_lookup-3,full,1,ALLOW,ALLOW,False,1,False
K1,maxprob_0.95,route_lookup-3-full,route_lookup-3,full,2,ALLOW,ALLOW,False,1,False
K1,maxprob_0.95,route_lookup-3-hold,route_lookup-3,hold,0,ALLOW,ALLOW,False,1,False
K1,maxprob_0.95,route_lookup-3-hold,route_lookup-3,hold,1,ALLOW,ALLOW,False,1,False
K1,maxprob_0.95,route_lookup-3-hold,route_lookup-3,hold,2,ALLOW,ALLOW,False,1,False
K1,maxprob_0.95,route_lookup-3-nondecisive_missing,route_lookup-3,nondecisive_missing,0,ALLOW,ALLOW,False,1,False
K1,maxprob_0.95,route_lookup-3-nondecisive_missing,route_lookup-3,nondecisive_missing,1,ALLOW,ALLOW,False,1,False
K1,maxprob_0.95,route_lookup-3-nondecisive_missing,route_lookup-3,nondecisive_missing,2,ALLOW,ALLOW,False,1,False
K1,maxprob_0.95,route_lookup-4-conflict,route_lookup-4,conflict,0,DENY,INSUFFICIENT,True,1,False
K1,maxprob_0.95,route_lookup-4-conflict,route_lookup-4,conflict,1,DENY,INSUFFICIENT,True,1,False
K1,maxprob_0.95,route_lookup-4-conflict,route_lookup-4,conflict,2,DENY,INSUFFICIENT,True,1,False
K1,maxprob_0.95,route_lookup-4-decisive_missing,route_lookup-4,decisive_missing,0,ALLOW,ALLOW,False,1,False
K1,maxprob_0.95,route_lookup-4-decisive_missing,route_lookup-4,decisive_missing,1,ALLOW,ALLOW,False,1,False
K1,maxprob_0.95,route_lookup-4-decisive_missing,route_lookup-4,decisive_missing,2,ALLOW,ALLOW,False,1,False
K1,maxprob_0.95,route_lookup-4-flip,route_lookup-4,flip,0,ALLOW,ALLOW,False,1,False
K1,maxprob_0.95,route_lookup-4-flip,route_lookup-4,flip,1,ALLOW,ALLOW,False,1,False
K1,maxprob_0.95,route_lookup-4-flip,route_lookup-4,flip,2,ALLOW,ALLOW,False,1,False
K1,maxprob_0.95,route_lookup-4-full,route_lookup-4,full,0,DENY,INSUFFICIENT,True,1,False
K1,maxprob_0.95,route_lookup-4-full,route_lookup-4,full,1,DENY,INSUFFICIENT,True,1,False
K1,maxprob_0.95,route_lookup-4-full,route_lookup-4,full,2,DENY,INSUFFICIENT,True,1,False
K1,maxprob_0.95,route_lookup-4-hold,route_lookup-4,hold,0,ALLOW,INSUFFICIENT,True,1,False
K1,maxprob_0.95,route_lookup-4-hold,route_lookup-4,hold,1,ALLOW,INSUFFICIENT,True,1,False
K1,maxprob_0.95,route_lookup-4-hold,route_lookup-4,hold,2,ALLOW,INSUFFICIENT,True,1,False
K1,maxprob_0.95,route_lookup-4-nondecisive_missing,route_lookup-4,nondecisive_missing,0,DENY,DENY,False,1,False
K1,maxprob_0.95,route_lookup-4-nondecisive_missing,route_lookup-4,nondecisive_missing,1,DENY,DENY,False,1,False
K1,maxprob_0.95,route_lookup-4-nondecisive_missing,route_lookup-4,nondecisive_missing,2,DENY,DENY,False,1,False
K1,maxprob_0.99,joint_approval-1-conflict,joint_approval-1,conflict,0,DENY,INSUFFICIENT,True,1,False
K1,maxprob_0.99,joint_approval-1-conflict,joint_approval-1,conflict,1,DENY,INSUFFICIENT,True,1,False
K1,maxprob_0.99,joint_approval-1-conflict,joint_approval-1,conflict,2,INSUFFICIENT,INSUFFICIENT,False,1,False
K1,maxprob_0.99,joint_approval-1-decisive_missing,joint_approval-1,decisive_missing,0,ALLOW,INSUFFICIENT,True,1,False
K1,maxprob_0.99,joint_approval-1-decisive_missing,joint_approval-1,decisive_missing,1,ALLOW,INSUFFICIENT,True,1,False
K1,maxprob_0.99,joint_approval-1-decisive_missing,joint_approval-1,decisive_missing,2,ALLOW,INSUFFICIENT,True,1,False
K1,maxprob_0.99,joint_approval-1-flip,joint_approval-1,flip,0,INSUFFICIENT,INSUFFICIENT,False,1,False
K1,maxprob_0.99,joint_approval-1-flip,joint_approval-1,flip,1,INSUFFICIENT,INSUFFICIENT,False,1,False
K1,maxprob_0.99,joint_approval-1-flip,joint_approval-1,flip,2,INSUFFICIENT,INSUFFICIENT,False,1,False
K1,maxprob_0.99,joint_approval-1-full,joint_approval-1,full,0,ALLOW,ALLOW,False,1,False
K1,maxprob_0.99,joint_approval-1-full,joint_approval-1,full,1,ALLOW,ALLOW,False,1,False
K1,maxprob_0.99,joint_approval-1-full,joint_approval-1,full,2,ALLOW,INSUFFICIENT,True,1,False
K1,maxprob_0.99,joint_approval-1-hold,joint_approval-1,hold,0,ALLOW,ALLOW,False,1,False
K1,maxprob_0.99,joint_approval-1-hold,joint_approval-1,hold,1,ALLOW,ALLOW,False,1,False
K1,maxprob_0.99,joint_approval-1-hold,joint_approval-1,hold,2,ALLOW,INSUFFICIENT,True,1,False
K1,maxprob_0.99,joint_approval-1-nondecisive_missing,joint_approval-1,nondecisive_missing,0,ALLOW,ALLOW,False,1,False
K1,maxprob_0.99,joint_approval-1-nondecisive_missing,joint_approval-1,nondecisive_missing,1,ALLOW,ALLOW,False,1,False
K1,maxprob_0.99,joint_approval-1-nondecisive_missing,joint_approval-1,nondecisive_missing,2,ALLOW,INSUFFICIENT,True,1,False
K1,maxprob_0.99,joint_approval-2-conflict,joint_approval-2,conflict,0,ALLOW,INSUFFICIENT,True,1,False
K1,maxprob_0.99,joint_approval-2-conflict,joint_approval-2,conflict,1,ALLOW,INSUFFICIENT,True,1,False
K1,maxprob_0.99,joint_approval-2-conflict,joint_approval-2,conflict,2,ALLOW,INSUFFICIENT,True,1,False
K1,maxprob_0.99,joint_approval-2-decisive_missing,joint_approval-2,decisive_missing,0,ALLOW,INSUFFICIENT,True,1,False
K1,maxprob_0.99,joint_approval-2-decisive_missing,joint_approval-2,decisive_missing,1,ALLOW,INSUFFICIENT,True,1,False
K1,maxprob_0.99,joint_approval-2-decisive_missing,joint_approval-2,decisive_missing,2,ALLOW,INSUFFICIENT,True,1,False
K1,maxprob_0.99,joint_approval-2-flip,joint_approval-2,flip,0,ALLOW,ALLOW,False,1,False
K1,maxprob_0.99,joint_approval-2-flip,joint_approval-2,flip,1,ALLOW,ALLOW,False,1,False
K1,maxprob_0.99,joint_approval-2-flip,joint_approval-2,flip,2,ALLOW,ALLOW,False,1,False
K1,maxprob_0.99,joint_approval-2-full,joint_approval-2,full,0,INSUFFICIENT,INSUFFICIENT,False,1,False
K1,maxprob_0.99,joint_approval-2-full,joint_approval-2,full,1,INSUFFICIENT,INSUFFICIENT,False,1,False
K1,maxprob_0.99,joint_approval-2-full,joint_approval-2,full,2,INSUFFICIENT,INSUFFICIENT,False,1,False
K1,maxprob_0.99,joint_approval-2-hold,joint_approval-2,hold,0,ALLOW,INSUFFICIENT,True,1,False
K1,maxprob_0.99,joint_approval-2-hold,joint_approval-2,hold,1,ALLOW,INSUFFICIENT,True,1,False
K1,maxprob_0.99,joint_approval-2-hold,joint_approval-2,hold,2,ALLOW,INSUFFICIENT,True,1,False
K1,maxprob_0.99,joint_approval-2-nondecisive_missing,joint_approval-2,nondecisive_missing,0,DENY,INSUFFICIENT,True,1,False
K1,maxprob_0.99,joint_approval-2-nondecisive_missing,joint_approval-2,nondecisive_missing,1,DENY,INSUFFICIENT,True,1,False
K1,maxprob_0.99,joint_approval-2-nondecisive_missing,joint_approval-2,nondecisive_missing,2,DENY,INSUFFICIENT,True,1,False
K1,maxprob_0.99,joint_approval-3-conflict,joint_approval-3,conflict,0,ALLOW,INSUFFICIENT,True,1,False
K1,maxprob_0.99,joint_approval-3-conflict,joint_approval-3,conflict,1,ALLOW,INSUFFICIENT,True,1,False
K1,maxprob_0.99,joint_approval-3-conflict,joint_approval-3,conflict,2,ALLOW,INSUFFICIENT,True,1,False
K1,maxprob_0.99,joint_approval-3-decisive_missing,joint_approval-3,decisive_missing,0,ALLOW,INSUFFICIENT,True,1,False
K1,maxprob_0.99,joint_approval-3-decisive_missing,joint_approval-3,decisive_missing,1,ALLOW,INSUFFICIENT,True,1,False
K1,maxprob_0.99,joint_approval-3-decisive_missing,joint_approval-3,decisive_missing,2,ALLOW,INSUFFICIENT,True,1,False
K1,maxprob_0.99,joint_approval-3-flip,joint_approval-3,flip,0,ALLOW,INSUFFICIENT,True,1,False
K1,maxprob_0.99,joint_approval-3-flip,joint_approval-3,flip,1,ALLOW,INSUFFICIENT,True,1,False
K1,maxprob_0.99,joint_approval-3-flip,joint_approval-3,flip,2,INSUFFICIENT,INSUFFICIENT,False,1,False
K1,maxprob_0.99,joint_approval-3-full,joint_approval-3,full,0,ALLOW,ALLOW,False,1,False
K1,maxprob_0.99,joint_approval-3-full,joint_approval-3,full,1,ALLOW,ALLOW,False,1,False
K1,maxprob_0.99,joint_approval-3-full,joint_approval-3,full,2,ALLOW,ALLOW,False,1,False
K1,maxprob_0.99,joint_approval-3-hold,joint_approval-3,hold,0,ALLOW,ALLOW,False,1,False
K1,maxprob_0.99,joint_approval-3-hold,joint_approval-3,hold,1,ALLOW,ALLOW,False,1,False
K1,maxprob_0.99,joint_approval-3-hold,joint_approval-3,hold,2,ALLOW,ALLOW,False,1,False
K1,maxprob_0.99,joint_approval-3-nondecisive_missing,joint_approval-3,nondecisive_missing,0,ALLOW,ALLOW,False,1,False
K1,maxprob_0.99,joint_approval-3-nondecisive_missing,joint_approval-3,nondecisive_missing,1,ALLOW,INSUFFICIENT,True,1,False
K1,maxprob_0.99,joint_approval-3-nondecisive_missing,joint_approval-3,nondecisive_missing,2,ALLOW,ALLOW,False,1,False
K1,maxprob_0.99,joint_approval-4-conflict,joint_approval-4,conflict,0,ALLOW,INSUFFICIENT,True,1,False
K1,maxprob_0.99,joint_approval-4-conflict,joint_approval-4,conflict,1,ALLOW,INSUFFICIENT,True,1,False
K1,maxprob_0.99,joint_approval-4-conflict,joint_approval-4,conflict,2,ALLOW,INSUFFICIENT,True,1,False
K1,maxprob_0.99,joint_approval-4-decisive_missing,joint_approval-4,decisive_missing,0,ALLOW,ALLOW,False,1,False
K1,maxprob_0.99,joint_approval-4-decisive_missing,joint_approval-4,decisive_missing,1,ALLOW,ALLOW,False,1,False
K1,maxprob_0.99,joint_approval-4-decisive_missing,joint_approval-4,decisive_missing,2,ALLOW,INSUFFICIENT,True,1,False
K1,maxprob_0.99,joint_approval-4-flip,joint_approval-4,flip,0,ALLOW,ALLOW,False,1,False
K1,maxprob_0.99,joint_approval-4-flip,joint_approval-4,flip,1,ALLOW,ALLOW,False,1,False
K1,maxprob_0.99,joint_approval-4-flip,joint_approval-4,flip,2,ALLOW,ALLOW,False,1,False
K1,maxprob_0.99,joint_approval-4-full,joint_approval-4,full,0,ALLOW,INSUFFICIENT,True,1,False
K1,maxprob_0.99,joint_approval-4-full,joint_approval-4,full,1,INSUFFICIENT,INSUFFICIENT,False,1,False
K1,maxprob_0.99,joint_approval-4-full,joint_approval-4,full,2,INSUFFICIENT,INSUFFICIENT,False,1,False
K1,maxprob_0.99,joint_approval-4-hold,joint_approval-4,hold,0,DENY,INSUFFICIENT,True,1,False
K1,maxprob_0.99,joint_approval-4-hold,joint_approval-4,hold,1,DENY,INSUFFICIENT,True,1,False
K1,maxprob_0.99,joint_approval-4-hold,joint_approval-4,hold,2,DENY,INSUFFICIENT,True,1,False
K1,maxprob_0.99,joint_approval-4-nondecisive_missing,joint_approval-4,nondecisive_missing,0,DENY,INSUFFICIENT,True,1,False
K1,maxprob_0.99,joint_approval-4-nondecisive_missing,joint_approval-4,nondecisive_missing,1,DENY,INSUFFICIENT,True,1,False
K1,maxprob_0.99,joint_approval-4-nondecisive_missing,joint_approval-4,nondecisive_missing,2,DENY,INSUFFICIENT,True,1,False
K1,maxprob_0.99,reversal_exception-1-conflict,reversal_exception-1,conflict,0,ALLOW,INSUFFICIENT,True,1,False
K1,maxprob_0.99,reversal_exception-1-conflict,reversal_exception-1,conflict,1,ALLOW,INSUFFICIENT,True,1,False
K1,maxprob_0.99,reversal_exception-1-conflict,reversal_exception-1,conflict,2,ALLOW,INSUFFICIENT,True,1,False
K1,maxprob_0.99,reversal_exception-1-decisive_missing,reversal_exception-1,decisive_missing,0,ALLOW,ALLOW,False,1,False
K1,maxprob_0.99,reversal_exception-1-decisive_missing,reversal_exception-1,decisive_missing,1,ALLOW,ALLOW,False,1,False
K1,maxprob_0.99,reversal_exception-1-decisive_missing,reversal_exception-1,decisive_missing,2,ALLOW,INSUFFICIENT,True,1,False
K1,maxprob_0.99,reversal_exception-1-flip,reversal_exception-1,flip,0,ALLOW,INSUFFICIENT,True,1,False
K1,maxprob_0.99,reversal_exception-1-flip,reversal_exception-1,flip,1,ALLOW,INSUFFICIENT,True,1,False
K1,maxprob_0.99,reversal_exception-1-flip,reversal_exception-1,flip,2,ALLOW,INSUFFICIENT,True,1,False
K1,maxprob_0.99,reversal_exception-1-full,reversal_exception-1,full,0,ALLOW,ALLOW,False,1,False
K1,maxprob_0.99,reversal_exception-1-full,reversal_exception-1,full,1,ALLOW,INSUFFICIENT,True,1,False
K1,maxprob_0.99,reversal_exception-1-full,reversal_exception-1,full,2,ALLOW,INSUFFICIENT,True,1,False
K1,maxprob_0.99,reversal_exception-1-hold,reversal_exception-1,hold,0,ALLOW,INSUFFICIENT,True,1,False
K1,maxprob_0.99,reversal_exception-1-hold,reversal_exception-1,hold,1,ALLOW,INSUFFICIENT,True,1,False
K1,maxprob_0.99,reversal_exception-1-hold,reversal_exception-1,hold,2,ALLOW,INSUFFICIENT,True,1,False
K1,maxprob_0.99,reversal_exception-1-nondecisive_missing,reversal_exception-1,nondecisive_missing,0,ALLOW,INSUFFICIENT,True,1,False
K1,maxprob_0.99,reversal_exception-1-nondecisive_missing,reversal_exception-1,nondecisive_missing,1,ALLOW,INSUFFICIENT,True,1,False
K1,maxprob_0.99,reversal_exception-1-nondecisive_missing,reversal_exception-1,nondecisive_missing,2,ALLOW,INSUFFICIENT,True,1,False
K1,maxprob_0.99,reversal_exception-2-conflict,reversal_exception-2,conflict,0,ALLOW,ALLOW,False,1,False
K1,maxprob_0.99,reversal_exception-2-conflict,reversal_exception-2,conflict,1,ALLOW,ALLOW,False,1,False
K1,maxprob_0.99,reversal_exception-2-conflict,reversal_exception-2,conflict,2,ALLOW,ALLOW,False,1,False
K1,maxprob_0.99,reversal_exception-2-decisive_missing,reversal_exception-2,decisive_missing,0,ALLOW,ALLOW,False,1,False
K1,maxprob_0.99,reversal_exception-2-decisive_missing,reversal_exception-2,decisive_missing,1,ALLOW,ALLOW,False,1,False
K1,maxprob_0.99,reversal_exception-2-decisive_missing,reversal_exception-2,decisive_missing,2,ALLOW,ALLOW,False,1,False
K1,maxprob_0.99,reversal_exception-2-flip,reversal_exception-2,flip,0,ALLOW,ALLOW,False,1,False
K1,maxprob_0.99,reversal_exception-2-flip,reversal_exception-2,flip,1,ALLOW,ALLOW,False,1,False
K1,maxprob_0.99,reversal_exception-2-flip,reversal_exception-2,flip,2,ALLOW,ALLOW,False,1,False
K1,maxprob_0.99,reversal_exception-2-full,reversal_exception-2,full,0,ALLOW,ALLOW,False,1,False
K1,maxprob_0.99,reversal_exception-2-full,reversal_exception-2,full,1,ALLOW,INSUFFICIENT,True,1,False
K1,maxprob_0.99,reversal_exception-2-full,reversal_exception-2,full,2,ALLOW,INSUFFICIENT,True,1,False
K1,maxprob_0.99,reversal_exception-2-hold,reversal_exception-2,hold,0,ALLOW,ALLOW,False,1,False
K1,maxprob_0.99,reversal_exception-2-hold,reversal_exception-2,hold,1,ALLOW,INSUFFICIENT,True,1,False
K1,maxprob_0.99,reversal_exception-2-hold,reversal_exception-2,hold,2,ALLOW,INSUFFICIENT,True,1,False
K1,maxprob_0.99,reversal_exception-2-nondecisive_missing,reversal_exception-2,nondecisive_missing,0,ALLOW,ALLOW,False,1,False
K1,maxprob_0.99,reversal_exception-2-nondecisive_missing,reversal_exception-2,nondecisive_missing,1,ALLOW,INSUFFICIENT,True,1,False
K1,maxprob_0.99,reversal_exception-2-nondecisive_missing,reversal_exception-2,nondecisive_missing,2,ALLOW,INSUFFICIENT,True,1,False
K1,maxprob_0.99,reversal_exception-3-conflict,reversal_exception-3,conflict,0,ALLOW,INSUFFICIENT,True,1,False
K1,maxprob_0.99,reversal_exception-3-conflict,reversal_exception-3,conflict,1,INSUFFICIENT,INSUFFICIENT,False,1,False
K1,maxprob_0.99,reversal_exception-3-conflict,reversal_exception-3,conflict,2,INSUFFICIENT,INSUFFICIENT,False,1,False
K1,maxprob_0.99,reversal_exception-3-decisive_missing,reversal_exception-3,decisive_missing,0,INSUFFICIENT,INSUFFICIENT,False,1,False
K1,maxprob_0.99,reversal_exception-3-decisive_missing,reversal_exception-3,decisive_missing,1,INSUFFICIENT,INSUFFICIENT,False,1,False
K1,maxprob_0.99,reversal_exception-3-decisive_missing,reversal_exception-3,decisive_missing,2,INSUFFICIENT,INSUFFICIENT,False,1,False
K1,maxprob_0.99,reversal_exception-3-flip,reversal_exception-3,flip,0,INSUFFICIENT,INSUFFICIENT,False,1,False
K1,maxprob_0.99,reversal_exception-3-flip,reversal_exception-3,flip,1,INSUFFICIENT,INSUFFICIENT,False,1,False
K1,maxprob_0.99,reversal_exception-3-flip,reversal_exception-3,flip,2,INSUFFICIENT,INSUFFICIENT,False,1,False
K1,maxprob_0.99,reversal_exception-3-full,reversal_exception-3,full,0,ALLOW,INSUFFICIENT,True,1,False
K1,maxprob_0.99,reversal_exception-3-full,reversal_exception-3,full,1,INSUFFICIENT,INSUFFICIENT,False,1,False
K1,maxprob_0.99,reversal_exception-3-full,reversal_exception-3,full,2,ALLOW,INSUFFICIENT,True,1,False
K1,maxprob_0.99,reversal_exception-3-hold,reversal_exception-3,hold,0,INSUFFICIENT,INSUFFICIENT,False,1,False
K1,maxprob_0.99,reversal_exception-3-hold,reversal_exception-3,hold,1,INSUFFICIENT,INSUFFICIENT,False,1,False
K1,maxprob_0.99,reversal_exception-3-hold,reversal_exception-3,hold,2,INSUFFICIENT,INSUFFICIENT,False,1,False
K1,maxprob_0.99,reversal_exception-3-nondecisive_missing,reversal_exception-3,nondecisive_missing,0,ALLOW,INSUFFICIENT,True,1,False
K1,maxprob_0.99,reversal_exception-3-nondecisive_missing,reversal_exception-3,nondecisive_missing,1,INSUFFICIENT,INSUFFICIENT,False,1,False
K1,maxprob_0.99,reversal_exception-3-nondecisive_missing,reversal_exception-3,nondecisive_missing,2,INSUFFICIENT,INSUFFICIENT,False,1,False
K1,maxprob_0.99,reversal_exception-4-conflict,reversal_exception-4,conflict,0,DENY,INSUFFICIENT,True,1,False
K1,maxprob_0.99,reversal_exception-4-conflict,reversal_exception-4,conflict,1,DENY,INSUFFICIENT,True,1,False
K1,maxprob_0.99,reversal_exception-4-conflict,reversal_exception-4,conflict,2,DENY,INSUFFICIENT,True,1,False
K1,maxprob_0.99,reversal_exception-4-decisive_missing,reversal_exception-4,decisive_missing,0,DENY,INSUFFICIENT,True,1,False
K1,maxprob_0.99,reversal_exception-4-decisive_missing,reversal_exception-4,decisive_missing,1,DENY,INSUFFICIENT,True,1,False
K1,maxprob_0.99,reversal_exception-4-decisive_missing,reversal_exception-4,decisive_missing,2,DENY,INSUFFICIENT,True,1,False
K1,maxprob_0.99,reversal_exception-4-flip,reversal_exception-4,flip,0,ALLOW,INSUFFICIENT,True,1,False
K1,maxprob_0.99,reversal_exception-4-flip,reversal_exception-4,flip,1,ALLOW,INSUFFICIENT,True,1,False
K1,maxprob_0.99,reversal_exception-4-flip,reversal_exception-4,flip,2,ALLOW,INSUFFICIENT,True,1,False
K1,maxprob_0.99,reversal_exception-4-full,reversal_exception-4,full,0,DENY,INSUFFICIENT,True,1,False
K1,maxprob_0.99,reversal_exception-4-full,reversal_exception-4,full,1,DENY,INSUFFICIENT,True,1,False
K1,maxprob_0.99,reversal_exception-4-full,reversal_exception-4,full,2,DENY,INSUFFICIENT,True,1,False
K1,maxprob_0.99,reversal_exception-4-hold,reversal_exception-4,hold,0,DENY,INSUFFICIENT,True,1,False
K1,maxprob_0.99,reversal_exception-4-hold,reversal_exception-4,hold,1,DENY,INSUFFICIENT,True,1,False
K1,maxprob_0.99,reversal_exception-4-hold,reversal_exception-4,hold,2,DENY,INSUFFICIENT,True,1,False
K1,maxprob_0.99,reversal_exception-4-nondecisive_missing,reversal_exception-4,nondecisive_missing,0,DENY,INSUFFICIENT,True,1,False
K1,maxprob_0.99,reversal_exception-4-nondecisive_missing,reversal_exception-4,nondecisive_missing,1,DENY,INSUFFICIENT,True,1,False
K1,maxprob_0.99,reversal_exception-4-nondecisive_missing,reversal_exception-4,nondecisive_missing,2,DENY,INSUFFICIENT,True,1,False
K1,maxprob_0.99,route_lookup-1-conflict,route_lookup-1,conflict,0,ALLOW,ALLOW,False,1,False
K1,maxprob_0.99,route_lookup-1-conflict,route_lookup-1,conflict,1,ALLOW,ALLOW,False,1,False
K1,maxprob_0.99,route_lookup-1-conflict,route_lookup-1,conflict,2,ALLOW,ALLOW,False,1,False
K1,maxprob_0.99,route_lookup-1-decisive_missing,route_lookup-1,decisive_missing,0,ALLOW,INSUFFICIENT,True,1,False
K1,maxprob_0.99,route_lookup-1-decisive_missing,route_lookup-1,decisive_missing,1,ALLOW,INSUFFICIENT,True,1,False
K1,maxprob_0.99,route_lookup-1-decisive_missing,route_lookup-1,decisive_missing,2,ALLOW,INSUFFICIENT,True,1,False
K1,maxprob_0.99,route_lookup-1-flip,route_lookup-1,flip,0,DENY,INSUFFICIENT,True,1,False
K1,maxprob_0.99,route_lookup-1-flip,route_lookup-1,flip,1,DENY,INSUFFICIENT,True,1,False
K1,maxprob_0.99,route_lookup-1-flip,route_lookup-1,flip,2,DENY,INSUFFICIENT,True,1,False
K1,maxprob_0.99,route_lookup-1-full,route_lookup-1,full,0,ALLOW,ALLOW,False,1,False
K1,maxprob_0.99,route_lookup-1-full,route_lookup-1,full,1,ALLOW,ALLOW,False,1,False
K1,maxprob_0.99,route_lookup-1-full,route_lookup-1,full,2,ALLOW,ALLOW,False,1,False
K1,maxprob_0.99,route_lookup-1-hold,route_lookup-1,hold,0,ALLOW,INSUFFICIENT,True,1,False
K1,maxprob_0.99,route_lookup-1-hold,route_lookup-1,hold,1,ALLOW,INSUFFICIENT,True,1,False
K1,maxprob_0.99,route_lookup-1-hold,route_lookup-1,hold,2,ALLOW,INSUFFICIENT,True,1,False
K1,maxprob_0.99,route_lookup-1-nondecisive_missing,route_lookup-1,nondecisive_missing,0,ALLOW,ALLOW,False,1,False
K1,maxprob_0.99,route_lookup-1-nondecisive_missing,route_lookup-1,nondecisive_missing,1,ALLOW,ALLOW,False,1,False
K1,maxprob_0.99,route_lookup-1-nondecisive_missing,route_lookup-1,nondecisive_missing,2,ALLOW,ALLOW,False,1,False
K1,maxprob_0.99,route_lookup-2-conflict,route_lookup-2,conflict,0,DENY,INSUFFICIENT,True,1,False
K1,maxprob_0.99,route_lookup-2-conflict,route_lookup-2,conflict,1,ALLOW,INSUFFICIENT,True,1,False
K1,maxprob_0.99,route_lookup-2-conflict,route_lookup-2,conflict,2,DENY,INSUFFICIENT,True,1,False
K1,maxprob_0.99,route_lookup-2-decisive_missing,route_lookup-2,decisive_missing,0,ALLOW,INSUFFICIENT,True,1,False
K1,maxprob_0.99,route_lookup-2-decisive_missing,route_lookup-2,decisive_missing,1,ALLOW,INSUFFICIENT,True,1,False
K1,maxprob_0.99,route_lookup-2-decisive_missing,route_lookup-2,decisive_missing,2,ALLOW,INSUFFICIENT,True,1,False
K1,maxprob_0.99,route_lookup-2-flip,route_lookup-2,flip,0,ALLOW,ALLOW,False,1,False
K1,maxprob_0.99,route_lookup-2-flip,route_lookup-2,flip,1,ALLOW,ALLOW,False,1,False
K1,maxprob_0.99,route_lookup-2-flip,route_lookup-2,flip,2,ALLOW,ALLOW,False,1,False
K1,maxprob_0.99,route_lookup-2-full,route_lookup-2,full,0,DENY,INSUFFICIENT,True,1,False
K1,maxprob_0.99,route_lookup-2-full,route_lookup-2,full,1,DENY,INSUFFICIENT,True,1,False
K1,maxprob_0.99,route_lookup-2-full,route_lookup-2,full,2,DENY,INSUFFICIENT,True,1,False
K1,maxprob_0.99,route_lookup-2-hold,route_lookup-2,hold,0,ALLOW,ALLOW,False,1,False
K1,maxprob_0.99,route_lookup-2-hold,route_lookup-2,hold,1,ALLOW,ALLOW,False,1,False
K1,maxprob_0.99,route_lookup-2-hold,route_lookup-2,hold,2,ALLOW,ALLOW,False,1,False
K1,maxprob_0.99,route_lookup-2-nondecisive_missing,route_lookup-2,nondecisive_missing,0,DENY,INSUFFICIENT,True,1,False
K1,maxprob_0.99,route_lookup-2-nondecisive_missing,route_lookup-2,nondecisive_missing,1,DENY,INSUFFICIENT,True,1,False
K1,maxprob_0.99,route_lookup-2-nondecisive_missing,route_lookup-2,nondecisive_missing,2,DENY,INSUFFICIENT,True,1,False
K1,maxprob_0.99,route_lookup-3-conflict,route_lookup-3,conflict,0,ALLOW,INSUFFICIENT,True,1,False
K1,maxprob_0.99,route_lookup-3-conflict,route_lookup-3,conflict,1,ALLOW,INSUFFICIENT,True,1,False
K1,maxprob_0.99,route_lookup-3-conflict,route_lookup-3,conflict,2,ALLOW,INSUFFICIENT,True,1,False
K1,maxprob_0.99,route_lookup-3-decisive_missing,route_lookup-3,decisive_missing,0,ALLOW,INSUFFICIENT,True,1,False
K1,maxprob_0.99,route_lookup-3-decisive_missing,route_lookup-3,decisive_missing,1,ALLOW,INSUFFICIENT,True,1,False
K1,maxprob_0.99,route_lookup-3-decisive_missing,route_lookup-3,decisive_missing,2,ALLOW,INSUFFICIENT,True,1,False
K1,maxprob_0.99,route_lookup-3-flip,route_lookup-3,flip,0,ALLOW,INSUFFICIENT,True,1,False
K1,maxprob_0.99,route_lookup-3-flip,route_lookup-3,flip,1,ALLOW,INSUFFICIENT,True,1,False
K1,maxprob_0.99,route_lookup-3-flip,route_lookup-3,flip,2,DENY,INSUFFICIENT,True,1,False
K1,maxprob_0.99,route_lookup-3-full,route_lookup-3,full,0,ALLOW,ALLOW,False,1,False
K1,maxprob_0.99,route_lookup-3-full,route_lookup-3,full,1,ALLOW,ALLOW,False,1,False
K1,maxprob_0.99,route_lookup-3-full,route_lookup-3,full,2,ALLOW,ALLOW,False,1,False
K1,maxprob_0.99,route_lookup-3-hold,route_lookup-3,hold,0,ALLOW,INSUFFICIENT,True,1,False
K1,maxprob_0.99,route_lookup-3-hold,route_lookup-3,hold,1,ALLOW,INSUFFICIENT,True,1,False
K1,maxprob_0.99,route_lookup-3-hold,route_lookup-3,hold,2,ALLOW,INSUFFICIENT,True,1,False
K1,maxprob_0.99,route_lookup-3-nondecisive_missing,route_lookup-3,nondecisive_missing,0,ALLOW,ALLOW,False,1,False
K1,maxprob_0.99,route_lookup-3-nondecisive_missing,route_lookup-3,nondecisive_missing,1,ALLOW,ALLOW,False,1,False
K1,maxprob_0.99,route_lookup-3-nondecisive_missing,route_lookup-3,nondecisive_missing,2,ALLOW,ALLOW,False,1,False
K1,maxprob_0.99,route_lookup-4-conflict,route_lookup-4,conflict,0,DENY,INSUFFICIENT,True,1,False
K1,maxprob_0.99,route_lookup-4-conflict,route_lookup-4,conflict,1,DENY,INSUFFICIENT,True,1,False
K1,maxprob_0.99,route_lookup-4-conflict,route_lookup-4,conflict,2,DENY,INSUFFICIENT,True,1,False
K1,maxprob_0.99,route_lookup-4-decisive_missing,route_lookup-4,decisive_missing,0,ALLOW,ALLOW,False,1,False
K1,maxprob_0.99,route_lookup-4-decisive_missing,route_lookup-4,decisive_missing,1,ALLOW,INSUFFICIENT,True,1,False
K1,maxprob_0.99,route_lookup-4-decisive_missing,route_lookup-4,decisive_missing,2,ALLOW,INSUFFICIENT,True,1,False
K1,maxprob_0.99,route_lookup-4-flip,route_lookup-4,flip,0,ALLOW,ALLOW,False,1,False
K1,maxprob_0.99,route_lookup-4-flip,route_lookup-4,flip,1,ALLOW,ALLOW,False,1,False
K1,maxprob_0.99,route_lookup-4-flip,route_lookup-4,flip,2,ALLOW,ALLOW,False,1,False
K1,maxprob_0.99,route_lookup-4-full,route_lookup-4,full,0,DENY,INSUFFICIENT,True,1,False
K1,maxprob_0.99,route_lookup-4-full,route_lookup-4,full,1,DENY,INSUFFICIENT,True,1,False
K1,maxprob_0.99,route_lookup-4-full,route_lookup-4,full,2,DENY,INSUFFICIENT,True,1,False
K1,maxprob_0.99,route_lookup-4-hold,route_lookup-4,hold,0,ALLOW,INSUFFICIENT,True,1,False
K1,maxprob_0.99,route_lookup-4-hold,route_lookup-4,hold,1,ALLOW,INSUFFICIENT,True,1,False
K1,maxprob_0.99,route_lookup-4-hold,route_lookup-4,hold,2,ALLOW,INSUFFICIENT,True,1,False
K1,maxprob_0.99,route_lookup-4-nondecisive_missing,route_lookup-4,nondecisive_missing,0,DENY,DENY,False,1,False
K1,maxprob_0.99,route_lookup-4-nondecisive_missing,route_lookup-4,nondecisive_missing,1,DENY,INSUFFICIENT,True,1,False
K1,maxprob_0.99,route_lookup-4-nondecisive_missing,route_lookup-4,nondecisive_missing,2,DENY,INSUFFICIENT,True,1,False
K1,margin_0.2,joint_approval-1-conflict,joint_approval-1,conflict,0,DENY,INSUFFICIENT,True,1,False
K1,margin_0.2,joint_approval-1-conflict,joint_approval-1,conflict,1,DENY,DENY,False,1,False
K1,margin_0.2,joint_approval-1-conflict,joint_approval-1,conflict,2,INSUFFICIENT,INSUFFICIENT,False,1,False
K1,margin_0.2,joint_approval-1-decisive_missing,joint_approval-1,decisive_missing,0,ALLOW,ALLOW,False,1,False
K1,margin_0.2,joint_approval-1-decisive_missing,joint_approval-1,decisive_missing,1,ALLOW,ALLOW,False,1,False
K1,margin_0.2,joint_approval-1-decisive_missing,joint_approval-1,decisive_missing,2,ALLOW,ALLOW,False,1,False
K1,margin_0.2,joint_approval-1-flip,joint_approval-1,flip,0,INSUFFICIENT,INSUFFICIENT,False,1,False
K1,margin_0.2,joint_approval-1-flip,joint_approval-1,flip,1,INSUFFICIENT,INSUFFICIENT,False,1,False
K1,margin_0.2,joint_approval-1-flip,joint_approval-1,flip,2,INSUFFICIENT,INSUFFICIENT,False,1,False
K1,margin_0.2,joint_approval-1-full,joint_approval-1,full,0,ALLOW,ALLOW,False,1,False
K1,margin_0.2,joint_approval-1-full,joint_approval-1,full,1,ALLOW,ALLOW,False,1,False
K1,margin_0.2,joint_approval-1-full,joint_approval-1,full,2,ALLOW,ALLOW,False,1,False
K1,margin_0.2,joint_approval-1-hold,joint_approval-1,hold,0,ALLOW,ALLOW,False,1,False
K1,margin_0.2,joint_approval-1-hold,joint_approval-1,hold,1,ALLOW,ALLOW,False,1,False
K1,margin_0.2,joint_approval-1-hold,joint_approval-1,hold,2,ALLOW,ALLOW,False,1,False
K1,margin_0.2,joint_approval-1-nondecisive_missing,joint_approval-1,nondecisive_missing,0,ALLOW,ALLOW,False,1,False
K1,margin_0.2,joint_approval-1-nondecisive_missing,joint_approval-1,nondecisive_missing,1,ALLOW,ALLOW,False,1,False
K1,margin_0.2,joint_approval-1-nondecisive_missing,joint_approval-1,nondecisive_missing,2,ALLOW,ALLOW,False,1,False
K1,margin_0.2,joint_approval-2-conflict,joint_approval-2,conflict,0,ALLOW,ALLOW,False,1,False
K1,margin_0.2,joint_approval-2-conflict,joint_approval-2,conflict,1,ALLOW,ALLOW,False,1,False
K1,margin_0.2,joint_approval-2-conflict,joint_approval-2,conflict,2,ALLOW,ALLOW,False,1,False
K1,margin_0.2,joint_approval-2-decisive_missing,joint_approval-2,decisive_missing,0,ALLOW,ALLOW,False,1,False
K1,margin_0.2,joint_approval-2-decisive_missing,joint_approval-2,decisive_missing,1,ALLOW,ALLOW,False,1,False
K1,margin_0.2,joint_approval-2-decisive_missing,joint_approval-2,decisive_missing,2,ALLOW,ALLOW,False,1,False
K1,margin_0.2,joint_approval-2-flip,joint_approval-2,flip,0,ALLOW,ALLOW,False,1,False
K1,margin_0.2,joint_approval-2-flip,joint_approval-2,flip,1,ALLOW,ALLOW,False,1,False
K1,margin_0.2,joint_approval-2-flip,joint_approval-2,flip,2,ALLOW,ALLOW,False,1,False
K1,margin_0.2,joint_approval-2-full,joint_approval-2,full,0,INSUFFICIENT,INSUFFICIENT,False,1,False
K1,margin_0.2,joint_approval-2-full,joint_approval-2,full,1,INSUFFICIENT,INSUFFICIENT,False,1,False
K1,margin_0.2,joint_approval-2-full,joint_approval-2,full,2,INSUFFICIENT,INSUFFICIENT,False,1,False
K1,margin_0.2,joint_approval-2-hold,joint_approval-2,hold,0,ALLOW,ALLOW,False,1,False
K1,margin_0.2,joint_approval-2-hold,joint_approval-2,hold,1,ALLOW,ALLOW,False,1,False
K1,margin_0.2,joint_approval-2-hold,joint_approval-2,hold,2,ALLOW,ALLOW,False,1,False
K1,margin_0.2,joint_approval-2-nondecisive_missing,joint_approval-2,nondecisive_missing,0,DENY,DENY,False,1,False
K1,margin_0.2,joint_approval-2-nondecisive_missing,joint_approval-2,nondecisive_missing,1,DENY,DENY,False,1,False
K1,margin_0.2,joint_approval-2-nondecisive_missing,joint_approval-2,nondecisive_missing,2,DENY,INSUFFICIENT,True,1,False
K1,margin_0.2,joint_approval-3-conflict,joint_approval-3,conflict,0,ALLOW,ALLOW,False,1,False
K1,margin_0.2,joint_approval-3-conflict,joint_approval-3,conflict,1,ALLOW,ALLOW,False,1,False
K1,margin_0.2,joint_approval-3-conflict,joint_approval-3,conflict,2,ALLOW,ALLOW,False,1,False
K1,margin_0.2,joint_approval-3-decisive_missing,joint_approval-3,decisive_missing,0,ALLOW,ALLOW,False,1,False
K1,margin_0.2,joint_approval-3-decisive_missing,joint_approval-3,decisive_missing,1,ALLOW,ALLOW,False,1,False
K1,margin_0.2,joint_approval-3-decisive_missing,joint_approval-3,decisive_missing,2,ALLOW,ALLOW,False,1,False
K1,margin_0.2,joint_approval-3-flip,joint_approval-3,flip,0,ALLOW,INSUFFICIENT,True,1,False
K1,margin_0.2,joint_approval-3-flip,joint_approval-3,flip,1,ALLOW,INSUFFICIENT,True,1,False
K1,margin_0.2,joint_approval-3-flip,joint_approval-3,flip,2,INSUFFICIENT,INSUFFICIENT,False,1,False
K1,margin_0.2,joint_approval-3-full,joint_approval-3,full,0,ALLOW,ALLOW,False,1,False
K1,margin_0.2,joint_approval-3-full,joint_approval-3,full,1,ALLOW,ALLOW,False,1,False
K1,margin_0.2,joint_approval-3-full,joint_approval-3,full,2,ALLOW,ALLOW,False,1,False
K1,margin_0.2,joint_approval-3-hold,joint_approval-3,hold,0,ALLOW,ALLOW,False,1,False
K1,margin_0.2,joint_approval-3-hold,joint_approval-3,hold,1,ALLOW,ALLOW,False,1,False
K1,margin_0.2,joint_approval-3-hold,joint_approval-3,hold,2,ALLOW,ALLOW,False,1,False
K1,margin_0.2,joint_approval-3-nondecisive_missing,joint_approval-3,nondecisive_missing,0,ALLOW,ALLOW,False,1,False
K1,margin_0.2,joint_approval-3-nondecisive_missing,joint_approval-3,nondecisive_missing,1,ALLOW,ALLOW,False,1,False
K1,margin_0.2,joint_approval-3-nondecisive_missing,joint_approval-3,nondecisive_missing,2,ALLOW,ALLOW,False,1,False
K1,margin_0.2,joint_approval-4-conflict,joint_approval-4,conflict,0,ALLOW,ALLOW,False,1,False
K1,margin_0.2,joint_approval-4-conflict,joint_approval-4,conflict,1,ALLOW,ALLOW,False,1,False
K1,margin_0.2,joint_approval-4-conflict,joint_approval-4,conflict,2,ALLOW,ALLOW,False,1,False
K1,margin_0.2,joint_approval-4-decisive_missing,joint_approval-4,decisive_missing,0,ALLOW,ALLOW,False,1,False
K1,margin_0.2,joint_approval-4-decisive_missing,joint_approval-4,decisive_missing,1,ALLOW,ALLOW,False,1,False
K1,margin_0.2,joint_approval-4-decisive_missing,joint_approval-4,decisive_missing,2,ALLOW,ALLOW,False,1,False
K1,margin_0.2,joint_approval-4-flip,joint_approval-4,flip,0,ALLOW,ALLOW,False,1,False
K1,margin_0.2,joint_approval-4-flip,joint_approval-4,flip,1,ALLOW,ALLOW,False,1,False
K1,margin_0.2,joint_approval-4-flip,joint_approval-4,flip,2,ALLOW,ALLOW,False,1,False
K1,margin_0.2,joint_approval-4-full,joint_approval-4,full,0,ALLOW,INSUFFICIENT,True,1,False
K1,margin_0.2,joint_approval-4-full,joint_approval-4,full,1,INSUFFICIENT,INSUFFICIENT,False,1,False
K1,margin_0.2,joint_approval-4-full,joint_approval-4,full,2,INSUFFICIENT,INSUFFICIENT,False,1,False
K1,margin_0.2,joint_approval-4-hold,joint_approval-4,hold,0,DENY,DENY,False,1,False
K1,margin_0.2,joint_approval-4-hold,joint_approval-4,hold,1,DENY,DENY,False,1,False
K1,margin_0.2,joint_approval-4-hold,joint_approval-4,hold,2,DENY,DENY,False,1,False
K1,margin_0.2,joint_approval-4-nondecisive_missing,joint_approval-4,nondecisive_missing,0,DENY,DENY,False,1,False
K1,margin_0.2,joint_approval-4-nondecisive_missing,joint_approval-4,nondecisive_missing,1,DENY,DENY,False,1,False
K1,margin_0.2,joint_approval-4-nondecisive_missing,joint_approval-4,nondecisive_missing,2,DENY,DENY,False,1,False
K1,margin_0.2,reversal_exception-1-conflict,reversal_exception-1,conflict,0,ALLOW,ALLOW,False,1,False
K1,margin_0.2,reversal_exception-1-conflict,reversal_exception-1,conflict,1,ALLOW,ALLOW,False,1,False
K1,margin_0.2,reversal_exception-1-conflict,reversal_exception-1,conflict,2,ALLOW,ALLOW,False,1,False
K1,margin_0.2,reversal_exception-1-decisive_missing,reversal_exception-1,decisive_missing,0,ALLOW,ALLOW,False,1,False
K1,margin_0.2,reversal_exception-1-decisive_missing,reversal_exception-1,decisive_missing,1,ALLOW,ALLOW,False,1,False
K1,margin_0.2,reversal_exception-1-decisive_missing,reversal_exception-1,decisive_missing,2,ALLOW,ALLOW,False,1,False
K1,margin_0.2,reversal_exception-1-flip,reversal_exception-1,flip,0,ALLOW,ALLOW,False,1,False
K1,margin_0.2,reversal_exception-1-flip,reversal_exception-1,flip,1,ALLOW,ALLOW,False,1,False
K1,margin_0.2,reversal_exception-1-flip,reversal_exception-1,flip,2,ALLOW,ALLOW,False,1,False
K1,margin_0.2,reversal_exception-1-full,reversal_exception-1,full,0,ALLOW,ALLOW,False,1,False
K1,margin_0.2,reversal_exception-1-full,reversal_exception-1,full,1,ALLOW,ALLOW,False,1,False
K1,margin_0.2,reversal_exception-1-full,reversal_exception-1,full,2,ALLOW,ALLOW,False,1,False
K1,margin_0.2,reversal_exception-1-hold,reversal_exception-1,hold,0,ALLOW,ALLOW,False,1,False
K1,margin_0.2,reversal_exception-1-hold,reversal_exception-1,hold,1,ALLOW,ALLOW,False,1,False
K1,margin_0.2,reversal_exception-1-hold,reversal_exception-1,hold,2,ALLOW,ALLOW,False,1,False
K1,margin_0.2,reversal_exception-1-nondecisive_missing,reversal_exception-1,nondecisive_missing,0,ALLOW,ALLOW,False,1,False
K1,margin_0.2,reversal_exception-1-nondecisive_missing,reversal_exception-1,nondecisive_missing,1,ALLOW,ALLOW,False,1,False
K1,margin_0.2,reversal_exception-1-nondecisive_missing,reversal_exception-1,nondecisive_missing,2,ALLOW,ALLOW,False,1,False
K1,margin_0.2,reversal_exception-2-conflict,reversal_exception-2,conflict,0,ALLOW,ALLOW,False,1,False
K1,margin_0.2,reversal_exception-2-conflict,reversal_exception-2,conflict,1,ALLOW,ALLOW,False,1,False
K1,margin_0.2,reversal_exception-2-conflict,reversal_exception-2,conflict,2,ALLOW,ALLOW,False,1,False
K1,margin_0.2,reversal_exception-2-decisive_missing,reversal_exception-2,decisive_missing,0,ALLOW,ALLOW,False,1,False
K1,margin_0.2,reversal_exception-2-decisive_missing,reversal_exception-2,decisive_missing,1,ALLOW,ALLOW,False,1,False
K1,margin_0.2,reversal_exception-2-decisive_missing,reversal_exception-2,decisive_missing,2,ALLOW,ALLOW,False,1,False
K1,margin_0.2,reversal_exception-2-flip,reversal_exception-2,flip,0,ALLOW,ALLOW,False,1,False
K1,margin_0.2,reversal_exception-2-flip,reversal_exception-2,flip,1,ALLOW,ALLOW,False,1,False
K1,margin_0.2,reversal_exception-2-flip,reversal_exception-2,flip,2,ALLOW,ALLOW,False,1,False
K1,margin_0.2,reversal_exception-2-full,reversal_exception-2,full,0,ALLOW,ALLOW,False,1,False
K1,margin_0.2,reversal_exception-2-full,reversal_exception-2,full,1,ALLOW,ALLOW,False,1,False
K1,margin_0.2,reversal_exception-2-full,reversal_exception-2,full,2,ALLOW,ALLOW,False,1,False
K1,margin_0.2,reversal_exception-2-hold,reversal_exception-2,hold,0,ALLOW,ALLOW,False,1,False
K1,margin_0.2,reversal_exception-2-hold,reversal_exception-2,hold,1,ALLOW,ALLOW,False,1,False
K1,margin_0.2,reversal_exception-2-hold,reversal_exception-2,hold,2,ALLOW,ALLOW,False,1,False
K1,margin_0.2,reversal_exception-2-nondecisive_missing,reversal_exception-2,nondecisive_missing,0,ALLOW,ALLOW,False,1,False
K1,margin_0.2,reversal_exception-2-nondecisive_missing,reversal_exception-2,nondecisive_missing,1,ALLOW,ALLOW,False,1,False
K1,margin_0.2,reversal_exception-2-nondecisive_missing,reversal_exception-2,nondecisive_missing,2,ALLOW,ALLOW,False,1,False
K1,margin_0.2,reversal_exception-3-conflict,reversal_exception-3,conflict,0,ALLOW,INSUFFICIENT,True,1,False
K1,margin_0.2,reversal_exception-3-conflict,reversal_exception-3,conflict,1,INSUFFICIENT,INSUFFICIENT,False,1,False
K1,margin_0.2,reversal_exception-3-conflict,reversal_exception-3,conflict,2,INSUFFICIENT,INSUFFICIENT,False,1,False
K1,margin_0.2,reversal_exception-3-decisive_missing,reversal_exception-3,decisive_missing,0,INSUFFICIENT,INSUFFICIENT,False,1,False
K1,margin_0.2,reversal_exception-3-decisive_missing,reversal_exception-3,decisive_missing,1,INSUFFICIENT,INSUFFICIENT,False,1,False
K1,margin_0.2,reversal_exception-3-decisive_missing,reversal_exception-3,decisive_missing,2,INSUFFICIENT,INSUFFICIENT,False,1,False
K1,margin_0.2,reversal_exception-3-flip,reversal_exception-3,flip,0,INSUFFICIENT,INSUFFICIENT,False,1,False
K1,margin_0.2,reversal_exception-3-flip,reversal_exception-3,flip,1,INSUFFICIENT,INSUFFICIENT,False,1,False
K1,margin_0.2,reversal_exception-3-flip,reversal_exception-3,flip,2,INSUFFICIENT,INSUFFICIENT,False,1,False
K1,margin_0.2,reversal_exception-3-full,reversal_exception-3,full,0,ALLOW,ALLOW,False,1,False
K1,margin_0.2,reversal_exception-3-full,reversal_exception-3,full,1,INSUFFICIENT,INSUFFICIENT,False,1,False
K1,margin_0.2,reversal_exception-3-full,reversal_exception-3,full,2,ALLOW,INSUFFICIENT,True,1,False
K1,margin_0.2,reversal_exception-3-hold,reversal_exception-3,hold,0,INSUFFICIENT,INSUFFICIENT,False,1,False
K1,margin_0.2,reversal_exception-3-hold,reversal_exception-3,hold,1,INSUFFICIENT,INSUFFICIENT,False,1,False
K1,margin_0.2,reversal_exception-3-hold,reversal_exception-3,hold,2,INSUFFICIENT,INSUFFICIENT,False,1,False
K1,margin_0.2,reversal_exception-3-nondecisive_missing,reversal_exception-3,nondecisive_missing,0,ALLOW,INSUFFICIENT,True,1,False
K1,margin_0.2,reversal_exception-3-nondecisive_missing,reversal_exception-3,nondecisive_missing,1,INSUFFICIENT,INSUFFICIENT,False,1,False
K1,margin_0.2,reversal_exception-3-nondecisive_missing,reversal_exception-3,nondecisive_missing,2,INSUFFICIENT,INSUFFICIENT,False,1,False
K1,margin_0.2,reversal_exception-4-conflict,reversal_exception-4,conflict,0,DENY,DENY,False,1,False
K1,margin_0.2,reversal_exception-4-conflict,reversal_exception-4,conflict,1,DENY,DENY,False,1,False
K1,margin_0.2,reversal_exception-4-conflict,reversal_exception-4,conflict,2,DENY,DENY,False,1,False
K1,margin_0.2,reversal_exception-4-decisive_missing,reversal_exception-4,decisive_missing,0,DENY,DENY,False,1,False
K1,margin_0.2,reversal_exception-4-decisive_missing,reversal_exception-4,decisive_missing,1,DENY,DENY,False,1,False
K1,margin_0.2,reversal_exception-4-decisive_missing,reversal_exception-4,decisive_missing,2,DENY,DENY,False,1,False
K1,margin_0.2,reversal_exception-4-flip,reversal_exception-4,flip,0,ALLOW,ALLOW,False,1,False
K1,margin_0.2,reversal_exception-4-flip,reversal_exception-4,flip,1,ALLOW,ALLOW,False,1,False
K1,margin_0.2,reversal_exception-4-flip,reversal_exception-4,flip,2,ALLOW,ALLOW,False,1,False
K1,margin_0.2,reversal_exception-4-full,reversal_exception-4,full,0,DENY,DENY,False,1,False
K1,margin_0.2,reversal_exception-4-full,reversal_exception-4,full,1,DENY,DENY,False,1,False
K1,margin_0.2,reversal_exception-4-full,reversal_exception-4,full,2,DENY,DENY,False,1,False
K1,margin_0.2,reversal_exception-4-hold,reversal_exception-4,hold,0,DENY,DENY,False,1,False
K1,margin_0.2,reversal_exception-4-hold,reversal_exception-4,hold,1,DENY,DENY,False,1,False
K1,margin_0.2,reversal_exception-4-hold,reversal_exception-4,hold,2,DENY,DENY,False,1,False
K1,margin_0.2,reversal_exception-4-nondecisive_missing,reversal_exception-4,nondecisive_missing,0,DENY,DENY,False,1,False
K1,margin_0.2,reversal_exception-4-nondecisive_missing,reversal_exception-4,nondecisive_missing,1,DENY,DENY,False,1,False
K1,margin_0.2,reversal_exception-4-nondecisive_missing,reversal_exception-4,nondecisive_missing,2,DENY,DENY,False,1,False
K1,margin_0.2,route_lookup-1-conflict,route_lookup-1,conflict,0,ALLOW,ALLOW,False,1,False
K1,margin_0.2,route_lookup-1-conflict,route_lookup-1,conflict,1,ALLOW,ALLOW,False,1,False
K1,margin_0.2,route_lookup-1-conflict,route_lookup-1,conflict,2,ALLOW,ALLOW,False,1,False
K1,margin_0.2,route_lookup-1-decisive_missing,route_lookup-1,decisive_missing,0,ALLOW,ALLOW,False,1,False
K1,margin_0.2,route_lookup-1-decisive_missing,route_lookup-1,decisive_missing,1,ALLOW,ALLOW,False,1,False
K1,margin_0.2,route_lookup-1-decisive_missing,route_lookup-1,decisive_missing,2,ALLOW,ALLOW,False,1,False
K1,margin_0.2,route_lookup-1-flip,route_lookup-1,flip,0,DENY,DENY,False,1,False
K1,margin_0.2,route_lookup-1-flip,route_lookup-1,flip,1,DENY,INSUFFICIENT,True,1,False
K1,margin_0.2,route_lookup-1-flip,route_lookup-1,flip,2,DENY,INSUFFICIENT,True,1,False
K1,margin_0.2,route_lookup-1-full,route_lookup-1,full,0,ALLOW,ALLOW,False,1,False
K1,margin_0.2,route_lookup-1-full,route_lookup-1,full,1,ALLOW,ALLOW,False,1,False
K1,margin_0.2,route_lookup-1-full,route_lookup-1,full,2,ALLOW,ALLOW,False,1,False
K1,margin_0.2,route_lookup-1-hold,route_lookup-1,hold,0,ALLOW,ALLOW,False,1,False
K1,margin_0.2,route_lookup-1-hold,route_lookup-1,hold,1,ALLOW,ALLOW,False,1,False
K1,margin_0.2,route_lookup-1-hold,route_lookup-1,hold,2,ALLOW,ALLOW,False,1,False
K1,margin_0.2,route_lookup-1-nondecisive_missing,route_lookup-1,nondecisive_missing,0,ALLOW,ALLOW,False,1,False
K1,margin_0.2,route_lookup-1-nondecisive_missing,route_lookup-1,nondecisive_missing,1,ALLOW,ALLOW,False,1,False
K1,margin_0.2,route_lookup-1-nondecisive_missing,route_lookup-1,nondecisive_missing,2,ALLOW,ALLOW,False,1,False
K1,margin_0.2,route_lookup-2-conflict,route_lookup-2,conflict,0,DENY,DENY,False,1,False
K1,margin_0.2,route_lookup-2-conflict,route_lookup-2,conflict,1,ALLOW,ALLOW,False,1,False
K1,margin_0.2,route_lookup-2-conflict,route_lookup-2,conflict,2,DENY,DENY,False,1,False
K1,margin_0.2,route_lookup-2-decisive_missing,route_lookup-2,decisive_missing,0,ALLOW,ALLOW,False,1,False
K1,margin_0.2,route_lookup-2-decisive_missing,route_lookup-2,decisive_missing,1,ALLOW,ALLOW,False,1,False
K1,margin_0.2,route_lookup-2-decisive_missing,route_lookup-2,decisive_missing,2,ALLOW,ALLOW,False,1,False
K1,margin_0.2,route_lookup-2-flip,route_lookup-2,flip,0,ALLOW,ALLOW,False,1,False
K1,margin_0.2,route_lookup-2-flip,route_lookup-2,flip,1,ALLOW,ALLOW,False,1,False
K1,margin_0.2,route_lookup-2-flip,route_lookup-2,flip,2,ALLOW,ALLOW,False,1,False
K1,margin_0.2,route_lookup-2-full,route_lookup-2,full,0,DENY,DENY,False,1,False
K1,margin_0.2,route_lookup-2-full,route_lookup-2,full,1,DENY,INSUFFICIENT,True,1,False
K1,margin_0.2,route_lookup-2-full,route_lookup-2,full,2,DENY,DENY,False,1,False
K1,margin_0.2,route_lookup-2-hold,route_lookup-2,hold,0,ALLOW,ALLOW,False,1,False
K1,margin_0.2,route_lookup-2-hold,route_lookup-2,hold,1,ALLOW,ALLOW,False,1,False
K1,margin_0.2,route_lookup-2-hold,route_lookup-2,hold,2,ALLOW,ALLOW,False,1,False
K1,margin_0.2,route_lookup-2-nondecisive_missing,route_lookup-2,nondecisive_missing,0,DENY,DENY,False,1,False
K1,margin_0.2,route_lookup-2-nondecisive_missing,route_lookup-2,nondecisive_missing,1,DENY,DENY,False,1,False
K1,margin_0.2,route_lookup-2-nondecisive_missing,route_lookup-2,nondecisive_missing,2,DENY,DENY,False,1,False
K1,margin_0.2,route_lookup-3-conflict,route_lookup-3,conflict,0,ALLOW,ALLOW,False,1,False
K1,margin_0.2,route_lookup-3-conflict,route_lookup-3,conflict,1,ALLOW,ALLOW,False,1,False
K1,margin_0.2,route_lookup-3-conflict,route_lookup-3,conflict,2,ALLOW,ALLOW,False,1,False
K1,margin_0.2,route_lookup-3-decisive_missing,route_lookup-3,decisive_missing,0,ALLOW,ALLOW,False,1,False
K1,margin_0.2,route_lookup-3-decisive_missing,route_lookup-3,decisive_missing,1,ALLOW,ALLOW,False,1,False
K1,margin_0.2,route_lookup-3-decisive_missing,route_lookup-3,decisive_missing,2,ALLOW,ALLOW,False,1,False
K1,margin_0.2,route_lookup-3-flip,route_lookup-3,flip,0,ALLOW,INSUFFICIENT,True,1,False
K1,margin_0.2,route_lookup-3-flip,route_lookup-3,flip,1,ALLOW,ALLOW,False,1,False
K1,margin_0.2,route_lookup-3-flip,route_lookup-3,flip,2,DENY,INSUFFICIENT,True,1,False
K1,margin_0.2,route_lookup-3-full,route_lookup-3,full,0,ALLOW,ALLOW,False,1,False
K1,margin_0.2,route_lookup-3-full,route_lookup-3,full,1,ALLOW,ALLOW,False,1,False
K1,margin_0.2,route_lookup-3-full,route_lookup-3,full,2,ALLOW,ALLOW,False,1,False
K1,margin_0.2,route_lookup-3-hold,route_lookup-3,hold,0,ALLOW,ALLOW,False,1,False
K1,margin_0.2,route_lookup-3-hold,route_lookup-3,hold,1,ALLOW,ALLOW,False,1,False
K1,margin_0.2,route_lookup-3-hold,route_lookup-3,hold,2,ALLOW,ALLOW,False,1,False
K1,margin_0.2,route_lookup-3-nondecisive_missing,route_lookup-3,nondecisive_missing,0,ALLOW,ALLOW,False,1,False
K1,margin_0.2,route_lookup-3-nondecisive_missing,route_lookup-3,nondecisive_missing,1,ALLOW,ALLOW,False,1,False
K1,margin_0.2,route_lookup-3-nondecisive_missing,route_lookup-3,nondecisive_missing,2,ALLOW,ALLOW,False,1,False
K1,margin_0.2,route_lookup-4-conflict,route_lookup-4,conflict,0,DENY,DENY,False,1,False
K1,margin_0.2,route_lookup-4-conflict,route_lookup-4,conflict,1,DENY,DENY,False,1,False
K1,margin_0.2,route_lookup-4-conflict,route_lookup-4,conflict,2,DENY,DENY,False,1,False
K1,margin_0.2,route_lookup-4-decisive_missing,route_lookup-4,decisive_missing,0,ALLOW,ALLOW,False,1,False
K1,margin_0.2,route_lookup-4-decisive_missing,route_lookup-4,decisive_missing,1,ALLOW,ALLOW,False,1,False
K1,margin_0.2,route_lookup-4-decisive_missing,route_lookup-4,decisive_missing,2,ALLOW,ALLOW,False,1,False
K1,margin_0.2,route_lookup-4-flip,route_lookup-4,flip,0,ALLOW,ALLOW,False,1,False
K1,margin_0.2,route_lookup-4-flip,route_lookup-4,flip,1,ALLOW,ALLOW,False,1,False
K1,margin_0.2,route_lookup-4-flip,route_lookup-4,flip,2,ALLOW,ALLOW,False,1,False
K1,margin_0.2,route_lookup-4-full,route_lookup-4,full,0,DENY,DENY,False,1,False
K1,margin_0.2,route_lookup-4-full,route_lookup-4,full,1,DENY,DENY,False,1,False
K1,margin_0.2,route_lookup-4-full,route_lookup-4,full,2,DENY,DENY,False,1,False
K1,margin_0.2,route_lookup-4-hold,route_lookup-4,hold,0,ALLOW,ALLOW,False,1,False
K1,margin_0.2,route_lookup-4-hold,route_lookup-4,hold,1,ALLOW,ALLOW,False,1,False
K1,margin_0.2,route_lookup-4-hold,route_lookup-4,hold,2,ALLOW,ALLOW,False,1,False
K1,margin_0.2,route_lookup-4-nondecisive_missing,route_lookup-4,nondecisive_missing,0,DENY,DENY,False,1,False
K1,margin_0.2,route_lookup-4-nondecisive_missing,route_lookup-4,nondecisive_missing,1,DENY,DENY,False,1,False
K1,margin_0.2,route_lookup-4-nondecisive_missing,route_lookup-4,nondecisive_missing,2,DENY,DENY,False,1,False
K1,margin_0.5,joint_approval-1-conflict,joint_approval-1,conflict,0,DENY,INSUFFICIENT,True,1,False
K1,margin_0.5,joint_approval-1-conflict,joint_approval-1,conflict,1,DENY,DENY,False,1,False
K1,margin_0.5,joint_approval-1-conflict,joint_approval-1,conflict,2,INSUFFICIENT,INSUFFICIENT,False,1,False
K1,margin_0.5,joint_approval-1-decisive_missing,joint_approval-1,decisive_missing,0,ALLOW,ALLOW,False,1,False
K1,margin_0.5,joint_approval-1-decisive_missing,joint_approval-1,decisive_missing,1,ALLOW,ALLOW,False,1,False
K1,margin_0.5,joint_approval-1-decisive_missing,joint_approval-1,decisive_missing,2,ALLOW,ALLOW,False,1,False
K1,margin_0.5,joint_approval-1-flip,joint_approval-1,flip,0,INSUFFICIENT,INSUFFICIENT,False,1,False
K1,margin_0.5,joint_approval-1-flip,joint_approval-1,flip,1,INSUFFICIENT,INSUFFICIENT,False,1,False
K1,margin_0.5,joint_approval-1-flip,joint_approval-1,flip,2,INSUFFICIENT,INSUFFICIENT,False,1,False
K1,margin_0.5,joint_approval-1-full,joint_approval-1,full,0,ALLOW,ALLOW,False,1,False
K1,margin_0.5,joint_approval-1-full,joint_approval-1,full,1,ALLOW,ALLOW,False,1,False
K1,margin_0.5,joint_approval-1-full,joint_approval-1,full,2,ALLOW,ALLOW,False,1,False
K1,margin_0.5,joint_approval-1-hold,joint_approval-1,hold,0,ALLOW,ALLOW,False,1,False
K1,margin_0.5,joint_approval-1-hold,joint_approval-1,hold,1,ALLOW,ALLOW,False,1,False
K1,margin_0.5,joint_approval-1-hold,joint_approval-1,hold,2,ALLOW,ALLOW,False,1,False
K1,margin_0.5,joint_approval-1-nondecisive_missing,joint_approval-1,nondecisive_missing,0,ALLOW,ALLOW,False,1,False
K1,margin_0.5,joint_approval-1-nondecisive_missing,joint_approval-1,nondecisive_missing,1,ALLOW,ALLOW,False,1,False
K1,margin_0.5,joint_approval-1-nondecisive_missing,joint_approval-1,nondecisive_missing,2,ALLOW,ALLOW,False,1,False
K1,margin_0.5,joint_approval-2-conflict,joint_approval-2,conflict,0,ALLOW,ALLOW,False,1,False
K1,margin_0.5,joint_approval-2-conflict,joint_approval-2,conflict,1,ALLOW,ALLOW,False,1,False
K1,margin_0.5,joint_approval-2-conflict,joint_approval-2,conflict,2,ALLOW,ALLOW,False,1,False
K1,margin_0.5,joint_approval-2-decisive_missing,joint_approval-2,decisive_missing,0,ALLOW,ALLOW,False,1,False
K1,margin_0.5,joint_approval-2-decisive_missing,joint_approval-2,decisive_missing,1,ALLOW,ALLOW,False,1,False
K1,margin_0.5,joint_approval-2-decisive_missing,joint_approval-2,decisive_missing,2,ALLOW,ALLOW,False,1,False
K1,margin_0.5,joint_approval-2-flip,joint_approval-2,flip,0,ALLOW,ALLOW,False,1,False
K1,margin_0.5,joint_approval-2-flip,joint_approval-2,flip,1,ALLOW,ALLOW,False,1,False
K1,margin_0.5,joint_approval-2-flip,joint_approval-2,flip,2,ALLOW,ALLOW,False,1,False
K1,margin_0.5,joint_approval-2-full,joint_approval-2,full,0,INSUFFICIENT,INSUFFICIENT,False,1,False
K1,margin_0.5,joint_approval-2-full,joint_approval-2,full,1,INSUFFICIENT,INSUFFICIENT,False,1,False
K1,margin_0.5,joint_approval-2-full,joint_approval-2,full,2,INSUFFICIENT,INSUFFICIENT,False,1,False
K1,margin_0.5,joint_approval-2-hold,joint_approval-2,hold,0,ALLOW,ALLOW,False,1,False
K1,margin_0.5,joint_approval-2-hold,joint_approval-2,hold,1,ALLOW,ALLOW,False,1,False
K1,margin_0.5,joint_approval-2-hold,joint_approval-2,hold,2,ALLOW,ALLOW,False,1,False
K1,margin_0.5,joint_approval-2-nondecisive_missing,joint_approval-2,nondecisive_missing,0,DENY,DENY,False,1,False
K1,margin_0.5,joint_approval-2-nondecisive_missing,joint_approval-2,nondecisive_missing,1,DENY,INSUFFICIENT,True,1,False
K1,margin_0.5,joint_approval-2-nondecisive_missing,joint_approval-2,nondecisive_missing,2,DENY,INSUFFICIENT,True,1,False
K1,margin_0.5,joint_approval-3-conflict,joint_approval-3,conflict,0,ALLOW,ALLOW,False,1,False
K1,margin_0.5,joint_approval-3-conflict,joint_approval-3,conflict,1,ALLOW,ALLOW,False,1,False
K1,margin_0.5,joint_approval-3-conflict,joint_approval-3,conflict,2,ALLOW,ALLOW,False,1,False
K1,margin_0.5,joint_approval-3-decisive_missing,joint_approval-3,decisive_missing,0,ALLOW,ALLOW,False,1,False
K1,margin_0.5,joint_approval-3-decisive_missing,joint_approval-3,decisive_missing,1,ALLOW,ALLOW,False,1,False
K1,margin_0.5,joint_approval-3-decisive_missing,joint_approval-3,decisive_missing,2,ALLOW,ALLOW,False,1,False
K1,margin_0.5,joint_approval-3-flip,joint_approval-3,flip,0,ALLOW,INSUFFICIENT,True,1,False
K1,margin_0.5,joint_approval-3-flip,joint_approval-3,flip,1,ALLOW,INSUFFICIENT,True,1,False
K1,margin_0.5,joint_approval-3-flip,joint_approval-3,flip,2,INSUFFICIENT,INSUFFICIENT,False,1,False
K1,margin_0.5,joint_approval-3-full,joint_approval-3,full,0,ALLOW,ALLOW,False,1,False
K1,margin_0.5,joint_approval-3-full,joint_approval-3,full,1,ALLOW,ALLOW,False,1,False
K1,margin_0.5,joint_approval-3-full,joint_approval-3,full,2,ALLOW,ALLOW,False,1,False
K1,margin_0.5,joint_approval-3-hold,joint_approval-3,hold,0,ALLOW,ALLOW,False,1,False
K1,margin_0.5,joint_approval-3-hold,joint_approval-3,hold,1,ALLOW,ALLOW,False,1,False
K1,margin_0.5,joint_approval-3-hold,joint_approval-3,hold,2,ALLOW,ALLOW,False,1,False
K1,margin_0.5,joint_approval-3-nondecisive_missing,joint_approval-3,nondecisive_missing,0,ALLOW,ALLOW,False,1,False
K1,margin_0.5,joint_approval-3-nondecisive_missing,joint_approval-3,nondecisive_missing,1,ALLOW,ALLOW,False,1,False
K1,margin_0.5,joint_approval-3-nondecisive_missing,joint_approval-3,nondecisive_missing,2,ALLOW,ALLOW,False,1,False
K1,margin_0.5,joint_approval-4-conflict,joint_approval-4,conflict,0,ALLOW,ALLOW,False,1,False
K1,margin_0.5,joint_approval-4-conflict,joint_approval-4,conflict,1,ALLOW,ALLOW,False,1,False
K1,margin_0.5,joint_approval-4-conflict,joint_approval-4,conflict,2,ALLOW,ALLOW,False,1,False
K1,margin_0.5,joint_approval-4-decisive_missing,joint_approval-4,decisive_missing,0,ALLOW,ALLOW,False,1,False
K1,margin_0.5,joint_approval-4-decisive_missing,joint_approval-4,decisive_missing,1,ALLOW,ALLOW,False,1,False
K1,margin_0.5,joint_approval-4-decisive_missing,joint_approval-4,decisive_missing,2,ALLOW,ALLOW,False,1,False
K1,margin_0.5,joint_approval-4-flip,joint_approval-4,flip,0,ALLOW,ALLOW,False,1,False
K1,margin_0.5,joint_approval-4-flip,joint_approval-4,flip,1,ALLOW,ALLOW,False,1,False
K1,margin_0.5,joint_approval-4-flip,joint_approval-4,flip,2,ALLOW,ALLOW,False,1,False
K1,margin_0.5,joint_approval-4-full,joint_approval-4,full,0,ALLOW,INSUFFICIENT,True,1,False
K1,margin_0.5,joint_approval-4-full,joint_approval-4,full,1,INSUFFICIENT,INSUFFICIENT,False,1,False
K1,margin_0.5,joint_approval-4-full,joint_approval-4,full,2,INSUFFICIENT,INSUFFICIENT,False,1,False
K1,margin_0.5,joint_approval-4-hold,joint_approval-4,hold,0,DENY,DENY,False,1,False
K1,margin_0.5,joint_approval-4-hold,joint_approval-4,hold,1,DENY,DENY,False,1,False
K1,margin_0.5,joint_approval-4-hold,joint_approval-4,hold,2,DENY,INSUFFICIENT,True,1,False
K1,margin_0.5,joint_approval-4-nondecisive_missing,joint_approval-4,nondecisive_missing,0,DENY,DENY,False,1,False
K1,margin_0.5,joint_approval-4-nondecisive_missing,joint_approval-4,nondecisive_missing,1,DENY,DENY,False,1,False
K1,margin_0.5,joint_approval-4-nondecisive_missing,joint_approval-4,nondecisive_missing,2,DENY,DENY,False,1,False
K1,margin_0.5,reversal_exception-1-conflict,reversal_exception-1,conflict,0,ALLOW,ALLOW,False,1,False
K1,margin_0.5,reversal_exception-1-conflict,reversal_exception-1,conflict,1,ALLOW,ALLOW,False,1,False
K1,margin_0.5,reversal_exception-1-conflict,reversal_exception-1,conflict,2,ALLOW,ALLOW,False,1,False
K1,margin_0.5,reversal_exception-1-decisive_missing,reversal_exception-1,decisive_missing,0,ALLOW,ALLOW,False,1,False
K1,margin_0.5,reversal_exception-1-decisive_missing,reversal_exception-1,decisive_missing,1,ALLOW,ALLOW,False,1,False
K1,margin_0.5,reversal_exception-1-decisive_missing,reversal_exception-1,decisive_missing,2,ALLOW,ALLOW,False,1,False
K1,margin_0.5,reversal_exception-1-flip,reversal_exception-1,flip,0,ALLOW,ALLOW,False,1,False
K1,margin_0.5,reversal_exception-1-flip,reversal_exception-1,flip,1,ALLOW,ALLOW,False,1,False
K1,margin_0.5,reversal_exception-1-flip,reversal_exception-1,flip,2,ALLOW,ALLOW,False,1,False
K1,margin_0.5,reversal_exception-1-full,reversal_exception-1,full,0,ALLOW,ALLOW,False,1,False
K1,margin_0.5,reversal_exception-1-full,reversal_exception-1,full,1,ALLOW,ALLOW,False,1,False
K1,margin_0.5,reversal_exception-1-full,reversal_exception-1,full,2,ALLOW,ALLOW,False,1,False
K1,margin_0.5,reversal_exception-1-hold,reversal_exception-1,hold,0,ALLOW,ALLOW,False,1,False
K1,margin_0.5,reversal_exception-1-hold,reversal_exception-1,hold,1,ALLOW,INSUFFICIENT,True,1,False
K1,margin_0.5,reversal_exception-1-hold,reversal_exception-1,hold,2,ALLOW,INSUFFICIENT,True,1,False
K1,margin_0.5,reversal_exception-1-nondecisive_missing,reversal_exception-1,nondecisive_missing,0,ALLOW,ALLOW,False,1,False
K1,margin_0.5,reversal_exception-1-nondecisive_missing,reversal_exception-1,nondecisive_missing,1,ALLOW,ALLOW,False,1,False
K1,margin_0.5,reversal_exception-1-nondecisive_missing,reversal_exception-1,nondecisive_missing,2,ALLOW,ALLOW,False,1,False
K1,margin_0.5,reversal_exception-2-conflict,reversal_exception-2,conflict,0,ALLOW,ALLOW,False,1,False
K1,margin_0.5,reversal_exception-2-conflict,reversal_exception-2,conflict,1,ALLOW,ALLOW,False,1,False
K1,margin_0.5,reversal_exception-2-conflict,reversal_exception-2,conflict,2,ALLOW,ALLOW,False,1,False
K1,margin_0.5,reversal_exception-2-decisive_missing,reversal_exception-2,decisive_missing,0,ALLOW,ALLOW,False,1,False
K1,margin_0.5,reversal_exception-2-decisive_missing,reversal_exception-2,decisive_missing,1,ALLOW,ALLOW,False,1,False
K1,margin_0.5,reversal_exception-2-decisive_missing,reversal_exception-2,decisive_missing,2,ALLOW,ALLOW,False,1,False
K1,margin_0.5,reversal_exception-2-flip,reversal_exception-2,flip,0,ALLOW,ALLOW,False,1,False
K1,margin_0.5,reversal_exception-2-flip,reversal_exception-2,flip,1,ALLOW,ALLOW,False,1,False
K1,margin_0.5,reversal_exception-2-flip,reversal_exception-2,flip,2,ALLOW,ALLOW,False,1,False
K1,margin_0.5,reversal_exception-2-full,reversal_exception-2,full,0,ALLOW,ALLOW,False,1,False
K1,margin_0.5,reversal_exception-2-full,reversal_exception-2,full,1,ALLOW,ALLOW,False,1,False
K1,margin_0.5,reversal_exception-2-full,reversal_exception-2,full,2,ALLOW,ALLOW,False,1,False
K1,margin_0.5,reversal_exception-2-hold,reversal_exception-2,hold,0,ALLOW,ALLOW,False,1,False
K1,margin_0.5,reversal_exception-2-hold,reversal_exception-2,hold,1,ALLOW,ALLOW,False,1,False
K1,margin_0.5,reversal_exception-2-hold,reversal_exception-2,hold,2,ALLOW,ALLOW,False,1,False
K1,margin_0.5,reversal_exception-2-nondecisive_missing,reversal_exception-2,nondecisive_missing,0,ALLOW,ALLOW,False,1,False
K1,margin_0.5,reversal_exception-2-nondecisive_missing,reversal_exception-2,nondecisive_missing,1,ALLOW,ALLOW,False,1,False
K1,margin_0.5,reversal_exception-2-nondecisive_missing,reversal_exception-2,nondecisive_missing,2,ALLOW,ALLOW,False,1,False
K1,margin_0.5,reversal_exception-3-conflict,reversal_exception-3,conflict,0,ALLOW,INSUFFICIENT,True,1,False
K1,margin_0.5,reversal_exception-3-conflict,reversal_exception-3,conflict,1,INSUFFICIENT,INSUFFICIENT,False,1,False
K1,margin_0.5,reversal_exception-3-conflict,reversal_exception-3,conflict,2,INSUFFICIENT,INSUFFICIENT,False,1,False
K1,margin_0.5,reversal_exception-3-decisive_missing,reversal_exception-3,decisive_missing,0,INSUFFICIENT,INSUFFICIENT,False,1,False
K1,margin_0.5,reversal_exception-3-decisive_missing,reversal_exception-3,decisive_missing,1,INSUFFICIENT,INSUFFICIENT,False,1,False
K1,margin_0.5,reversal_exception-3-decisive_missing,reversal_exception-3,decisive_missing,2,INSUFFICIENT,INSUFFICIENT,False,1,False
K1,margin_0.5,reversal_exception-3-flip,reversal_exception-3,flip,0,INSUFFICIENT,INSUFFICIENT,False,1,False
K1,margin_0.5,reversal_exception-3-flip,reversal_exception-3,flip,1,INSUFFICIENT,INSUFFICIENT,False,1,False
K1,margin_0.5,reversal_exception-3-flip,reversal_exception-3,flip,2,INSUFFICIENT,INSUFFICIENT,False,1,False
K1,margin_0.5,reversal_exception-3-full,reversal_exception-3,full,0,ALLOW,INSUFFICIENT,True,1,False
K1,margin_0.5,reversal_exception-3-full,reversal_exception-3,full,1,INSUFFICIENT,INSUFFICIENT,False,1,False
K1,margin_0.5,reversal_exception-3-full,reversal_exception-3,full,2,ALLOW,INSUFFICIENT,True,1,False
K1,margin_0.5,reversal_exception-3-hold,reversal_exception-3,hold,0,INSUFFICIENT,INSUFFICIENT,False,1,False
K1,margin_0.5,reversal_exception-3-hold,reversal_exception-3,hold,1,INSUFFICIENT,INSUFFICIENT,False,1,False
K1,margin_0.5,reversal_exception-3-hold,reversal_exception-3,hold,2,INSUFFICIENT,INSUFFICIENT,False,1,False
K1,margin_0.5,reversal_exception-3-nondecisive_missing,reversal_exception-3,nondecisive_missing,0,ALLOW,INSUFFICIENT,True,1,False
K1,margin_0.5,reversal_exception-3-nondecisive_missing,reversal_exception-3,nondecisive_missing,1,INSUFFICIENT,INSUFFICIENT,False,1,False
K1,margin_0.5,reversal_exception-3-nondecisive_missing,reversal_exception-3,nondecisive_missing,2,INSUFFICIENT,INSUFFICIENT,False,1,False
K1,margin_0.5,reversal_exception-4-conflict,reversal_exception-4,conflict,0,DENY,DENY,False,1,False
K1,margin_0.5,reversal_exception-4-conflict,reversal_exception-4,conflict,1,DENY,DENY,False,1,False
K1,margin_0.5,reversal_exception-4-conflict,reversal_exception-4,conflict,2,DENY,INSUFFICIENT,True,1,False
K1,margin_0.5,reversal_exception-4-decisive_missing,reversal_exception-4,decisive_missing,0,DENY,DENY,False,1,False
K1,margin_0.5,reversal_exception-4-decisive_missing,reversal_exception-4,decisive_missing,1,DENY,DENY,False,1,False
K1,margin_0.5,reversal_exception-4-decisive_missing,reversal_exception-4,decisive_missing,2,DENY,DENY,False,1,False
K1,margin_0.5,reversal_exception-4-flip,reversal_exception-4,flip,0,ALLOW,ALLOW,False,1,False
K1,margin_0.5,reversal_exception-4-flip,reversal_exception-4,flip,1,ALLOW,INSUFFICIENT,True,1,False
K1,margin_0.5,reversal_exception-4-flip,reversal_exception-4,flip,2,ALLOW,INSUFFICIENT,True,1,False
K1,margin_0.5,reversal_exception-4-full,reversal_exception-4,full,0,DENY,DENY,False,1,False
K1,margin_0.5,reversal_exception-4-full,reversal_exception-4,full,1,DENY,DENY,False,1,False
K1,margin_0.5,reversal_exception-4-full,reversal_exception-4,full,2,DENY,DENY,False,1,False
K1,margin_0.5,reversal_exception-4-hold,reversal_exception-4,hold,0,DENY,DENY,False,1,False
K1,margin_0.5,reversal_exception-4-hold,reversal_exception-4,hold,1,DENY,DENY,False,1,False
K1,margin_0.5,reversal_exception-4-hold,reversal_exception-4,hold,2,DENY,DENY,False,1,False
K1,margin_0.5,reversal_exception-4-nondecisive_missing,reversal_exception-4,nondecisive_missing,0,DENY,DENY,False,1,False
K1,margin_0.5,reversal_exception-4-nondecisive_missing,reversal_exception-4,nondecisive_missing,1,DENY,DENY,False,1,False
K1,margin_0.5,reversal_exception-4-nondecisive_missing,reversal_exception-4,nondecisive_missing,2,DENY,DENY,False,1,False
K1,margin_0.5,route_lookup-1-conflict,route_lookup-1,conflict,0,ALLOW,ALLOW,False,1,False
K1,margin_0.5,route_lookup-1-conflict,route_lookup-1,conflict,1,ALLOW,ALLOW,False,1,False
K1,margin_0.5,route_lookup-1-conflict,route_lookup-1,conflict,2,ALLOW,ALLOW,False,1,False
K1,margin_0.5,route_lookup-1-decisive_missing,route_lookup-1,decisive_missing,0,ALLOW,ALLOW,False,1,False
K1,margin_0.5,route_lookup-1-decisive_missing,route_lookup-1,decisive_missing,1,ALLOW,ALLOW,False,1,False
K1,margin_0.5,route_lookup-1-decisive_missing,route_lookup-1,decisive_missing,2,ALLOW,ALLOW,False,1,False
K1,margin_0.5,route_lookup-1-flip,route_lookup-1,flip,0,DENY,INSUFFICIENT,True,1,False
K1,margin_0.5,route_lookup-1-flip,route_lookup-1,flip,1,DENY,INSUFFICIENT,True,1,False
K1,margin_0.5,route_lookup-1-flip,route_lookup-1,flip,2,DENY,INSUFFICIENT,True,1,False
K1,margin_0.5,route_lookup-1-full,route_lookup-1,full,0,ALLOW,ALLOW,False,1,False
K1,margin_0.5,route_lookup-1-full,route_lookup-1,full,1,ALLOW,ALLOW,False,1,False
K1,margin_0.5,route_lookup-1-full,route_lookup-1,full,2,ALLOW,ALLOW,False,1,False
K1,margin_0.5,route_lookup-1-hold,route_lookup-1,hold,0,ALLOW,ALLOW,False,1,False
K1,margin_0.5,route_lookup-1-hold,route_lookup-1,hold,1,ALLOW,ALLOW,False,1,False
K1,margin_0.5,route_lookup-1-hold,route_lookup-1,hold,2,ALLOW,ALLOW,False,1,False
K1,margin_0.5,route_lookup-1-nondecisive_missing,route_lookup-1,nondecisive_missing,0,ALLOW,ALLOW,False,1,False
K1,margin_0.5,route_lookup-1-nondecisive_missing,route_lookup-1,nondecisive_missing,1,ALLOW,ALLOW,False,1,False
K1,margin_0.5,route_lookup-1-nondecisive_missing,route_lookup-1,nondecisive_missing,2,ALLOW,ALLOW,False,1,False
K1,margin_0.5,route_lookup-2-conflict,route_lookup-2,conflict,0,DENY,INSUFFICIENT,True,1,False
K1,margin_0.5,route_lookup-2-conflict,route_lookup-2,conflict,1,ALLOW,INSUFFICIENT,True,1,False
K1,margin_0.5,route_lookup-2-conflict,route_lookup-2,conflict,2,DENY,INSUFFICIENT,True,1,False
K1,margin_0.5,route_lookup-2-decisive_missing,route_lookup-2,decisive_missing,0,ALLOW,ALLOW,False,1,False
K1,margin_0.5,route_lookup-2-decisive_missing,route_lookup-2,decisive_missing,1,ALLOW,ALLOW,False,1,False
K1,margin_0.5,route_lookup-2-decisive_missing,route_lookup-2,decisive_missing,2,ALLOW,ALLOW,False,1,False
K1,margin_0.5,route_lookup-2-flip,route_lookup-2,flip,0,ALLOW,ALLOW,False,1,False
K1,margin_0.5,route_lookup-2-flip,route_lookup-2,flip,1,ALLOW,ALLOW,False,1,False
K1,margin_0.5,route_lookup-2-flip,route_lookup-2,flip,2,ALLOW,ALLOW,False,1,False
K1,margin_0.5,route_lookup-2-full,route_lookup-2,full,0,DENY,DENY,False,1,False
K1,margin_0.5,route_lookup-2-full,route_lookup-2,full,1,DENY,INSUFFICIENT,True,1,False
K1,margin_0.5,route_lookup-2-full,route_lookup-2,full,2,DENY,DENY,False,1,False
K1,margin_0.5,route_lookup-2-hold,route_lookup-2,hold,0,ALLOW,ALLOW,False,1,False
K1,margin_0.5,route_lookup-2-hold,route_lookup-2,hold,1,ALLOW,ALLOW,False,1,False
K1,margin_0.5,route_lookup-2-hold,route_lookup-2,hold,2,ALLOW,ALLOW,False,1,False
K1,margin_0.5,route_lookup-2-nondecisive_missing,route_lookup-2,nondecisive_missing,0,DENY,DENY,False,1,False
K1,margin_0.5,route_lookup-2-nondecisive_missing,route_lookup-2,nondecisive_missing,1,DENY,INSUFFICIENT,True,1,False
K1,margin_0.5,route_lookup-2-nondecisive_missing,route_lookup-2,nondecisive_missing,2,DENY,DENY,False,1,False
K1,margin_0.5,route_lookup-3-conflict,route_lookup-3,conflict,0,ALLOW,ALLOW,False,1,False
K1,margin_0.5,route_lookup-3-conflict,route_lookup-3,conflict,1,ALLOW,ALLOW,False,1,False
K1,margin_0.5,route_lookup-3-conflict,route_lookup-3,conflict,2,ALLOW,ALLOW,False,1,False
K1,margin_0.5,route_lookup-3-decisive_missing,route_lookup-3,decisive_missing,0,ALLOW,ALLOW,False,1,False
K1,margin_0.5,route_lookup-3-decisive_missing,route_lookup-3,decisive_missing,1,ALLOW,ALLOW,False,1,False
K1,margin_0.5,route_lookup-3-decisive_missing,route_lookup-3,decisive_missing,2,ALLOW,ALLOW,False,1,False
K1,margin_0.5,route_lookup-3-flip,route_lookup-3,flip,0,ALLOW,INSUFFICIENT,True,1,False
K1,margin_0.5,route_lookup-3-flip,route_lookup-3,flip,1,ALLOW,INSUFFICIENT,True,1,False
K1,margin_0.5,route_lookup-3-flip,route_lookup-3,flip,2,DENY,INSUFFICIENT,True,1,False
K1,margin_0.5,route_lookup-3-full,route_lookup-3,full,0,ALLOW,ALLOW,False,1,False
K1,margin_0.5,route_lookup-3-full,route_lookup-3,full,1,ALLOW,ALLOW,False,1,False
K1,margin_0.5,route_lookup-3-full,route_lookup-3,full,2,ALLOW,ALLOW,False,1,False
K1,margin_0.5,route_lookup-3-hold,route_lookup-3,hold,0,ALLOW,ALLOW,False,1,False
K1,margin_0.5,route_lookup-3-hold,route_lookup-3,hold,1,ALLOW,ALLOW,False,1,False
K1,margin_0.5,route_lookup-3-hold,route_lookup-3,hold,2,ALLOW,ALLOW,False,1,False
K1,margin_0.5,route_lookup-3-nondecisive_missing,route_lookup-3,nondecisive_missing,0,ALLOW,ALLOW,False,1,False
K1,margin_0.5,route_lookup-3-nondecisive_missing,route_lookup-3,nondecisive_missing,1,ALLOW,ALLOW,False,1,False
K1,margin_0.5,route_lookup-3-nondecisive_missing,route_lookup-3,nondecisive_missing,2,ALLOW,ALLOW,False,1,False
K1,margin_0.5,route_lookup-4-conflict,route_lookup-4,conflict,0,DENY,DENY,False,1,False
K1,margin_0.5,route_lookup-4-conflict,route_lookup-4,conflict,1,DENY,DENY,False,1,False
K1,margin_0.5,route_lookup-4-conflict,route_lookup-4,conflict,2,DENY,INSUFFICIENT,True,1,False
K1,margin_0.5,route_lookup-4-decisive_missing,route_lookup-4,decisive_missing,0,ALLOW,ALLOW,False,1,False
K1,margin_0.5,route_lookup-4-decisive_missing,route_lookup-4,decisive_missing,1,ALLOW,ALLOW,False,1,False
K1,margin_0.5,route_lookup-4-decisive_missing,route_lookup-4,decisive_missing,2,ALLOW,ALLOW,False,1,False
K1,margin_0.5,route_lookup-4-flip,route_lookup-4,flip,0,ALLOW,ALLOW,False,1,False
K1,margin_0.5,route_lookup-4-flip,route_lookup-4,flip,1,ALLOW,ALLOW,False,1,False
K1,margin_0.5,route_lookup-4-flip,route_lookup-4,flip,2,ALLOW,ALLOW,False,1,False
K1,margin_0.5,route_lookup-4-full,route_lookup-4,full,0,DENY,DENY,False,1,False
K1,margin_0.5,route_lookup-4-full,route_lookup-4,full,1,DENY,DENY,False,1,False
K1,margin_0.5,route_lookup-4-full,route_lookup-4,full,2,DENY,DENY,False,1,False
K1,margin_0.5,route_lookup-4-hold,route_lookup-4,hold,0,ALLOW,ALLOW,False,1,False
K1,margin_0.5,route_lookup-4-hold,route_lookup-4,hold,1,ALLOW,INSUFFICIENT,True,1,False
K1,margin_0.5,route_lookup-4-hold,route_lookup-4,hold,2,ALLOW,INSUFFICIENT,True,1,False
K1,margin_0.5,route_lookup-4-nondecisive_missing,route_lookup-4,nondecisive_missing,0,DENY,DENY,False,1,False
K1,margin_0.5,route_lookup-4-nondecisive_missing,route_lookup-4,nondecisive_missing,1,DENY,DENY,False,1,False
K1,margin_0.5,route_lookup-4-nondecisive_missing,route_lookup-4,nondecisive_missing,2,DENY,DENY,False,1,False
K1,margin_0.8,joint_approval-1-conflict,joint_approval-1,conflict,0,DENY,INSUFFICIENT,True,1,False
K1,margin_0.8,joint_approval-1-conflict,joint_approval-1,conflict,1,DENY,INSUFFICIENT,True,1,False
K1,margin_0.8,joint_approval-1-conflict,joint_approval-1,conflict,2,INSUFFICIENT,INSUFFICIENT,False,1,False
K1,margin_0.8,joint_approval-1-decisive_missing,joint_approval-1,decisive_missing,0,ALLOW,ALLOW,False,1,False
K1,margin_0.8,joint_approval-1-decisive_missing,joint_approval-1,decisive_missing,1,ALLOW,ALLOW,False,1,False
K1,margin_0.8,joint_approval-1-decisive_missing,joint_approval-1,decisive_missing,2,ALLOW,ALLOW,False,1,False
K1,margin_0.8,joint_approval-1-flip,joint_approval-1,flip,0,INSUFFICIENT,INSUFFICIENT,False,1,False
K1,margin_0.8,joint_approval-1-flip,joint_approval-1,flip,1,INSUFFICIENT,INSUFFICIENT,False,1,False
K1,margin_0.8,joint_approval-1-flip,joint_approval-1,flip,2,INSUFFICIENT,INSUFFICIENT,False,1,False
K1,margin_0.8,joint_approval-1-full,joint_approval-1,full,0,ALLOW,ALLOW,False,1,False
K1,margin_0.8,joint_approval-1-full,joint_approval-1,full,1,ALLOW,ALLOW,False,1,False
K1,margin_0.8,joint_approval-1-full,joint_approval-1,full,2,ALLOW,ALLOW,False,1,False
K1,margin_0.8,joint_approval-1-hold,joint_approval-1,hold,0,ALLOW,ALLOW,False,1,False
K1,margin_0.8,joint_approval-1-hold,joint_approval-1,hold,1,ALLOW,ALLOW,False,1,False
K1,margin_0.8,joint_approval-1-hold,joint_approval-1,hold,2,ALLOW,ALLOW,False,1,False
K1,margin_0.8,joint_approval-1-nondecisive_missing,joint_approval-1,nondecisive_missing,0,ALLOW,ALLOW,False,1,False
K1,margin_0.8,joint_approval-1-nondecisive_missing,joint_approval-1,nondecisive_missing,1,ALLOW,ALLOW,False,1,False
K1,margin_0.8,joint_approval-1-nondecisive_missing,joint_approval-1,nondecisive_missing,2,ALLOW,ALLOW,False,1,False
K1,margin_0.8,joint_approval-2-conflict,joint_approval-2,conflict,0,ALLOW,ALLOW,False,1,False
K1,margin_0.8,joint_approval-2-conflict,joint_approval-2,conflict,1,ALLOW,ALLOW,False,1,False
K1,margin_0.8,joint_approval-2-conflict,joint_approval-2,conflict,2,ALLOW,ALLOW,False,1,False
K1,margin_0.8,joint_approval-2-decisive_missing,joint_approval-2,decisive_missing,0,ALLOW,ALLOW,False,1,False
K1,margin_0.8,joint_approval-2-decisive_missing,joint_approval-2,decisive_missing,1,ALLOW,ALLOW,False,1,False
K1,margin_0.8,joint_approval-2-decisive_missing,joint_approval-2,decisive_missing,2,ALLOW,ALLOW,False,1,False
K1,margin_0.8,joint_approval-2-flip,joint_approval-2,flip,0,ALLOW,ALLOW,False,1,False
K1,margin_0.8,joint_approval-2-flip,joint_approval-2,flip,1,ALLOW,ALLOW,False,1,False
K1,margin_0.8,joint_approval-2-flip,joint_approval-2,flip,2,ALLOW,ALLOW,False,1,False
K1,margin_0.8,joint_approval-2-full,joint_approval-2,full,0,INSUFFICIENT,INSUFFICIENT,False,1,False
K1,margin_0.8,joint_approval-2-full,joint_approval-2,full,1,INSUFFICIENT,INSUFFICIENT,False,1,False
K1,margin_0.8,joint_approval-2-full,joint_approval-2,full,2,INSUFFICIENT,INSUFFICIENT,False,1,False
K1,margin_0.8,joint_approval-2-hold,joint_approval-2,hold,0,ALLOW,INSUFFICIENT,True,1,False
K1,margin_0.8,joint_approval-2-hold,joint_approval-2,hold,1,ALLOW,ALLOW,False,1,False
K1,margin_0.8,joint_approval-2-hold,joint_approval-2,hold,2,ALLOW,INSUFFICIENT,True,1,False
K1,margin_0.8,joint_approval-2-nondecisive_missing,joint_approval-2,nondecisive_missing,0,DENY,INSUFFICIENT,True,1,False
K1,margin_0.8,joint_approval-2-nondecisive_missing,joint_approval-2,nondecisive_missing,1,DENY,INSUFFICIENT,True,1,False
K1,margin_0.8,joint_approval-2-nondecisive_missing,joint_approval-2,nondecisive_missing,2,DENY,INSUFFICIENT,True,1,False
K1,margin_0.8,joint_approval-3-conflict,joint_approval-3,conflict,0,ALLOW,INSUFFICIENT,True,1,False
K1,margin_0.8,joint_approval-3-conflict,joint_approval-3,conflict,1,ALLOW,INSUFFICIENT,True,1,False
K1,margin_0.8,joint_approval-3-conflict,joint_approval-3,conflict,2,ALLOW,INSUFFICIENT,True,1,False
K1,margin_0.8,joint_approval-3-decisive_missing,joint_approval-3,decisive_missing,0,ALLOW,ALLOW,False,1,False
K1,margin_0.8,joint_approval-3-decisive_missing,joint_approval-3,decisive_missing,1,ALLOW,ALLOW,False,1,False
K1,margin_0.8,joint_approval-3-decisive_missing,joint_approval-3,decisive_missing,2,ALLOW,ALLOW,False,1,False
K1,margin_0.8,joint_approval-3-flip,joint_approval-3,flip,0,ALLOW,INSUFFICIENT,True,1,False
K1,margin_0.8,joint_approval-3-flip,joint_approval-3,flip,1,ALLOW,INSUFFICIENT,True,1,False
K1,margin_0.8,joint_approval-3-flip,joint_approval-3,flip,2,INSUFFICIENT,INSUFFICIENT,False,1,False
K1,margin_0.8,joint_approval-3-full,joint_approval-3,full,0,ALLOW,ALLOW,False,1,False
K1,margin_0.8,joint_approval-3-full,joint_approval-3,full,1,ALLOW,ALLOW,False,1,False
K1,margin_0.8,joint_approval-3-full,joint_approval-3,full,2,ALLOW,ALLOW,False,1,False
K1,margin_0.8,joint_approval-3-hold,joint_approval-3,hold,0,ALLOW,ALLOW,False,1,False
K1,margin_0.8,joint_approval-3-hold,joint_approval-3,hold,1,ALLOW,ALLOW,False,1,False
K1,margin_0.8,joint_approval-3-hold,joint_approval-3,hold,2,ALLOW,ALLOW,False,1,False
K1,margin_0.8,joint_approval-3-nondecisive_missing,joint_approval-3,nondecisive_missing,0,ALLOW,ALLOW,False,1,False
K1,margin_0.8,joint_approval-3-nondecisive_missing,joint_approval-3,nondecisive_missing,1,ALLOW,ALLOW,False,1,False
K1,margin_0.8,joint_approval-3-nondecisive_missing,joint_approval-3,nondecisive_missing,2,ALLOW,ALLOW,False,1,False
K1,margin_0.8,joint_approval-4-conflict,joint_approval-4,conflict,0,ALLOW,ALLOW,False,1,False
K1,margin_0.8,joint_approval-4-conflict,joint_approval-4,conflict,1,ALLOW,ALLOW,False,1,False
K1,margin_0.8,joint_approval-4-conflict,joint_approval-4,conflict,2,ALLOW,ALLOW,False,1,False
K1,margin_0.8,joint_approval-4-decisive_missing,joint_approval-4,decisive_missing,0,ALLOW,ALLOW,False,1,False
K1,margin_0.8,joint_approval-4-decisive_missing,joint_approval-4,decisive_missing,1,ALLOW,ALLOW,False,1,False
K1,margin_0.8,joint_approval-4-decisive_missing,joint_approval-4,decisive_missing,2,ALLOW,ALLOW,False,1,False
K1,margin_0.8,joint_approval-4-flip,joint_approval-4,flip,0,ALLOW,ALLOW,False,1,False
K1,margin_0.8,joint_approval-4-flip,joint_approval-4,flip,1,ALLOW,ALLOW,False,1,False
K1,margin_0.8,joint_approval-4-flip,joint_approval-4,flip,2,ALLOW,ALLOW,False,1,False
K1,margin_0.8,joint_approval-4-full,joint_approval-4,full,0,ALLOW,INSUFFICIENT,True,1,False
K1,margin_0.8,joint_approval-4-full,joint_approval-4,full,1,INSUFFICIENT,INSUFFICIENT,False,1,False
K1,margin_0.8,joint_approval-4-full,joint_approval-4,full,2,INSUFFICIENT,INSUFFICIENT,False,1,False
K1,margin_0.8,joint_approval-4-hold,joint_approval-4,hold,0,DENY,INSUFFICIENT,True,1,False
K1,margin_0.8,joint_approval-4-hold,joint_approval-4,hold,1,DENY,DENY,False,1,False
K1,margin_0.8,joint_approval-4-hold,joint_approval-4,hold,2,DENY,INSUFFICIENT,True,1,False
K1,margin_0.8,joint_approval-4-nondecisive_missing,joint_approval-4,nondecisive_missing,0,DENY,DENY,False,1,False
K1,margin_0.8,joint_approval-4-nondecisive_missing,joint_approval-4,nondecisive_missing,1,DENY,DENY,False,1,False
K1,margin_0.8,joint_approval-4-nondecisive_missing,joint_approval-4,nondecisive_missing,2,DENY,DENY,False,1,False
K1,margin_0.8,reversal_exception-1-conflict,reversal_exception-1,conflict,0,ALLOW,ALLOW,False,1,False
K1,margin_0.8,reversal_exception-1-conflict,reversal_exception-1,conflict,1,ALLOW,ALLOW,False,1,False
K1,margin_0.8,reversal_exception-1-conflict,reversal_exception-1,conflict,2,ALLOW,ALLOW,False,1,False
K1,margin_0.8,reversal_exception-1-decisive_missing,reversal_exception-1,decisive_missing,0,ALLOW,ALLOW,False,1,False
K1,margin_0.8,reversal_exception-1-decisive_missing,reversal_exception-1,decisive_missing,1,ALLOW,ALLOW,False,1,False
K1,margin_0.8,reversal_exception-1-decisive_missing,reversal_exception-1,decisive_missing,2,ALLOW,ALLOW,False,1,False
K1,margin_0.8,reversal_exception-1-flip,reversal_exception-1,flip,0,ALLOW,ALLOW,False,1,False
K1,margin_0.8,reversal_exception-1-flip,reversal_exception-1,flip,1,ALLOW,ALLOW,False,1,False
K1,margin_0.8,reversal_exception-1-flip,reversal_exception-1,flip,2,ALLOW,ALLOW,False,1,False
K1,margin_0.8,reversal_exception-1-full,reversal_exception-1,full,0,ALLOW,ALLOW,False,1,False
K1,margin_0.8,reversal_exception-1-full,reversal_exception-1,full,1,ALLOW,ALLOW,False,1,False
K1,margin_0.8,reversal_exception-1-full,reversal_exception-1,full,2,ALLOW,ALLOW,False,1,False
K1,margin_0.8,reversal_exception-1-hold,reversal_exception-1,hold,0,ALLOW,INSUFFICIENT,True,1,False
K1,margin_0.8,reversal_exception-1-hold,reversal_exception-1,hold,1,ALLOW,INSUFFICIENT,True,1,False
K1,margin_0.8,reversal_exception-1-hold,reversal_exception-1,hold,2,ALLOW,INSUFFICIENT,True,1,False
K1,margin_0.8,reversal_exception-1-nondecisive_missing,reversal_exception-1,nondecisive_missing,0,ALLOW,ALLOW,False,1,False
K1,margin_0.8,reversal_exception-1-nondecisive_missing,reversal_exception-1,nondecisive_missing,1,ALLOW,ALLOW,False,1,False
K1,margin_0.8,reversal_exception-1-nondecisive_missing,reversal_exception-1,nondecisive_missing,2,ALLOW,ALLOW,False,1,False
K1,margin_0.8,reversal_exception-2-conflict,reversal_exception-2,conflict,0,ALLOW,ALLOW,False,1,False
K1,margin_0.8,reversal_exception-2-conflict,reversal_exception-2,conflict,1,ALLOW,ALLOW,False,1,False
K1,margin_0.8,reversal_exception-2-conflict,reversal_exception-2,conflict,2,ALLOW,ALLOW,False,1,False
K1,margin_0.8,reversal_exception-2-decisive_missing,reversal_exception-2,decisive_missing,0,ALLOW,ALLOW,False,1,False
K1,margin_0.8,reversal_exception-2-decisive_missing,reversal_exception-2,decisive_missing,1,ALLOW,ALLOW,False,1,False
K1,margin_0.8,reversal_exception-2-decisive_missing,reversal_exception-2,decisive_missing,2,ALLOW,ALLOW,False,1,False
K1,margin_0.8,reversal_exception-2-flip,reversal_exception-2,flip,0,ALLOW,ALLOW,False,1,False
K1,margin_0.8,reversal_exception-2-flip,reversal_exception-2,flip,1,ALLOW,ALLOW,False,1,False
K1,margin_0.8,reversal_exception-2-flip,reversal_exception-2,flip,2,ALLOW,ALLOW,False,1,False
K1,margin_0.8,reversal_exception-2-full,reversal_exception-2,full,0,ALLOW,ALLOW,False,1,False
K1,margin_0.8,reversal_exception-2-full,reversal_exception-2,full,1,ALLOW,ALLOW,False,1,False
K1,margin_0.8,reversal_exception-2-full,reversal_exception-2,full,2,ALLOW,ALLOW,False,1,False
K1,margin_0.8,reversal_exception-2-hold,reversal_exception-2,hold,0,ALLOW,ALLOW,False,1,False
K1,margin_0.8,reversal_exception-2-hold,reversal_exception-2,hold,1,ALLOW,ALLOW,False,1,False
K1,margin_0.8,reversal_exception-2-hold,reversal_exception-2,hold,2,ALLOW,ALLOW,False,1,False
K1,margin_0.8,reversal_exception-2-nondecisive_missing,reversal_exception-2,nondecisive_missing,0,ALLOW,ALLOW,False,1,False
K1,margin_0.8,reversal_exception-2-nondecisive_missing,reversal_exception-2,nondecisive_missing,1,ALLOW,ALLOW,False,1,False
K1,margin_0.8,reversal_exception-2-nondecisive_missing,reversal_exception-2,nondecisive_missing,2,ALLOW,ALLOW,False,1,False
K1,margin_0.8,reversal_exception-3-conflict,reversal_exception-3,conflict,0,ALLOW,INSUFFICIENT,True,1,False
K1,margin_0.8,reversal_exception-3-conflict,reversal_exception-3,conflict,1,INSUFFICIENT,INSUFFICIENT,False,1,False
K1,margin_0.8,reversal_exception-3-conflict,reversal_exception-3,conflict,2,INSUFFICIENT,INSUFFICIENT,False,1,False
K1,margin_0.8,reversal_exception-3-decisive_missing,reversal_exception-3,decisive_missing,0,INSUFFICIENT,INSUFFICIENT,False,1,False
K1,margin_0.8,reversal_exception-3-decisive_missing,reversal_exception-3,decisive_missing,1,INSUFFICIENT,INSUFFICIENT,False,1,False
K1,margin_0.8,reversal_exception-3-decisive_missing,reversal_exception-3,decisive_missing,2,INSUFFICIENT,INSUFFICIENT,False,1,False
K1,margin_0.8,reversal_exception-3-flip,reversal_exception-3,flip,0,INSUFFICIENT,INSUFFICIENT,False,1,False
K1,margin_0.8,reversal_exception-3-flip,reversal_exception-3,flip,1,INSUFFICIENT,INSUFFICIENT,False,1,False
K1,margin_0.8,reversal_exception-3-flip,reversal_exception-3,flip,2,INSUFFICIENT,INSUFFICIENT,False,1,False
K1,margin_0.8,reversal_exception-3-full,reversal_exception-3,full,0,ALLOW,INSUFFICIENT,True,1,False
K1,margin_0.8,reversal_exception-3-full,reversal_exception-3,full,1,INSUFFICIENT,INSUFFICIENT,False,1,False
K1,margin_0.8,reversal_exception-3-full,reversal_exception-3,full,2,ALLOW,INSUFFICIENT,True,1,False
K1,margin_0.8,reversal_exception-3-hold,reversal_exception-3,hold,0,INSUFFICIENT,INSUFFICIENT,False,1,False
K1,margin_0.8,reversal_exception-3-hold,reversal_exception-3,hold,1,INSUFFICIENT,INSUFFICIENT,False,1,False
K1,margin_0.8,reversal_exception-3-hold,reversal_exception-3,hold,2,INSUFFICIENT,INSUFFICIENT,False,1,False
K1,margin_0.8,reversal_exception-3-nondecisive_missing,reversal_exception-3,nondecisive_missing,0,ALLOW,INSUFFICIENT,True,1,False
K1,margin_0.8,reversal_exception-3-nondecisive_missing,reversal_exception-3,nondecisive_missing,1,INSUFFICIENT,INSUFFICIENT,False,1,False
K1,margin_0.8,reversal_exception-3-nondecisive_missing,reversal_exception-3,nondecisive_missing,2,INSUFFICIENT,INSUFFICIENT,False,1,False
K1,margin_0.8,reversal_exception-4-conflict,reversal_exception-4,conflict,0,DENY,INSUFFICIENT,True,1,False
K1,margin_0.8,reversal_exception-4-conflict,reversal_exception-4,conflict,1,DENY,INSUFFICIENT,True,1,False
K1,margin_0.8,reversal_exception-4-conflict,reversal_exception-4,conflict,2,DENY,INSUFFICIENT,True,1,False
K1,margin_0.8,reversal_exception-4-decisive_missing,reversal_exception-4,decisive_missing,0,DENY,DENY,False,1,False
K1,margin_0.8,reversal_exception-4-decisive_missing,reversal_exception-4,decisive_missing,1,DENY,INSUFFICIENT,True,1,False
K1,margin_0.8,reversal_exception-4-decisive_missing,reversal_exception-4,decisive_missing,2,DENY,DENY,False,1,False
K1,margin_0.8,reversal_exception-4-flip,reversal_exception-4,flip,0,ALLOW,INSUFFICIENT,True,1,False
K1,margin_0.8,reversal_exception-4-flip,reversal_exception-4,flip,1,ALLOW,INSUFFICIENT,True,1,False
K1,margin_0.8,reversal_exception-4-flip,reversal_exception-4,flip,2,ALLOW,INSUFFICIENT,True,1,False
K1,margin_0.8,reversal_exception-4-full,reversal_exception-4,full,0,DENY,INSUFFICIENT,True,1,False
K1,margin_0.8,reversal_exception-4-full,reversal_exception-4,full,1,DENY,INSUFFICIENT,True,1,False
K1,margin_0.8,reversal_exception-4-full,reversal_exception-4,full,2,DENY,INSUFFICIENT,True,1,False
K1,margin_0.8,reversal_exception-4-hold,reversal_exception-4,hold,0,DENY,DENY,False,1,False
K1,margin_0.8,reversal_exception-4-hold,reversal_exception-4,hold,1,DENY,DENY,False,1,False
K1,margin_0.8,reversal_exception-4-hold,reversal_exception-4,hold,2,DENY,DENY,False,1,False
K1,margin_0.8,reversal_exception-4-nondecisive_missing,reversal_exception-4,nondecisive_missing,0,DENY,INSUFFICIENT,True,1,False
K1,margin_0.8,reversal_exception-4-nondecisive_missing,reversal_exception-4,nondecisive_missing,1,DENY,INSUFFICIENT,True,1,False
K1,margin_0.8,reversal_exception-4-nondecisive_missing,reversal_exception-4,nondecisive_missing,2,DENY,INSUFFICIENT,True,1,False
K1,margin_0.8,route_lookup-1-conflict,route_lookup-1,conflict,0,ALLOW,ALLOW,False,1,False
K1,margin_0.8,route_lookup-1-conflict,route_lookup-1,conflict,1,ALLOW,ALLOW,False,1,False
K1,margin_0.8,route_lookup-1-conflict,route_lookup-1,conflict,2,ALLOW,ALLOW,False,1,False
K1,margin_0.8,route_lookup-1-decisive_missing,route_lookup-1,decisive_missing,0,ALLOW,ALLOW,False,1,False
K1,margin_0.8,route_lookup-1-decisive_missing,route_lookup-1,decisive_missing,1,ALLOW,ALLOW,False,1,False
K1,margin_0.8,route_lookup-1-decisive_missing,route_lookup-1,decisive_missing,2,ALLOW,ALLOW,False,1,False
K1,margin_0.8,route_lookup-1-flip,route_lookup-1,flip,0,DENY,INSUFFICIENT,True,1,False
K1,margin_0.8,route_lookup-1-flip,route_lookup-1,flip,1,DENY,INSUFFICIENT,True,1,False
K1,margin_0.8,route_lookup-1-flip,route_lookup-1,flip,2,DENY,INSUFFICIENT,True,1,False
K1,margin_0.8,route_lookup-1-full,route_lookup-1,full,0,ALLOW,ALLOW,False,1,False
K1,margin_0.8,route_lookup-1-full,route_lookup-1,full,1,ALLOW,ALLOW,False,1,False
K1,margin_0.8,route_lookup-1-full,route_lookup-1,full,2,ALLOW,ALLOW,False,1,False
K1,margin_0.8,route_lookup-1-hold,route_lookup-1,hold,0,ALLOW,ALLOW,False,1,False
K1,margin_0.8,route_lookup-1-hold,route_lookup-1,hold,1,ALLOW,INSUFFICIENT,True,1,False
K1,margin_0.8,route_lookup-1-hold,route_lookup-1,hold,2,ALLOW,INSUFFICIENT,True,1,False
K1,margin_0.8,route_lookup-1-nondecisive_missing,route_lookup-1,nondecisive_missing,0,ALLOW,ALLOW,False,1,False
K1,margin_0.8,route_lookup-1-nondecisive_missing,route_lookup-1,nondecisive_missing,1,ALLOW,ALLOW,False,1,False
K1,margin_0.8,route_lookup-1-nondecisive_missing,route_lookup-1,nondecisive_missing,2,ALLOW,ALLOW,False,1,False
K1,margin_0.8,route_lookup-2-conflict,route_lookup-2,conflict,0,DENY,INSUFFICIENT,True,1,False
K1,margin_0.8,route_lookup-2-conflict,route_lookup-2,conflict,1,ALLOW,INSUFFICIENT,True,1,False
K1,margin_0.8,route_lookup-2-conflict,route_lookup-2,conflict,2,DENY,INSUFFICIENT,True,1,False
K1,margin_0.8,route_lookup-2-decisive_missing,route_lookup-2,decisive_missing,0,ALLOW,ALLOW,False,1,False
K1,margin_0.8,route_lookup-2-decisive_missing,route_lookup-2,decisive_missing,1,ALLOW,ALLOW,False,1,False
K1,margin_0.8,route_lookup-2-decisive_missing,route_lookup-2,decisive_missing,2,ALLOW,ALLOW,False,1,False
K1,margin_0.8,route_lookup-2-flip,route_lookup-2,flip,0,ALLOW,ALLOW,False,1,False
K1,margin_0.8,route_lookup-2-flip,route_lookup-2,flip,1,ALLOW,ALLOW,False,1,False
K1,margin_0.8,route_lookup-2-flip,route_lookup-2,flip,2,ALLOW,ALLOW,False,1,False
K1,margin_0.8,route_lookup-2-full,route_lookup-2,full,0,DENY,INSUFFICIENT,True,1,False
K1,margin_0.8,route_lookup-2-full,route_lookup-2,full,1,DENY,INSUFFICIENT,True,1,False
K1,margin_0.8,route_lookup-2-full,route_lookup-2,full,2,DENY,INSUFFICIENT,True,1,False
K1,margin_0.8,route_lookup-2-hold,route_lookup-2,hold,0,ALLOW,ALLOW,False,1,False
K1,margin_0.8,route_lookup-2-hold,route_lookup-2,hold,1,ALLOW,ALLOW,False,1,False
K1,margin_0.8,route_lookup-2-hold,route_lookup-2,hold,2,ALLOW,ALLOW,False,1,False
K1,margin_0.8,route_lookup-2-nondecisive_missing,route_lookup-2,nondecisive_missing,0,DENY,DENY,False,1,False
K1,margin_0.8,route_lookup-2-nondecisive_missing,route_lookup-2,nondecisive_missing,1,DENY,INSUFFICIENT,True,1,False
K1,margin_0.8,route_lookup-2-nondecisive_missing,route_lookup-2,nondecisive_missing,2,DENY,INSUFFICIENT,True,1,False
K1,margin_0.8,route_lookup-3-conflict,route_lookup-3,conflict,0,ALLOW,ALLOW,False,1,False
K1,margin_0.8,route_lookup-3-conflict,route_lookup-3,conflict,1,ALLOW,ALLOW,False,1,False
K1,margin_0.8,route_lookup-3-conflict,route_lookup-3,conflict,2,ALLOW,ALLOW,False,1,False
K1,margin_0.8,route_lookup-3-decisive_missing,route_lookup-3,decisive_missing,0,ALLOW,ALLOW,False,1,False
K1,margin_0.8,route_lookup-3-decisive_missing,route_lookup-3,decisive_missing,1,ALLOW,ALLOW,False,1,False
K1,margin_0.8,route_lookup-3-decisive_missing,route_lookup-3,decisive_missing,2,ALLOW,INSUFFICIENT,True,1,False
K1,margin_0.8,route_lookup-3-flip,route_lookup-3,flip,0,ALLOW,INSUFFICIENT,True,1,False
K1,margin_0.8,route_lookup-3-flip,route_lookup-3,flip,1,ALLOW,INSUFFICIENT,True,1,False
K1,margin_0.8,route_lookup-3-flip,route_lookup-3,flip,2,DENY,INSUFFICIENT,True,1,False
K1,margin_0.8,route_lookup-3-full,route_lookup-3,full,0,ALLOW,ALLOW,False,1,False
K1,margin_0.8,route_lookup-3-full,route_lookup-3,full,1,ALLOW,ALLOW,False,1,False
K1,margin_0.8,route_lookup-3-full,route_lookup-3,full,2,ALLOW,ALLOW,False,1,False
K1,margin_0.8,route_lookup-3-hold,route_lookup-3,hold,0,ALLOW,ALLOW,False,1,False
K1,margin_0.8,route_lookup-3-hold,route_lookup-3,hold,1,ALLOW,ALLOW,False,1,False
K1,margin_0.8,route_lookup-3-hold,route_lookup-3,hold,2,ALLOW,ALLOW,False,1,False
K1,margin_0.8,route_lookup-3-nondecisive_missing,route_lookup-3,nondecisive_missing,0,ALLOW,ALLOW,False,1,False
K1,margin_0.8,route_lookup-3-nondecisive_missing,route_lookup-3,nondecisive_missing,1,ALLOW,ALLOW,False,1,False
K1,margin_0.8,route_lookup-3-nondecisive_missing,route_lookup-3,nondecisive_missing,2,ALLOW,ALLOW,False,1,False
K1,margin_0.8,route_lookup-4-conflict,route_lookup-4,conflict,0,DENY,INSUFFICIENT,True,1,False
K1,margin_0.8,route_lookup-4-conflict,route_lookup-4,conflict,1,DENY,INSUFFICIENT,True,1,False
K1,margin_0.8,route_lookup-4-conflict,route_lookup-4,conflict,2,DENY,INSUFFICIENT,True,1,False
K1,margin_0.8,route_lookup-4-decisive_missing,route_lookup-4,decisive_missing,0,ALLOW,ALLOW,False,1,False
K1,margin_0.8,route_lookup-4-decisive_missing,route_lookup-4,decisive_missing,1,ALLOW,ALLOW,False,1,False
K1,margin_0.8,route_lookup-4-decisive_missing,route_lookup-4,decisive_missing,2,ALLOW,ALLOW,False,1,False
K1,margin_0.8,route_lookup-4-flip,route_lookup-4,flip,0,ALLOW,ALLOW,False,1,False
K1,margin_0.8,route_lookup-4-flip,route_lookup-4,flip,1,ALLOW,ALLOW,False,1,False
K1,margin_0.8,route_lookup-4-flip,route_lookup-4,flip,2,ALLOW,ALLOW,False,1,False
K1,margin_0.8,route_lookup-4-full,route_lookup-4,full,0,DENY,DENY,False,1,False
K1,margin_0.8,route_lookup-4-full,route_lookup-4,full,1,DENY,INSUFFICIENT,True,1,False
K1,margin_0.8,route_lookup-4-full,route_lookup-4,full,2,DENY,INSUFFICIENT,True,1,False
K1,margin_0.8,route_lookup-4-hold,route_lookup-4,hold,0,ALLOW,INSUFFICIENT,True,1,False
K1,margin_0.8,route_lookup-4-hold,route_lookup-4,hold,1,ALLOW,INSUFFICIENT,True,1,False
K1,margin_0.8,route_lookup-4-hold,route_lookup-4,hold,2,ALLOW,INSUFFICIENT,True,1,False
K1,margin_0.8,route_lookup-4-nondecisive_missing,route_lookup-4,nondecisive_missing,0,DENY,DENY,False,1,False
K1,margin_0.8,route_lookup-4-nondecisive_missing,route_lookup-4,nondecisive_missing,1,DENY,DENY,False,1,False
K1,margin_0.8,route_lookup-4-nondecisive_missing,route_lookup-4,nondecisive_missing,2,DENY,DENY,False,1,False
K1,margin_0.95,joint_approval-1-conflict,joint_approval-1,conflict,0,DENY,INSUFFICIENT,True,1,False
K1,margin_0.95,joint_approval-1-conflict,joint_approval-1,conflict,1,DENY,INSUFFICIENT,True,1,False
K1,margin_0.95,joint_approval-1-conflict,joint_approval-1,conflict,2,INSUFFICIENT,INSUFFICIENT,False,1,False
K1,margin_0.95,joint_approval-1-decisive_missing,joint_approval-1,decisive_missing,0,ALLOW,ALLOW,False,1,False
K1,margin_0.95,joint_approval-1-decisive_missing,joint_approval-1,decisive_missing,1,ALLOW,INSUFFICIENT,True,1,False
K1,margin_0.95,joint_approval-1-decisive_missing,joint_approval-1,decisive_missing,2,ALLOW,INSUFFICIENT,True,1,False
K1,margin_0.95,joint_approval-1-flip,joint_approval-1,flip,0,INSUFFICIENT,INSUFFICIENT,False,1,False
K1,margin_0.95,joint_approval-1-flip,joint_approval-1,flip,1,INSUFFICIENT,INSUFFICIENT,False,1,False
K1,margin_0.95,joint_approval-1-flip,joint_approval-1,flip,2,INSUFFICIENT,INSUFFICIENT,False,1,False
K1,margin_0.95,joint_approval-1-full,joint_approval-1,full,0,ALLOW,ALLOW,False,1,False
K1,margin_0.95,joint_approval-1-full,joint_approval-1,full,1,ALLOW,ALLOW,False,1,False
K1,margin_0.95,joint_approval-1-full,joint_approval-1,full,2,ALLOW,ALLOW,False,1,False
K1,margin_0.95,joint_approval-1-hold,joint_approval-1,hold,0,ALLOW,ALLOW,False,1,False
K1,margin_0.95,joint_approval-1-hold,joint_approval-1,hold,1,ALLOW,ALLOW,False,1,False
K1,margin_0.95,joint_approval-1-hold,joint_approval-1,hold,2,ALLOW,ALLOW,False,1,False
K1,margin_0.95,joint_approval-1-nondecisive_missing,joint_approval-1,nondecisive_missing,0,ALLOW,ALLOW,False,1,False
K1,margin_0.95,joint_approval-1-nondecisive_missing,joint_approval-1,nondecisive_missing,1,ALLOW,ALLOW,False,1,False
K1,margin_0.95,joint_approval-1-nondecisive_missing,joint_approval-1,nondecisive_missing,2,ALLOW,ALLOW,False,1,False
K1,margin_0.95,joint_approval-2-conflict,joint_approval-2,conflict,0,ALLOW,INSUFFICIENT,True,1,False
K1,margin_0.95,joint_approval-2-conflict,joint_approval-2,conflict,1,ALLOW,INSUFFICIENT,True,1,False
K1,margin_0.95,joint_approval-2-conflict,joint_approval-2,conflict,2,ALLOW,INSUFFICIENT,True,1,False
K1,margin_0.95,joint_approval-2-decisive_missing,joint_approval-2,decisive_missing,0,ALLOW,INSUFFICIENT,True,1,False
K1,margin_0.95,joint_approval-2-decisive_missing,joint_approval-2,decisive_missing,1,ALLOW,INSUFFICIENT,True,1,False
K1,margin_0.95,joint_approval-2-decisive_missing,joint_approval-2,decisive_missing,2,ALLOW,INSUFFICIENT,True,1,False
K1,margin_0.95,joint_approval-2-flip,joint_approval-2,flip,0,ALLOW,ALLOW,False,1,False
K1,margin_0.95,joint_approval-2-flip,joint_approval-2,flip,1,ALLOW,ALLOW,False,1,False
K1,margin_0.95,joint_approval-2-flip,joint_approval-2,flip,2,ALLOW,ALLOW,False,1,False
K1,margin_0.95,joint_approval-2-full,joint_approval-2,full,0,INSUFFICIENT,INSUFFICIENT,False,1,False
K1,margin_0.95,joint_approval-2-full,joint_approval-2,full,1,INSUFFICIENT,INSUFFICIENT,False,1,False
K1,margin_0.95,joint_approval-2-full,joint_approval-2,full,2,INSUFFICIENT,INSUFFICIENT,False,1,False
K1,margin_0.95,joint_approval-2-hold,joint_approval-2,hold,0,ALLOW,INSUFFICIENT,True,1,False
K1,margin_0.95,joint_approval-2-hold,joint_approval-2,hold,1,ALLOW,INSUFFICIENT,True,1,False
K1,margin_0.95,joint_approval-2-hold,joint_approval-2,hold,2,ALLOW,INSUFFICIENT,True,1,False
K1,margin_0.95,joint_approval-2-nondecisive_missing,joint_approval-2,nondecisive_missing,0,DENY,INSUFFICIENT,True,1,False
K1,margin_0.95,joint_approval-2-nondecisive_missing,joint_approval-2,nondecisive_missing,1,DENY,INSUFFICIENT,True,1,False
K1,margin_0.95,joint_approval-2-nondecisive_missing,joint_approval-2,nondecisive_missing,2,DENY,INSUFFICIENT,True,1,False
K1,margin_0.95,joint_approval-3-conflict,joint_approval-3,conflict,0,ALLOW,INSUFFICIENT,True,1,False
K1,margin_0.95,joint_approval-3-conflict,joint_approval-3,conflict,1,ALLOW,INSUFFICIENT,True,1,False
K1,margin_0.95,joint_approval-3-conflict,joint_approval-3,conflict,2,ALLOW,INSUFFICIENT,True,1,False
K1,margin_0.95,joint_approval-3-decisive_missing,joint_approval-3,decisive_missing,0,ALLOW,ALLOW,False,1,False
K1,margin_0.95,joint_approval-3-decisive_missing,joint_approval-3,decisive_missing,1,ALLOW,INSUFFICIENT,True,1,False
K1,margin_0.95,joint_approval-3-decisive_missing,joint_approval-3,decisive_missing,2,ALLOW,INSUFFICIENT,True,1,False
K1,margin_0.95,joint_approval-3-flip,joint_approval-3,flip,0,ALLOW,INSUFFICIENT,True,1,False
K1,margin_0.95,joint_approval-3-flip,joint_approval-3,flip,1,ALLOW,INSUFFICIENT,True,1,False
K1,margin_0.95,joint_approval-3-flip,joint_approval-3,flip,2,INSUFFICIENT,INSUFFICIENT,False,1,False
K1,margin_0.95,joint_approval-3-full,joint_approval-3,full,0,ALLOW,ALLOW,False,1,False
K1,margin_0.95,joint_approval-3-full,joint_approval-3,full,1,ALLOW,ALLOW,False,1,False
K1,margin_0.95,joint_approval-3-full,joint_approval-3,full,2,ALLOW,ALLOW,False,1,False
K1,margin_0.95,joint_approval-3-hold,joint_approval-3,hold,0,ALLOW,ALLOW,False,1,False
K1,margin_0.95,joint_approval-3-hold,joint_approval-3,hold,1,ALLOW,ALLOW,False,1,False
K1,margin_0.95,joint_approval-3-hold,joint_approval-3,hold,2,ALLOW,ALLOW,False,1,False
K1,margin_0.95,joint_approval-3-nondecisive_missing,joint_approval-3,nondecisive_missing,0,ALLOW,ALLOW,False,1,False
K1,margin_0.95,joint_approval-3-nondecisive_missing,joint_approval-3,nondecisive_missing,1,ALLOW,ALLOW,False,1,False
K1,margin_0.95,joint_approval-3-nondecisive_missing,joint_approval-3,nondecisive_missing,2,ALLOW,ALLOW,False,1,False
K1,margin_0.95,joint_approval-4-conflict,joint_approval-4,conflict,0,ALLOW,ALLOW,False,1,False
K1,margin_0.95,joint_approval-4-conflict,joint_approval-4,conflict,1,ALLOW,INSUFFICIENT,True,1,False
K1,margin_0.95,joint_approval-4-conflict,joint_approval-4,conflict,2,ALLOW,INSUFFICIENT,True,1,False
K1,margin_0.95,joint_approval-4-decisive_missing,joint_approval-4,decisive_missing,0,ALLOW,ALLOW,False,1,False
K1,margin_0.95,joint_approval-4-decisive_missing,joint_approval-4,decisive_missing,1,ALLOW,ALLOW,False,1,False
K1,margin_0.95,joint_approval-4-decisive_missing,joint_approval-4,decisive_missing,2,ALLOW,ALLOW,False,1,False
K1,margin_0.95,joint_approval-4-flip,joint_approval-4,flip,0,ALLOW,ALLOW,False,1,False
K1,margin_0.95,joint_approval-4-flip,joint_approval-4,flip,1,ALLOW,ALLOW,False,1,False
K1,margin_0.95,joint_approval-4-flip,joint_approval-4,flip,2,ALLOW,ALLOW,False,1,False
K1,margin_0.95,joint_approval-4-full,joint_approval-4,full,0,ALLOW,INSUFFICIENT,True,1,False
K1,margin_0.95,joint_approval-4-full,joint_approval-4,full,1,INSUFFICIENT,INSUFFICIENT,False,1,False
K1,margin_0.95,joint_approval-4-full,joint_approval-4,full,2,INSUFFICIENT,INSUFFICIENT,False,1,False
K1,margin_0.95,joint_approval-4-hold,joint_approval-4,hold,0,DENY,INSUFFICIENT,True,1,False
K1,margin_0.95,joint_approval-4-hold,joint_approval-4,hold,1,DENY,INSUFFICIENT,True,1,False
K1,margin_0.95,joint_approval-4-hold,joint_approval-4,hold,2,DENY,INSUFFICIENT,True,1,False
K1,margin_0.95,joint_approval-4-nondecisive_missing,joint_approval-4,nondecisive_missing,0,DENY,DENY,False,1,False
K1,margin_0.95,joint_approval-4-nondecisive_missing,joint_approval-4,nondecisive_missing,1,DENY,DENY,False,1,False
K1,margin_0.95,joint_approval-4-nondecisive_missing,joint_approval-4,nondecisive_missing,2,DENY,INSUFFICIENT,True,1,False
K1,margin_0.95,reversal_exception-1-conflict,reversal_exception-1,conflict,0,ALLOW,INSUFFICIENT,True,1,False
K1,margin_0.95,reversal_exception-1-conflict,reversal_exception-1,conflict,1,ALLOW,INSUFFICIENT,True,1,False
K1,margin_0.95,reversal_exception-1-conflict,reversal_exception-1,conflict,2,ALLOW,INSUFFICIENT,True,1,False
K1,margin_0.95,reversal_exception-1-decisive_missing,reversal_exception-1,decisive_missing,0,ALLOW,ALLOW,False,1,False
K1,margin_0.95,reversal_exception-1-decisive_missing,reversal_exception-1,decisive_missing,1,ALLOW,ALLOW,False,1,False
K1,margin_0.95,reversal_exception-1-decisive_missing,reversal_exception-1,decisive_missing,2,ALLOW,INSUFFICIENT,True,1,False
K1,margin_0.95,reversal_exception-1-flip,reversal_exception-1,flip,0,ALLOW,ALLOW,False,1,False
K1,margin_0.95,reversal_exception-1-flip,reversal_exception-1,flip,1,ALLOW,ALLOW,False,1,False
K1,margin_0.95,reversal_exception-1-flip,reversal_exception-1,flip,2,ALLOW,INSUFFICIENT,True,1,False
K1,margin_0.95,reversal_exception-1-full,reversal_exception-1,full,0,ALLOW,ALLOW,False,1,False
K1,margin_0.95,reversal_exception-1-full,reversal_exception-1,full,1,ALLOW,ALLOW,False,1,False
K1,margin_0.95,reversal_exception-1-full,reversal_exception-1,full,2,ALLOW,INSUFFICIENT,True,1,False
K1,margin_0.95,reversal_exception-1-hold,reversal_exception-1,hold,0,ALLOW,INSUFFICIENT,True,1,False
K1,margin_0.95,reversal_exception-1-hold,reversal_exception-1,hold,1,ALLOW,INSUFFICIENT,True,1,False
K1,margin_0.95,reversal_exception-1-hold,reversal_exception-1,hold,2,ALLOW,INSUFFICIENT,True,1,False
K1,margin_0.95,reversal_exception-1-nondecisive_missing,reversal_exception-1,nondecisive_missing,0,ALLOW,ALLOW,False,1,False
K1,margin_0.95,reversal_exception-1-nondecisive_missing,reversal_exception-1,nondecisive_missing,1,ALLOW,ALLOW,False,1,False
K1,margin_0.95,reversal_exception-1-nondecisive_missing,reversal_exception-1,nondecisive_missing,2,ALLOW,INSUFFICIENT,True,1,False
K1,margin_0.95,reversal_exception-2-conflict,reversal_exception-2,conflict,0,ALLOW,ALLOW,False,1,False
K1,margin_0.95,reversal_exception-2-conflict,reversal_exception-2,conflict,1,ALLOW,ALLOW,False,1,False
K1,margin_0.95,reversal_exception-2-conflict,reversal_exception-2,conflict,2,ALLOW,ALLOW,False,1,False
K1,margin_0.95,reversal_exception-2-decisive_missing,reversal_exception-2,decisive_missing,0,ALLOW,ALLOW,False,1,False
K1,margin_0.95,reversal_exception-2-decisive_missing,reversal_exception-2,decisive_missing,1,ALLOW,ALLOW,False,1,False
K1,margin_0.95,reversal_exception-2-decisive_missing,reversal_exception-2,decisive_missing,2,ALLOW,ALLOW,False,1,False
K1,margin_0.95,reversal_exception-2-flip,reversal_exception-2,flip,0,ALLOW,ALLOW,False,1,False
K1,margin_0.95,reversal_exception-2-flip,reversal_exception-2,flip,1,ALLOW,ALLOW,False,1,False
K1,margin_0.95,reversal_exception-2-flip,reversal_exception-2,flip,2,ALLOW,ALLOW,False,1,False
K1,margin_0.95,reversal_exception-2-full,reversal_exception-2,full,0,ALLOW,ALLOW,False,1,False
K1,margin_0.95,reversal_exception-2-full,reversal_exception-2,full,1,ALLOW,ALLOW,False,1,False
K1,margin_0.95,reversal_exception-2-full,reversal_exception-2,full,2,ALLOW,ALLOW,False,1,False
K1,margin_0.95,reversal_exception-2-hold,reversal_exception-2,hold,0,ALLOW,ALLOW,False,1,False
K1,margin_0.95,reversal_exception-2-hold,reversal_exception-2,hold,1,ALLOW,ALLOW,False,1,False
K1,margin_0.95,reversal_exception-2-hold,reversal_exception-2,hold,2,ALLOW,ALLOW,False,1,False
K1,margin_0.95,reversal_exception-2-nondecisive_missing,reversal_exception-2,nondecisive_missing,0,ALLOW,ALLOW,False,1,False
K1,margin_0.95,reversal_exception-2-nondecisive_missing,reversal_exception-2,nondecisive_missing,1,ALLOW,ALLOW,False,1,False
K1,margin_0.95,reversal_exception-2-nondecisive_missing,reversal_exception-2,nondecisive_missing,2,ALLOW,ALLOW,False,1,False
K1,margin_0.95,reversal_exception-3-conflict,reversal_exception-3,conflict,0,ALLOW,INSUFFICIENT,True,1,False
K1,margin_0.95,reversal_exception-3-conflict,reversal_exception-3,conflict,1,INSUFFICIENT,INSUFFICIENT,False,1,False
K1,margin_0.95,reversal_exception-3-conflict,reversal_exception-3,conflict,2,INSUFFICIENT,INSUFFICIENT,False,1,False
K1,margin_0.95,reversal_exception-3-decisive_missing,reversal_exception-3,decisive_missing,0,INSUFFICIENT,INSUFFICIENT,False,1,False
K1,margin_0.95,reversal_exception-3-decisive_missing,reversal_exception-3,decisive_missing,1,INSUFFICIENT,INSUFFICIENT,False,1,False
K1,margin_0.95,reversal_exception-3-decisive_missing,reversal_exception-3,decisive_missing,2,INSUFFICIENT,INSUFFICIENT,False,1,False
K1,margin_0.95,reversal_exception-3-flip,reversal_exception-3,flip,0,INSUFFICIENT,INSUFFICIENT,False,1,False
K1,margin_0.95,reversal_exception-3-flip,reversal_exception-3,flip,1,INSUFFICIENT,INSUFFICIENT,False,1,False
K1,margin_0.95,reversal_exception-3-flip,reversal_exception-3,flip,2,INSUFFICIENT,INSUFFICIENT,False,1,False
K1,margin_0.95,reversal_exception-3-full,reversal_exception-3,full,0,ALLOW,INSUFFICIENT,True,1,False
K1,margin_0.95,reversal_exception-3-full,reversal_exception-3,full,1,INSUFFICIENT,INSUFFICIENT,False,1,False
K1,margin_0.95,reversal_exception-3-full,reversal_exception-3,full,2,ALLOW,INSUFFICIENT,True,1,False
K1,margin_0.95,reversal_exception-3-hold,reversal_exception-3,hold,0,INSUFFICIENT,INSUFFICIENT,False,1,False
K1,margin_0.95,reversal_exception-3-hold,reversal_exception-3,hold,1,INSUFFICIENT,INSUFFICIENT,False,1,False
K1,margin_0.95,reversal_exception-3-hold,reversal_exception-3,hold,2,INSUFFICIENT,INSUFFICIENT,False,1,False
K1,margin_0.95,reversal_exception-3-nondecisive_missing,reversal_exception-3,nondecisive_missing,0,ALLOW,INSUFFICIENT,True,1,False
K1,margin_0.95,reversal_exception-3-nondecisive_missing,reversal_exception-3,nondecisive_missing,1,INSUFFICIENT,INSUFFICIENT,False,1,False
K1,margin_0.95,reversal_exception-3-nondecisive_missing,reversal_exception-3,nondecisive_missing,2,INSUFFICIENT,INSUFFICIENT,False,1,False
K1,margin_0.95,reversal_exception-4-conflict,reversal_exception-4,conflict,0,DENY,INSUFFICIENT,True,1,False
K1,margin_0.95,reversal_exception-4-conflict,reversal_exception-4,conflict,1,DENY,INSUFFICIENT,True,1,False
K1,margin_0.95,reversal_exception-4-conflict,reversal_exception-4,conflict,2,DENY,INSUFFICIENT,True,1,False
K1,margin_0.95,reversal_exception-4-decisive_missing,reversal_exception-4,decisive_missing,0,DENY,INSUFFICIENT,True,1,False
K1,margin_0.95,reversal_exception-4-decisive_missing,reversal_exception-4,decisive_missing,1,DENY,INSUFFICIENT,True,1,False
K1,margin_0.95,reversal_exception-4-decisive_missing,reversal_exception-4,decisive_missing,2,DENY,INSUFFICIENT,True,1,False
K1,margin_0.95,reversal_exception-4-flip,reversal_exception-4,flip,0,ALLOW,INSUFFICIENT,True,1,False
K1,margin_0.95,reversal_exception-4-flip,reversal_exception-4,flip,1,ALLOW,INSUFFICIENT,True,1,False
K1,margin_0.95,reversal_exception-4-flip,reversal_exception-4,flip,2,ALLOW,INSUFFICIENT,True,1,False
K1,margin_0.95,reversal_exception-4-full,reversal_exception-4,full,0,DENY,INSUFFICIENT,True,1,False
K1,margin_0.95,reversal_exception-4-full,reversal_exception-4,full,1,DENY,INSUFFICIENT,True,1,False
K1,margin_0.95,reversal_exception-4-full,reversal_exception-4,full,2,DENY,INSUFFICIENT,True,1,False
K1,margin_0.95,reversal_exception-4-hold,reversal_exception-4,hold,0,DENY,DENY,False,1,False
K1,margin_0.95,reversal_exception-4-hold,reversal_exception-4,hold,1,DENY,INSUFFICIENT,True,1,False
K1,margin_0.95,reversal_exception-4-hold,reversal_exception-4,hold,2,DENY,INSUFFICIENT,True,1,False
K1,margin_0.95,reversal_exception-4-nondecisive_missing,reversal_exception-4,nondecisive_missing,0,DENY,INSUFFICIENT,True,1,False
K1,margin_0.95,reversal_exception-4-nondecisive_missing,reversal_exception-4,nondecisive_missing,1,DENY,INSUFFICIENT,True,1,False
K1,margin_0.95,reversal_exception-4-nondecisive_missing,reversal_exception-4,nondecisive_missing,2,DENY,INSUFFICIENT,True,1,False
K1,margin_0.95,route_lookup-1-conflict,route_lookup-1,conflict,0,ALLOW,ALLOW,False,1,False
K1,margin_0.95,route_lookup-1-conflict,route_lookup-1,conflict,1,ALLOW,ALLOW,False,1,False
K1,margin_0.95,route_lookup-1-conflict,route_lookup-1,conflict,2,ALLOW,ALLOW,False,1,False
K1,margin_0.95,route_lookup-1-decisive_missing,route_lookup-1,decisive_missing,0,ALLOW,INSUFFICIENT,True,1,False
K1,margin_0.95,route_lookup-1-decisive_missing,route_lookup-1,decisive_missing,1,ALLOW,INSUFFICIENT,True,1,False
K1,margin_0.95,route_lookup-1-decisive_missing,route_lookup-1,decisive_missing,2,ALLOW,INSUFFICIENT,True,1,False
K1,margin_0.95,route_lookup-1-flip,route_lookup-1,flip,0,DENY,INSUFFICIENT,True,1,False
K1,margin_0.95,route_lookup-1-flip,route_lookup-1,flip,1,DENY,INSUFFICIENT,True,1,False
K1,margin_0.95,route_lookup-1-flip,route_lookup-1,flip,2,DENY,INSUFFICIENT,True,1,False
K1,margin_0.95,route_lookup-1-full,route_lookup-1,full,0,ALLOW,ALLOW,False,1,False
K1,margin_0.95,route_lookup-1-full,route_lookup-1,full,1,ALLOW,ALLOW,False,1,False
K1,margin_0.95,route_lookup-1-full,route_lookup-1,full,2,ALLOW,ALLOW,False,1,False
K1,margin_0.95,route_lookup-1-hold,route_lookup-1,hold,0,ALLOW,INSUFFICIENT,True,1,False
K1,margin_0.95,route_lookup-1-hold,route_lookup-1,hold,1,ALLOW,INSUFFICIENT,True,1,False
K1,margin_0.95,route_lookup-1-hold,route_lookup-1,hold,2,ALLOW,INSUFFICIENT,True,1,False
K1,margin_0.95,route_lookup-1-nondecisive_missing,route_lookup-1,nondecisive_missing,0,ALLOW,ALLOW,False,1,False
K1,margin_0.95,route_lookup-1-nondecisive_missing,route_lookup-1,nondecisive_missing,1,ALLOW,ALLOW,False,1,False
K1,margin_0.95,route_lookup-1-nondecisive_missing,route_lookup-1,nondecisive_missing,2,ALLOW,ALLOW,False,1,False
K1,margin_0.95,route_lookup-2-conflict,route_lookup-2,conflict,0,DENY,INSUFFICIENT,True,1,False
K1,margin_0.95,route_lookup-2-conflict,route_lookup-2,conflict,1,ALLOW,INSUFFICIENT,True,1,False
K1,margin_0.95,route_lookup-2-conflict,route_lookup-2,conflict,2,DENY,INSUFFICIENT,True,1,False
K1,margin_0.95,route_lookup-2-decisive_missing,route_lookup-2,decisive_missing,0,ALLOW,ALLOW,False,1,False
K1,margin_0.95,route_lookup-2-decisive_missing,route_lookup-2,decisive_missing,1,ALLOW,ALLOW,False,1,False
K1,margin_0.95,route_lookup-2-decisive_missing,route_lookup-2,decisive_missing,2,ALLOW,ALLOW,False,1,False
K1,margin_0.95,route_lookup-2-flip,route_lookup-2,flip,0,ALLOW,ALLOW,False,1,False
K1,margin_0.95,route_lookup-2-flip,route_lookup-2,flip,1,ALLOW,ALLOW,False,1,False
K1,margin_0.95,route_lookup-2-flip,route_lookup-2,flip,2,ALLOW,ALLOW,False,1,False
K1,margin_0.95,route_lookup-2-full,route_lookup-2,full,0,DENY,INSUFFICIENT,True,1,False
K1,margin_0.95,route_lookup-2-full,route_lookup-2,full,1,DENY,INSUFFICIENT,True,1,False
K1,margin_0.95,route_lookup-2-full,route_lookup-2,full,2,DENY,INSUFFICIENT,True,1,False
K1,margin_0.95,route_lookup-2-hold,route_lookup-2,hold,0,ALLOW,ALLOW,False,1,False
K1,margin_0.95,route_lookup-2-hold,route_lookup-2,hold,1,ALLOW,ALLOW,False,1,False
K1,margin_0.95,route_lookup-2-hold,route_lookup-2,hold,2,ALLOW,ALLOW,False,1,False
K1,margin_0.95,route_lookup-2-nondecisive_missing,route_lookup-2,nondecisive_missing,0,DENY,INSUFFICIENT,True,1,False
K1,margin_0.95,route_lookup-2-nondecisive_missing,route_lookup-2,nondecisive_missing,1,DENY,INSUFFICIENT,True,1,False
K1,margin_0.95,route_lookup-2-nondecisive_missing,route_lookup-2,nondecisive_missing,2,DENY,INSUFFICIENT,True,1,False
K1,margin_0.95,route_lookup-3-conflict,route_lookup-3,conflict,0,ALLOW,ALLOW,False,1,False
K1,margin_0.95,route_lookup-3-conflict,route_lookup-3,conflict,1,ALLOW,INSUFFICIENT,True,1,False
K1,margin_0.95,route_lookup-3-conflict,route_lookup-3,conflict,2,ALLOW,INSUFFICIENT,True,1,False
K1,margin_0.95,route_lookup-3-decisive_missing,route_lookup-3,decisive_missing,0,ALLOW,INSUFFICIENT,True,1,False
K1,margin_0.95,route_lookup-3-decisive_missing,route_lookup-3,decisive_missing,1,ALLOW,INSUFFICIENT,True,1,False
K1,margin_0.95,route_lookup-3-decisive_missing,route_lookup-3,decisive_missing,2,ALLOW,INSUFFICIENT,True,1,False
K1,margin_0.95,route_lookup-3-flip,route_lookup-3,flip,0,ALLOW,INSUFFICIENT,True,1,False
K1,margin_0.95,route_lookup-3-flip,route_lookup-3,flip,1,ALLOW,INSUFFICIENT,True,1,False
K1,margin_0.95,route_lookup-3-flip,route_lookup-3,flip,2,DENY,INSUFFICIENT,True,1,False
K1,margin_0.95,route_lookup-3-full,route_lookup-3,full,0,ALLOW,ALLOW,False,1,False
K1,margin_0.95,route_lookup-3-full,route_lookup-3,full,1,ALLOW,ALLOW,False,1,False
K1,margin_0.95,route_lookup-3-full,route_lookup-3,full,2,ALLOW,ALLOW,False,1,False
K1,margin_0.95,route_lookup-3-hold,route_lookup-3,hold,0,ALLOW,ALLOW,False,1,False
K1,margin_0.95,route_lookup-3-hold,route_lookup-3,hold,1,ALLOW,ALLOW,False,1,False
K1,margin_0.95,route_lookup-3-hold,route_lookup-3,hold,2,ALLOW,INSUFFICIENT,True,1,False
K1,margin_0.95,route_lookup-3-nondecisive_missing,route_lookup-3,nondecisive_missing,0,ALLOW,ALLOW,False,1,False
K1,margin_0.95,route_lookup-3-nondecisive_missing,route_lookup-3,nondecisive_missing,1,ALLOW,ALLOW,False,1,False
K1,margin_0.95,route_lookup-3-nondecisive_missing,route_lookup-3,nondecisive_missing,2,ALLOW,ALLOW,False,1,False
K1,margin_0.95,route_lookup-4-conflict,route_lookup-4,conflict,0,DENY,INSUFFICIENT,True,1,False
K1,margin_0.95,route_lookup-4-conflict,route_lookup-4,conflict,1,DENY,INSUFFICIENT,True,1,False
K1,margin_0.95,route_lookup-4-conflict,route_lookup-4,conflict,2,DENY,INSUFFICIENT,True,1,False
K1,margin_0.95,route_lookup-4-decisive_missing,route_lookup-4,decisive_missing,0,ALLOW,ALLOW,False,1,False
K1,margin_0.95,route_lookup-4-decisive_missing,route_lookup-4,decisive_missing,1,ALLOW,ALLOW,False,1,False
K1,margin_0.95,route_lookup-4-decisive_missing,route_lookup-4,decisive_missing,2,ALLOW,INSUFFICIENT,True,1,False
K1,margin_0.95,route_lookup-4-flip,route_lookup-4,flip,0,ALLOW,ALLOW,False,1,False
K1,margin_0.95,route_lookup-4-flip,route_lookup-4,flip,1,ALLOW,ALLOW,False,1,False
K1,margin_0.95,route_lookup-4-flip,route_lookup-4,flip,2,ALLOW,ALLOW,False,1,False
K1,margin_0.95,route_lookup-4-full,route_lookup-4,full,0,DENY,INSUFFICIENT,True,1,False
K1,margin_0.95,route_lookup-4-full,route_lookup-4,full,1,DENY,INSUFFICIENT,True,1,False
K1,margin_0.95,route_lookup-4-full,route_lookup-4,full,2,DENY,INSUFFICIENT,True,1,False
K1,margin_0.95,route_lookup-4-hold,route_lookup-4,hold,0,ALLOW,INSUFFICIENT,True,1,False
K1,margin_0.95,route_lookup-4-hold,route_lookup-4,hold,1,ALLOW,INSUFFICIENT,True,1,False
K1,margin_0.95,route_lookup-4-hold,route_lookup-4,hold,2,ALLOW,INSUFFICIENT,True,1,False
K1,margin_0.95,route_lookup-4-nondecisive_missing,route_lookup-4,nondecisive_missing,0,DENY,DENY,False,1,False
K1,margin_0.95,route_lookup-4-nondecisive_missing,route_lookup-4,nondecisive_missing,1,DENY,DENY,False,1,False
K1,margin_0.95,route_lookup-4-nondecisive_missing,route_lookup-4,nondecisive_missing,2,DENY,INSUFFICIENT,True,1,False
K1,schema_presence,joint_approval-1-conflict,joint_approval-1,conflict,0,DENY,INSUFFICIENT,True,1,True
K1,schema_presence,joint_approval-1-conflict,joint_approval-1,conflict,1,DENY,INSUFFICIENT,True,1,True
K1,schema_presence,joint_approval-1-conflict,joint_approval-1,conflict,2,INSUFFICIENT,INSUFFICIENT,False,1,True
K1,schema_presence,joint_approval-1-decisive_missing,joint_approval-1,decisive_missing,0,ALLOW,INSUFFICIENT,True,1,True
K1,schema_presence,joint_approval-1-decisive_missing,joint_approval-1,decisive_missing,1,ALLOW,INSUFFICIENT,True,1,True
K1,schema_presence,joint_approval-1-decisive_missing,joint_approval-1,decisive_missing,2,ALLOW,INSUFFICIENT,True,1,True
K1,schema_presence,joint_approval-1-flip,joint_approval-1,flip,0,INSUFFICIENT,INSUFFICIENT,False,1,True
K1,schema_presence,joint_approval-1-flip,joint_approval-1,flip,1,INSUFFICIENT,INSUFFICIENT,False,1,True
K1,schema_presence,joint_approval-1-flip,joint_approval-1,flip,2,INSUFFICIENT,INSUFFICIENT,False,1,True
K1,schema_presence,joint_approval-1-full,joint_approval-1,full,0,ALLOW,ALLOW,False,1,True
K1,schema_presence,joint_approval-1-full,joint_approval-1,full,1,ALLOW,ALLOW,False,1,True
K1,schema_presence,joint_approval-1-full,joint_approval-1,full,2,ALLOW,ALLOW,False,1,True
K1,schema_presence,joint_approval-1-hold,joint_approval-1,hold,0,ALLOW,ALLOW,False,1,True
K1,schema_presence,joint_approval-1-hold,joint_approval-1,hold,1,ALLOW,ALLOW,False,1,True
K1,schema_presence,joint_approval-1-hold,joint_approval-1,hold,2,ALLOW,ALLOW,False,1,True
K1,schema_presence,joint_approval-1-nondecisive_missing,joint_approval-1,nondecisive_missing,0,ALLOW,ALLOW,False,1,True
K1,schema_presence,joint_approval-1-nondecisive_missing,joint_approval-1,nondecisive_missing,1,ALLOW,ALLOW,False,1,True
K1,schema_presence,joint_approval-1-nondecisive_missing,joint_approval-1,nondecisive_missing,2,ALLOW,ALLOW,False,1,True
K1,schema_presence,joint_approval-2-conflict,joint_approval-2,conflict,0,ALLOW,INSUFFICIENT,True,1,True
K1,schema_presence,joint_approval-2-conflict,joint_approval-2,conflict,1,ALLOW,INSUFFICIENT,True,1,True
K1,schema_presence,joint_approval-2-conflict,joint_approval-2,conflict,2,ALLOW,INSUFFICIENT,True,1,True
K1,schema_presence,joint_approval-2-decisive_missing,joint_approval-2,decisive_missing,0,ALLOW,INSUFFICIENT,True,1,True
K1,schema_presence,joint_approval-2-decisive_missing,joint_approval-2,decisive_missing,1,ALLOW,INSUFFICIENT,True,1,True
K1,schema_presence,joint_approval-2-decisive_missing,joint_approval-2,decisive_missing,2,ALLOW,INSUFFICIENT,True,1,True
K1,schema_presence,joint_approval-2-flip,joint_approval-2,flip,0,ALLOW,ALLOW,False,1,True
K1,schema_presence,joint_approval-2-flip,joint_approval-2,flip,1,ALLOW,ALLOW,False,1,True
K1,schema_presence,joint_approval-2-flip,joint_approval-2,flip,2,ALLOW,ALLOW,False,1,True
K1,schema_presence,joint_approval-2-full,joint_approval-2,full,0,INSUFFICIENT,INSUFFICIENT,False,1,True
K1,schema_presence,joint_approval-2-full,joint_approval-2,full,1,INSUFFICIENT,INSUFFICIENT,False,1,True
K1,schema_presence,joint_approval-2-full,joint_approval-2,full,2,INSUFFICIENT,INSUFFICIENT,False,1,True
K1,schema_presence,joint_approval-2-hold,joint_approval-2,hold,0,ALLOW,ALLOW,False,1,True
K1,schema_presence,joint_approval-2-hold,joint_approval-2,hold,1,ALLOW,ALLOW,False,1,True
K1,schema_presence,joint_approval-2-hold,joint_approval-2,hold,2,ALLOW,ALLOW,False,1,True
K1,schema_presence,joint_approval-2-nondecisive_missing,joint_approval-2,nondecisive_missing,0,DENY,INSUFFICIENT,True,1,True
K1,schema_presence,joint_approval-2-nondecisive_missing,joint_approval-2,nondecisive_missing,1,DENY,INSUFFICIENT,True,1,True
K1,schema_presence,joint_approval-2-nondecisive_missing,joint_approval-2,nondecisive_missing,2,DENY,INSUFFICIENT,True,1,True
K1,schema_presence,joint_approval-3-conflict,joint_approval-3,conflict,0,ALLOW,INSUFFICIENT,True,1,True
K1,schema_presence,joint_approval-3-conflict,joint_approval-3,conflict,1,ALLOW,INSUFFICIENT,True,1,True
K1,schema_presence,joint_approval-3-conflict,joint_approval-3,conflict,2,ALLOW,INSUFFICIENT,True,1,True
K1,schema_presence,joint_approval-3-decisive_missing,joint_approval-3,decisive_missing,0,ALLOW,INSUFFICIENT,True,1,True
K1,schema_presence,joint_approval-3-decisive_missing,joint_approval-3,decisive_missing,1,ALLOW,INSUFFICIENT,True,1,True
K1,schema_presence,joint_approval-3-decisive_missing,joint_approval-3,decisive_missing,2,ALLOW,INSUFFICIENT,True,1,True
K1,schema_presence,joint_approval-3-flip,joint_approval-3,flip,0,ALLOW,ALLOW,False,1,True
K1,schema_presence,joint_approval-3-flip,joint_approval-3,flip,1,ALLOW,ALLOW,False,1,True
K1,schema_presence,joint_approval-3-flip,joint_approval-3,flip,2,INSUFFICIENT,INSUFFICIENT,False,1,True
K1,schema_presence,joint_approval-3-full,joint_approval-3,full,0,ALLOW,ALLOW,False,1,True
K1,schema_presence,joint_approval-3-full,joint_approval-3,full,1,ALLOW,ALLOW,False,1,True
K1,schema_presence,joint_approval-3-full,joint_approval-3,full,2,ALLOW,ALLOW,False,1,True
K1,schema_presence,joint_approval-3-hold,joint_approval-3,hold,0,ALLOW,ALLOW,False,1,True
K1,schema_presence,joint_approval-3-hold,joint_approval-3,hold,1,ALLOW,ALLOW,False,1,True
K1,schema_presence,joint_approval-3-hold,joint_approval-3,hold,2,ALLOW,ALLOW,False,1,True
K1,schema_presence,joint_approval-3-nondecisive_missing,joint_approval-3,nondecisive_missing,0,ALLOW,ALLOW,False,1,True
K1,schema_presence,joint_approval-3-nondecisive_missing,joint_approval-3,nondecisive_missing,1,ALLOW,ALLOW,False,1,True
K1,schema_presence,joint_approval-3-nondecisive_missing,joint_approval-3,nondecisive_missing,2,ALLOW,ALLOW,False,1,True
K1,schema_presence,joint_approval-4-conflict,joint_approval-4,conflict,0,ALLOW,INSUFFICIENT,True,1,True
K1,schema_presence,joint_approval-4-conflict,joint_approval-4,conflict,1,ALLOW,INSUFFICIENT,True,1,True
K1,schema_presence,joint_approval-4-conflict,joint_approval-4,conflict,2,ALLOW,INSUFFICIENT,True,1,True
K1,schema_presence,joint_approval-4-decisive_missing,joint_approval-4,decisive_missing,0,ALLOW,INSUFFICIENT,True,1,True
K1,schema_presence,joint_approval-4-decisive_missing,joint_approval-4,decisive_missing,1,ALLOW,INSUFFICIENT,True,1,True
K1,schema_presence,joint_approval-4-decisive_missing,joint_approval-4,decisive_missing,2,ALLOW,INSUFFICIENT,True,1,True
K1,schema_presence,joint_approval-4-flip,joint_approval-4,flip,0,ALLOW,ALLOW,False,1,True
K1,schema_presence,joint_approval-4-flip,joint_approval-4,flip,1,ALLOW,ALLOW,False,1,True
K1,schema_presence,joint_approval-4-flip,joint_approval-4,flip,2,ALLOW,ALLOW,False,1,True
K1,schema_presence,joint_approval-4-full,joint_approval-4,full,0,ALLOW,ALLOW,False,1,True
K1,schema_presence,joint_approval-4-full,joint_approval-4,full,1,INSUFFICIENT,INSUFFICIENT,False,1,True
K1,schema_presence,joint_approval-4-full,joint_approval-4,full,2,INSUFFICIENT,INSUFFICIENT,False,1,True
K1,schema_presence,joint_approval-4-hold,joint_approval-4,hold,0,DENY,DENY,False,1,True
K1,schema_presence,joint_approval-4-hold,joint_approval-4,hold,1,DENY,DENY,False,1,True
K1,schema_presence,joint_approval-4-hold,joint_approval-4,hold,2,DENY,DENY,False,1,True
K1,schema_presence,joint_approval-4-nondecisive_missing,joint_approval-4,nondecisive_missing,0,DENY,INSUFFICIENT,True,1,True
K1,schema_presence,joint_approval-4-nondecisive_missing,joint_approval-4,nondecisive_missing,1,DENY,INSUFFICIENT,True,1,True
K1,schema_presence,joint_approval-4-nondecisive_missing,joint_approval-4,nondecisive_missing,2,DENY,INSUFFICIENT,True,1,True
K1,schema_presence,reversal_exception-1-conflict,reversal_exception-1,conflict,0,ALLOW,INSUFFICIENT,True,1,True
K1,schema_presence,reversal_exception-1-conflict,reversal_exception-1,conflict,1,ALLOW,INSUFFICIENT,True,1,True
K1,schema_presence,reversal_exception-1-conflict,reversal_exception-1,conflict,2,ALLOW,INSUFFICIENT,True,1,True
K1,schema_presence,reversal_exception-1-decisive_missing,reversal_exception-1,decisive_missing,0,ALLOW,INSUFFICIENT,True,1,True
K1,schema_presence,reversal_exception-1-decisive_missing,reversal_exception-1,decisive_missing,1,ALLOW,INSUFFICIENT,True,1,True
K1,schema_presence,reversal_exception-1-decisive_missing,reversal_exception-1,decisive_missing,2,ALLOW,INSUFFICIENT,True,1,True
K1,schema_presence,reversal_exception-1-flip,reversal_exception-1,flip,0,ALLOW,ALLOW,False,1,True
K1,schema_presence,reversal_exception-1-flip,reversal_exception-1,flip,1,ALLOW,ALLOW,False,1,True
K1,schema_presence,reversal_exception-1-flip,reversal_exception-1,flip,2,ALLOW,ALLOW,False,1,True
K1,schema_presence,reversal_exception-1-full,reversal_exception-1,full,0,ALLOW,ALLOW,False,1,True
K1,schema_presence,reversal_exception-1-full,reversal_exception-1,full,1,ALLOW,ALLOW,False,1,True
K1,schema_presence,reversal_exception-1-full,reversal_exception-1,full,2,ALLOW,ALLOW,False,1,True
K1,schema_presence,reversal_exception-1-hold,reversal_exception-1,hold,0,ALLOW,ALLOW,False,1,True
K1,schema_presence,reversal_exception-1-hold,reversal_exception-1,hold,1,ALLOW,ALLOW,False,1,True
K1,schema_presence,reversal_exception-1-hold,reversal_exception-1,hold,2,ALLOW,ALLOW,False,1,True
K1,schema_presence,reversal_exception-1-nondecisive_missing,reversal_exception-1,nondecisive_missing,0,ALLOW,ALLOW,False,1,True
K1,schema_presence,reversal_exception-1-nondecisive_missing,reversal_exception-1,nondecisive_missing,1,ALLOW,ALLOW,False,1,True
K1,schema_presence,reversal_exception-1-nondecisive_missing,reversal_exception-1,nondecisive_missing,2,ALLOW,ALLOW,False,1,True
K1,schema_presence,reversal_exception-2-conflict,reversal_exception-2,conflict,0,ALLOW,INSUFFICIENT,True,1,True
K1,schema_presence,reversal_exception-2-conflict,reversal_exception-2,conflict,1,ALLOW,INSUFFICIENT,True,1,True
K1,schema_presence,reversal_exception-2-conflict,reversal_exception-2,conflict,2,ALLOW,INSUFFICIENT,True,1,True
K1,schema_presence,reversal_exception-2-decisive_missing,reversal_exception-2,decisive_missing,0,ALLOW,INSUFFICIENT,True,1,True
K1,schema_presence,reversal_exception-2-decisive_missing,reversal_exception-2,decisive_missing,1,ALLOW,INSUFFICIENT,True,1,True
K1,schema_presence,reversal_exception-2-decisive_missing,reversal_exception-2,decisive_missing,2,ALLOW,INSUFFICIENT,True,1,True
K1,schema_presence,reversal_exception-2-flip,reversal_exception-2,flip,0,ALLOW,ALLOW,False,1,True
K1,schema_presence,reversal_exception-2-flip,reversal_exception-2,flip,1,ALLOW,ALLOW,False,1,True
K1,schema_presence,reversal_exception-2-flip,reversal_exception-2,flip,2,ALLOW,ALLOW,False,1,True
K1,schema_presence,reversal_exception-2-full,reversal_exception-2,full,0,ALLOW,ALLOW,False,1,True
K1,schema_presence,reversal_exception-2-full,reversal_exception-2,full,1,ALLOW,ALLOW,False,1,True
K1,schema_presence,reversal_exception-2-full,reversal_exception-2,full,2,ALLOW,ALLOW,False,1,True
K1,schema_presence,reversal_exception-2-hold,reversal_exception-2,hold,0,ALLOW,ALLOW,False,1,True
K1,schema_presence,reversal_exception-2-hold,reversal_exception-2,hold,1,ALLOW,ALLOW,False,1,True
K1,schema_presence,reversal_exception-2-hold,reversal_exception-2,hold,2,ALLOW,ALLOW,False,1,True
K1,schema_presence,reversal_exception-2-nondecisive_missing,reversal_exception-2,nondecisive_missing,0,ALLOW,ALLOW,False,1,True
K1,schema_presence,reversal_exception-2-nondecisive_missing,reversal_exception-2,nondecisive_missing,1,ALLOW,ALLOW,False,1,True
K1,schema_presence,reversal_exception-2-nondecisive_missing,reversal_exception-2,nondecisive_missing,2,ALLOW,ALLOW,False,1,True
K1,schema_presence,reversal_exception-3-conflict,reversal_exception-3,conflict,0,ALLOW,INSUFFICIENT,True,1,True
K1,schema_presence,reversal_exception-3-conflict,reversal_exception-3,conflict,1,INSUFFICIENT,INSUFFICIENT,False,1,True
K1,schema_presence,reversal_exception-3-conflict,reversal_exception-3,conflict,2,INSUFFICIENT,INSUFFICIENT,False,1,True
K1,schema_presence,reversal_exception-3-decisive_missing,reversal_exception-3,decisive_missing,0,INSUFFICIENT,INSUFFICIENT,False,1,True
K1,schema_presence,reversal_exception-3-decisive_missing,reversal_exception-3,decisive_missing,1,INSUFFICIENT,INSUFFICIENT,False,1,True
K1,schema_presence,reversal_exception-3-decisive_missing,reversal_exception-3,decisive_missing,2,INSUFFICIENT,INSUFFICIENT,False,1,True
K1,schema_presence,reversal_exception-3-flip,reversal_exception-3,flip,0,INSUFFICIENT,INSUFFICIENT,False,1,True
K1,schema_presence,reversal_exception-3-flip,reversal_exception-3,flip,1,INSUFFICIENT,INSUFFICIENT,False,1,True
K1,schema_presence,reversal_exception-3-flip,reversal_exception-3,flip,2,INSUFFICIENT,INSUFFICIENT,False,1,True
K1,schema_presence,reversal_exception-3-full,reversal_exception-3,full,0,ALLOW,ALLOW,False,1,True
K1,schema_presence,reversal_exception-3-full,reversal_exception-3,full,1,INSUFFICIENT,INSUFFICIENT,False,1,True
K1,schema_presence,reversal_exception-3-full,reversal_exception-3,full,2,ALLOW,ALLOW,False,1,True
K1,schema_presence,reversal_exception-3-hold,reversal_exception-3,hold,0,INSUFFICIENT,INSUFFICIENT,False,1,True
K1,schema_presence,reversal_exception-3-hold,reversal_exception-3,hold,1,INSUFFICIENT,INSUFFICIENT,False,1,True
K1,schema_presence,reversal_exception-3-hold,reversal_exception-3,hold,2,INSUFFICIENT,INSUFFICIENT,False,1,True
K1,schema_presence,reversal_exception-3-nondecisive_missing,reversal_exception-3,nondecisive_missing,0,ALLOW,ALLOW,False,1,True
K1,schema_presence,reversal_exception-3-nondecisive_missing,reversal_exception-3,nondecisive_missing,1,INSUFFICIENT,INSUFFICIENT,False,1,True
K1,schema_presence,reversal_exception-3-nondecisive_missing,reversal_exception-3,nondecisive_missing,2,INSUFFICIENT,INSUFFICIENT,False,1,True
K1,schema_presence,reversal_exception-4-conflict,reversal_exception-4,conflict,0,DENY,INSUFFICIENT,True,1,True
K1,schema_presence,reversal_exception-4-conflict,reversal_exception-4,conflict,1,DENY,INSUFFICIENT,True,1,True
K1,schema_presence,reversal_exception-4-conflict,reversal_exception-4,conflict,2,DENY,INSUFFICIENT,True,1,True
K1,schema_presence,reversal_exception-4-decisive_missing,reversal_exception-4,decisive_missing,0,DENY,INSUFFICIENT,True,1,True
K1,schema_presence,reversal_exception-4-decisive_missing,reversal_exception-4,decisive_missing,1,DENY,INSUFFICIENT,True,1,True
K1,schema_presence,reversal_exception-4-decisive_missing,reversal_exception-4,decisive_missing,2,DENY,INSUFFICIENT,True,1,True
K1,schema_presence,reversal_exception-4-flip,reversal_exception-4,flip,0,ALLOW,ALLOW,False,1,True
K1,schema_presence,reversal_exception-4-flip,reversal_exception-4,flip,1,ALLOW,ALLOW,False,1,True
K1,schema_presence,reversal_exception-4-flip,reversal_exception-4,flip,2,ALLOW,ALLOW,False,1,True
K1,schema_presence,reversal_exception-4-full,reversal_exception-4,full,0,DENY,DENY,False,1,True
K1,schema_presence,reversal_exception-4-full,reversal_exception-4,full,1,DENY,DENY,False,1,True
K1,schema_presence,reversal_exception-4-full,reversal_exception-4,full,2,DENY,DENY,False,1,True
K1,schema_presence,reversal_exception-4-hold,reversal_exception-4,hold,0,DENY,DENY,False,1,True
K1,schema_presence,reversal_exception-4-hold,reversal_exception-4,hold,1,DENY,DENY,False,1,True
K1,schema_presence,reversal_exception-4-hold,reversal_exception-4,hold,2,DENY,DENY,False,1,True
K1,schema_presence,reversal_exception-4-nondecisive_missing,reversal_exception-4,nondecisive_missing,0,DENY,DENY,False,1,True
K1,schema_presence,reversal_exception-4-nondecisive_missing,reversal_exception-4,nondecisive_missing,1,DENY,DENY,False,1,True
K1,schema_presence,reversal_exception-4-nondecisive_missing,reversal_exception-4,nondecisive_missing,2,DENY,DENY,False,1,True
K1,schema_presence,route_lookup-1-conflict,route_lookup-1,conflict,0,ALLOW,INSUFFICIENT,True,1,True
K1,schema_presence,route_lookup-1-conflict,route_lookup-1,conflict,1,ALLOW,INSUFFICIENT,True,1,True
K1,schema_presence,route_lookup-1-conflict,route_lookup-1,conflict,2,ALLOW,INSUFFICIENT,True,1,True
K1,schema_presence,route_lookup-1-decisive_missing,route_lookup-1,decisive_missing,0,ALLOW,INSUFFICIENT,True,1,True
K1,schema_presence,route_lookup-1-decisive_missing,route_lookup-1,decisive_missing,1,ALLOW,INSUFFICIENT,True,1,True
K1,schema_presence,route_lookup-1-decisive_missing,route_lookup-1,decisive_missing,2,ALLOW,INSUFFICIENT,True,1,True
K1,schema_presence,route_lookup-1-flip,route_lookup-1,flip,0,DENY,DENY,False,1,True
K1,schema_presence,route_lookup-1-flip,route_lookup-1,flip,1,DENY,DENY,False,1,True
K1,schema_presence,route_lookup-1-flip,route_lookup-1,flip,2,DENY,DENY,False,1,True
K1,schema_presence,route_lookup-1-full,route_lookup-1,full,0,ALLOW,ALLOW,False,1,True
K1,schema_presence,route_lookup-1-full,route_lookup-1,full,1,ALLOW,ALLOW,False,1,True
K1,schema_presence,route_lookup-1-full,route_lookup-1,full,2,ALLOW,ALLOW,False,1,True
K1,schema_presence,route_lookup-1-hold,route_lookup-1,hold,0,ALLOW,ALLOW,False,1,True
K1,schema_presence,route_lookup-1-hold,route_lookup-1,hold,1,ALLOW,ALLOW,False,1,True
K1,schema_presence,route_lookup-1-hold,route_lookup-1,hold,2,ALLOW,ALLOW,False,1,True
K1,schema_presence,route_lookup-1-nondecisive_missing,route_lookup-1,nondecisive_missing,0,ALLOW,INSUFFICIENT,True,1,True
K1,schema_presence,route_lookup-1-nondecisive_missing,route_lookup-1,nondecisive_missing,1,ALLOW,INSUFFICIENT,True,1,True
K1,schema_presence,route_lookup-1-nondecisive_missing,route_lookup-1,nondecisive_missing,2,ALLOW,INSUFFICIENT,True,1,True
K1,schema_presence,route_lookup-2-conflict,route_lookup-2,conflict,0,DENY,INSUFFICIENT,True,1,True
K1,schema_presence,route_lookup-2-conflict,route_lookup-2,conflict,1,ALLOW,INSUFFICIENT,True,1,True
K1,schema_presence,route_lookup-2-conflict,route_lookup-2,conflict,2,DENY,INSUFFICIENT,True,1,True
K1,schema_presence,route_lookup-2-decisive_missing,route_lookup-2,decisive_missing,0,ALLOW,INSUFFICIENT,True,1,True
K1,schema_presence,route_lookup-2-decisive_missing,route_lookup-2,decisive_missing,1,ALLOW,INSUFFICIENT,True,1,True
K1,schema_presence,route_lookup-2-decisive_missing,route_lookup-2,decisive_missing,2,ALLOW,INSUFFICIENT,True,1,True
K1,schema_presence,route_lookup-2-flip,route_lookup-2,flip,0,ALLOW,ALLOW,False,1,True
K1,schema_presence,route_lookup-2-flip,route_lookup-2,flip,1,ALLOW,ALLOW,False,1,True
K1,schema_presence,route_lookup-2-flip,route_lookup-2,flip,2,ALLOW,ALLOW,False,1,True
K1,schema_presence,route_lookup-2-full,route_lookup-2,full,0,DENY,DENY,False,1,True
K1,schema_presence,route_lookup-2-full,route_lookup-2,full,1,DENY,DENY,False,1,True
K1,schema_presence,route_lookup-2-full,route_lookup-2,full,2,DENY,DENY,False,1,True
K1,schema_presence,route_lookup-2-hold,route_lookup-2,hold,0,ALLOW,ALLOW,False,1,True
K1,schema_presence,route_lookup-2-hold,route_lookup-2,hold,1,ALLOW,ALLOW,False,1,True
K1,schema_presence,route_lookup-2-hold,route_lookup-2,hold,2,ALLOW,ALLOW,False,1,True
K1,schema_presence,route_lookup-2-nondecisive_missing,route_lookup-2,nondecisive_missing,0,DENY,INSUFFICIENT,True,1,True
K1,schema_presence,route_lookup-2-nondecisive_missing,route_lookup-2,nondecisive_missing,1,DENY,INSUFFICIENT,True,1,True
K1,schema_presence,route_lookup-2-nondecisive_missing,route_lookup-2,nondecisive_missing,2,DENY,INSUFFICIENT,True,1,True
K1,schema_presence,route_lookup-3-conflict,route_lookup-3,conflict,0,ALLOW,INSUFFICIENT,True,1,True
K1,schema_presence,route_lookup-3-conflict,route_lookup-3,conflict,1,ALLOW,INSUFFICIENT,True,1,True
K1,schema_presence,route_lookup-3-conflict,route_lookup-3,conflict,2,ALLOW,INSUFFICIENT,True,1,True
K1,schema_presence,route_lookup-3-decisive_missing,route_lookup-3,decisive_missing,0,ALLOW,INSUFFICIENT,True,1,True
K1,schema_presence,route_lookup-3-decisive_missing,route_lookup-3,decisive_missing,1,ALLOW,INSUFFICIENT,True,1,True
K1,schema_presence,route_lookup-3-decisive_missing,route_lookup-3,decisive_missing,2,ALLOW,INSUFFICIENT,True,1,True
K1,schema_presence,route_lookup-3-flip,route_lookup-3,flip,0,ALLOW,ALLOW,False,1,True
K1,schema_presence,route_lookup-3-flip,route_lookup-3,flip,1,ALLOW,ALLOW,False,1,True
K1,schema_presence,route_lookup-3-flip,route_lookup-3,flip,2,DENY,DENY,False,1,True
K1,schema_presence,route_lookup-3-full,route_lookup-3,full,0,ALLOW,ALLOW,False,1,True
K1,schema_presence,route_lookup-3-full,route_lookup-3,full,1,ALLOW,ALLOW,False,1,True
K1,schema_presence,route_lookup-3-full,route_lookup-3,full,2,ALLOW,ALLOW,False,1,True
K1,schema_presence,route_lookup-3-hold,route_lookup-3,hold,0,ALLOW,ALLOW,False,1,True
K1,schema_presence,route_lookup-3-hold,route_lookup-3,hold,1,ALLOW,ALLOW,False,1,True
K1,schema_presence,route_lookup-3-hold,route_lookup-3,hold,2,ALLOW,ALLOW,False,1,True
K1,schema_presence,route_lookup-3-nondecisive_missing,route_lookup-3,nondecisive_missing,0,ALLOW,INSUFFICIENT,True,1,True
K1,schema_presence,route_lookup-3-nondecisive_missing,route_lookup-3,nondecisive_missing,1,ALLOW,INSUFFICIENT,True,1,True
K1,schema_presence,route_lookup-3-nondecisive_missing,route_lookup-3,nondecisive_missing,2,ALLOW,INSUFFICIENT,True,1,True
K1,schema_presence,route_lookup-4-conflict,route_lookup-4,conflict,0,DENY,INSUFFICIENT,True,1,True
K1,schema_presence,route_lookup-4-conflict,route_lookup-4,conflict,1,DENY,INSUFFICIENT,True,1,True
K1,schema_presence,route_lookup-4-conflict,route_lookup-4,conflict,2,DENY,INSUFFICIENT,True,1,True
K1,schema_presence,route_lookup-4-decisive_missing,route_lookup-4,decisive_missing,0,ALLOW,INSUFFICIENT,True,1,True
K1,schema_presence,route_lookup-4-decisive_missing,route_lookup-4,decisive_missing,1,ALLOW,INSUFFICIENT,True,1,True
K1,schema_presence,route_lookup-4-decisive_missing,route_lookup-4,decisive_missing,2,ALLOW,INSUFFICIENT,True,1,True
K1,schema_presence,route_lookup-4-flip,route_lookup-4,flip,0,ALLOW,ALLOW,False,1,True
K1,schema_presence,route_lookup-4-flip,route_lookup-4,flip,1,ALLOW,ALLOW,False,1,True
K1,schema_presence,route_lookup-4-flip,route_lookup-4,flip,2,ALLOW,ALLOW,False,1,True
K1,schema_presence,route_lookup-4-full,route_lookup-4,full,0,DENY,DENY,False,1,True
K1,schema_presence,route_lookup-4-full,route_lookup-4,full,1,DENY,DENY,False,1,True
K1,schema_presence,route_lookup-4-full,route_lookup-4,full,2,DENY,DENY,False,1,True
K1,schema_presence,route_lookup-4-hold,route_lookup-4,hold,0,ALLOW,ALLOW,False,1,True
K1,schema_presence,route_lookup-4-hold,route_lookup-4,hold,1,ALLOW,ALLOW,False,1,True
K1,schema_presence,route_lookup-4-hold,route_lookup-4,hold,2,ALLOW,ALLOW,False,1,True
K1,schema_presence,route_lookup-4-nondecisive_missing,route_lookup-4,nondecisive_missing,0,DENY,INSUFFICIENT,True,1,True
K1,schema_presence,route_lookup-4-nondecisive_missing,route_lookup-4,nondecisive_missing,1,DENY,INSUFFICIENT,True,1,True
K1,schema_presence,route_lookup-4-nondecisive_missing,route_lookup-4,nondecisive_missing,2,DENY,INSUFFICIENT,True,1,True
K1,policy_determinacy,joint_approval-1-conflict,joint_approval-1,conflict,0,DENY,INSUFFICIENT,True,1,True
K1,policy_determinacy,joint_approval-1-conflict,joint_approval-1,conflict,1,DENY,INSUFFICIENT,True,1,True
K1,policy_determinacy,joint_approval-1-conflict,joint_approval-1,conflict,2,INSUFFICIENT,INSUFFICIENT,False,1,True
K1,policy_determinacy,joint_approval-1-decisive_missing,joint_approval-1,decisive_missing,0,ALLOW,INSUFFICIENT,True,1,True
K1,policy_determinacy,joint_approval-1-decisive_missing,joint_approval-1,decisive_missing,1,ALLOW,INSUFFICIENT,True,1,True
K1,policy_determinacy,joint_approval-1-decisive_missing,joint_approval-1,decisive_missing,2,ALLOW,INSUFFICIENT,True,1,True
K1,policy_determinacy,joint_approval-1-flip,joint_approval-1,flip,0,INSUFFICIENT,INSUFFICIENT,False,1,True
K1,policy_determinacy,joint_approval-1-flip,joint_approval-1,flip,1,INSUFFICIENT,INSUFFICIENT,False,1,True
K1,policy_determinacy,joint_approval-1-flip,joint_approval-1,flip,2,INSUFFICIENT,INSUFFICIENT,False,1,True
K1,policy_determinacy,joint_approval-1-full,joint_approval-1,full,0,ALLOW,ALLOW,False,1,True
K1,policy_determinacy,joint_approval-1-full,joint_approval-1,full,1,ALLOW,ALLOW,False,1,True
K1,policy_determinacy,joint_approval-1-full,joint_approval-1,full,2,ALLOW,ALLOW,False,1,True
K1,policy_determinacy,joint_approval-1-hold,joint_approval-1,hold,0,ALLOW,ALLOW,False,1,True
K1,policy_determinacy,joint_approval-1-hold,joint_approval-1,hold,1,ALLOW,ALLOW,False,1,True
K1,policy_determinacy,joint_approval-1-hold,joint_approval-1,hold,2,ALLOW,ALLOW,False,1,True
K1,policy_determinacy,joint_approval-1-nondecisive_missing,joint_approval-1,nondecisive_missing,0,ALLOW,ALLOW,False,1,True
K1,policy_determinacy,joint_approval-1-nondecisive_missing,joint_approval-1,nondecisive_missing,1,ALLOW,ALLOW,False,1,True
K1,policy_determinacy,joint_approval-1-nondecisive_missing,joint_approval-1,nondecisive_missing,2,ALLOW,ALLOW,False,1,True
K1,policy_determinacy,joint_approval-2-conflict,joint_approval-2,conflict,0,ALLOW,INSUFFICIENT,True,1,True
K1,policy_determinacy,joint_approval-2-conflict,joint_approval-2,conflict,1,ALLOW,INSUFFICIENT,True,1,True
K1,policy_determinacy,joint_approval-2-conflict,joint_approval-2,conflict,2,ALLOW,INSUFFICIENT,True,1,True
K1,policy_determinacy,joint_approval-2-decisive_missing,joint_approval-2,decisive_missing,0,ALLOW,INSUFFICIENT,True,1,True
K1,policy_determinacy,joint_approval-2-decisive_missing,joint_approval-2,decisive_missing,1,ALLOW,INSUFFICIENT,True,1,True
K1,policy_determinacy,joint_approval-2-decisive_missing,joint_approval-2,decisive_missing,2,ALLOW,INSUFFICIENT,True,1,True
K1,policy_determinacy,joint_approval-2-flip,joint_approval-2,flip,0,ALLOW,ALLOW,False,1,True
K1,policy_determinacy,joint_approval-2-flip,joint_approval-2,flip,1,ALLOW,ALLOW,False,1,True
K1,policy_determinacy,joint_approval-2-flip,joint_approval-2,flip,2,ALLOW,ALLOW,False,1,True
K1,policy_determinacy,joint_approval-2-full,joint_approval-2,full,0,INSUFFICIENT,INSUFFICIENT,False,1,True
K1,policy_determinacy,joint_approval-2-full,joint_approval-2,full,1,INSUFFICIENT,INSUFFICIENT,False,1,True
K1,policy_determinacy,joint_approval-2-full,joint_approval-2,full,2,INSUFFICIENT,INSUFFICIENT,False,1,True
K1,policy_determinacy,joint_approval-2-hold,joint_approval-2,hold,0,ALLOW,ALLOW,False,1,True
K1,policy_determinacy,joint_approval-2-hold,joint_approval-2,hold,1,ALLOW,ALLOW,False,1,True
K1,policy_determinacy,joint_approval-2-hold,joint_approval-2,hold,2,ALLOW,ALLOW,False,1,True
K1,policy_determinacy,joint_approval-2-nondecisive_missing,joint_approval-2,nondecisive_missing,0,DENY,DENY,False,1,True
K1,policy_determinacy,joint_approval-2-nondecisive_missing,joint_approval-2,nondecisive_missing,1,DENY,DENY,False,1,True
K1,policy_determinacy,joint_approval-2-nondecisive_missing,joint_approval-2,nondecisive_missing,2,DENY,DENY,False,1,True
K1,policy_determinacy,joint_approval-3-conflict,joint_approval-3,conflict,0,ALLOW,INSUFFICIENT,True,1,True
K1,policy_determinacy,joint_approval-3-conflict,joint_approval-3,conflict,1,ALLOW,INSUFFICIENT,True,1,True
K1,policy_determinacy,joint_approval-3-conflict,joint_approval-3,conflict,2,ALLOW,INSUFFICIENT,True,1,True
K1,policy_determinacy,joint_approval-3-decisive_missing,joint_approval-3,decisive_missing,0,ALLOW,INSUFFICIENT,True,1,True
K1,policy_determinacy,joint_approval-3-decisive_missing,joint_approval-3,decisive_missing,1,ALLOW,INSUFFICIENT,True,1,True
K1,policy_determinacy,joint_approval-3-decisive_missing,joint_approval-3,decisive_missing,2,ALLOW,INSUFFICIENT,True,1,True
K1,policy_determinacy,joint_approval-3-flip,joint_approval-3,flip,0,ALLOW,ALLOW,False,1,True
K1,policy_determinacy,joint_approval-3-flip,joint_approval-3,flip,1,ALLOW,ALLOW,False,1,True
K1,policy_determinacy,joint_approval-3-flip,joint_approval-3,flip,2,INSUFFICIENT,INSUFFICIENT,False,1,True
K1,policy_determinacy,joint_approval-3-full,joint_approval-3,full,0,ALLOW,ALLOW,False,1,True
K1,policy_determinacy,joint_approval-3-full,joint_approval-3,full,1,ALLOW,ALLOW,False,1,True
K1,policy_determinacy,joint_approval-3-full,joint_approval-3,full,2,ALLOW,ALLOW,False,1,True
K1,policy_determinacy,joint_approval-3-hold,joint_approval-3,hold,0,ALLOW,ALLOW,False,1,True
K1,policy_determinacy,joint_approval-3-hold,joint_approval-3,hold,1,ALLOW,ALLOW,False,1,True
K1,policy_determinacy,joint_approval-3-hold,joint_approval-3,hold,2,ALLOW,ALLOW,False,1,True
K1,policy_determinacy,joint_approval-3-nondecisive_missing,joint_approval-3,nondecisive_missing,0,ALLOW,ALLOW,False,1,True
K1,policy_determinacy,joint_approval-3-nondecisive_missing,joint_approval-3,nondecisive_missing,1,ALLOW,ALLOW,False,1,True
K1,policy_determinacy,joint_approval-3-nondecisive_missing,joint_approval-3,nondecisive_missing,2,ALLOW,ALLOW,False,1,True
K1,policy_determinacy,joint_approval-4-conflict,joint_approval-4,conflict,0,ALLOW,INSUFFICIENT,True,1,True
K1,policy_determinacy,joint_approval-4-conflict,joint_approval-4,conflict,1,ALLOW,INSUFFICIENT,True,1,True
K1,policy_determinacy,joint_approval-4-conflict,joint_approval-4,conflict,2,ALLOW,INSUFFICIENT,True,1,True
K1,policy_determinacy,joint_approval-4-decisive_missing,joint_approval-4,decisive_missing,0,ALLOW,INSUFFICIENT,True,1,True
K1,policy_determinacy,joint_approval-4-decisive_missing,joint_approval-4,decisive_missing,1,ALLOW,INSUFFICIENT,True,1,True
K1,policy_determinacy,joint_approval-4-decisive_missing,joint_approval-4,decisive_missing,2,ALLOW,INSUFFICIENT,True,1,True
K1,policy_determinacy,joint_approval-4-flip,joint_approval-4,flip,0,ALLOW,ALLOW,False,1,True
K1,policy_determinacy,joint_approval-4-flip,joint_approval-4,flip,1,ALLOW,ALLOW,False,1,True
K1,policy_determinacy,joint_approval-4-flip,joint_approval-4,flip,2,ALLOW,ALLOW,False,1,True
K1,policy_determinacy,joint_approval-4-full,joint_approval-4,full,0,ALLOW,ALLOW,False,1,True
K1,policy_determinacy,joint_approval-4-full,joint_approval-4,full,1,INSUFFICIENT,INSUFFICIENT,False,1,True
K1,policy_determinacy,joint_approval-4-full,joint_approval-4,full,2,INSUFFICIENT,INSUFFICIENT,False,1,True
K1,policy_determinacy,joint_approval-4-hold,joint_approval-4,hold,0,DENY,DENY,False,1,True
K1,policy_determinacy,joint_approval-4-hold,joint_approval-4,hold,1,DENY,DENY,False,1,True
K1,policy_determinacy,joint_approval-4-hold,joint_approval-4,hold,2,DENY,DENY,False,1,True
K1,policy_determinacy,joint_approval-4-nondecisive_missing,joint_approval-4,nondecisive_missing,0,DENY,DENY,False,1,True
K1,policy_determinacy,joint_approval-4-nondecisive_missing,joint_approval-4,nondecisive_missing,1,DENY,DENY,False,1,True
K1,policy_determinacy,joint_approval-4-nondecisive_missing,joint_approval-4,nondecisive_missing,2,DENY,DENY,False,1,True
K1,policy_determinacy,reversal_exception-1-conflict,reversal_exception-1,conflict,0,ALLOW,INSUFFICIENT,True,1,True
K1,policy_determinacy,reversal_exception-1-conflict,reversal_exception-1,conflict,1,ALLOW,INSUFFICIENT,True,1,True
K1,policy_determinacy,reversal_exception-1-conflict,reversal_exception-1,conflict,2,ALLOW,INSUFFICIENT,True,1,True
K1,policy_determinacy,reversal_exception-1-decisive_missing,reversal_exception-1,decisive_missing,0,ALLOW,INSUFFICIENT,True,1,True
K1,policy_determinacy,reversal_exception-1-decisive_missing,reversal_exception-1,decisive_missing,1,ALLOW,INSUFFICIENT,True,1,True
K1,policy_determinacy,reversal_exception-1-decisive_missing,reversal_exception-1,decisive_missing,2,ALLOW,INSUFFICIENT,True,1,True
K1,policy_determinacy,reversal_exception-1-flip,reversal_exception-1,flip,0,ALLOW,ALLOW,False,1,True
K1,policy_determinacy,reversal_exception-1-flip,reversal_exception-1,flip,1,ALLOW,ALLOW,False,1,True
K1,policy_determinacy,reversal_exception-1-flip,reversal_exception-1,flip,2,ALLOW,ALLOW,False,1,True
K1,policy_determinacy,reversal_exception-1-full,reversal_exception-1,full,0,ALLOW,ALLOW,False,1,True
K1,policy_determinacy,reversal_exception-1-full,reversal_exception-1,full,1,ALLOW,ALLOW,False,1,True
K1,policy_determinacy,reversal_exception-1-full,reversal_exception-1,full,2,ALLOW,ALLOW,False,1,True
K1,policy_determinacy,reversal_exception-1-hold,reversal_exception-1,hold,0,ALLOW,ALLOW,False,1,True
K1,policy_determinacy,reversal_exception-1-hold,reversal_exception-1,hold,1,ALLOW,ALLOW,False,1,True
K1,policy_determinacy,reversal_exception-1-hold,reversal_exception-1,hold,2,ALLOW,ALLOW,False,1,True
K1,policy_determinacy,reversal_exception-1-nondecisive_missing,reversal_exception-1,nondecisive_missing,0,ALLOW,ALLOW,False,1,True
K1,policy_determinacy,reversal_exception-1-nondecisive_missing,reversal_exception-1,nondecisive_missing,1,ALLOW,ALLOW,False,1,True
K1,policy_determinacy,reversal_exception-1-nondecisive_missing,reversal_exception-1,nondecisive_missing,2,ALLOW,ALLOW,False,1,True
K1,policy_determinacy,reversal_exception-2-conflict,reversal_exception-2,conflict,0,ALLOW,INSUFFICIENT,True,1,True
K1,policy_determinacy,reversal_exception-2-conflict,reversal_exception-2,conflict,1,ALLOW,INSUFFICIENT,True,1,True
K1,policy_determinacy,reversal_exception-2-conflict,reversal_exception-2,conflict,2,ALLOW,INSUFFICIENT,True,1,True
K1,policy_determinacy,reversal_exception-2-decisive_missing,reversal_exception-2,decisive_missing,0,ALLOW,INSUFFICIENT,True,1,True
K1,policy_determinacy,reversal_exception-2-decisive_missing,reversal_exception-2,decisive_missing,1,ALLOW,INSUFFICIENT,True,1,True
K1,policy_determinacy,reversal_exception-2-decisive_missing,reversal_exception-2,decisive_missing,2,ALLOW,INSUFFICIENT,True,1,True
K1,policy_determinacy,reversal_exception-2-flip,reversal_exception-2,flip,0,ALLOW,ALLOW,False,1,True
K1,policy_determinacy,reversal_exception-2-flip,reversal_exception-2,flip,1,ALLOW,ALLOW,False,1,True
K1,policy_determinacy,reversal_exception-2-flip,reversal_exception-2,flip,2,ALLOW,ALLOW,False,1,True
K1,policy_determinacy,reversal_exception-2-full,reversal_exception-2,full,0,ALLOW,ALLOW,False,1,True
K1,policy_determinacy,reversal_exception-2-full,reversal_exception-2,full,1,ALLOW,ALLOW,False,1,True
K1,policy_determinacy,reversal_exception-2-full,reversal_exception-2,full,2,ALLOW,ALLOW,False,1,True
K1,policy_determinacy,reversal_exception-2-hold,reversal_exception-2,hold,0,ALLOW,ALLOW,False,1,True
K1,policy_determinacy,reversal_exception-2-hold,reversal_exception-2,hold,1,ALLOW,ALLOW,False,1,True
K1,policy_determinacy,reversal_exception-2-hold,reversal_exception-2,hold,2,ALLOW,ALLOW,False,1,True
K1,policy_determinacy,reversal_exception-2-nondecisive_missing,reversal_exception-2,nondecisive_missing,0,ALLOW,ALLOW,False,1,True
K1,policy_determinacy,reversal_exception-2-nondecisive_missing,reversal_exception-2,nondecisive_missing,1,ALLOW,ALLOW,False,1,True
K1,policy_determinacy,reversal_exception-2-nondecisive_missing,reversal_exception-2,nondecisive_missing,2,ALLOW,ALLOW,False,1,True
K1,policy_determinacy,reversal_exception-3-conflict,reversal_exception-3,conflict,0,ALLOW,INSUFFICIENT,True,1,True
K1,policy_determinacy,reversal_exception-3-conflict,reversal_exception-3,conflict,1,INSUFFICIENT,INSUFFICIENT,False,1,True
K1,policy_determinacy,reversal_exception-3-conflict,reversal_exception-3,conflict,2,INSUFFICIENT,INSUFFICIENT,False,1,True
K1,policy_determinacy,reversal_exception-3-decisive_missing,reversal_exception-3,decisive_missing,0,INSUFFICIENT,INSUFFICIENT,False,1,True
K1,policy_determinacy,reversal_exception-3-decisive_missing,reversal_exception-3,decisive_missing,1,INSUFFICIENT,INSUFFICIENT,False,1,True
K1,policy_determinacy,reversal_exception-3-decisive_missing,reversal_exception-3,decisive_missing,2,INSUFFICIENT,INSUFFICIENT,False,1,True
K1,policy_determinacy,reversal_exception-3-flip,reversal_exception-3,flip,0,INSUFFICIENT,INSUFFICIENT,False,1,True
K1,policy_determinacy,reversal_exception-3-flip,reversal_exception-3,flip,1,INSUFFICIENT,INSUFFICIENT,False,1,True
K1,policy_determinacy,reversal_exception-3-flip,reversal_exception-3,flip,2,INSUFFICIENT,INSUFFICIENT,False,1,True
K1,policy_determinacy,reversal_exception-3-full,reversal_exception-3,full,0,ALLOW,ALLOW,False,1,True
K1,policy_determinacy,reversal_exception-3-full,reversal_exception-3,full,1,INSUFFICIENT,INSUFFICIENT,False,1,True
K1,policy_determinacy,reversal_exception-3-full,reversal_exception-3,full,2,ALLOW,ALLOW,False,1,True
K1,policy_determinacy,reversal_exception-3-hold,reversal_exception-3,hold,0,INSUFFICIENT,INSUFFICIENT,False,1,True
K1,policy_determinacy,reversal_exception-3-hold,reversal_exception-3,hold,1,INSUFFICIENT,INSUFFICIENT,False,1,True
K1,policy_determinacy,reversal_exception-3-hold,reversal_exception-3,hold,2,INSUFFICIENT,INSUFFICIENT,False,1,True
K1,policy_determinacy,reversal_exception-3-nondecisive_missing,reversal_exception-3,nondecisive_missing,0,ALLOW,ALLOW,False,1,True
K1,policy_determinacy,reversal_exception-3-nondecisive_missing,reversal_exception-3,nondecisive_missing,1,INSUFFICIENT,INSUFFICIENT,False,1,True
K1,policy_determinacy,reversal_exception-3-nondecisive_missing,reversal_exception-3,nondecisive_missing,2,INSUFFICIENT,INSUFFICIENT,False,1,True
K1,policy_determinacy,reversal_exception-4-conflict,reversal_exception-4,conflict,0,DENY,INSUFFICIENT,True,1,True
K1,policy_determinacy,reversal_exception-4-conflict,reversal_exception-4,conflict,1,DENY,INSUFFICIENT,True,1,True
K1,policy_determinacy,reversal_exception-4-conflict,reversal_exception-4,conflict,2,DENY,INSUFFICIENT,True,1,True
K1,policy_determinacy,reversal_exception-4-decisive_missing,reversal_exception-4,decisive_missing,0,DENY,INSUFFICIENT,True,1,True
K1,policy_determinacy,reversal_exception-4-decisive_missing,reversal_exception-4,decisive_missing,1,DENY,INSUFFICIENT,True,1,True
K1,policy_determinacy,reversal_exception-4-decisive_missing,reversal_exception-4,decisive_missing,2,DENY,INSUFFICIENT,True,1,True
K1,policy_determinacy,reversal_exception-4-flip,reversal_exception-4,flip,0,ALLOW,ALLOW,False,1,True
K1,policy_determinacy,reversal_exception-4-flip,reversal_exception-4,flip,1,ALLOW,ALLOW,False,1,True
K1,policy_determinacy,reversal_exception-4-flip,reversal_exception-4,flip,2,ALLOW,ALLOW,False,1,True
K1,policy_determinacy,reversal_exception-4-full,reversal_exception-4,full,0,DENY,DENY,False,1,True
K1,policy_determinacy,reversal_exception-4-full,reversal_exception-4,full,1,DENY,DENY,False,1,True
K1,policy_determinacy,reversal_exception-4-full,reversal_exception-4,full,2,DENY,DENY,False,1,True
K1,policy_determinacy,reversal_exception-4-hold,reversal_exception-4,hold,0,DENY,DENY,False,1,True
K1,policy_determinacy,reversal_exception-4-hold,reversal_exception-4,hold,1,DENY,DENY,False,1,True
K1,policy_determinacy,reversal_exception-4-hold,reversal_exception-4,hold,2,DENY,DENY,False,1,True
K1,policy_determinacy,reversal_exception-4-nondecisive_missing,reversal_exception-4,nondecisive_missing,0,DENY,DENY,False,1,True
K1,policy_determinacy,reversal_exception-4-nondecisive_missing,reversal_exception-4,nondecisive_missing,1,DENY,DENY,False,1,True
K1,policy_determinacy,reversal_exception-4-nondecisive_missing,reversal_exception-4,nondecisive_missing,2,DENY,DENY,False,1,True
K1,policy_determinacy,route_lookup-1-conflict,route_lookup-1,conflict,0,ALLOW,INSUFFICIENT,True,1,True
K1,policy_determinacy,route_lookup-1-conflict,route_lookup-1,conflict,1,ALLOW,INSUFFICIENT,True,1,True
K1,policy_determinacy,route_lookup-1-conflict,route_lookup-1,conflict,2,ALLOW,INSUFFICIENT,True,1,True
K1,policy_determinacy,route_lookup-1-decisive_missing,route_lookup-1,decisive_missing,0,ALLOW,INSUFFICIENT,True,1,True
K1,policy_determinacy,route_lookup-1-decisive_missing,route_lookup-1,decisive_missing,1,ALLOW,INSUFFICIENT,True,1,True
K1,policy_determinacy,route_lookup-1-decisive_missing,route_lookup-1,decisive_missing,2,ALLOW,INSUFFICIENT,True,1,True
K1,policy_determinacy,route_lookup-1-flip,route_lookup-1,flip,0,DENY,DENY,False,1,True
K1,policy_determinacy,route_lookup-1-flip,route_lookup-1,flip,1,DENY,DENY,False,1,True
K1,policy_determinacy,route_lookup-1-flip,route_lookup-1,flip,2,DENY,DENY,False,1,True
K1,policy_determinacy,route_lookup-1-full,route_lookup-1,full,0,ALLOW,ALLOW,False,1,True
K1,policy_determinacy,route_lookup-1-full,route_lookup-1,full,1,ALLOW,ALLOW,False,1,True
K1,policy_determinacy,route_lookup-1-full,route_lookup-1,full,2,ALLOW,ALLOW,False,1,True
K1,policy_determinacy,route_lookup-1-hold,route_lookup-1,hold,0,ALLOW,ALLOW,False,1,True
K1,policy_determinacy,route_lookup-1-hold,route_lookup-1,hold,1,ALLOW,ALLOW,False,1,True
K1,policy_determinacy,route_lookup-1-hold,route_lookup-1,hold,2,ALLOW,ALLOW,False,1,True
K1,policy_determinacy,route_lookup-1-nondecisive_missing,route_lookup-1,nondecisive_missing,0,ALLOW,ALLOW,False,1,True
K1,policy_determinacy,route_lookup-1-nondecisive_missing,route_lookup-1,nondecisive_missing,1,ALLOW,ALLOW,False,1,True
K1,policy_determinacy,route_lookup-1-nondecisive_missing,route_lookup-1,nondecisive_missing,2,ALLOW,ALLOW,False,1,True
K1,policy_determinacy,route_lookup-2-conflict,route_lookup-2,conflict,0,DENY,INSUFFICIENT,True,1,True
K1,policy_determinacy,route_lookup-2-conflict,route_lookup-2,conflict,1,ALLOW,INSUFFICIENT,True,1,True
K1,policy_determinacy,route_lookup-2-conflict,route_lookup-2,conflict,2,DENY,INSUFFICIENT,True,1,True
K1,policy_determinacy,route_lookup-2-decisive_missing,route_lookup-2,decisive_missing,0,ALLOW,INSUFFICIENT,True,1,True
K1,policy_determinacy,route_lookup-2-decisive_missing,route_lookup-2,decisive_missing,1,ALLOW,INSUFFICIENT,True,1,True
K1,policy_determinacy,route_lookup-2-decisive_missing,route_lookup-2,decisive_missing,2,ALLOW,INSUFFICIENT,True,1,True
K1,policy_determinacy,route_lookup-2-flip,route_lookup-2,flip,0,ALLOW,ALLOW,False,1,True
K1,policy_determinacy,route_lookup-2-flip,route_lookup-2,flip,1,ALLOW,ALLOW,False,1,True
K1,policy_determinacy,route_lookup-2-flip,route_lookup-2,flip,2,ALLOW,ALLOW,False,1,True
K1,policy_determinacy,route_lookup-2-full,route_lookup-2,full,0,DENY,DENY,False,1,True
K1,policy_determinacy,route_lookup-2-full,route_lookup-2,full,1,DENY,DENY,False,1,True
K1,policy_determinacy,route_lookup-2-full,route_lookup-2,full,2,DENY,DENY,False,1,True
K1,policy_determinacy,route_lookup-2-hold,route_lookup-2,hold,0,ALLOW,ALLOW,False,1,True
K1,policy_determinacy,route_lookup-2-hold,route_lookup-2,hold,1,ALLOW,ALLOW,False,1,True
K1,policy_determinacy,route_lookup-2-hold,route_lookup-2,hold,2,ALLOW,ALLOW,False,1,True
K1,policy_determinacy,route_lookup-2-nondecisive_missing,route_lookup-2,nondecisive_missing,0,DENY,DENY,False,1,True
K1,policy_determinacy,route_lookup-2-nondecisive_missing,route_lookup-2,nondecisive_missing,1,DENY,DENY,False,1,True
K1,policy_determinacy,route_lookup-2-nondecisive_missing,route_lookup-2,nondecisive_missing,2,DENY,DENY,False,1,True
K1,policy_determinacy,route_lookup-3-conflict,route_lookup-3,conflict,0,ALLOW,INSUFFICIENT,True,1,True
K1,policy_determinacy,route_lookup-3-conflict,route_lookup-3,conflict,1,ALLOW,INSUFFICIENT,True,1,True
K1,policy_determinacy,route_lookup-3-conflict,route_lookup-3,conflict,2,ALLOW,INSUFFICIENT,True,1,True
K1,policy_determinacy,route_lookup-3-decisive_missing,route_lookup-3,decisive_missing,0,ALLOW,INSUFFICIENT,True,1,True
K1,policy_determinacy,route_lookup-3-decisive_missing,route_lookup-3,decisive_missing,1,ALLOW,INSUFFICIENT,True,1,True
K1,policy_determinacy,route_lookup-3-decisive_missing,route_lookup-3,decisive_missing,2,ALLOW,INSUFFICIENT,True,1,True
K1,policy_determinacy,route_lookup-3-flip,route_lookup-3,flip,0,ALLOW,ALLOW,False,1,True
K1,policy_determinacy,route_lookup-3-flip,route_lookup-3,flip,1,ALLOW,ALLOW,False,1,True
K1,policy_determinacy,route_lookup-3-flip,route_lookup-3,flip,2,DENY,DENY,False,1,True
K1,policy_determinacy,route_lookup-3-full,route_lookup-3,full,0,ALLOW,ALLOW,False,1,True
K1,policy_determinacy,route_lookup-3-full,route_lookup-3,full,1,ALLOW,ALLOW,False,1,True
K1,policy_determinacy,route_lookup-3-full,route_lookup-3,full,2,ALLOW,ALLOW,False,1,True
K1,policy_determinacy,route_lookup-3-hold,route_lookup-3,hold,0,ALLOW,ALLOW,False,1,True
K1,policy_determinacy,route_lookup-3-hold,route_lookup-3,hold,1,ALLOW,ALLOW,False,1,True
K1,policy_determinacy,route_lookup-3-hold,route_lookup-3,hold,2,ALLOW,ALLOW,False,1,True
K1,policy_determinacy,route_lookup-3-nondecisive_missing,route_lookup-3,nondecisive_missing,0,ALLOW,ALLOW,False,1,True
K1,policy_determinacy,route_lookup-3-nondecisive_missing,route_lookup-3,nondecisive_missing,1,ALLOW,ALLOW,False,1,True
K1,policy_determinacy,route_lookup-3-nondecisive_missing,route_lookup-3,nondecisive_missing,2,ALLOW,ALLOW,False,1,True
K1,policy_determinacy,route_lookup-4-conflict,route_lookup-4,conflict,0,DENY,INSUFFICIENT,True,1,True
K1,policy_determinacy,route_lookup-4-conflict,route_lookup-4,conflict,1,DENY,INSUFFICIENT,True,1,True
K1,policy_determinacy,route_lookup-4-conflict,route_lookup-4,conflict,2,DENY,INSUFFICIENT,True,1,True
K1,policy_determinacy,route_lookup-4-decisive_missing,route_lookup-4,decisive_missing,0,ALLOW,INSUFFICIENT,True,1,True
K1,policy_determinacy,route_lookup-4-decisive_missing,route_lookup-4,decisive_missing,1,ALLOW,INSUFFICIENT,True,1,True
K1,policy_determinacy,route_lookup-4-decisive_missing,route_lookup-4,decisive_missing,2,ALLOW,INSUFFICIENT,True,1,True
K1,policy_determinacy,route_lookup-4-flip,route_lookup-4,flip,0,ALLOW,ALLOW,False,1,True
K1,policy_determinacy,route_lookup-4-flip,route_lookup-4,flip,1,ALLOW,ALLOW,False,1,True
K1,policy_determinacy,route_lookup-4-flip,route_lookup-4,flip,2,ALLOW,ALLOW,False,1,True
K1,policy_determinacy,route_lookup-4-full,route_lookup-4,full,0,DENY,DENY,False,1,True
K1,policy_determinacy,route_lookup-4-full,route_lookup-4,full,1,DENY,DENY,False,1,True
K1,policy_determinacy,route_lookup-4-full,route_lookup-4,full,2,DENY,DENY,False,1,True
K1,policy_determinacy,route_lookup-4-hold,route_lookup-4,hold,0,ALLOW,ALLOW,False,1,True
K1,policy_determinacy,route_lookup-4-hold,route_lookup-4,hold,1,ALLOW,ALLOW,False,1,True
K1,policy_determinacy,route_lookup-4-hold,route_lookup-4,hold,2,ALLOW,ALLOW,False,1,True
K1,policy_determinacy,route_lookup-4-nondecisive_missing,route_lookup-4,nondecisive_missing,0,DENY,DENY,False,1,True
K1,policy_determinacy,route_lookup-4-nondecisive_missing,route_lookup-4,nondecisive_missing,1,DENY,DENY,False,1,True
K1,policy_determinacy,route_lookup-4-nondecisive_missing,route_lookup-4,nondecisive_missing,2,DENY,DENY,False,1,True
K1,always_insufficient,joint_approval-1-conflict,joint_approval-1,conflict,0,DENY,INSUFFICIENT,True,0,False
K1,always_insufficient,joint_approval-1-conflict,joint_approval-1,conflict,1,DENY,INSUFFICIENT,True,0,False
K1,always_insufficient,joint_approval-1-conflict,joint_approval-1,conflict,2,INSUFFICIENT,INSUFFICIENT,False,0,False
K1,always_insufficient,joint_approval-1-decisive_missing,joint_approval-1,decisive_missing,0,ALLOW,INSUFFICIENT,True,0,False
K1,always_insufficient,joint_approval-1-decisive_missing,joint_approval-1,decisive_missing,1,ALLOW,INSUFFICIENT,True,0,False
K1,always_insufficient,joint_approval-1-decisive_missing,joint_approval-1,decisive_missing,2,ALLOW,INSUFFICIENT,True,0,False
K1,always_insufficient,joint_approval-1-flip,joint_approval-1,flip,0,INSUFFICIENT,INSUFFICIENT,False,0,False
K1,always_insufficient,joint_approval-1-flip,joint_approval-1,flip,1,INSUFFICIENT,INSUFFICIENT,False,0,False
K1,always_insufficient,joint_approval-1-flip,joint_approval-1,flip,2,INSUFFICIENT,INSUFFICIENT,False,0,False
K1,always_insufficient,joint_approval-1-full,joint_approval-1,full,0,ALLOW,INSUFFICIENT,True,0,False
K1,always_insufficient,joint_approval-1-full,joint_approval-1,full,1,ALLOW,INSUFFICIENT,True,0,False
K1,always_insufficient,joint_approval-1-full,joint_approval-1,full,2,ALLOW,INSUFFICIENT,True,0,False
K1,always_insufficient,joint_approval-1-hold,joint_approval-1,hold,0,ALLOW,INSUFFICIENT,True,0,False
K1,always_insufficient,joint_approval-1-hold,joint_approval-1,hold,1,ALLOW,INSUFFICIENT,True,0,False
K1,always_insufficient,joint_approval-1-hold,joint_approval-1,hold,2,ALLOW,INSUFFICIENT,True,0,False
K1,always_insufficient,joint_approval-1-nondecisive_missing,joint_approval-1,nondecisive_missing,0,ALLOW,INSUFFICIENT,True,0,False
K1,always_insufficient,joint_approval-1-nondecisive_missing,joint_approval-1,nondecisive_missing,1,ALLOW,INSUFFICIENT,True,0,False
K1,always_insufficient,joint_approval-1-nondecisive_missing,joint_approval-1,nondecisive_missing,2,ALLOW,INSUFFICIENT,True,0,False
K1,always_insufficient,joint_approval-2-conflict,joint_approval-2,conflict,0,ALLOW,INSUFFICIENT,True,0,False
K1,always_insufficient,joint_approval-2-conflict,joint_approval-2,conflict,1,ALLOW,INSUFFICIENT,True,0,False
K1,always_insufficient,joint_approval-2-conflict,joint_approval-2,conflict,2,ALLOW,INSUFFICIENT,True,0,False
K1,always_insufficient,joint_approval-2-decisive_missing,joint_approval-2,decisive_missing,0,ALLOW,INSUFFICIENT,True,0,False
K1,always_insufficient,joint_approval-2-decisive_missing,joint_approval-2,decisive_missing,1,ALLOW,INSUFFICIENT,True,0,False
K1,always_insufficient,joint_approval-2-decisive_missing,joint_approval-2,decisive_missing,2,ALLOW,INSUFFICIENT,True,0,False
K1,always_insufficient,joint_approval-2-flip,joint_approval-2,flip,0,ALLOW,INSUFFICIENT,True,0,False
K1,always_insufficient,joint_approval-2-flip,joint_approval-2,flip,1,ALLOW,INSUFFICIENT,True,0,False
K1,always_insufficient,joint_approval-2-flip,joint_approval-2,flip,2,ALLOW,INSUFFICIENT,True,0,False
K1,always_insufficient,joint_approval-2-full,joint_approval-2,full,0,INSUFFICIENT,INSUFFICIENT,False,0,False
K1,always_insufficient,joint_approval-2-full,joint_approval-2,full,1,INSUFFICIENT,INSUFFICIENT,False,0,False
K1,always_insufficient,joint_approval-2-full,joint_approval-2,full,2,INSUFFICIENT,INSUFFICIENT,False,0,False
K1,always_insufficient,joint_approval-2-hold,joint_approval-2,hold,0,ALLOW,INSUFFICIENT,True,0,False
K1,always_insufficient,joint_approval-2-hold,joint_approval-2,hold,1,ALLOW,INSUFFICIENT,True,0,False
K1,always_insufficient,joint_approval-2-hold,joint_approval-2,hold,2,ALLOW,INSUFFICIENT,True,0,False
K1,always_insufficient,joint_approval-2-nondecisive_missing,joint_approval-2,nondecisive_missing,0,DENY,INSUFFICIENT,True,0,False
K1,always_insufficient,joint_approval-2-nondecisive_missing,joint_approval-2,nondecisive_missing,1,DENY,INSUFFICIENT,True,0,False
K1,always_insufficient,joint_approval-2-nondecisive_missing,joint_approval-2,nondecisive_missing,2,DENY,INSUFFICIENT,True,0,False
K1,always_insufficient,joint_approval-3-conflict,joint_approval-3,conflict,0,ALLOW,INSUFFICIENT,True,0,False
K1,always_insufficient,joint_approval-3-conflict,joint_approval-3,conflict,1,ALLOW,INSUFFICIENT,True,0,False
K1,always_insufficient,joint_approval-3-conflict,joint_approval-3,conflict,2,ALLOW,INSUFFICIENT,True,0,False
K1,always_insufficient,joint_approval-3-decisive_missing,joint_approval-3,decisive_missing,0,ALLOW,INSUFFICIENT,True,0,False
K1,always_insufficient,joint_approval-3-decisive_missing,joint_approval-3,decisive_missing,1,ALLOW,INSUFFICIENT,True,0,False
K1,always_insufficient,joint_approval-3-decisive_missing,joint_approval-3,decisive_missing,2,ALLOW,INSUFFICIENT,True,0,False
K1,always_insufficient,joint_approval-3-flip,joint_approval-3,flip,0,ALLOW,INSUFFICIENT,True,0,False
K1,always_insufficient,joint_approval-3-flip,joint_approval-3,flip,1,ALLOW,INSUFFICIENT,True,0,False
K1,always_insufficient,joint_approval-3-flip,joint_approval-3,flip,2,INSUFFICIENT,INSUFFICIENT,False,0,False
K1,always_insufficient,joint_approval-3-full,joint_approval-3,full,0,ALLOW,INSUFFICIENT,True,0,False
K1,always_insufficient,joint_approval-3-full,joint_approval-3,full,1,ALLOW,INSUFFICIENT,True,0,False
K1,always_insufficient,joint_approval-3-full,joint_approval-3,full,2,ALLOW,INSUFFICIENT,True,0,False
K1,always_insufficient,joint_approval-3-hold,joint_approval-3,hold,0,ALLOW,INSUFFICIENT,True,0,False
K1,always_insufficient,joint_approval-3-hold,joint_approval-3,hold,1,ALLOW,INSUFFICIENT,True,0,False
K1,always_insufficient,joint_approval-3-hold,joint_approval-3,hold,2,ALLOW,INSUFFICIENT,True,0,False
K1,always_insufficient,joint_approval-3-nondecisive_missing,joint_approval-3,nondecisive_missing,0,ALLOW,INSUFFICIENT,True,0,False
K1,always_insufficient,joint_approval-3-nondecisive_missing,joint_approval-3,nondecisive_missing,1,ALLOW,INSUFFICIENT,True,0,False
K1,always_insufficient,joint_approval-3-nondecisive_missing,joint_approval-3,nondecisive_missing,2,ALLOW,INSUFFICIENT,True,0,False
K1,always_insufficient,joint_approval-4-conflict,joint_approval-4,conflict,0,ALLOW,INSUFFICIENT,True,0,False
K1,always_insufficient,joint_approval-4-conflict,joint_approval-4,conflict,1,ALLOW,INSUFFICIENT,True,0,False
K1,always_insufficient,joint_approval-4-conflict,joint_approval-4,conflict,2,ALLOW,INSUFFICIENT,True,0,False
K1,always_insufficient,joint_approval-4-decisive_missing,joint_approval-4,decisive_missing,0,ALLOW,INSUFFICIENT,True,0,False
K1,always_insufficient,joint_approval-4-decisive_missing,joint_approval-4,decisive_missing,1,ALLOW,INSUFFICIENT,True,0,False
K1,always_insufficient,joint_approval-4-decisive_missing,joint_approval-4,decisive_missing,2,ALLOW,INSUFFICIENT,True,0,False
K1,always_insufficient,joint_approval-4-flip,joint_approval-4,flip,0,ALLOW,INSUFFICIENT,True,0,False
K1,always_insufficient,joint_approval-4-flip,joint_approval-4,flip,1,ALLOW,INSUFFICIENT,True,0,False
K1,always_insufficient,joint_approval-4-flip,joint_approval-4,flip,2,ALLOW,INSUFFICIENT,True,0,False
K1,always_insufficient,joint_approval-4-full,joint_approval-4,full,0,ALLOW,INSUFFICIENT,True,0,False
K1,always_insufficient,joint_approval-4-full,joint_approval-4,full,1,INSUFFICIENT,INSUFFICIENT,False,0,False
K1,always_insufficient,joint_approval-4-full,joint_approval-4,full,2,INSUFFICIENT,INSUFFICIENT,False,0,False
K1,always_insufficient,joint_approval-4-hold,joint_approval-4,hold,0,DENY,INSUFFICIENT,True,0,False
K1,always_insufficient,joint_approval-4-hold,joint_approval-4,hold,1,DENY,INSUFFICIENT,True,0,False
K1,always_insufficient,joint_approval-4-hold,joint_approval-4,hold,2,DENY,INSUFFICIENT,True,0,False
K1,always_insufficient,joint_approval-4-nondecisive_missing,joint_approval-4,nondecisive_missing,0,DENY,INSUFFICIENT,True,0,False
K1,always_insufficient,joint_approval-4-nondecisive_missing,joint_approval-4,nondecisive_missing,1,DENY,INSUFFICIENT,True,0,False
K1,always_insufficient,joint_approval-4-nondecisive_missing,joint_approval-4,nondecisive_missing,2,DENY,INSUFFICIENT,True,0,False
K1,always_insufficient,reversal_exception-1-conflict,reversal_exception-1,conflict,0,ALLOW,INSUFFICIENT,True,0,False
K1,always_insufficient,reversal_exception-1-conflict,reversal_exception-1,conflict,1,ALLOW,INSUFFICIENT,True,0,False
K1,always_insufficient,reversal_exception-1-conflict,reversal_exception-1,conflict,2,ALLOW,INSUFFICIENT,True,0,False
K1,always_insufficient,reversal_exception-1-decisive_missing,reversal_exception-1,decisive_missing,0,ALLOW,INSUFFICIENT,True,0,False
K1,always_insufficient,reversal_exception-1-decisive_missing,reversal_exception-1,decisive_missing,1,ALLOW,INSUFFICIENT,True,0,False
K1,always_insufficient,reversal_exception-1-decisive_missing,reversal_exception-1,decisive_missing,2,ALLOW,INSUFFICIENT,True,0,False
K1,always_insufficient,reversal_exception-1-flip,reversal_exception-1,flip,0,ALLOW,INSUFFICIENT,True,0,False
K1,always_insufficient,reversal_exception-1-flip,reversal_exception-1,flip,1,ALLOW,INSUFFICIENT,True,0,False
K1,always_insufficient,reversal_exception-1-flip,reversal_exception-1,flip,2,ALLOW,INSUFFICIENT,True,0,False
K1,always_insufficient,reversal_exception-1-full,reversal_exception-1,full,0,ALLOW,INSUFFICIENT,True,0,False
K1,always_insufficient,reversal_exception-1-full,reversal_exception-1,full,1,ALLOW,INSUFFICIENT,True,0,False
K1,always_insufficient,reversal_exception-1-full,reversal_exception-1,full,2,ALLOW,INSUFFICIENT,True,0,False
K1,always_insufficient,reversal_exception-1-hold,reversal_exception-1,hold,0,ALLOW,INSUFFICIENT,True,0,False
K1,always_insufficient,reversal_exception-1-hold,reversal_exception-1,hold,1,ALLOW,INSUFFICIENT,True,0,False
K1,always_insufficient,reversal_exception-1-hold,reversal_exception-1,hold,2,ALLOW,INSUFFICIENT,True,0,False
K1,always_insufficient,reversal_exception-1-nondecisive_missing,reversal_exception-1,nondecisive_missing,0,ALLOW,INSUFFICIENT,True,0,False
K1,always_insufficient,reversal_exception-1-nondecisive_missing,reversal_exception-1,nondecisive_missing,1,ALLOW,INSUFFICIENT,True,0,False
K1,always_insufficient,reversal_exception-1-nondecisive_missing,reversal_exception-1,nondecisive_missing,2,ALLOW,INSUFFICIENT,True,0,False
K1,always_insufficient,reversal_exception-2-conflict,reversal_exception-2,conflict,0,ALLOW,INSUFFICIENT,True,0,False
K1,always_insufficient,reversal_exception-2-conflict,reversal_exception-2,conflict,1,ALLOW,INSUFFICIENT,True,0,False
K1,always_insufficient,reversal_exception-2-conflict,reversal_exception-2,conflict,2,ALLOW,INSUFFICIENT,True,0,False
K1,always_insufficient,reversal_exception-2-decisive_missing,reversal_exception-2,decisive_missing,0,ALLOW,INSUFFICIENT,True,0,False
K1,always_insufficient,reversal_exception-2-decisive_missing,reversal_exception-2,decisive_missing,1,ALLOW,INSUFFICIENT,True,0,False
K1,always_insufficient,reversal_exception-2-decisive_missing,reversal_exception-2,decisive_missing,2,ALLOW,INSUFFICIENT,True,0,False
K1,always_insufficient,reversal_exception-2-flip,reversal_exception-2,flip,0,ALLOW,INSUFFICIENT,True,0,False
K1,always_insufficient,reversal_exception-2-flip,reversal_exception-2,flip,1,ALLOW,INSUFFICIENT,True,0,False
K1,always_insufficient,reversal_exception-2-flip,reversal_exception-2,flip,2,ALLOW,INSUFFICIENT,True,0,False
K1,always_insufficient,reversal_exception-2-full,reversal_exception-2,full,0,ALLOW,INSUFFICIENT,True,0,False
K1,always_insufficient,reversal_exception-2-full,reversal_exception-2,full,1,ALLOW,INSUFFICIENT,True,0,False
K1,always_insufficient,reversal_exception-2-full,reversal_exception-2,full,2,ALLOW,INSUFFICIENT,True,0,False
K1,always_insufficient,reversal_exception-2-hold,reversal_exception-2,hold,0,ALLOW,INSUFFICIENT,True,0,False
K1,always_insufficient,reversal_exception-2-hold,reversal_exception-2,hold,1,ALLOW,INSUFFICIENT,True,0,False
K1,always_insufficient,reversal_exception-2-hold,reversal_exception-2,hold,2,ALLOW,INSUFFICIENT,True,0,False
K1,always_insufficient,reversal_exception-2-nondecisive_missing,reversal_exception-2,nondecisive_missing,0,ALLOW,INSUFFICIENT,True,0,False
K1,always_insufficient,reversal_exception-2-nondecisive_missing,reversal_exception-2,nondecisive_missing,1,ALLOW,INSUFFICIENT,True,0,False
K1,always_insufficient,reversal_exception-2-nondecisive_missing,reversal_exception-2,nondecisive_missing,2,ALLOW,INSUFFICIENT,True,0,False
K1,always_insufficient,reversal_exception-3-conflict,reversal_exception-3,conflict,0,ALLOW,INSUFFICIENT,True,0,False
K1,always_insufficient,reversal_exception-3-conflict,reversal_exception-3,conflict,1,INSUFFICIENT,INSUFFICIENT,False,0,False
K1,always_insufficient,reversal_exception-3-conflict,reversal_exception-3,conflict,2,INSUFFICIENT,INSUFFICIENT,False,0,False
K1,always_insufficient,reversal_exception-3-decisive_missing,reversal_exception-3,decisive_missing,0,INSUFFICIENT,INSUFFICIENT,False,0,False
K1,always_insufficient,reversal_exception-3-decisive_missing,reversal_exception-3,decisive_missing,1,INSUFFICIENT,INSUFFICIENT,False,0,False
K1,always_insufficient,reversal_exception-3-decisive_missing,reversal_exception-3,decisive_missing,2,INSUFFICIENT,INSUFFICIENT,False,0,False
K1,always_insufficient,reversal_exception-3-flip,reversal_exception-3,flip,0,INSUFFICIENT,INSUFFICIENT,False,0,False
K1,always_insufficient,reversal_exception-3-flip,reversal_exception-3,flip,1,INSUFFICIENT,INSUFFICIENT,False,0,False
K1,always_insufficient,reversal_exception-3-flip,reversal_exception-3,flip,2,INSUFFICIENT,INSUFFICIENT,False,0,False
K1,always_insufficient,reversal_exception-3-full,reversal_exception-3,full,0,ALLOW,INSUFFICIENT,True,0,False
K1,always_insufficient,reversal_exception-3-full,reversal_exception-3,full,1,INSUFFICIENT,INSUFFICIENT,False,0,False
K1,always_insufficient,reversal_exception-3-full,reversal_exception-3,full,2,ALLOW,INSUFFICIENT,True,0,False
K1,always_insufficient,reversal_exception-3-hold,reversal_exception-3,hold,0,INSUFFICIENT,INSUFFICIENT,False,0,False
K1,always_insufficient,reversal_exception-3-hold,reversal_exception-3,hold,1,INSUFFICIENT,INSUFFICIENT,False,0,False
K1,always_insufficient,reversal_exception-3-hold,reversal_exception-3,hold,2,INSUFFICIENT,INSUFFICIENT,False,0,False
K1,always_insufficient,reversal_exception-3-nondecisive_missing,reversal_exception-3,nondecisive_missing,0,ALLOW,INSUFFICIENT,True,0,False
K1,always_insufficient,reversal_exception-3-nondecisive_missing,reversal_exception-3,nondecisive_missing,1,INSUFFICIENT,INSUFFICIENT,False,0,False
K1,always_insufficient,reversal_exception-3-nondecisive_missing,reversal_exception-3,nondecisive_missing,2,INSUFFICIENT,INSUFFICIENT,False,0,False
K1,always_insufficient,reversal_exception-4-conflict,reversal_exception-4,conflict,0,DENY,INSUFFICIENT,True,0,False
K1,always_insufficient,reversal_exception-4-conflict,reversal_exception-4,conflict,1,DENY,INSUFFICIENT,True,0,False
K1,always_insufficient,reversal_exception-4-conflict,reversal_exception-4,conflict,2,DENY,INSUFFICIENT,True,0,False
K1,always_insufficient,reversal_exception-4-decisive_missing,reversal_exception-4,decisive_missing,0,DENY,INSUFFICIENT,True,0,False
K1,always_insufficient,reversal_exception-4-decisive_missing,reversal_exception-4,decisive_missing,1,DENY,INSUFFICIENT,True,0,False
K1,always_insufficient,reversal_exception-4-decisive_missing,reversal_exception-4,decisive_missing,2,DENY,INSUFFICIENT,True,0,False
K1,always_insufficient,reversal_exception-4-flip,reversal_exception-4,flip,0,ALLOW,INSUFFICIENT,True,0,False
K1,always_insufficient,reversal_exception-4-flip,reversal_exception-4,flip,1,ALLOW,INSUFFICIENT,True,0,False
K1,always_insufficient,reversal_exception-4-flip,reversal_exception-4,flip,2,ALLOW,INSUFFICIENT,True,0,False
K1,always_insufficient,reversal_exception-4-full,reversal_exception-4,full,0,DENY,INSUFFICIENT,True,0,False
K1,always_insufficient,reversal_exception-4-full,reversal_exception-4,full,1,DENY,INSUFFICIENT,True,0,False
K1,always_insufficient,reversal_exception-4-full,reversal_exception-4,full,2,DENY,INSUFFICIENT,True,0,False
K1,always_insufficient,reversal_exception-4-hold,reversal_exception-4,hold,0,DENY,INSUFFICIENT,True,0,False
K1,always_insufficient,reversal_exception-4-hold,reversal_exception-4,hold,1,DENY,INSUFFICIENT,True,0,False
K1,always_insufficient,reversal_exception-4-hold,reversal_exception-4,hold,2,DENY,INSUFFICIENT,True,0,False
K1,always_insufficient,reversal_exception-4-nondecisive_missing,reversal_exception-4,nondecisive_missing,0,DENY,INSUFFICIENT,True,0,False
K1,always_insufficient,reversal_exception-4-nondecisive_missing,reversal_exception-4,nondecisive_missing,1,DENY,INSUFFICIENT,True,0,False
K1,always_insufficient,reversal_exception-4-nondecisive_missing,reversal_exception-4,nondecisive_missing,2,DENY,INSUFFICIENT,True,0,False
K1,always_insufficient,route_lookup-1-conflict,route_lookup-1,conflict,0,ALLOW,INSUFFICIENT,True,0,False
K1,always_insufficient,route_lookup-1-conflict,route_lookup-1,conflict,1,ALLOW,INSUFFICIENT,True,0,False
K1,always_insufficient,route_lookup-1-conflict,route_lookup-1,conflict,2,ALLOW,INSUFFICIENT,True,0,False
K1,always_insufficient,route_lookup-1-decisive_missing,route_lookup-1,decisive_missing,0,ALLOW,INSUFFICIENT,True,0,False
K1,always_insufficient,route_lookup-1-decisive_missing,route_lookup-1,decisive_missing,1,ALLOW,INSUFFICIENT,True,0,False
K1,always_insufficient,route_lookup-1-decisive_missing,route_lookup-1,decisive_missing,2,ALLOW,INSUFFICIENT,True,0,False
K1,always_insufficient,route_lookup-1-flip,route_lookup-1,flip,0,DENY,INSUFFICIENT,True,0,False
K1,always_insufficient,route_lookup-1-flip,route_lookup-1,flip,1,DENY,INSUFFICIENT,True,0,False
K1,always_insufficient,route_lookup-1-flip,route_lookup-1,flip,2,DENY,INSUFFICIENT,True,0,False
K1,always_insufficient,route_lookup-1-full,route_lookup-1,full,0,ALLOW,INSUFFICIENT,True,0,False
K1,always_insufficient,route_lookup-1-full,route_lookup-1,full,1,ALLOW,INSUFFICIENT,True,0,False
K1,always_insufficient,route_lookup-1-full,route_lookup-1,full,2,ALLOW,INSUFFICIENT,True,0,False
K1,always_insufficient,route_lookup-1-hold,route_lookup-1,hold,0,ALLOW,INSUFFICIENT,True,0,False
K1,always_insufficient,route_lookup-1-hold,route_lookup-1,hold,1,ALLOW,INSUFFICIENT,True,0,False
K1,always_insufficient,route_lookup-1-hold,route_lookup-1,hold,2,ALLOW,INSUFFICIENT,True,0,False
K1,always_insufficient,route_lookup-1-nondecisive_missing,route_lookup-1,nondecisive_missing,0,ALLOW,INSUFFICIENT,True,0,False
K1,always_insufficient,route_lookup-1-nondecisive_missing,route_lookup-1,nondecisive_missing,1,ALLOW,INSUFFICIENT,True,0,False
K1,always_insufficient,route_lookup-1-nondecisive_missing,route_lookup-1,nondecisive_missing,2,ALLOW,INSUFFICIENT,True,0,False
K1,always_insufficient,route_lookup-2-conflict,route_lookup-2,conflict,0,DENY,INSUFFICIENT,True,0,False
K1,always_insufficient,route_lookup-2-conflict,route_lookup-2,conflict,1,ALLOW,INSUFFICIENT,True,0,False
K1,always_insufficient,route_lookup-2-conflict,route_lookup-2,conflict,2,DENY,INSUFFICIENT,True,0,False
K1,always_insufficient,route_lookup-2-decisive_missing,route_lookup-2,decisive_missing,0,ALLOW,INSUFFICIENT,True,0,False
K1,always_insufficient,route_lookup-2-decisive_missing,route_lookup-2,decisive_missing,1,ALLOW,INSUFFICIENT,True,0,False
K1,always_insufficient,route_lookup-2-decisive_missing,route_lookup-2,decisive_missing,2,ALLOW,INSUFFICIENT,True,0,False
K1,always_insufficient,route_lookup-2-flip,route_lookup-2,flip,0,ALLOW,INSUFFICIENT,True,0,False
K1,always_insufficient,route_lookup-2-flip,route_lookup-2,flip,1,ALLOW,INSUFFICIENT,True,0,False
K1,always_insufficient,route_lookup-2-flip,route_lookup-2,flip,2,ALLOW,INSUFFICIENT,True,0,False
K1,always_insufficient,route_lookup-2-full,route_lookup-2,full,0,DENY,INSUFFICIENT,True,0,False
K1,always_insufficient,route_lookup-2-full,route_lookup-2,full,1,DENY,INSUFFICIENT,True,0,False
K1,always_insufficient,route_lookup-2-full,route_lookup-2,full,2,DENY,INSUFFICIENT,True,0,False
K1,always_insufficient,route_lookup-2-hold,route_lookup-2,hold,0,ALLOW,INSUFFICIENT,True,0,False
K1,always_insufficient,route_lookup-2-hold,route_lookup-2,hold,1,ALLOW,INSUFFICIENT,True,0,False
K1,always_insufficient,route_lookup-2-hold,route_lookup-2,hold,2,ALLOW,INSUFFICIENT,True,0,False
K1,always_insufficient,route_lookup-2-nondecisive_missing,route_lookup-2,nondecisive_missing,0,DENY,INSUFFICIENT,True,0,False
K1,always_insufficient,route_lookup-2-nondecisive_missing,route_lookup-2,nondecisive_missing,1,DENY,INSUFFICIENT,True,0,False
K1,always_insufficient,route_lookup-2-nondecisive_missing,route_lookup-2,nondecisive_missing,2,DENY,INSUFFICIENT,True,0,False
K1,always_insufficient,route_lookup-3-conflict,route_lookup-3,conflict,0,ALLOW,INSUFFICIENT,True,0,False
K1,always_insufficient,route_lookup-3-conflict,route_lookup-3,conflict,1,ALLOW,INSUFFICIENT,True,0,False
K1,always_insufficient,route_lookup-3-conflict,route_lookup-3,conflict,2,ALLOW,INSUFFICIENT,True,0,False
K1,always_insufficient,route_lookup-3-decisive_missing,route_lookup-3,decisive_missing,0,ALLOW,INSUFFICIENT,True,0,False
K1,always_insufficient,route_lookup-3-decisive_missing,route_lookup-3,decisive_missing,1,ALLOW,INSUFFICIENT,True,0,False
K1,always_insufficient,route_lookup-3-decisive_missing,route_lookup-3,decisive_missing,2,ALLOW,INSUFFICIENT,True,0,False
K1,always_insufficient,route_lookup-3-flip,route_lookup-3,flip,0,ALLOW,INSUFFICIENT,True,0,False
K1,always_insufficient,route_lookup-3-flip,route_lookup-3,flip,1,ALLOW,INSUFFICIENT,True,0,False
K1,always_insufficient,route_lookup-3-flip,route_lookup-3,flip,2,DENY,INSUFFICIENT,True,0,False
K1,always_insufficient,route_lookup-3-full,route_lookup-3,full,0,ALLOW,INSUFFICIENT,True,0,False
K1,always_insufficient,route_lookup-3-full,route_lookup-3,full,1,ALLOW,INSUFFICIENT,True,0,False
K1,always_insufficient,route_lookup-3-full,route_lookup-3,full,2,ALLOW,INSUFFICIENT,True,0,False
K1,always_insufficient,route_lookup-3-hold,route_lookup-3,hold,0,ALLOW,INSUFFICIENT,True,0,False
K1,always_insufficient,route_lookup-3-hold,route_lookup-3,hold,1,ALLOW,INSUFFICIENT,True,0,False
K1,always_insufficient,route_lookup-3-hold,route_lookup-3,hold,2,ALLOW,INSUFFICIENT,True,0,False
K1,always_insufficient,route_lookup-3-nondecisive_missing,route_lookup-3,nondecisive_missing,0,ALLOW,INSUFFICIENT,True,0,False
K1,always_insufficient,route_lookup-3-nondecisive_missing,route_lookup-3,nondecisive_missing,1,ALLOW,INSUFFICIENT,True,0,False
K1,always_insufficient,route_lookup-3-nondecisive_missing,route_lookup-3,nondecisive_missing,2,ALLOW,INSUFFICIENT,True,0,False
K1,always_insufficient,route_lookup-4-conflict,route_lookup-4,conflict,0,DENY,INSUFFICIENT,True,0,False
K1,always_insufficient,route_lookup-4-conflict,route_lookup-4,conflict,1,DENY,INSUFFICIENT,True,0,False
K1,always_insufficient,route_lookup-4-conflict,route_lookup-4,conflict,2,DENY,INSUFFICIENT,True,0,False
K1,always_insufficient,route_lookup-4-decisive_missing,route_lookup-4,decisive_missing,0,ALLOW,INSUFFICIENT,True,0,False
K1,always_insufficient,route_lookup-4-decisive_missing,route_lookup-4,decisive_missing,1,ALLOW,INSUFFICIENT,True,0,False
K1,always_insufficient,route_lookup-4-decisive_missing,route_lookup-4,decisive_missing,2,ALLOW,INSUFFICIENT,True,0,False
K1,always_insufficient,route_lookup-4-flip,route_lookup-4,flip,0,ALLOW,INSUFFICIENT,True,0,False
K1,always_insufficient,route_lookup-4-flip,route_lookup-4,flip,1,ALLOW,INSUFFICIENT,True,0,False
K1,always_insufficient,route_lookup-4-flip,route_lookup-4,flip,2,ALLOW,INSUFFICIENT,True,0,False
K1,always_insufficient,route_lookup-4-full,route_lookup-4,full,0,DENY,INSUFFICIENT,True,0,False
K1,always_insufficient,route_lookup-4-full,route_lookup-4,full,1,DENY,INSUFFICIENT,True,0,False
K1,always_insufficient,route_lookup-4-full,route_lookup-4,full,2,DENY,INSUFFICIENT,True,0,False
K1,always_insufficient,route_lookup-4-hold,route_lookup-4,hold,0,ALLOW,INSUFFICIENT,True,0,False
K1,always_insufficient,route_lookup-4-hold,route_lookup-4,hold,1,ALLOW,INSUFFICIENT,True,0,False
K1,always_insufficient,route_lookup-4-hold,route_lookup-4,hold,2,ALLOW,INSUFFICIENT,True,0,False
K1,always_insufficient,route_lookup-4-nondecisive_missing,route_lookup-4,nondecisive_missing,0,DENY,INSUFFICIENT,True,0,False
K1,always_insufficient,route_lookup-4-nondecisive_missing,route_lookup-4,nondecisive_missing,1,DENY,INSUFFICIENT,True,0,False
K1,always_insufficient,route_lookup-4-nondecisive_missing,route_lookup-4,nondecisive_missing,2,DENY,INSUFFICIENT,True,0,False
